2025-05-26 14:07:32,167 ChatBI->     INFO     获取的表元数据: 
    CREATE TABLE shanghai (
        `工单编号` BIGINT; 含义: 表示工单的唯一编号。; 用途: 用于唯一标识每个工单，便于查询和管理。; 示例值: 20240101000072; 备注: 无;
        `工号` BIGINT; 含义: 表示工单的生成编号。; 用途: 用于记录工单的生成顺序，便于排序和统计。; 示例值: 3830; 备注: 无;
        `工单生成时间` DATETIME; 含义: 表示工单的生成时间。; 用途: 用于记录工单的生成时间，便于时间维度的管理和分析。; 示例值: 2024-01-01 00:37:39; 备注: 无;
        `诉求地址` TEXT; 含义: 表示工单所涉及的具体地点的详细地址。; 用途: 提供工单发生地点的详细信息，便于定位和处理。; 示例值: "闵行区东川路555弄"; 备注: 无;
        `诉求区域` TEXT; 含义: 表示工单所涉及的具体地点所属的行政区。; 用途: 用于快速定位工单发生的区域，便于区域级别的管理和调度。; 枚举类型，值包括： "黄浦区", "徐汇区", "长宁区", "静安区",  "普陀区", "虹口区", "杨浦区", "闵行区", "宝山区", "嘉定区", "浦东新区", "金山区",  "松江区", "青浦区","奉贤区", "崇明区"; 备注: 无;
        `内容描述` TEXT; 含义: 对工单所涉及的具体问题的详细描述。; 用途: 提供完整的信息，帮助处理人员全面了解问题背景和具体情况。; 示例值: "市民来电反映:未成年游戏充值要求退费，心动网络有限公司旗"; 备注: 无;
        `工单类别` TEXT; 含义: 表示工单紧急程度的类别。; 用途: 用于对工单紧急程度分级，便于管理和迅速响应。; 枚举类型，包含: "一般", "次紧急", "紧急"; 备注: 无;
        `处理描述` TEXT; 含义: 对工单处理结果的描述。; 用途: 记录工单的处理情况，便于后续查询和分析。; 示例值: "市民反复催单，已电子催单工单编号：20231224019374，故归档。"; 备注: 无;
        `客户类型` TEXT; 含义: 表示工单客户的类型。; 用途: 用于区分不同类型的客户，便于管理和服务。; 枚举类型，包含 "个人", "企业"; 备注: 无;
        `一级分类` TEXT; 含义: 表示工单所属的最高级别的分类。; 用途: 用于快速定位和分类工单，便于管理和统计。;枚举类型，包括： "科教文卫类", "社会管理类", "公安政法类", "其他类", "建设交通类",  "公用事业类", "安全监管类", "经济综合类", "社会团体类"; 备注: 无;
        `二级分类` TEXT; 含义: 在一级分类之下，更具体的分类。; 用途: 进一步细化工单分类，提高管理精度。; 示例值: "文广影视"; 备注: 无;
        `三级分类` TEXT; 含义: 在二级分类之下，更加具体的分类。; 用途: 提供更详细的分类信息，方便具体问题的处理和跟踪。; 示例值: "文化产业管理"; 备注: 无;
        `四级分类` TEXT; 含义: 在三级分类之下，更加具体的分类。; 用途: 提供更详细的分类信息，方便具体问题的处理和跟踪。; 示例值: "游戏动漫"; 备注: 无;
        `主办单位` TEXT; 含义: 表示工单的主办单位。; 用途: 用于记录工单的主办单位，便于管理和协调。; 示例值: "市文化旅游局", "市公安局", "普陀区人民政府"; 备注: 无;
        `是否匿名` TEXT; 含义: 表示工单是否为匿名工单。; 用途: 用于区分匿名工单和非匿名工单，便于管理和保护隐私。; 示例值: "是"; 备注: 无;
        `服务类型` TEXT; 含义: 表示工单的服务类型。; 用途: 用于分类工单的服务类型，便于管理和统计。; 枚举类型，包括: "综合服务", "一网通办"; 备注: 无;
        `通话编号` TEXT; 含义: 表示工单的通话编号。; 用途: 用于记录工单的通话记录，便于查询和分析。; 示例值: "1704040581-2297011"; 备注: 无;
        `工单类型` TEXT; 含义: 表示工单的类型。; 用途: 用于分类工单的类型，便于管理和统计。; 枚举类型，包括: "求助类", "投诉举报类", "咨询类", "意见建议类", "其他类"; 备注: 无;
        `新一级分类` TEXT; 含义: 表示工单的新一级分类。; 用途: 用于记录工单的新分类信息，便于管理和统计。; 示例值: "None"; 备注: 无;
        `新二级分类` TEXT; 含义: 表示工单的新二级分类。; 用途: 用于记录工单的新分类信息，便于管理和统计。; 示例值: "None"; 备注: 无;
        `新三级分类` TEXT; 含义: 表示工单的新三级分类。; 用途: 用于记录工单的新分类信息，便于管理和统计。; 示例值: "None"; 备注: 无;
        `新四级分类` TEXT; 含义: 表示工单的新四级分类。; 用途: 用于记录工单的新分类信息，便于管理和统计。; 示例值: "None"; 备注: 无;
        `新五级分类` TEXT; 含义: 表示工单的新五级分类。; 用途: 用于记录工单的新分类信息，便于管理和统计。; 示例值: "None"; 备注: 无;
    )DEFAULT CHARSET=utf8mb4 ENGINE=InnoDB COLLATE utf8mb4_0900_ai_ci
    
2025-05-26 14:07:32,167 ChatBI->     INFO     获取的缩写列: []
2025-05-26 14:07:32,167 ChatBI->     INFO     获取的关联列: ['一级分类', '二级分类', '三级分类', '四级分类']
2025-05-26 14:07:32,168 ChatBI->     INFO     获取的列映射: {'工单编号': 'id', '工号': 'employee_id', '工单生成时间': 'order_date', '诉求地址': 'address', '诉求区域': 'region', '内容描述': 'content_description', '工单类别': 'order_category', '处理描述': 'resolution_description', '客户类型': 'customer_type', '一级分类': 'primary_classification', '二级分类': 'secondary_classification', '三级分类': 'tertiary_classification', '四级分类': 'quaternary_classification', '主办单位': 'responsible_department', '是否匿名': 'is_anonymous', '服务类型': 'service_type', '通话编号': 'call_id', '工单类型': 'order_type', '新一级分类': 'new_primary_classification', '新二级分类': 'new_secondary_classification', '新三级分类': 'new_tertiary_classification', '新四级分类': 'new_quaternary_classification', '新五级分类': 'new_period_classification'}
2025-05-26 14:07:33,629 ChatBI->     INFO     关联字段的枚举值:  {'一级分类': ['科教文卫类', '社会管理类', '公安政法类', '其他类', '建设交通类', '公用事业类', '安全监管类', '经济综合类', '社会团体类'], '二级分类': ['文广影视', '旅游', '公安（治安、交通）', '其他', '工商(消保)', '交通港口', '绿化市容', '邮政通信', '司法行政', '教育', '住房保障', '机关事务管理', '人力保障', '纪检监察', '城乡建设', '食品药品安全', '卫生计生', '发展改革', '公安（出入境）', '金融', '电力', '商务', '燃气', '城管执法', '残联', '环境保护', '税务', '土地规划', '民政', '水务', '“12345”热线', '供水', '电子政务', '信访', '法院系统', '安全生产管理', '退役军人', '农业', '部队', '公安（消防）', '总工会', '体育', '涉港澳台', '国资', '新闻出版', '质量技术监督', '知识产权', '经济信息化', '出入境边检', '民族宗教', '档案', '统计', '民防', '科技', '侨务', '外事', '气象', '团市委', '财政', '检察院系统', '国家安全', '审计', '妇联', '防震减灾', '中央直属', '机构编制', '长航公安', '口岸', '合作交流'], '三级分类': ['文化产业管理', '服务质量', '其他', '无效电话', '商业服务', '出租车', '市容市貌', '通信', '法律服务', '学校管理', '社会治安', '物业服务管理', '机关事务管理', '纠纷仲裁', '邮政服务', '交通管理', '劳动保护', '医疗医保', '政风行风', '工程管理', '安全管理', '卫生信息', '违法建筑', '改革规划', '护照办理', '环境卫生', '金融', '社会保险', '道路管理', '社保信息', '故障报修', '城市管理', '广播影视', '公交巴士', '商务', '价格调控', '市场交易管理', '社会噪声', '物业相关执法', '医疗服务', '工商监管', '医院监管', '燃气计费', '驾驶培训', '犬类管理', '户籍管理', '停车管理', '残联', '工伤', '污染', '税收政策', '非城市建设用地管理', '婚姻管理', '排水排污管理', '房屋权属', '汽车维修', '供水报修', '一网通办', '禁烟控烟', '培训市场', '事项办理', '养老保障', '地铁客运', '违法经营', '劳动人事制度', '社区家政', '12345热线', '入学入托', '就业创业', '保障型住房', '征收管理', '法院信息', '批评承办部门', '职业健康', '燃气服务', '货物运输', '签证签注', '招生考试', '公证服务', '供水计费', '自来水水质', '航空客运', '投诉批评', '拥军优抚', '人口计生', '表扬感谢', '表扬承办部门', '安全生产', '消防管理', '公共交通用卡管理', '税收管理', '疾控防疫', '咨询信访渠道', '法院受理', '体育管理', '车牌拍卖', '绿地绿化', '工商信息', '意见建议', '旧房改造', '其他社团', '刊物市场监管', '夜间施工许可', '消防设备维护', '生活保障', '特种行业管理', '复查复核', '特种设备监察', '知识产权', '铁路客运', '申诉举报', '动植园林', '法人一证通', '旅游信息', '总工会', '津贴补助', '电力服务', '用电计费', '国资', '人员边检', '动植物防疫', '燃气报修', '河道流域管理', '纪检监查', '违规用水', '行政管理', '道路维护', '殡葬事业', '寺庙管理', '特定医疗机构', '审批许可', '个人档案', '科技管理', '移交安置', '外事工作', '供水服务', '气象预报', '汽车客运', '质量认证', '慈善福利', '经济信息化', '燃气行业监管', '社会组织', '出境咨询', '禽类饲养', '司法直属', '港船客运', '计量器具检测', '旅游纠纷', '团市委', '检察院受理', '学生负担', '违规用电', '广告审批', '查询办理进度', '城市建设用地管理', '财政工作', '烈士褒扬', '农民负担', '国有档案', '村队管理', '文化遗产保护', '水资源管理', '农业生产', '自主择业就业', '统计工作', '国家安全', '新闻报道', '住房病虫害', '部队', '民防工程', '妇联', '建设管理', '地震震情', '生产许可证管理', '网站信箱', '科技开发', '救灾赈灾', '审计工作', '宗教信仰', '机构类', '防灾抗灾', '安保工作', '土地资源管理', '气象预警', '限电管理', '合作交流', '组织机构代码证'], '四级分类': ['游戏动漫', '酒店质量', '其他', '无明确诉求', '网上购物', '服务规范', '广告牌景观灯', '通信线路', '无效来电', '法律援助', '校园设施', '居住证', '纠纷协调', '机关事务信息', '劳动争议', '快递服务', '限流限行', '用工规范', '医保报销', '不作为', '建筑工程欠薪', '医保政策咨询', '教师素质', '各类服务卡券', '食品安全', '外省市受理', '医院医疗信息', '违法建筑', '新能源汽车', '护照办理', '倾倒渣土', '银行监管', '工伤保险', '施工规范', 'ETC使用', '社保卡', '规模停电', '无证设摊', '网络视听', '线路咨询', '汽车销售', '物业管理收费', '住房公积金', '售后服务', '装修噪音', '损坏侵占公用设施', '治安维护', '用药规范', '立案侦查', '业务办理', '审验登记', '医疗纠纷', '排队挂号', '用量偏高', '教练服务、培训规范', '养犬登记', '交通设施', '外省市迁入', '故障报修', '物业安保', '物品遗失', '社区卫生服务', '物业维修添置', '物业管理不善', '公共停车场', '残疾鉴定', '工伤认定', '结构改建', '排堵保畅', '噪音污染', '绿化维护', '服务态度', '残疾补助', '独户停电', '交通违章', '房产交易税', '经济纠纷', '耕地管理', '离婚办理', '失业保险', '医疗保险', '市政道路积水', '宅基地', '结婚登记', '合同监管', '油烟扰民', '业委会', '律师服务', '驾驶员审验', '高速收费', '4s店服务', '身份证管理', '停水水小', '旅行社服务', '网站使用', '乱收停车费', '群租现象', '过户上牌', '服务质量', '禁烟控烟', '空气污染', '广告监督', '市场监管', '共享单车', '其他业务', '办理结果不满', '环境垃圾', '养老保险', '广告张贴', '房屋产权', '路状路况', '危房', '老年津贴', '地铁建设', '不正当经营', '城管执法', '退休离休', '社区服务网点', '信息咨询', '垃圾清理', '入学政策', '人才引进', '拖欠工资', '道路养护', '经济补偿', '公安信息查询', '租赁管理', '经适房', '车辆年检', '卫生配套设施', '合同纠纷', '公租房', '经营性停车场', '拆迁安置', '幼托管理', '路灯供电', '法院地址电话', '诉求未解决', '金融资讯', '职业健康', '景点服务质量', '合同履行', '燃气施工', '账户信息', '文化活动', '居住证办理', '集装箱运输', '签证签注', '户籍政策咨询', '中考', '居改非', '工时假期', '工程质量', '办理转学', '继承权公证', '水费量高', '水中杂质', '飞机票务', '线路设置', '遗嘱抚恤和优待', '司法鉴定', '商品质量', '机关事务工作', '优生优育', '医保定点', '房产信息变更', '保险监管', '账单抄表', '非法客运', '搬场公司', '道路建设', '无照经营', '个人所得税', '烟草酒类', '道路安全', '水管维修', '表扬感谢', '应急救援', '市内户口迁移', '烟花爆竹管理', '排水工程', '交通卡', '偷税漏税', '求医问药', '教育质量', '工资奖金', '咨询信访渠道', '家电维修', '问题解决', '诉讼立案', '办事效率', '假冒伪劣', '土地征收', '经济案件', '市政工程', '教育改革', '生育保险', '群众锻炼', '证券监管', '职业培训', '车牌拍卖', '占绿毁绿', '维权咨询', '网络安全', '其他税种', '商品销售信息', '企业征税', '道路扬尘', '办事流程', '交通事故', '职称评定', '学籍管理', '消防隐患', '其他疫苗', '平台系统', '房屋老化', '资质认证', '红十字会', '赛事管理', '廉租房', '黑车', '图书刊物出版', '慢作为', '夜间施工的现象', '业务熟练', '消防栓', '无证犬类', '房屋结构破坏', '社区帮困补助', '不明归属井盖', '行政许可', '跨门经营', '家政服务', '动迁政策', '商标包装管理', '其他公证', '催办', '独生子女补贴', '问题推脱', '交通法规', '移植修剪', '食品安全流通', '办事推诿', '僵尸车', '劳务派遣', '线路时间', '扶贫帮困', '职业技能考试', '安全监察', '东方有线', '再生育政策', '消防宣传', '侵权行为', '铁路票务', '光污染', '结论不满', '高考', '申诉举报', '流浪犬收治', '其他报修', '公园设施', '普法宣传', '法人一证通', '许可审批', '外地户口入学', '影视节目', '邮件邮递', '便民信息', '景点投诉', '场地设施', '人员管理', '维修基金', '职业资质许可', '工会工作', '就业补贴', '信息查询', '职工权益', '电费争议', '国企管理', '过境手续', '疫情防疫', '法院判决', '丧葬补助金', '燃气泄漏', '住院病床', '外置扩音装置', '私装地锁', '就业信息', '水上漂浮物', '安全生产监督', '徇私枉法', '文化场所信息', '孤寡空巢老人关怀', '农村建设用地管理', '私移水表', '管道维修', '便民服务', '人员资质', '最低生活保障', '设备添置', '其他补助', '殡葬服务', '绿化护栏', '居家养老', '道路救援', '缴费信息', '市场物价', '受理网点', '护工护理', '机构养老', '国有资产流失', '流浪人员管理', '残联工作', '助残信息', '流程指引', '报刊印刷发行', '医疗设备', '垃圾分类', '保健品管理', '采血机构', '审批许可', '景点资讯', '养老金调整', '老年卡', '公房管理', '灭火器', '菜场经营', '通信基站', '个人档案', '无障碍工程', '死亡登记', '商贸信息', '乱作为', '法院通知', '高新技术扶持', '退役士兵', '动物保护机构', '违规拆迁', '医保药品目录', '土地使用权', '领事馆', '房屋转让', '承办推诿', '商品维修网点', '消防通道', '阶梯电价', '河道养护', '排污许可证', '黄赌毒', '天气预报', '活禽交易', '劳动能力鉴定', '危险品管理', '无犯罪证明', '废气污染', '水表维修', '寺庙用品', '燃气火小', '失职渎职', '评残疾伤残抚恤', '违规运营', '消防安全咨询', '河道疏通', '药品安全', '水污染', '车次信息', '超市卖场', '申请专利', '质量认证', '工龄核算', '电线高压线', '慈善募捐', '循环再利用', '司法拆迁', '孤儿收养', '燃气行业', '医疗器械管理', '隧桥管理', '作风问题', '票务', '出境咨询', '电表维修', '无证夜间施工', '服务流程', '劳务中介', '人民调解', '旅行社信息', '变电设施', '社工管理', '其他许可', '电视购物', '特定污染物处治', '无答复意见', '退休证', '农村地区家禽饲养', '律师协会', '城区家禽饲养', '浦江轮渡', '流浪救助', '野生动植物', '计量器具检测', '旅游合同纠纷', '体检中心', '团委工作', '城市信息化', '检察院信息', '超时补课', '航空运输', '私排电线', '贪污贿赂', '广告审批', '离退休干部', '商业楼宇', '查询办理进度', '测绘管理', '广播', '水表失窃', '军转干部', '诉讼时限', '财会考证', '虚开发票', '烈士评定', '刑事案件', '邮政发行', '医疗服务', '收费标准', '业务范畴', '农业补贴', '隔离管控', '政府机构', '航班延误', '公务员管理', '土地承包', '成人教育', '刊社信息', '节能减排', '规划设计', '监狱管理', '颜色异变', '电视线路', '餐饮服务', '转业干部', '非物质文化遗产', '秩序维护', '临终关怀', '文物保护管理', '无证养鸽', '桥梁通行', '河道水质', '强制消费', '畜牧养殖', '士兵', '滥砍滥捕', '非法行医', '收费问题', '平改坡', '体育彩票', '环评公示', '培训补贴', '平均工资', '最低工资', '兽医药管理', '档案管理', '创业扶持', '国家机密', '新闻内容', '证照查验', '燃气配件', '省际轮渡', '福利企业扶持', '因公出国审批', '安全检查', '新冠疫苗', '工作调动', '档案公开', '研究生考试', '水务工程建设', '管理规范', '青少年保护', '二次收费', '生态保护', '社区就业援助', '墓园管理', '化妆品管理', '增添绿化', '白蚁', '鼠患', '管道改建', '能源发展', '娱乐场所管理', '旅游交通', '文化社团', '烈士纪念设施', '信鸽', '营业税改增值税', '核酸检测', '违法传销', '作业负担', '涉军问题', '地下室管理', '妇联工作', '无军籍职工', '公益彩票', '气象服务信息', '避孕节育', '窃电举报', '固废危废', '超生处罚', '科技改革', '妇婴保健', '企业解困', '建筑间距及日照', '地震震情', '高温津贴', '集体资产管理', '青少年锻炼', '农业水利', '电磁辐射污染', '单身证明', '生产许可证管理', '假发票', '国内安全事务', '马蜂窝', '网站信箱使用', '河上搭建', '三无居家船只', '发明建议', '市场供应', '参战参试人员优待', '故障牵引', '工作态度', '违规收费', '年检', '征地补偿', '古树名木', '社会捐献', '土地建设与保护', '反动', '历史建筑', '抵押拍卖', '妇女权益维护', '防疫补贴', '化工污染', '费用减免', '防汛抗灾', '网点查询', '资产评估', '安全生产宣传', '夜间施工证的审批', '吸劳养老', '特殊工种', '自来水异味', '导游服务', '违规鸣笛', '分时用电', '筑材光污染', '公共支付', '记者证管理', '审计工作', '情报搜集', '企业改革', '农产品安全', '防治检疫', '抵押贷款公证', '队伍建设', '上海旅游节', '宗教信仰', '婚前检查', '公交专用道', '转运消杀', '抗台防汛', '自主研发', '医药卫生知识', '公共事业', '码色申诉', '矫正办', '火灾报警系统', '日常管理', '记录查询', '黑网吧', '收养审批', '许可证管理', '火灾报警', '电子出版物', '易燃易爆物', '婚姻财产公证', '财政票据', '擅自设立机构', '审查批捕', '福利设施', '国有企业', '公务车', '投资决策', '防疫物资', '地面沉降', '资质证书', '转基因产品（有机食品）', '民防警报', '审读出版物', '新闻形式', '妇女健康', '农副业生产', '台风沙尘', '抗灾演习', '民间慈善', '私接自来水管', '工程规划', '进博会', '外宾来访', '经济状况审核', '事业单位共享费', '节能用电', '暴雨暴雪', '合作交流', '组织机构代码证', '矿产管理']}
2025-05-26 14:07:33,629 ChatBI->     INFO     缩写字段的枚举值： []
2025-05-27 08:09:23,285 ChatBI->     INFO     案例库查询
2025-05-27 08:09:23,337 ChatBI->     INFO     案例库查询结果: ["{'query': '近半年群众经常上报道路积水的路段有哪些?', '目标列': ['诉求地址'], '条件列': {'内容描述': '道路积水', '工单生成时间': '近半年'}}", "{'query': '近1个月台风造成的道路积水影响市民出现的事件有多少起', '目标列': ['内容描述'], '条件列': {'内容描述': '台风造成的道路积水影响市民出现', '工单生成时间': '近1个月'}}", "{'query': '今年道路积水影响了哪些地铁的正常运行', '目标列': ['内容描述'], '条件列': {'内容描述': '道路积水', '工单生成时间': '今年'}}"]
2025-05-27 08:09:24,794 ChatBI->     INFO     schema linking: {'target_columns': ['内容描述'], 'condition_columns': {'内容描述': '道路积水', '工单生成时间': '2024年'}}
2025-05-27 08:09:26,915 ChatBI->     INFO     任务类型: SQL
2025-05-27 08:09:28,440 ChatBI->     INFO     stad sql: SELECT COUNT(*) AS 道路积水数量 FROM shanghai WHERE `内容描述` LIKE '%道路积水%' AND YEAR(`工单生成时间`) = 2024 LIMIT 5000;
2025-05-27 08:09:28,440 ChatBI->     INFO     开始语义分析 ... 
2025-05-27 08:09:28,449 ChatBI->     INFO     非结构化信息为: {"`内容描述` LIKE '%道路积水%'": '道路积水'}
2025-05-27 08:09:28,708 ChatBI->     INFO     道路积水 的命名实体判别： no
2025-05-27 08:09:28,710 ChatBI->     INFO     开始对非结构化文档【粗略】检索
2025-05-27 08:09:29,323 ChatBI->     INFO     检索到的文档总数量为：5000
2025-05-27 08:09:29,634 ChatBI->     INFO     开始对非结构化文档【深度】检索
2025-05-27 08:09:29,886 ChatBI->     INFO     step_scores: ['yes', 'yes', 'yes', 'yes', 'yes', 'yes', 'yes', 'no', 'no', 'no']
2025-05-27 08:09:29,887 ChatBI->     INFO     层级抽取文档： 市民来电反映:上述地址道路积水严重，诉求：请管理部门尽快清理积水 ==> yes  
2025-05-27 08:09:29,887 ChatBI->     INFO     层级抽取文档： 市民来电反映: 上述地址的路面一直有积水，一到下雨天就会积水。平时会好一点，下雨天比较厉害。诉求：尽快清理积水。 ==> yes  
2025-05-27 08:09:29,887 ChatBI->     INFO     层级抽取文档： 市民来电反映:上述地址一下雨机动车道积水。诉求：请管理部门核实进行整治，清理积水。 ==> yes  
2025-05-27 08:09:29,887 ChatBI->     INFO     层级抽取文档： 市民来电反映:上述地址大楼间道路上有污水管损坏，并有水冒出，导致地面有积水。市民诉求：请管理部门核实后尽快采取措施维修。
 ==> yes  
2025-05-27 08:09:29,887 ChatBI->     INFO     层级抽取文档： 市民来电反映:上述地址道路上多处路面积水，对市民通行带来影响。诉求：要求管理部门尽快上门处理。（市民要求信息保密 无需回复） ==> yes  
2025-05-27 08:09:29,887 ChatBI->     INFO     层级抽取文档： 市民来电反映:上述地址路段双向最右侧的机动车道和非机动车道一到下雨天路面就会积水，且非常深，通行非常不便。诉求：请管理部门尽快核实修整。（需回复） ==> yes  
2025-05-27 08:09:29,887 ChatBI->     INFO     层级抽取文档： 市民来电反映:上述地址门口入口街面下水道堵塞，路上有积水，对市民生活带来影响。诉求：要求管理部门尽快上门处理。 ==> yes  
2025-05-27 08:09:29,887 ChatBI->     INFO     层级抽取文档： 市民来电反映:上述道路全长只有100多米，但整个道路都有坑洼现象。上述现象对过往车辆存在安全隐患。市民诉求：请管理部门核实后尽快采取措施进行修复。 ==> no  
2025-05-27 08:09:29,887 ChatBI->     INFO     层级抽取文档： 市民来电反映:上述地址家里目前都是积水，市民表示只要下雨，家里都是会有积水的，雨水倒灌进家里。诉求：希望管理部门核实尽快帮其解决家里雨水倒灌的问题。 ==> no  
2025-05-27 08:09:29,887 ChatBI->     INFO     层级抽取文档： 市民来电反映:浦东新区周浦镇周秀路，青黛路，天雄路，道路规划不合理，造成道路拥堵严重。 ==> no  
2025-05-27 08:09:29,887 ChatBI->     INFO     阈值索引为：140, 窗口大小为: 100 
2025-05-27 08:09:29,887 ChatBI->     INFO     确定的文档: 41; 在次确认的文档: 199
2025-05-27 08:09:34,028 ChatBI->     INFO     从199个需再次确认的文档中筛选出的相关文档数量：136
2025-05-27 08:09:34,028 ChatBI->     INFO     示例文档：['市民来电反映: 上述地址村里之前污水改造后没有设置雨水管道，导致每次遇到下雨都存在严重积水，诉求: 希望管理部门核实增设雨水管道解决积水问题.(需回复)  ', '市民反映：下雨天气，上述地址停车场水漫金山，唯一的2个进站口全是水，深好几厘米，根本无法正常行走，也无人管理。诉求：希望管理部门尽快解决积水问题。（市民要求信息保密，需要回复）', '市民来电反映:上述地址附近路面有的抬高有的没有抬高造成了下雨就会有水坑。诉求：要求一起抬高路面。', '市民来电反复催单。催单原因：市民称管理部门至今未给予任何回复，请管理部门尽快处理。【最近派发的工单编号：20240630017172，工单内容：市民来电反映:上述地址是私房，旁边都是积水，已经进入家里，市民表示无法通行。诉求：希望尽快排水。（需回复）】', '【台风】市民来电反映: 因为台风，9月20日早上发现上述地址积水严重。诉求：请管理部门尽快来帮市民排水。']
2025-05-27 08:09:34,030 ChatBI->     INFO     没有找到<  >对应的视图
2025-05-27 08:09:34,030 ChatBI->     INFO     sql 语句：SELECT COUNT(*) AS 道路积水数量 FROM shanghai WHERE  `内容描述` IN (:val0, :val1, :val2, :val3, :val4, :val5, :val6, :val7, :val8, :val9, :val10, :val11, :val12, :val13, :val14, :val15, :val16, :val17, :val18, :val19, :val20, :val21, :val22, :val23, :val24, :val25, :val26, :val27, :val28, :val29, :val30, :val31, :val32, :val33, :val34, :val35, :val36, :val37, :val38, :val39, :val40, :val41, :val42, :val43, :val44, :val45, :val46, :val47, :val48, :val49, :val50, :val51, :val52, :val53, :val54, :val55, :val56, :val57, :val58, :val59, :val60, :val61, :val62, :val63, :val64, :val65, :val66, :val67, :val68, :val69, :val70, :val71, :val72, :val73, :val74, :val75, :val76, :val77, :val78, :val79, :val80, :val81, :val82, :val83, :val84, :val85, :val86, :val87, :val88, :val89, :val90, :val91, :val92, :val93, :val94, :val95, :val96, :val97, :val98, :val99, :val100, :val101, :val102, :val103, :val104, :val105, :val106, :val107, :val108, :val109, :val110, :val111, :val112, :val113, :val114, :val115, :val116, :val117, :val118, :val119, :val120, :val121, :val122, :val123, :val124, :val125, :val126, :val127, :val128, :val129, :val130, :val131, :val132, :val133, :val134, :val135, :val136, :val137, :val138, :val139, :val140, :val141, :val142, :val143, :val144, :val145, :val146, :val147, :val148, :val149, :val150, :val151, :val152, :val153, :val154, :val155, :val156, :val157, :val158, :val159, :val160, :val161, :val162, :val163, :val164, :val165, :val166, :val167, :val168, :val169, :val170, :val171, :val172, :val173, :val174, :val175, :val176) AND YEAR(`工单生成时间`) = 2024 LIMIT 5000;
2025-05-27 08:09:34,034 ChatBI->     ERROR    execute sql with seme wrong: (mysql.connector.errors.OperationalError) 2055: Lost connection to MySQL server at '172.31.24.111:3307', system error: Errno 8: EOF occurred in violation of protocol (_ssl.c:2427)
(Background on this error at: https://sqlalche.me/e/20/e3q8)
Traceback (most recent call last):
  File "/root/anaconda3/envs/chatbi/lib/python3.12/site-packages/sqlalchemy/engine/base.py", line 1812, in _execute_context
    context = constructor(
              ^^^^^^^^^^^^
  File "/root/anaconda3/envs/chatbi/lib/python3.12/site-packages/sqlalchemy/engine/default.py", line 1429, in _init_compiled
    self.cursor = self.create_cursor()
                  ^^^^^^^^^^^^^^^^^^^^
  File "/root/anaconda3/envs/chatbi/lib/python3.12/site-packages/sqlalchemy/engine/default.py", line 1768, in create_cursor
    return self.create_default_cursor()
           ^^^^^^^^^^^^^^^^^^^^^^^^^^^^
  File "/root/anaconda3/envs/chatbi/lib/python3.12/site-packages/sqlalchemy/dialects/mysql/mysqlconnector.py", line 59, in create_default_cursor
    return self._dbapi_connection.cursor(buffered=True)
           ^^^^^^^^^^^^^^^^^^^^^^^^^^^^^^^^^^^^^^^^^^^^
  File "/root/anaconda3/envs/chatbi/lib/python3.12/site-packages/sqlalchemy/pool/base.py", line 1486, in cursor
    return self.dbapi_connection.cursor(*args, **kwargs)
           ^^^^^^^^^^^^^^^^^^^^^^^^^^^^^^^^^^^^^^^^^^^^^
  File "/root/anaconda3/envs/chatbi/lib/python3.12/site-packages/mysql/connector/connection.py", line 1405, in cursor
    raise OperationalError("MySQL Connection not available")
mysql.connector.errors.OperationalError: MySQL Connection not available

The above exception was the direct cause of the following exception:

Traceback (most recent call last):
  File "/root/anaconda3/envs/chatbi/lib/python3.12/site-packages/sqlalchemy/engine/base.py", line 3240, in begin
    yield conn
  File "/root/anaconda3/envs/chatbi/lib/python3.12/site-packages/langchain_community/utilities/sql_database.py", line 475, in _execute
    cursor = connection.execute(
             ^^^^^^^^^^^^^^^^^^^
  File "/root/anaconda3/envs/chatbi/lib/python3.12/site-packages/sqlalchemy/engine/base.py", line 1416, in execute
    return meth(
           ^^^^^
  File "/root/anaconda3/envs/chatbi/lib/python3.12/site-packages/sqlalchemy/sql/elements.py", line 523, in _execute_on_connection
    return connection._execute_clauseelement(
           ^^^^^^^^^^^^^^^^^^^^^^^^^^^^^^^^^^
  File "/root/anaconda3/envs/chatbi/lib/python3.12/site-packages/sqlalchemy/engine/base.py", line 1638, in _execute_clauseelement
    ret = self._execute_context(
          ^^^^^^^^^^^^^^^^^^^^^^
  File "/root/anaconda3/envs/chatbi/lib/python3.12/site-packages/sqlalchemy/engine/base.py", line 1818, in _execute_context
    self._handle_dbapi_exception(
  File "/root/anaconda3/envs/chatbi/lib/python3.12/site-packages/sqlalchemy/engine/base.py", line 2352, in _handle_dbapi_exception
    raise sqlalchemy_exception.with_traceback(exc_info[2]) from e
  File "/root/anaconda3/envs/chatbi/lib/python3.12/site-packages/sqlalchemy/engine/base.py", line 1812, in _execute_context
    context = constructor(
              ^^^^^^^^^^^^
  File "/root/anaconda3/envs/chatbi/lib/python3.12/site-packages/sqlalchemy/engine/default.py", line 1429, in _init_compiled
    self.cursor = self.create_cursor()
                  ^^^^^^^^^^^^^^^^^^^^
  File "/root/anaconda3/envs/chatbi/lib/python3.12/site-packages/sqlalchemy/engine/default.py", line 1768, in create_cursor
    return self.create_default_cursor()
           ^^^^^^^^^^^^^^^^^^^^^^^^^^^^
  File "/root/anaconda3/envs/chatbi/lib/python3.12/site-packages/sqlalchemy/dialects/mysql/mysqlconnector.py", line 59, in create_default_cursor
    return self._dbapi_connection.cursor(buffered=True)
           ^^^^^^^^^^^^^^^^^^^^^^^^^^^^^^^^^^^^^^^^^^^^
  File "/root/anaconda3/envs/chatbi/lib/python3.12/site-packages/sqlalchemy/pool/base.py", line 1486, in cursor
    return self.dbapi_connection.cursor(*args, **kwargs)
           ^^^^^^^^^^^^^^^^^^^^^^^^^^^^^^^^^^^^^^^^^^^^^
  File "/root/anaconda3/envs/chatbi/lib/python3.12/site-packages/mysql/connector/connection.py", line 1405, in cursor
    raise OperationalError("MySQL Connection not available")
sqlalchemy.exc.OperationalError: (mysql.connector.errors.OperationalError) MySQL Connection not available
[SQL: SELECT COUNT(*) AS 道路积水数量 FROM shanghai WHERE  `内容描述` IN (%(val0)s, %(val1)s, %(val2)s, %(val3)s, %(val4)s, %(val5)s, %(val6)s, %(val7)s, %(val8)s, %(val9)s, %(val10)s, %(val11)s, %(val12)s, %(val13)s, %(val14)s, %(val15)s, %(val16)s, %(val17)s, %(val18)s, %(val19)s, %(val20)s, %(val21)s, %(val22)s, %(val23)s, %(val24)s, %(val25)s, %(val26)s, %(val27)s, %(val28)s, %(val29)s, %(val30)s, %(val31)s, %(val32)s, %(val33)s, %(val34)s, %(val35)s, %(val36)s, %(val37)s, %(val38)s, %(val39)s, %(val40)s, %(val41)s, %(val42)s, %(val43)s, %(val44)s, %(val45)s, %(val46)s, %(val47)s, %(val48)s, %(val49)s, %(val50)s, %(val51)s, %(val52)s, %(val53)s, %(val54)s, %(val55)s, %(val56)s, %(val57)s, %(val58)s, %(val59)s, %(val60)s, %(val61)s, %(val62)s, %(val63)s, %(val64)s, %(val65)s, %(val66)s, %(val67)s, %(val68)s, %(val69)s, %(val70)s, %(val71)s, %(val72)s, %(val73)s, %(val74)s, %(val75)s, %(val76)s, %(val77)s, %(val78)s, %(val79)s, %(val80)s, %(val81)s, %(val82)s, %(val83)s, %(val84)s, %(val85)s, %(val86)s, %(val87)s, %(val88)s, %(val89)s, %(val90)s, %(val91)s, %(val92)s, %(val93)s, %(val94)s, %(val95)s, %(val96)s, %(val97)s, %(val98)s, %(val99)s, %(val100)s, %(val101)s, %(val102)s, %(val103)s, %(val104)s, %(val105)s, %(val106)s, %(val107)s, %(val108)s, %(val109)s, %(val110)s, %(val111)s, %(val112)s, %(val113)s, %(val114)s, %(val115)s, %(val116)s, %(val117)s, %(val118)s, %(val119)s, %(val120)s, %(val121)s, %(val122)s, %(val123)s, %(val124)s, %(val125)s, %(val126)s, %(val127)s, %(val128)s, %(val129)s, %(val130)s, %(val131)s, %(val132)s, %(val133)s, %(val134)s, %(val135)s, %(val136)s, %(val137)s, %(val138)s, %(val139)s, %(val140)s, %(val141)s, %(val142)s, %(val143)s, %(val144)s, %(val145)s, %(val146)s, %(val147)s, %(val148)s, %(val149)s, %(val150)s, %(val151)s, %(val152)s, %(val153)s, %(val154)s, %(val155)s, %(val156)s, %(val157)s, %(val158)s, %(val159)s, %(val160)s, %(val161)s, %(val162)s, %(val163)s, %(val164)s, %(val165)s, %(val166)s, %(val167)s, %(val168)s, %(val169)s, %(val170)s, %(val171)s, %(val172)s, %(val173)s, %(val174)s, %(val175)s, %(val176)s) AND YEAR(`工单生成时间`) = 2024 LIMIT 5000;]
[parameters: [{'val0': '市民来电反映:上述地址道路积水严重，诉求：请管理部门尽快清理积水', 'val1': '市民来电反映:上述地址道路刚修完不到5天，9月3日下完雨之后，最右侧道路就有积水了，机动车开过都把水溅到了非机动车道和人行道上。诉求：请管理部门核实，为何刚修好还是积水进行解释。', 'val ... (16439 characters truncated) ... 派发的工单编号：20240630017172，工单内容：市民来电反映:上述地址是私房，旁边都是积水，已经进入家里，市民表示无法通行。诉求：希望尽快排水。（需回复）】', 'val176': '【台风】市民来电反映: 因为台风，9月20日早上发现上述地址积水严重。诉求：请管理部门尽快来帮市民排水。'}]]
(Background on this error at: https://sqlalche.me/e/20/e3q8)

During handling of the above exception, another exception occurred:

Traceback (most recent call last):
  File "/root/anaconda3/envs/chatbi/lib/python3.12/site-packages/mysql/connector/network.py", line 165, in _send_pkt
    sock.sendall(pkt)
  File "/root/anaconda3/envs/chatbi/lib/python3.12/ssl.py", line 1210, in sendall
    v = self.send(byte_view[count:])
        ^^^^^^^^^^^^^^^^^^^^^^^^^^^^
  File "/root/anaconda3/envs/chatbi/lib/python3.12/ssl.py", line 1179, in send
    return self._sslobj.write(data)
           ^^^^^^^^^^^^^^^^^^^^^^^^
ssl.SSLEOFError: EOF occurred in violation of protocol (_ssl.c:2427)

The above exception was the direct cause of the following exception:

Traceback (most recent call last):
  File "/root/anaconda3/envs/chatbi/lib/python3.12/site-packages/sqlalchemy/engine/base.py", line 1125, in _rollback_impl
    self.engine.dialect.do_rollback(self.connection)
  File "/root/anaconda3/envs/chatbi/lib/python3.12/site-packages/sqlalchemy/engine/default.py", line 703, in do_rollback
    dbapi_connection.rollback()
  File "/root/anaconda3/envs/chatbi/lib/python3.12/site-packages/mysql/connector/connection.py", line 1462, in rollback
    self._execute_query("ROLLBACK")
  File "/root/anaconda3/envs/chatbi/lib/python3.12/site-packages/mysql/connector/connection.py", line 1474, in _execute_query
    self.cmd_query(query)
  File "/root/anaconda3/envs/chatbi/lib/python3.12/site-packages/mysql/connector/opentelemetry/context_propagation.py", line 97, in wrapper
    return method(cnx, *args, **kwargs)
           ^^^^^^^^^^^^^^^^^^^^^^^^^^^^
  File "/root/anaconda3/envs/chatbi/lib/python3.12/site-packages/mysql/connector/_decorating.py", line 89, in handle_cnx_method
    raise err
  File "/root/anaconda3/envs/chatbi/lib/python3.12/site-packages/mysql/connector/_decorating.py", line 85, in handle_cnx_method
    return cnx_method(cnx, *args, **kwargs)
           ^^^^^^^^^^^^^^^^^^^^^^^^^^^^^^^^
  File "/root/anaconda3/envs/chatbi/lib/python3.12/site-packages/mysql/connector/connection.py", line 985, in cmd_query
    self._send_cmd(
  File "/root/anaconda3/envs/chatbi/lib/python3.12/site-packages/mysql/connector/_decorating.py", line 89, in handle_cnx_method
    raise err
  File "/root/anaconda3/envs/chatbi/lib/python3.12/site-packages/mysql/connector/_decorating.py", line 85, in handle_cnx_method
    return cnx_method(cnx, *args, **kwargs)
           ^^^^^^^^^^^^^^^^^^^^^^^^^^^^^^^^
  File "/root/anaconda3/envs/chatbi/lib/python3.12/site-packages/mysql/connector/connection.py", line 507, in _send_cmd
    self._socket.send(
  File "/root/anaconda3/envs/chatbi/lib/python3.12/site-packages/mysql/connector/network.py", line 650, in send
    self._netbroker.send(
  File "/root/anaconda3/envs/chatbi/lib/python3.12/site-packages/mysql/connector/network.py", line 223, in send
    self._send_pkt(
  File "/root/anaconda3/envs/chatbi/lib/python3.12/site-packages/mysql/connector/network.py", line 169, in _send_pkt
    raise OperationalError(
mysql.connector.errors.OperationalError: 2055: Lost connection to MySQL server at '172.31.24.111:3307', system error: Errno 8: EOF occurred in violation of protocol (_ssl.c:2427)

The above exception was the direct cause of the following exception:

Traceback (most recent call last):
  File "/data/yfzx/liucd/chatbi_deploy2/chatbi_DB2/utils/util.py", line 321, in sql_execute
    sql_result = mysql_db.run(sql_command, include_columns=True, parameters=params)
                 ^^^^^^^^^^^^^^^^^^^^^^^^^^^^^^^^^^^^^^^^^^^^^^^^^^^^^^^^^^^^^^^^^^
  File "/root/anaconda3/envs/chatbi/lib/python3.12/site-packages/langchain_community/utilities/sql_database.py", line 510, in run
    result = self._execute(
             ^^^^^^^^^^^^^^
  File "/root/anaconda3/envs/chatbi/lib/python3.12/site-packages/langchain_community/utilities/sql_database.py", line 422, in _execute
    with self._engine.begin() as connection:  # type: Connection  # type: ignore[name-defined]
         ^^^^^^^^^^^^^^^^^^^^
  File "/root/anaconda3/envs/chatbi/lib/python3.12/contextlib.py", line 158, in __exit__
    self.gen.throw(value)
  File "/root/anaconda3/envs/chatbi/lib/python3.12/site-packages/sqlalchemy/engine/base.py", line 3239, in begin
    with conn.begin():
         ^^^^^^^^^^^^
  File "/root/anaconda3/envs/chatbi/lib/python3.12/site-packages/sqlalchemy/engine/util.py", line 162, in __exit__
    self.rollback()
  File "/root/anaconda3/envs/chatbi/lib/python3.12/site-packages/sqlalchemy/engine/base.py", line 2608, in rollback
    self._do_rollback()
  File "/root/anaconda3/envs/chatbi/lib/python3.12/site-packages/sqlalchemy/engine/base.py", line 2727, in _do_rollback
    self._close_impl(try_deactivate=True)
  File "/root/anaconda3/envs/chatbi/lib/python3.12/site-packages/sqlalchemy/engine/base.py", line 2710, in _close_impl
    self._connection_rollback_impl()
  File "/root/anaconda3/envs/chatbi/lib/python3.12/site-packages/sqlalchemy/engine/base.py", line 2702, in _connection_rollback_impl
    self.connection._rollback_impl()
  File "/root/anaconda3/envs/chatbi/lib/python3.12/site-packages/sqlalchemy/engine/base.py", line 1127, in _rollback_impl
    self._handle_dbapi_exception(e, None, None, None, None)
  File "/root/anaconda3/envs/chatbi/lib/python3.12/site-packages/sqlalchemy/engine/base.py", line 2352, in _handle_dbapi_exception
    raise sqlalchemy_exception.with_traceback(exc_info[2]) from e
  File "/root/anaconda3/envs/chatbi/lib/python3.12/site-packages/sqlalchemy/engine/base.py", line 1125, in _rollback_impl
    self.engine.dialect.do_rollback(self.connection)
  File "/root/anaconda3/envs/chatbi/lib/python3.12/site-packages/sqlalchemy/engine/default.py", line 703, in do_rollback
    dbapi_connection.rollback()
  File "/root/anaconda3/envs/chatbi/lib/python3.12/site-packages/mysql/connector/connection.py", line 1462, in rollback
    self._execute_query("ROLLBACK")
  File "/root/anaconda3/envs/chatbi/lib/python3.12/site-packages/mysql/connector/connection.py", line 1474, in _execute_query
    self.cmd_query(query)
  File "/root/anaconda3/envs/chatbi/lib/python3.12/site-packages/mysql/connector/opentelemetry/context_propagation.py", line 97, in wrapper
    return method(cnx, *args, **kwargs)
           ^^^^^^^^^^^^^^^^^^^^^^^^^^^^
  File "/root/anaconda3/envs/chatbi/lib/python3.12/site-packages/mysql/connector/_decorating.py", line 89, in handle_cnx_method
    raise err
  File "/root/anaconda3/envs/chatbi/lib/python3.12/site-packages/mysql/connector/_decorating.py", line 85, in handle_cnx_method
    return cnx_method(cnx, *args, **kwargs)
           ^^^^^^^^^^^^^^^^^^^^^^^^^^^^^^^^
  File "/root/anaconda3/envs/chatbi/lib/python3.12/site-packages/mysql/connector/connection.py", line 985, in cmd_query
    self._send_cmd(
  File "/root/anaconda3/envs/chatbi/lib/python3.12/site-packages/mysql/connector/_decorating.py", line 89, in handle_cnx_method
    raise err
  File "/root/anaconda3/envs/chatbi/lib/python3.12/site-packages/mysql/connector/_decorating.py", line 85, in handle_cnx_method
    return cnx_method(cnx, *args, **kwargs)
           ^^^^^^^^^^^^^^^^^^^^^^^^^^^^^^^^
  File "/root/anaconda3/envs/chatbi/lib/python3.12/site-packages/mysql/connector/connection.py", line 507, in _send_cmd
    self._socket.send(
  File "/root/anaconda3/envs/chatbi/lib/python3.12/site-packages/mysql/connector/network.py", line 650, in send
    self._netbroker.send(
  File "/root/anaconda3/envs/chatbi/lib/python3.12/site-packages/mysql/connector/network.py", line 223, in send
    self._send_pkt(
  File "/root/anaconda3/envs/chatbi/lib/python3.12/site-packages/mysql/connector/network.py", line 169, in _send_pkt
    raise OperationalError(
sqlalchemy.exc.OperationalError: (mysql.connector.errors.OperationalError) 2055: Lost connection to MySQL server at '172.31.24.111:3307', system error: Errno 8: EOF occurred in violation of protocol (_ssl.c:2427)
(Background on this error at: https://sqlalche.me/e/20/e3q8)
2025-05-27 08:09:34,040 ChatBI->     INFO     websocket发送的数据为：{"sql_gen": "SELECT COUNT(*) AS 道路积水数量 FROM shanghai WHERE `内容描述` LIKE '%道路积水%' AND YEAR(`工单生成时间`) = 2024 LIMIT 5000;"}
2025-05-27 08:09:34,040 ChatBI->     INFO     websocket发送的数据为：{"response": [{}]}
2025-05-27 08:09:34,056 ChatBI->     INFO     sql 语句：SELECT * FROM shanghai WHERE  `内容描述` IN (:val0, :val1, :val2, :val3, :val4, :val5, :val6, :val7, :val8, :val9, :val10, :val11, :val12, :val13, :val14, :val15, :val16, :val17, :val18, :val19, :val20, :val21, :val22, :val23, :val24, :val25, :val26, :val27, :val28, :val29, :val30, :val31, :val32, :val33, :val34, :val35, :val36, :val37, :val38, :val39, :val40, :val41, :val42, :val43, :val44, :val45, :val46, :val47, :val48, :val49, :val50, :val51, :val52, :val53, :val54, :val55, :val56, :val57, :val58, :val59, :val60, :val61, :val62, :val63, :val64, :val65, :val66, :val67, :val68, :val69, :val70, :val71, :val72, :val73, :val74, :val75, :val76, :val77, :val78, :val79, :val80, :val81, :val82, :val83, :val84, :val85, :val86, :val87, :val88, :val89, :val90, :val91, :val92, :val93, :val94, :val95, :val96, :val97, :val98, :val99, :val100, :val101, :val102, :val103, :val104, :val105, :val106, :val107, :val108, :val109, :val110, :val111, :val112, :val113, :val114, :val115, :val116, :val117, :val118, :val119, :val120, :val121, :val122, :val123, :val124, :val125, :val126, :val127, :val128, :val129, :val130, :val131, :val132, :val133, :val134, :val135, :val136, :val137, :val138, :val139, :val140, :val141, :val142, :val143, :val144, :val145, :val146, :val147, :val148, :val149, :val150, :val151, :val152, :val153, :val154, :val155, :val156, :val157, :val158, :val159, :val160, :val161, :val162, :val163, :val164, :val165, :val166, :val167, :val168, :val169, :val170, :val171, :val172, :val173, :val174, :val175, :val176) AND YEAR(`工单生成时间`) = 2024 LIMIT 5000;
2025-05-27 08:09:35,646 ChatBI->     INFO     websocket发送的数据为：{"result_insight": "很抱歉，由于检索到的信息为空，无法提供2024年道路积水的具体次数。建议您查看最新的交通报告或联系相关部门获取准确信息。"}
2025-05-27 08:09:37,421 ChatBI->     INFO     websocket发送的数据为：{"result_recommand": {"new_query_1": "2024年哪些区域的道路积水问题最多？", "new_query_2": "2024年道路积水问题的处理情况如何？", "new_query_3": "2024年道路积水问题的主要时间段是什么时候？"}}
2025-05-27 08:12:55,975 ChatBI->     INFO     案例库查询
2025-05-27 08:12:56,039 ChatBI->     INFO     案例库查询结果: ["{'query': '近半年群众经常上报道路积水的路段有哪些?', '目标列': ['诉求地址'], '条件列': {'内容描述': '道路积水', '工单生成时间': '近半年'}}", "{'query': '近1个月台风造成的道路积水影响市民出现的事件有多少起', '目标列': ['内容描述'], '条件列': {'内容描述': '台风造成的道路积水影响市民出现', '工单生成时间': '近1个月'}}", "{'query': '今年道路积水影响了哪些地铁的正常运行', '目标列': ['内容描述'], '条件列': {'内容描述': '道路积水', '工单生成时间': '今年'}}"]
2025-05-27 08:12:56,986 ChatBI->     INFO     schema linking: {'target_columns': ['内容描述'], 'condition_columns': {'内容描述': '道路积水', '工单生成时间': '2024年'}}
2025-05-27 08:12:58,678 ChatBI->     INFO     任务类型: SQL
2025-05-27 08:12:59,780 ChatBI->     INFO     stad sql: SELECT COUNT(*) AS 道路积水数量 FROM shanghai WHERE `内容描述` LIKE '%道路积水%' AND YEAR(`工单生成时间`) = 2024 LIMIT 5000;
2025-05-27 08:12:59,781 ChatBI->     INFO     开始语义分析 ... 
2025-05-27 08:12:59,785 ChatBI->     INFO     非结构化信息为: {"`内容描述` LIKE '%道路积水%'": '道路积水'}
2025-05-27 08:13:00,037 ChatBI->     INFO     道路积水 的命名实体判别： no
2025-05-27 08:13:00,038 ChatBI->     INFO     开始对非结构化文档【粗略】检索
2025-05-27 08:13:00,593 ChatBI->     INFO     检索到的文档总数量为：5000
2025-05-27 08:13:00,899 ChatBI->     INFO     开始对非结构化文档【深度】检索
2025-05-27 08:13:01,081 ChatBI->     INFO     step_scores: ['yes', 'yes', 'yes', 'yes', 'yes', 'yes', 'yes', 'no', 'no', 'no']
2025-05-27 08:13:01,082 ChatBI->     INFO     层级抽取文档： 市民来电反映:上述地址道路积水严重，诉求：请管理部门尽快清理积水 ==> yes  
2025-05-27 08:13:01,082 ChatBI->     INFO     层级抽取文档： 市民来电反映: 上述地址的路面一直有积水，一到下雨天就会积水。平时会好一点，下雨天比较厉害。诉求：尽快清理积水。 ==> yes  
2025-05-27 08:13:01,082 ChatBI->     INFO     层级抽取文档： 市民来电反映:上述地址一下雨机动车道积水。诉求：请管理部门核实进行整治，清理积水。 ==> yes  
2025-05-27 08:13:01,082 ChatBI->     INFO     层级抽取文档： 市民来电反映:上述地址大楼间道路上有污水管损坏，并有水冒出，导致地面有积水。市民诉求：请管理部门核实后尽快采取措施维修。
 ==> yes  
2025-05-27 08:13:01,082 ChatBI->     INFO     层级抽取文档： 市民来电反映:上述地址道路上多处路面积水，对市民通行带来影响。诉求：要求管理部门尽快上门处理。（市民要求信息保密 无需回复） ==> yes  
2025-05-27 08:13:01,082 ChatBI->     INFO     层级抽取文档： 市民来电反映:上述地址路段双向最右侧的机动车道和非机动车道一到下雨天路面就会积水，且非常深，通行非常不便。诉求：请管理部门尽快核实修整。（需回复） ==> yes  
2025-05-27 08:13:01,082 ChatBI->     INFO     层级抽取文档： 市民来电反映:上述地址门口入口街面下水道堵塞，路上有积水，对市民生活带来影响。诉求：要求管理部门尽快上门处理。 ==> yes  
2025-05-27 08:13:01,082 ChatBI->     INFO     层级抽取文档： 市民来电反映:上述道路全长只有100多米，但整个道路都有坑洼现象。上述现象对过往车辆存在安全隐患。市民诉求：请管理部门核实后尽快采取措施进行修复。 ==> no  
2025-05-27 08:13:01,082 ChatBI->     INFO     层级抽取文档： 市民来电反映:上述地址家里目前都是积水，市民表示只要下雨，家里都是会有积水的，雨水倒灌进家里。诉求：希望管理部门核实尽快帮其解决家里雨水倒灌的问题。 ==> no  
2025-05-27 08:13:01,082 ChatBI->     INFO     层级抽取文档： 市民来电反映:浦东新区周浦镇周秀路，青黛路，天雄路，道路规划不合理，造成道路拥堵严重。 ==> no  
2025-05-27 08:13:01,082 ChatBI->     INFO     阈值索引为：140, 窗口大小为: 100 
2025-05-27 08:13:01,083 ChatBI->     INFO     确定的文档: 41; 在次确认的文档: 199
2025-05-27 08:13:03,183 ChatBI->     INFO     从199个需再次确认的文档中筛选出的相关文档数量：135
2025-05-27 08:13:03,183 ChatBI->     INFO     示例文档：['市民来电反映: 上述地址村里之前污水改造后没有设置雨水管道，导致每次遇到下雨都存在严重积水，诉求: 希望管理部门核实增设雨水管道解决积水问题.(需回复)  ', '市民反映：下雨天气，上述地址停车场水漫金山，唯一的2个进站口全是水，深好几厘米，根本无法正常行走，也无人管理。诉求：希望管理部门尽快解决积水问题。（市民要求信息保密，需要回复）', '市民来电反映:上述地址附近路面有的抬高有的没有抬高造成了下雨就会有水坑。诉求：要求一起抬高路面。', '市民来电反复催单。催单原因：市民称管理部门至今未给予任何回复，请管理部门尽快处理。【最近派发的工单编号：20240630017172，工单内容：市民来电反映:上述地址是私房，旁边都是积水，已经进入家里，市民表示无法通行。诉求：希望尽快排水。（需回复）】', '【台风】市民来电反映: 因为台风，9月20日早上发现上述地址积水严重。诉求：请管理部门尽快来帮市民排水。']
2025-05-27 08:13:03,185 ChatBI->     INFO     没有找到<  >对应的视图
2025-05-27 08:13:03,185 ChatBI->     INFO     sql 语句：SELECT COUNT(*) AS 道路积水数量 FROM shanghai WHERE  `内容描述` IN (:val0, :val1, :val2, :val3, :val4, :val5, :val6, :val7, :val8, :val9, :val10, :val11, :val12, :val13, :val14, :val15, :val16, :val17, :val18, :val19, :val20, :val21, :val22, :val23, :val24, :val25, :val26, :val27, :val28, :val29, :val30, :val31, :val32, :val33, :val34, :val35, :val36, :val37, :val38, :val39, :val40, :val41, :val42, :val43, :val44, :val45, :val46, :val47, :val48, :val49, :val50, :val51, :val52, :val53, :val54, :val55, :val56, :val57, :val58, :val59, :val60, :val61, :val62, :val63, :val64, :val65, :val66, :val67, :val68, :val69, :val70, :val71, :val72, :val73, :val74, :val75, :val76, :val77, :val78, :val79, :val80, :val81, :val82, :val83, :val84, :val85, :val86, :val87, :val88, :val89, :val90, :val91, :val92, :val93, :val94, :val95, :val96, :val97, :val98, :val99, :val100, :val101, :val102, :val103, :val104, :val105, :val106, :val107, :val108, :val109, :val110, :val111, :val112, :val113, :val114, :val115, :val116, :val117, :val118, :val119, :val120, :val121, :val122, :val123, :val124, :val125, :val126, :val127, :val128, :val129, :val130, :val131, :val132, :val133, :val134, :val135, :val136, :val137, :val138, :val139, :val140, :val141, :val142, :val143, :val144, :val145, :val146, :val147, :val148, :val149, :val150, :val151, :val152, :val153, :val154, :val155, :val156, :val157, :val158, :val159, :val160, :val161, :val162, :val163, :val164, :val165, :val166, :val167, :val168, :val169, :val170, :val171, :val172, :val173, :val174, :val175) AND YEAR(`工单生成时间`) = 2024 LIMIT 5000;
2025-05-27 08:13:03,767 ChatBI->     INFO     websocket发送的数据为：{"sql_gen": "SELECT COUNT(*) AS 道路积水数量 FROM shanghai WHERE `内容描述` LIKE '%道路积水%' AND YEAR(`工单生成时间`) = 2024 LIMIT 5000;"}
2025-05-27 08:13:03,767 ChatBI->     INFO     websocket发送的数据为：{"response": [{"道路积水数量": 171}]}
2025-05-27 08:13:03,781 ChatBI->     INFO     sql 语句：SELECT * FROM shanghai WHERE  `内容描述` IN (:val0, :val1, :val2, :val3, :val4, :val5, :val6, :val7, :val8, :val9, :val10, :val11, :val12, :val13, :val14, :val15, :val16, :val17, :val18, :val19, :val20, :val21, :val22, :val23, :val24, :val25, :val26, :val27, :val28, :val29, :val30, :val31, :val32, :val33, :val34, :val35, :val36, :val37, :val38, :val39, :val40, :val41, :val42, :val43, :val44, :val45, :val46, :val47, :val48, :val49, :val50, :val51, :val52, :val53, :val54, :val55, :val56, :val57, :val58, :val59, :val60, :val61, :val62, :val63, :val64, :val65, :val66, :val67, :val68, :val69, :val70, :val71, :val72, :val73, :val74, :val75, :val76, :val77, :val78, :val79, :val80, :val81, :val82, :val83, :val84, :val85, :val86, :val87, :val88, :val89, :val90, :val91, :val92, :val93, :val94, :val95, :val96, :val97, :val98, :val99, :val100, :val101, :val102, :val103, :val104, :val105, :val106, :val107, :val108, :val109, :val110, :val111, :val112, :val113, :val114, :val115, :val116, :val117, :val118, :val119, :val120, :val121, :val122, :val123, :val124, :val125, :val126, :val127, :val128, :val129, :val130, :val131, :val132, :val133, :val134, :val135, :val136, :val137, :val138, :val139, :val140, :val141, :val142, :val143, :val144, :val145, :val146, :val147, :val148, :val149, :val150, :val151, :val152, :val153, :val154, :val155, :val156, :val157, :val158, :val159, :val160, :val161, :val162, :val163, :val164, :val165, :val166, :val167, :val168, :val169, :val170, :val171, :val172, :val173, :val174, :val175) AND YEAR(`工单生成时间`) = 2024 LIMIT 5000;
2025-05-27 08:13:04,961 ChatBI->     INFO     websocket发送的数据为：{"result_insight": "根据检索到的信息，2024年有171起道路积水事件。"}
2025-05-27 08:13:06,470 ChatBI->     INFO     websocket发送的数据为：{"result_recommand": {"new_query_1": "2024年哪些区域的道路积水次数最多？", "new_query_2": "2024年道路积水事件中，哪些时间段发生频率最高？", "new_query_3": "2024年道路积水事件的处理描述是什么？"}}
2025-05-27 08:16:25,864 ChatBI->     ERROR    Unexpected error occured:(<CloseCode.ABNORMAL_CLOSURE: 1006>, '')
Traceback (most recent call last):
  File "/data/yfzx/liucd/chatbi_deploy2/chatbi_DB2/apps/app_main_ws.py", line 64, in websocket_endpoint
    message = await websocket.receive_text()
              ^^^^^^^^^^^^^^^^^^^^^^^^^^^^^^
  File "/root/anaconda3/envs/chatbi/lib/python3.12/site-packages/starlette/websockets.py", line 119, in receive_text
    self._raise_on_disconnect(message)
  File "/root/anaconda3/envs/chatbi/lib/python3.12/site-packages/starlette/websockets.py", line 113, in _raise_on_disconnect
    raise WebSocketDisconnect(message["code"], message.get("reason"))
starlette.websockets.WebSocketDisconnect: (<CloseCode.ABNORMAL_CLOSURE: 1006>, '')
2025-05-27 08:16:36,490 ChatBI->     ERROR    Unexpected error occured:(<CloseCode.ABNORMAL_CLOSURE: 1006>, '')
Traceback (most recent call last):
  File "/data/yfzx/liucd/chatbi_deploy2/chatbi_DB2/apps/app_main_ws.py", line 64, in websocket_endpoint
    message = await websocket.receive_text()
              ^^^^^^^^^^^^^^^^^^^^^^^^^^^^^^
  File "/root/anaconda3/envs/chatbi/lib/python3.12/site-packages/starlette/websockets.py", line 119, in receive_text
    self._raise_on_disconnect(message)
  File "/root/anaconda3/envs/chatbi/lib/python3.12/site-packages/starlette/websockets.py", line 113, in _raise_on_disconnect
    raise WebSocketDisconnect(message["code"], message.get("reason"))
starlette.websockets.WebSocketDisconnect: (<CloseCode.ABNORMAL_CLOSURE: 1006>, '')
2025-05-27 08:21:30,991 ChatBI->     INFO     案例库查询
2025-05-27 08:21:31,032 ChatBI->     INFO     案例库查询结果: ["{'query': '近半年群众经常上报道路积水的路段有哪些?', '目标列': ['诉求地址'], '条件列': {'内容描述': '道路积水', '工单生成时间': '近半年'}}", "{'query': '近1个月台风造成的道路积水影响市民出现的事件有多少起', '目标列': ['内容描述'], '条件列': {'内容描述': '台风造成的道路积水影响市民出现', '工单生成时间': '近1个月'}}", "{'query': '今年道路积水影响了哪些地铁的正常运行', '目标列': ['内容描述'], '条件列': {'内容描述': '道路积水', '工单生成时间': '今年'}}"]
2025-05-27 08:21:32,010 ChatBI->     INFO     schema linking: {'target_columns': ['内容描述'], 'condition_columns': {'内容描述': '道路积水', '工单生成时间': '2024年'}}
2025-05-27 08:21:33,641 ChatBI->     INFO     任务类型: SQL
2025-05-27 08:21:34,801 ChatBI->     INFO     stad sql: SELECT COUNT(*) AS `道路积水事件数量` FROM `shanghai` WHERE `内容描述` LIKE '%道路积水%' AND YEAR(`工单生成时间`) = 2024 LIMIT 5000;
2025-05-27 08:21:34,801 ChatBI->     INFO     开始语义分析 ... 
2025-05-27 08:21:34,803 ChatBI->     INFO     非结构化信息为: {"`内容描述` LIKE '%道路积水%'": '道路积水'}
2025-05-27 08:21:35,050 ChatBI->     INFO     道路积水 的命名实体判别： no
2025-05-27 08:21:35,051 ChatBI->     INFO     开始对非结构化文档【粗略】检索
2025-05-27 08:21:35,765 ChatBI->     INFO     检索到的文档总数量为：5000
2025-05-27 08:21:36,072 ChatBI->     INFO     开始对非结构化文档【深度】检索
2025-05-27 08:21:36,261 ChatBI->     INFO     step_scores: ['yes', 'yes', 'yes', 'yes', 'yes', 'yes', 'yes', 'no', 'no', 'no']
2025-05-27 08:21:36,261 ChatBI->     INFO     层级抽取文档： 市民来电反映:上述地址道路积水严重，诉求：请管理部门尽快清理积水 ==> yes  
2025-05-27 08:21:36,261 ChatBI->     INFO     层级抽取文档： 市民来电反映: 上述地址的路面一直有积水，一到下雨天就会积水。平时会好一点，下雨天比较厉害。诉求：尽快清理积水。 ==> yes  
2025-05-27 08:21:36,261 ChatBI->     INFO     层级抽取文档： 市民来电反映:上述地址一下雨机动车道积水。诉求：请管理部门核实进行整治，清理积水。 ==> yes  
2025-05-27 08:21:36,261 ChatBI->     INFO     层级抽取文档： 市民来电反映:上述地址大楼间道路上有污水管损坏，并有水冒出，导致地面有积水。市民诉求：请管理部门核实后尽快采取措施维修。
 ==> yes  
2025-05-27 08:21:36,261 ChatBI->     INFO     层级抽取文档： 市民来电反映:上述地址道路上多处路面积水，对市民通行带来影响。诉求：要求管理部门尽快上门处理。（市民要求信息保密 无需回复） ==> yes  
2025-05-27 08:21:36,261 ChatBI->     INFO     层级抽取文档： 市民来电反映:上述地址路段双向最右侧的机动车道和非机动车道一到下雨天路面就会积水，且非常深，通行非常不便。诉求：请管理部门尽快核实修整。（需回复） ==> yes  
2025-05-27 08:21:36,261 ChatBI->     INFO     层级抽取文档： 市民来电反映:上述地址门口入口街面下水道堵塞，路上有积水，对市民生活带来影响。诉求：要求管理部门尽快上门处理。 ==> yes  
2025-05-27 08:21:36,262 ChatBI->     INFO     层级抽取文档： 市民来电反映:上述道路全长只有100多米，但整个道路都有坑洼现象。上述现象对过往车辆存在安全隐患。市民诉求：请管理部门核实后尽快采取措施进行修复。 ==> no  
2025-05-27 08:21:36,262 ChatBI->     INFO     层级抽取文档： 市民来电反映:上述地址家里目前都是积水，市民表示只要下雨，家里都是会有积水的，雨水倒灌进家里。诉求：希望管理部门核实尽快帮其解决家里雨水倒灌的问题。 ==> no  
2025-05-27 08:21:36,262 ChatBI->     INFO     层级抽取文档： 市民来电反映:浦东新区周浦镇周秀路，青黛路，天雄路，道路规划不合理，造成道路拥堵严重。 ==> no  
2025-05-27 08:21:36,262 ChatBI->     INFO     阈值索引为：140, 窗口大小为: 100 
2025-05-27 08:21:36,262 ChatBI->     INFO     确定的文档: 41; 在次确认的文档: 199
2025-05-27 08:21:38,370 ChatBI->     INFO     从199个需再次确认的文档中筛选出的相关文档数量：135
2025-05-27 08:21:38,370 ChatBI->     INFO     示例文档：['市民来电反映: 上述地址村里之前污水改造后没有设置雨水管道，导致每次遇到下雨都存在严重积水，诉求: 希望管理部门核实增设雨水管道解决积水问题.(需回复)  ', '市民反映：下雨天气，上述地址停车场水漫金山，唯一的2个进站口全是水，深好几厘米，根本无法正常行走，也无人管理。诉求：希望管理部门尽快解决积水问题。（市民要求信息保密，需要回复）', '市民来电反映:上述地址附近路面有的抬高有的没有抬高造成了下雨就会有水坑。诉求：要求一起抬高路面。', '市民来电反复催单。催单原因：市民称管理部门至今未给予任何回复，请管理部门尽快处理。【最近派发的工单编号：20240630017172，工单内容：市民来电反映:上述地址是私房，旁边都是积水，已经进入家里，市民表示无法通行。诉求：希望尽快排水。（需回复）】', '【台风】市民来电反映: 因为台风，9月20日早上发现上述地址积水严重。诉求：请管理部门尽快来帮市民排水。']
2025-05-27 08:21:38,374 ChatBI->     INFO     没有找到<  >对应的视图
2025-05-27 08:21:38,374 ChatBI->     INFO     sql 语句：SELECT COUNT(*) AS `道路积水事件数量` FROM `shanghai` WHERE  `内容描述` IN (:val0, :val1, :val2, :val3, :val4, :val5, :val6, :val7, :val8, :val9, :val10, :val11, :val12, :val13, :val14, :val15, :val16, :val17, :val18, :val19, :val20, :val21, :val22, :val23, :val24, :val25, :val26, :val27, :val28, :val29, :val30, :val31, :val32, :val33, :val34, :val35, :val36, :val37, :val38, :val39, :val40, :val41, :val42, :val43, :val44, :val45, :val46, :val47, :val48, :val49, :val50, :val51, :val52, :val53, :val54, :val55, :val56, :val57, :val58, :val59, :val60, :val61, :val62, :val63, :val64, :val65, :val66, :val67, :val68, :val69, :val70, :val71, :val72, :val73, :val74, :val75, :val76, :val77, :val78, :val79, :val80, :val81, :val82, :val83, :val84, :val85, :val86, :val87, :val88, :val89, :val90, :val91, :val92, :val93, :val94, :val95, :val96, :val97, :val98, :val99, :val100, :val101, :val102, :val103, :val104, :val105, :val106, :val107, :val108, :val109, :val110, :val111, :val112, :val113, :val114, :val115, :val116, :val117, :val118, :val119, :val120, :val121, :val122, :val123, :val124, :val125, :val126, :val127, :val128, :val129, :val130, :val131, :val132, :val133, :val134, :val135, :val136, :val137, :val138, :val139, :val140, :val141, :val142, :val143, :val144, :val145, :val146, :val147, :val148, :val149, :val150, :val151, :val152, :val153, :val154, :val155, :val156, :val157, :val158, :val159, :val160, :val161, :val162, :val163, :val164, :val165, :val166, :val167, :val168, :val169, :val170, :val171, :val172, :val173, :val174, :val175) AND YEAR(`工单生成时间`) = 2024 LIMIT 5000;
2025-05-27 08:21:39,001 ChatBI->     INFO     websocket发送的数据为：{"sql_gen": "SELECT COUNT(*) AS `道路积水事件数量` FROM `shanghai` WHERE `内容描述` LIKE '%道路积水%' AND YEAR(`工单生成时间`) = 2024 LIMIT 5000;"}
2025-05-27 08:21:39,002 ChatBI->     INFO     websocket发送的数据为：{"response": [{"道路积水事件数量": 171}]}
2025-05-27 08:21:39,021 ChatBI->     INFO     sql 语句：SELECT * FROM `shanghai` WHERE  `内容描述` IN (:val0, :val1, :val2, :val3, :val4, :val5, :val6, :val7, :val8, :val9, :val10, :val11, :val12, :val13, :val14, :val15, :val16, :val17, :val18, :val19, :val20, :val21, :val22, :val23, :val24, :val25, :val26, :val27, :val28, :val29, :val30, :val31, :val32, :val33, :val34, :val35, :val36, :val37, :val38, :val39, :val40, :val41, :val42, :val43, :val44, :val45, :val46, :val47, :val48, :val49, :val50, :val51, :val52, :val53, :val54, :val55, :val56, :val57, :val58, :val59, :val60, :val61, :val62, :val63, :val64, :val65, :val66, :val67, :val68, :val69, :val70, :val71, :val72, :val73, :val74, :val75, :val76, :val77, :val78, :val79, :val80, :val81, :val82, :val83, :val84, :val85, :val86, :val87, :val88, :val89, :val90, :val91, :val92, :val93, :val94, :val95, :val96, :val97, :val98, :val99, :val100, :val101, :val102, :val103, :val104, :val105, :val106, :val107, :val108, :val109, :val110, :val111, :val112, :val113, :val114, :val115, :val116, :val117, :val118, :val119, :val120, :val121, :val122, :val123, :val124, :val125, :val126, :val127, :val128, :val129, :val130, :val131, :val132, :val133, :val134, :val135, :val136, :val137, :val138, :val139, :val140, :val141, :val142, :val143, :val144, :val145, :val146, :val147, :val148, :val149, :val150, :val151, :val152, :val153, :val154, :val155, :val156, :val157, :val158, :val159, :val160, :val161, :val162, :val163, :val164, :val165, :val166, :val167, :val168, :val169, :val170, :val171, :val172, :val173, :val174, :val175) AND YEAR(`工单生成时间`) = 2024 LIMIT 5000;
2025-05-27 08:21:40,352 ChatBI->     INFO     websocket发送的数据为：{"result_insight": "2024年发生了171起道路积水事件。"}
2025-05-27 08:21:41,799 ChatBI->     INFO     websocket发送的数据为：{"result_recommand": {"new_query_1": "2024年哪些区域的道路积水事件最多？", "new_query_2": "2024年道路积水事件的主要处理描述是什么？", "new_query_3": "2024年道路积水事件的工单类别分布如何？"}}
2025-05-27 08:21:45,815 ChatBI->     INFO     案例库查询
2025-05-27 08:21:45,847 ChatBI->     INFO     案例库查询结果: ["{'query': '近半年群众经常上报道路积水的路段有哪些?', '目标列': ['诉求地址'], '条件列': {'内容描述': '道路积水', '工单生成时间': '近半年'}}", "{'query': '去年哪些小区存在严重的积水问题', '目标列': ['内容描述'], '条件列': {'内容描述': '严重的积水问题', '工单生成时间': '去年'}}", "{'query': '今年道路积水影响了哪些地铁的正常运行', '目标列': ['内容描述'], '条件列': {'内容描述': '道路积水', '工单生成时间': '今年'}}"]
2025-05-27 08:21:46,823 ChatBI->     INFO     schema linking: {'target_columns': ['诉求区域'], 'condition_columns': {'内容描述': '道路积水', '工单生成时间': '2024年'}}
2025-05-27 08:21:48,350 ChatBI->     INFO     任务类型: SQL
2025-05-27 08:21:49,828 ChatBI->     INFO     stad sql: SELECT `诉求区域`, COUNT(*) AS `道路积水事件数量` FROM shanghai WHERE `内容描述` LIKE '%道路积水%' AND YEAR(`工单生成时间`) = 2024 GROUP BY `诉求区域` ORDER BY `道路积水事件数量` DESC LIMIT 5000;
2025-05-27 08:21:49,828 ChatBI->     INFO     开始语义分析 ... 
2025-05-27 08:21:49,831 ChatBI->     INFO     非结构化信息为: {"`内容描述` LIKE '%道路积水%'": '道路积水'}
2025-05-27 08:21:50,083 ChatBI->     INFO     道路积水 的命名实体判别： no
2025-05-27 08:21:50,084 ChatBI->     INFO     开始对非结构化文档【粗略】检索
2025-05-27 08:21:50,692 ChatBI->     INFO     检索到的文档总数量为：5000
2025-05-27 08:21:51,019 ChatBI->     INFO     开始对非结构化文档【深度】检索
2025-05-27 08:21:51,214 ChatBI->     INFO     step_scores: ['yes', 'yes', 'yes', 'yes', 'yes', 'yes', 'yes', 'no', 'no', 'no']
2025-05-27 08:21:51,214 ChatBI->     INFO     层级抽取文档： 市民来电反映:上述地址道路积水严重，诉求：请管理部门尽快清理积水 ==> yes  
2025-05-27 08:21:51,214 ChatBI->     INFO     层级抽取文档： 市民来电反映: 上述地址的路面一直有积水，一到下雨天就会积水。平时会好一点，下雨天比较厉害。诉求：尽快清理积水。 ==> yes  
2025-05-27 08:21:51,214 ChatBI->     INFO     层级抽取文档： 市民来电反映:上述地址一下雨机动车道积水。诉求：请管理部门核实进行整治，清理积水。 ==> yes  
2025-05-27 08:21:51,215 ChatBI->     INFO     层级抽取文档： 市民来电反映:上述地址大楼间道路上有污水管损坏，并有水冒出，导致地面有积水。市民诉求：请管理部门核实后尽快采取措施维修。
 ==> yes  
2025-05-27 08:21:51,215 ChatBI->     INFO     层级抽取文档： 市民来电反映:上述地址道路上多处路面积水，对市民通行带来影响。诉求：要求管理部门尽快上门处理。（市民要求信息保密 无需回复） ==> yes  
2025-05-27 08:21:51,215 ChatBI->     INFO     层级抽取文档： 市民来电反映:上述地址路段双向最右侧的机动车道和非机动车道一到下雨天路面就会积水，且非常深，通行非常不便。诉求：请管理部门尽快核实修整。（需回复） ==> yes  
2025-05-27 08:21:51,215 ChatBI->     INFO     层级抽取文档： 市民来电反映:上述地址门口入口街面下水道堵塞，路上有积水，对市民生活带来影响。诉求：要求管理部门尽快上门处理。 ==> yes  
2025-05-27 08:21:51,215 ChatBI->     INFO     层级抽取文档： 市民来电反映:上述道路全长只有100多米，但整个道路都有坑洼现象。上述现象对过往车辆存在安全隐患。市民诉求：请管理部门核实后尽快采取措施进行修复。 ==> no  
2025-05-27 08:21:51,215 ChatBI->     INFO     层级抽取文档： 市民来电反映:上述地址家里目前都是积水，市民表示只要下雨，家里都是会有积水的，雨水倒灌进家里。诉求：希望管理部门核实尽快帮其解决家里雨水倒灌的问题。 ==> no  
2025-05-27 08:21:51,215 ChatBI->     INFO     层级抽取文档： 市民来电反映:浦东新区周浦镇周秀路，青黛路，天雄路，道路规划不合理，造成道路拥堵严重。 ==> no  
2025-05-27 08:21:51,215 ChatBI->     INFO     阈值索引为：140, 窗口大小为: 100 
2025-05-27 08:21:51,215 ChatBI->     INFO     确定的文档: 41; 在次确认的文档: 199
2025-05-27 08:21:53,455 ChatBI->     INFO     从199个需再次确认的文档中筛选出的相关文档数量：135
2025-05-27 08:21:53,455 ChatBI->     INFO     示例文档：['市民来电反映: 上述地址村里之前污水改造后没有设置雨水管道，导致每次遇到下雨都存在严重积水，诉求: 希望管理部门核实增设雨水管道解决积水问题.(需回复)  ', '市民反映：下雨天气，上述地址停车场水漫金山，唯一的2个进站口全是水，深好几厘米，根本无法正常行走，也无人管理。诉求：希望管理部门尽快解决积水问题。（市民要求信息保密，需要回复）', '市民来电反映:上述地址附近路面有的抬高有的没有抬高造成了下雨就会有水坑。诉求：要求一起抬高路面。', '市民来电反复催单。催单原因：市民称管理部门至今未给予任何回复，请管理部门尽快处理。【最近派发的工单编号：20240630017172，工单内容：市民来电反映:上述地址是私房，旁边都是积水，已经进入家里，市民表示无法通行。诉求：希望尽快排水。（需回复）】', '【台风】市民来电反映: 因为台风，9月20日早上发现上述地址积水严重。诉求：请管理部门尽快来帮市民排水。']
2025-05-27 08:21:53,457 ChatBI->     INFO     没有找到<  >对应的视图
2025-05-27 08:21:53,457 ChatBI->     INFO     sql 语句：SELECT `诉求区域`, COUNT(*) AS `道路积水事件数量` FROM shanghai WHERE  `内容描述` IN (:val0, :val1, :val2, :val3, :val4, :val5, :val6, :val7, :val8, :val9, :val10, :val11, :val12, :val13, :val14, :val15, :val16, :val17, :val18, :val19, :val20, :val21, :val22, :val23, :val24, :val25, :val26, :val27, :val28, :val29, :val30, :val31, :val32, :val33, :val34, :val35, :val36, :val37, :val38, :val39, :val40, :val41, :val42, :val43, :val44, :val45, :val46, :val47, :val48, :val49, :val50, :val51, :val52, :val53, :val54, :val55, :val56, :val57, :val58, :val59, :val60, :val61, :val62, :val63, :val64, :val65, :val66, :val67, :val68, :val69, :val70, :val71, :val72, :val73, :val74, :val75, :val76, :val77, :val78, :val79, :val80, :val81, :val82, :val83, :val84, :val85, :val86, :val87, :val88, :val89, :val90, :val91, :val92, :val93, :val94, :val95, :val96, :val97, :val98, :val99, :val100, :val101, :val102, :val103, :val104, :val105, :val106, :val107, :val108, :val109, :val110, :val111, :val112, :val113, :val114, :val115, :val116, :val117, :val118, :val119, :val120, :val121, :val122, :val123, :val124, :val125, :val126, :val127, :val128, :val129, :val130, :val131, :val132, :val133, :val134, :val135, :val136, :val137, :val138, :val139, :val140, :val141, :val142, :val143, :val144, :val145, :val146, :val147, :val148, :val149, :val150, :val151, :val152, :val153, :val154, :val155, :val156, :val157, :val158, :val159, :val160, :val161, :val162, :val163, :val164, :val165, :val166, :val167, :val168, :val169, :val170, :val171, :val172, :val173, :val174, :val175) AND YEAR(`工单生成时间`) = 2024 GROUP BY `诉求区域` ORDER BY `道路积水事件数量` DESC LIMIT 5000;
2025-05-27 08:21:54,065 ChatBI->     INFO     websocket发送的数据为：{"sql_gen": "SELECT `诉求区域`, COUNT(*) AS `道路积水事件数量` FROM shanghai WHERE `内容描述` LIKE '%道路积水%' AND YEAR(`工单生成时间`) = 2024 GROUP BY `诉求区域` ORDER BY `道路积水事件数量` DESC LIMIT 5000;"}
2025-05-27 08:21:54,089 ChatBI->     INFO     sql 语句：SELECT * FROM shanghai WHERE  `内容描述` IN (:val0, :val1, :val2, :val3, :val4, :val5, :val6, :val7, :val8, :val9, :val10, :val11, :val12, :val13, :val14, :val15, :val16, :val17, :val18, :val19, :val20, :val21, :val22, :val23, :val24, :val25, :val26, :val27, :val28, :val29, :val30, :val31, :val32, :val33, :val34, :val35, :val36, :val37, :val38, :val39, :val40, :val41, :val42, :val43, :val44, :val45, :val46, :val47, :val48, :val49, :val50, :val51, :val52, :val53, :val54, :val55, :val56, :val57, :val58, :val59, :val60, :val61, :val62, :val63, :val64, :val65, :val66, :val67, :val68, :val69, :val70, :val71, :val72, :val73, :val74, :val75, :val76, :val77, :val78, :val79, :val80, :val81, :val82, :val83, :val84, :val85, :val86, :val87, :val88, :val89, :val90, :val91, :val92, :val93, :val94, :val95, :val96, :val97, :val98, :val99, :val100, :val101, :val102, :val103, :val104, :val105, :val106, :val107, :val108, :val109, :val110, :val111, :val112, :val113, :val114, :val115, :val116, :val117, :val118, :val119, :val120, :val121, :val122, :val123, :val124, :val125, :val126, :val127, :val128, :val129, :val130, :val131, :val132, :val133, :val134, :val135, :val136, :val137, :val138, :val139, :val140, :val141, :val142, :val143, :val144, :val145, :val146, :val147, :val148, :val149, :val150, :val151, :val152, :val153, :val154, :val155, :val156, :val157, :val158, :val159, :val160, :val161, :val162, :val163, :val164, :val165, :val166, :val167, :val168, :val169, :val170, :val171, :val172, :val173, :val174, :val175) AND YEAR(`工单生成时间`) = 2024
2025-05-27 08:21:55,648 ChatBI->     INFO     websocket发送的数据为：{"result_insight": "2024年浦东新区的道路积水事件最多，共有55起，其次是松江区和奉贤区，分别有18起和13起。"}
2025-05-27 08:21:57,380 ChatBI->     INFO     websocket发送的数据为：{"result_recommand": {"new_query_1": "2024年浦东新区具体哪些街道发生了最多的道路积水事件？", "new_query_2": "2024年哪些时间段内，浦东新区的道路积水事件最为频繁？", "new_query_3": "2024年浦东新区的道路积水事件中，哪些类型的诉求内容最多？"}}
2025-05-27 08:22:01,343 ChatBI->     INFO     案例库查询
2025-05-27 08:22:01,377 ChatBI->     INFO     案例库查询结果: ["{'query': '近1000天内浦东哪些路段违章停车、闯红灯的问题较多?', '目标列': ['诉求地址'], '条件列': {'工单生成时间': '近1000天内', '诉求区域': '浦东新区', '内容描述': '违章停车、闯红灯'}}", "{'query': '近200天内浦东哪些路段违章停车、闯红灯的问题较多?', '目标列': ['内容描述'], '条件列': {'工单生成时间': '近200天内', '诉求区域': '浦东新区', '内容描述': '违章停车、闯红灯'}}", "{'query': '去年哪些小区存在严重的积水问题', '目标列': ['内容描述'], '条件列': {'内容描述': '严重的积水问题', '工单生成时间': '去年'}}"]
2025-05-27 08:22:02,702 ChatBI->     INFO     schema linking: {'target_columns': ['诉求地址'], 'condition_columns': {'工单生成时间': '2024年', '诉求区域': '浦东新区', '内容描述': '道路积水'}}
2025-05-27 08:22:04,861 ChatBI->     INFO     任务类型: SQL
2025-05-27 08:22:06,989 ChatBI->     INFO     stad sql: SELECT `诉求地址`, COUNT(*) AS `积水事件数量` FROM shanghai WHERE `工单生成时间` >= '2024-01-01' AND `工单生成时间` < '2025-01-01' AND `诉求区域` = '浦东新区' AND `内容描述` LIKE '%道路积水%' GROUP BY `诉求地址` ORDER BY `积水事件数量` DESC LIMIT 5000;
2025-05-27 08:22:06,989 ChatBI->     INFO     开始语义分析 ... 
2025-05-27 08:22:06,991 ChatBI->     INFO     非结构化信息为: {"`内容描述` LIKE '%道路积水%'": '道路积水'}
2025-05-27 08:22:07,245 ChatBI->     INFO     道路积水 的命名实体判别： no
2025-05-27 08:22:07,246 ChatBI->     INFO     开始对非结构化文档【粗略】检索
2025-05-27 08:22:07,795 ChatBI->     INFO     检索到的文档总数量为：5000
2025-05-27 08:22:08,101 ChatBI->     INFO     开始对非结构化文档【深度】检索
2025-05-27 08:22:08,278 ChatBI->     INFO     step_scores: ['yes', 'yes', 'yes', 'yes', 'yes', 'yes', 'yes', 'no', 'no', 'no']
2025-05-27 08:22:08,279 ChatBI->     INFO     层级抽取文档： 市民来电反映:上述地址道路积水严重，诉求：请管理部门尽快清理积水 ==> yes  
2025-05-27 08:22:08,279 ChatBI->     INFO     层级抽取文档： 市民来电反映: 上述地址的路面一直有积水，一到下雨天就会积水。平时会好一点，下雨天比较厉害。诉求：尽快清理积水。 ==> yes  
2025-05-27 08:22:08,279 ChatBI->     INFO     层级抽取文档： 市民来电反映:上述地址一下雨机动车道积水。诉求：请管理部门核实进行整治，清理积水。 ==> yes  
2025-05-27 08:22:08,279 ChatBI->     INFO     层级抽取文档： 市民来电反映:上述地址大楼间道路上有污水管损坏，并有水冒出，导致地面有积水。市民诉求：请管理部门核实后尽快采取措施维修。
 ==> yes  
2025-05-27 08:22:08,279 ChatBI->     INFO     层级抽取文档： 市民来电反映:上述地址道路上多处路面积水，对市民通行带来影响。诉求：要求管理部门尽快上门处理。（市民要求信息保密 无需回复） ==> yes  
2025-05-27 08:22:08,279 ChatBI->     INFO     层级抽取文档： 市民来电反映:上述地址路段双向最右侧的机动车道和非机动车道一到下雨天路面就会积水，且非常深，通行非常不便。诉求：请管理部门尽快核实修整。（需回复） ==> yes  
2025-05-27 08:22:08,279 ChatBI->     INFO     层级抽取文档： 市民来电反映:上述地址门口入口街面下水道堵塞，路上有积水，对市民生活带来影响。诉求：要求管理部门尽快上门处理。 ==> yes  
2025-05-27 08:22:08,279 ChatBI->     INFO     层级抽取文档： 市民来电反映:上述道路全长只有100多米，但整个道路都有坑洼现象。上述现象对过往车辆存在安全隐患。市民诉求：请管理部门核实后尽快采取措施进行修复。 ==> no  
2025-05-27 08:22:08,279 ChatBI->     INFO     层级抽取文档： 市民来电反映:上述地址家里目前都是积水，市民表示只要下雨，家里都是会有积水的，雨水倒灌进家里。诉求：希望管理部门核实尽快帮其解决家里雨水倒灌的问题。 ==> no  
2025-05-27 08:22:08,279 ChatBI->     INFO     层级抽取文档： 市民来电反映:浦东新区周浦镇周秀路，青黛路，天雄路，道路规划不合理，造成道路拥堵严重。 ==> no  
2025-05-27 08:22:08,279 ChatBI->     INFO     阈值索引为：140, 窗口大小为: 100 
2025-05-27 08:22:08,279 ChatBI->     INFO     确定的文档: 41; 在次确认的文档: 199
2025-05-27 08:22:10,514 ChatBI->     INFO     从199个需再次确认的文档中筛选出的相关文档数量：135
2025-05-27 08:22:10,514 ChatBI->     INFO     示例文档：['市民来电反映: 上述地址村里之前污水改造后没有设置雨水管道，导致每次遇到下雨都存在严重积水，诉求: 希望管理部门核实增设雨水管道解决积水问题.(需回复)  ', '市民反映：下雨天气，上述地址停车场水漫金山，唯一的2个进站口全是水，深好几厘米，根本无法正常行走，也无人管理。诉求：希望管理部门尽快解决积水问题。（市民要求信息保密，需要回复）', '市民来电反映:上述地址附近路面有的抬高有的没有抬高造成了下雨就会有水坑。诉求：要求一起抬高路面。', '市民来电反复催单。催单原因：市民称管理部门至今未给予任何回复，请管理部门尽快处理。【最近派发的工单编号：20240630017172，工单内容：市民来电反映:上述地址是私房，旁边都是积水，已经进入家里，市民表示无法通行。诉求：希望尽快排水。（需回复）】', '【台风】市民来电反映: 因为台风，9月20日早上发现上述地址积水严重。诉求：请管理部门尽快来帮市民排水。']
2025-05-27 08:22:10,516 ChatBI->     INFO     没有找到<  >对应的视图
2025-05-27 08:22:10,516 ChatBI->     INFO     sql 语句：SELECT `诉求地址`, COUNT(*) AS `积水事件数量` FROM shanghai WHERE `工单生成时间` >= '2024-01-01' AND `工单生成时间` < '2025-01-01' AND `诉求区域` = '浦东新区' AND  `内容描述` IN (:val0, :val1, :val2, :val3, :val4, :val5, :val6, :val7, :val8, :val9, :val10, :val11, :val12, :val13, :val14, :val15, :val16, :val17, :val18, :val19, :val20, :val21, :val22, :val23, :val24, :val25, :val26, :val27, :val28, :val29, :val30, :val31, :val32, :val33, :val34, :val35, :val36, :val37, :val38, :val39, :val40, :val41, :val42, :val43, :val44, :val45, :val46, :val47, :val48, :val49, :val50, :val51, :val52, :val53, :val54, :val55, :val56, :val57, :val58, :val59, :val60, :val61, :val62, :val63, :val64, :val65, :val66, :val67, :val68, :val69, :val70, :val71, :val72, :val73, :val74, :val75, :val76, :val77, :val78, :val79, :val80, :val81, :val82, :val83, :val84, :val85, :val86, :val87, :val88, :val89, :val90, :val91, :val92, :val93, :val94, :val95, :val96, :val97, :val98, :val99, :val100, :val101, :val102, :val103, :val104, :val105, :val106, :val107, :val108, :val109, :val110, :val111, :val112, :val113, :val114, :val115, :val116, :val117, :val118, :val119, :val120, :val121, :val122, :val123, :val124, :val125, :val126, :val127, :val128, :val129, :val130, :val131, :val132, :val133, :val134, :val135, :val136, :val137, :val138, :val139, :val140, :val141, :val142, :val143, :val144, :val145, :val146, :val147, :val148, :val149, :val150, :val151, :val152, :val153, :val154, :val155, :val156, :val157, :val158, :val159, :val160, :val161, :val162, :val163, :val164, :val165, :val166, :val167, :val168, :val169, :val170, :val171, :val172, :val173, :val174, :val175) GROUP BY `诉求地址` ORDER BY `积水事件数量` DESC LIMIT 5000;
2025-05-27 08:22:10,845 ChatBI->     INFO     sql 语句：SELECT * FROM shanghai WHERE `工单生成时间` >= '2024-01-01' AND `工单生成时间` < '2025-01-01' AND `诉求区域` = '浦东新区' AND  `内容描述` IN (:val0, :val1, :val2, :val3, :val4, :val5, :val6, :val7, :val8, :val9, :val10, :val11, :val12, :val13, :val14, :val15, :val16, :val17, :val18, :val19, :val20, :val21, :val22, :val23, :val24, :val25, :val26, :val27, :val28, :val29, :val30, :val31, :val32, :val33, :val34, :val35, :val36, :val37, :val38, :val39, :val40, :val41, :val42, :val43, :val44, :val45, :val46, :val47, :val48, :val49, :val50, :val51, :val52, :val53, :val54, :val55, :val56, :val57, :val58, :val59, :val60, :val61, :val62, :val63, :val64, :val65, :val66, :val67, :val68, :val69, :val70, :val71, :val72, :val73, :val74, :val75, :val76, :val77, :val78, :val79, :val80, :val81, :val82, :val83, :val84, :val85, :val86, :val87, :val88, :val89, :val90, :val91, :val92, :val93, :val94, :val95, :val96, :val97, :val98, :val99, :val100, :val101, :val102, :val103, :val104, :val105, :val106, :val107, :val108, :val109, :val110, :val111, :val112, :val113, :val114, :val115, :val116, :val117, :val118, :val119, :val120, :val121, :val122, :val123, :val124, :val125, :val126, :val127, :val128, :val129, :val130, :val131, :val132, :val133, :val134, :val135, :val136, :val137, :val138, :val139, :val140, :val141, :val142, :val143, :val144, :val145, :val146, :val147, :val148, :val149, :val150, :val151, :val152, :val153, :val154, :val155, :val156, :val157, :val158, :val159, :val160, :val161, :val162, :val163, :val164, :val165, :val166, :val167, :val168, :val169, :val170, :val171, :val172, :val173, :val174, :val175)
2025-05-27 08:22:12,371 ChatBI->     INFO     websocket发送的数据为：{"result_insight": "2024年浦东新区周浦镇川周公路区域发生了最多的道路积水事件，共3起。其他街道如昌里花园、金桥路等也有少量积水事件。"}
2025-05-27 08:22:14,416 ChatBI->     INFO     websocket发送的数据为：{"result_recommand": {"new_query_1": "2024年浦东新区哪些街道的积水事件处理时间最长？", "new_query_2": "2024年浦东新区哪些街道的积水事件处理成功率最高？", "new_query_3": "2024年浦东新区哪些街道的积水事件主要发生在哪个时间段？"}}
2025-05-27 08:23:29,701 ChatBI->     INFO     案例库查询
2025-05-27 08:23:29,742 ChatBI->     INFO     案例库查询结果: ["{'query': '最近1年物业管理不善的投诉发生了多少起', '目标列': ['内容描述'], '条件列': {'四级分类': '物业管理不善', '工单类型': '投诉举报类', '工单生成时间': '最近1年'}}", "{'query': '目前老旧小区改造的工单投诉量有多少', '目标列': ['内容描述'], '条件列': {'诉求区域': '老旧小区', '工单类型': '投诉举报类'}}", "{'query': '去年被举报物业管理不善的小区有那些', '目标列': ['内容描述'], '条件列': {'二级分类': '物业管理不善', '工单生成时间': '去年', '工单类型': '投诉举报类'}}"]
2025-05-27 08:23:30,707 ChatBI->     INFO     schema linking: {'target_columns': ['诉求区域'], 'condition_columns': {'工单类型': '投诉举报类', '四级分类': '物业管理不善'}}
2025-05-27 08:23:31,912 ChatBI->     INFO     任务类型: SQL
2025-05-27 08:23:33,266 ChatBI->     INFO     stad sql: SELECT `诉求区域`, COUNT(*) AS `数量` FROM shanghai WHERE `工单类型` = '投诉举报类' AND `四级分类` = '物业管理不善' GROUP BY `诉求区域` ORDER BY `数量` DESC LIMIT 5000;
2025-05-27 08:23:33,266 ChatBI->     INFO     开始语义分析 ... 
2025-05-27 08:23:33,268 ChatBI->     INFO     非结构化信息为: {}
2025-05-27 08:23:33,268 ChatBI->     INFO     没有找到<  >对应的视图
2025-05-27 08:23:33,516 ChatBI->     INFO     websocket发送的数据为：{"sql_gen": "SELECT `诉求区域`, COUNT(*) AS `数量` FROM shanghai WHERE `工单类型` = '投诉举报类' AND `四级分类` = '物业管理不善' GROUP BY `诉求区域` ORDER BY `数量` DESC LIMIT 5000;"}
2025-05-27 08:23:35,534 ChatBI->     INFO     websocket发送的数据为：{"result_insight": "投诉物业管理不善的工单主要集中在浦东新区、闵行区和宝山区，分别有172、76和76件。其他区域如松江区、普陀区等也有一定数量的投诉。"}
2025-05-27 08:23:37,276 ChatBI->     INFO     websocket发送的数据为：{"result_recommand": {"new_query_1": "在浦东新区和闵行区中，具体哪些街道的投诉物业管理不善的工单数量最多？", "new_query_2": "这些投诉物业管理不善的工单中，客户类型主要是什么样的？", "new_query_3": "这些工单的处理描述中，最常见的处理结果是什么？"}}
2025-05-27 08:23:39,619 ChatBI->     INFO     案例库查询
2025-05-27 08:23:39,649 ChatBI->     INFO     案例库查询结果: ["{'query': '近10个月虹口区发生了多少起城市管理类的投诉事件', '目标列': ['工单类型'], '条件列': {'诉求区域': '虹口区', '一级分类': '社会管理类', '工单类型': '投诉举报类', '工单生成时间': '近10个月'}}", "{'query': '浦东近半年有哪些物业管理有问题的小区', '目标列': ['内容描述'], '条件列': {'诉求区域': '浦东新区', '三级分类': '物业管理', '工单生成时间': '近半年'}}", "{'query': '今年虹口哪些小区有投诉物业态度差的情况', '目标列': ['内容描述'], '条件列': {'诉求区域': '虹口区', '内容描述': '投诉物业态度差', '工单类型': '投诉举报类', '工单生成时间': '今年'}}"]
2025-05-27 08:23:40,825 ChatBI->     INFO     schema linking: {'target_columns': ['诉求地址'], 'condition_columns': {'诉求区域': '浦东新区,闵行区', '工单类型': '投诉举报类', '内容描述': '物业管理'}}
2025-05-27 08:23:40,837 ChatBI->     INFO     案例库查询
2025-05-27 08:23:40,864 ChatBI->     INFO     案例库查询结果: ["{'query': '小区居改非的工单中，各类诉求、投诉、咨询、建议的比例是多少', '目标列': ['工单类型'], '条件列': {'内容描述': '小区居改非', '诉求地址': '小区'}}", "{'query': '最近半个月居委会不作为的工单中，各类诉求的比例是多少', '目标列': ['工单类型'], '条件列': {'内容描述': '居委会不作为', '工单生成时间': '最近半个月'}}", "{'query': '清明期间老旧小区改造的工单投诉事件类型有哪些', '目标列': ['内容描述'], '条件列': {'一级分类': '老旧小区改造', '工单类型': '投诉举报类', '工单生成时间': '清明期间'}}"]
2025-05-27 08:23:41,886 ChatBI->     INFO     schema linking: {'target_columns': ['客户类型'], 'condition_columns': {'内容描述': '物业管理不善', '工单类型': '投诉举报类'}}
2025-05-27 08:23:42,958 ChatBI->     INFO     任务类型: SQL
2025-05-27 08:23:44,656 ChatBI->     INFO     stad sql: SELECT `诉求地址`, COUNT(*) AS `工单数量` FROM shanghai WHERE `诉求区域` IN ('浦东新区', '闵行区') AND `工单类型` = '投诉举报类' AND `内容描述` LIKE '%物业管理%' GROUP BY `诉求地址` ORDER BY `工单数量` DESC LIMIT 5000;
2025-05-27 08:23:44,657 ChatBI->     INFO     开始语义分析 ... 
2025-05-27 08:23:44,660 ChatBI->     INFO     非结构化信息为: {"`内容描述` LIKE '%物业管理%'": '物业管理'}
2025-05-27 08:23:44,917 ChatBI->     INFO     物业管理 的命名实体判别： no
2025-05-27 08:23:44,918 ChatBI->     INFO     开始对非结构化文档【粗略】检索
2025-05-27 08:23:45,452 ChatBI->     INFO     检索到的文档总数量为：5000
2025-05-27 08:23:45,774 ChatBI->     INFO     开始对非结构化文档【深度】检索
2025-05-27 08:23:46,223 ChatBI->     INFO     step_scores: ['yes', 'yes', 'yes', 'yes', 'yes', 'yes', 'yes', 'yes', 'yes', 'yes']
2025-05-27 08:23:46,223 ChatBI->     INFO     层级抽取文档： 【长三角】市民来电反映:江苏启东小区物业管理不善问题。 ==> yes  
2025-05-27 08:23:46,223 ChatBI->     INFO     层级抽取文档： 市民反映：实名反映沃棠(上海)物业管理有限公司的徐汇区康健街道长海坊小区管理处的林姓经理刁难业主，和“吃拿卡要”。2021年初，其在长海坊小区物业管理处林经理那里办理月租车轮后排队事宜，并要求给其赞助香烟二盒，后告知其轮后排队，当时排名第6位。2024年初，其再次到长海坊小区物业管理处林经理那里询问月租车轮后排队事宜，再次被其要求赞助香烟二盒，够告知其轮后排队，现排名第10位。经过三年轮后等待，月租车排队的人名次不升反降。诉求：投诉物业公司林姓经理“吃拿卡要”“徇私舞弊”“暗箱操作”。
 ==> yes  
2025-05-27 08:23:46,223 ChatBI->     INFO     层级抽取文档： 市民来电反映:上述地址小区清洁工打扫不干净，停车乱停，物业收费乱收费，不开发票，负责物业：中凯物业。诉求：投诉小区物业管理不善，要求物业加强对小区管理。（市民要求信息保密 需回复） ==> yes  
2025-05-27 08:23:46,223 ChatBI->     INFO     层级抽取文档： 市民反映：物业对小区租客不管理不监督，情况举例如下：1、消防不合格。楼道内经常有租客摆放的纸箱杂物，物业不管理不过问。租客房屋内垃圾、电线乱拉、电瓶车充电等火灾隐患。2、卫生不合格。租客在小区内让小孩随地大小便、租房区域的花园里、小区公共区域、小区大门入口，经常垃圾遍地。3、业主公共财产不保护。电梯、楼道、小区健身设施、儿童游乐场所、小区步道，均有被一批批流动性租客搬家损坏，物业不监督不管理。4、安全不合格。大量流动性不明工作身份无正当职业的打工租客入住小区毛坯房或简陋装修的有问题的房屋，给小区带来非常大的安全隐患。5、部分租客以低廉房租租住简陋装修的房屋，物业未对房屋装修监管到位，至使... ==> yes  
2025-05-27 08:23:46,223 ChatBI->     INFO     层级抽取文档： 【重新交办，交办要求：答复市民要点与事实不符，之前反映过，好转过几天，但没解决问题，对此不满，来电投诉，诉求：希望管理部门核实加强管理。（市民要求信息保密，需要回复），最近办结的工单号：20231130013385，工单内容：市民来电反映:其是上述地址小区居民，市民称小区的物业是虹康物业。现在换了新人，更换后物业管理非常混乱，而且还态度不好，诉求：请管理部门核实督促加强管理。（市民要求信息保密 需回复）】 ==> yes  
2025-05-27 08:23:46,223 ChatBI->     INFO     层级抽取文档： 市民来电反映相同问题【最近派发的工单编号:20240702023484，工单内容:市民来电咨询:小区原来没有物业费，因为是支付房费的。2021年下半年新物业进场开始支付物业费，自己支付1年9个月。目前不支付物业费不给停车。该操作是否合理。】 ==> yes  
2025-05-27 08:23:46,223 ChatBI->     INFO     层级抽取文档： 市民来电反映:上述地址小区物业对车位管理不到位，允许部分业主租赁两三个车位，导致小区内部分车辆没有车位可停但有部分车位空置。诉求：请uganl部门核实查处物业管理不善的问题。（市民要求信息保密 需回复） ==> yes  
2025-05-27 08:23:46,223 ChatBI->     INFO     层级抽取文档： 【重新交办，要求：按答复市民要点告知市民，市民表示答复市民要点与实际情况明显不符，不符在管理部门称建议您向房屋产权单位或产权单位委托的物业公司进行办理，市民表示按照物业的要求找到开发商，拿到开发商的营业执照再盖章，委托书 盖章文件，大产证盖章文件，全都交给物业，上海市物业管理监管与服务统一认证登陆平台，开发商授权认证给物业，系统都不完整，没有开发商信息，物业给的电话63193188转08062，市民拨打过去，单一直是无人接听，总机告知无法联系到任何人，诉求：请管理部门予以处理。（需回复）】【最近办结的工单编号:20240305010907，工单内容:市民来电反映:... ==> yes  
2025-05-27 08:23:46,223 ChatBI->     INFO     层级抽取文档： 市民反映：环林东路879弄（杉林新月A区）业委会将与环林东路875弄（杉林新月C区）交界处黄淄溇道路处车位做为A区长期租赁车位给业主，不让875弄居民停车。此举违反《上海市住宅物业管理区域机动车停放管理规定》第三条第二款之规定，利用小区原始规划设计停车位之外的区域不得作为固定停车位出租给特定业主、使用人使用。虽A区业委会口头上说是长期租赁但实际为固定出租给小区业主。另外，小区在2020年左右进行物业管理区域拆分，在很多业主不知晓的情况下街道发布所谓《杉林新月小区物业管理区域拆分方案》，A区业委会依据此方案，强占两区共有的路面使用权，侵害C区业主使用权。依据《民法典》273条、274条，物... ==> yes  
2025-05-27 08:23:46,223 ChatBI->     INFO     层级抽取文档： 市民反映相同事项。【最近办结的工单编号：20220531010725，工单内容：投诉上海市房管局，查处侵占公共收益侵害业主权益，成立独立地块业委会。徐汇区中海瀛台小区物业管理混乱，历年收取公益性收入上千万，业主却从未进行分配得到分文而被非法侵占。... ==> yes  
2025-05-27 08:23:46,631 ChatBI->     INFO     step_scores: ['yes', 'yes', 'yes', 'yes', 'yes', 'yes', 'yes', 'yes', 'yes', 'yes']
2025-05-27 08:23:46,631 ChatBI->     INFO     层级抽取文档： 市民来电反映:上述地址是公房，支付房租，都是有公章，现在物业告知，房租费用不对，因为之前的收费人员贪污，导致费用没有被物业收到，不认可收费，导致市民现在无法出售房子，诉求：不接受补差价，需要回复 上海北安物业管理有限公司 ==> yes  
2025-05-27 08:23:46,631 ChatBI->     INFO     层级抽取文档： 市民来电反映: 上述地址小区之前的物业是长城物业,  现在小区由业委会牵头于5月1日更换成为中海物业, 但是长城物业一直不肯交接工作且买通小区部分业主阻止中海物业进入小区, 市民表示康桥镇政府没有起到协调的作用，诉求: 希望康桥镇上一级主管部门核实协调尽快完成物业交接工作.      （市民要求信息保密 需回复） ==> yes  
2025-05-27 08:23:46,632 ChatBI->     INFO     层级抽取文档： 市民来电反映:上述地址小区的物业多收居民的物业费。停车费和水费。诉求：请管理部门核实处理小区物业乱收费的问题。（市民要求信息保密 无需回复） ==> yes  
2025-05-27 08:23:46,632 ChatBI->     INFO     层级抽取文档： 市民来电反映:上述地址绿地东岸涟城物业对小区内物业相关工作做的不好，比如小区内的水箱房堆满了纸板箱，电箱门一部分是单门没有，还有一部门是两门都没有。小区内很多消防通道都被堵，纸箱电瓶车。市民来电投诉小区物业管理管理不善。诉求：望管理部门监督上述小区的物业尽职尽责。（市民要求信息保密 无需回复） ==> yes  
2025-05-27 08:23:46,632 ChatBI->     INFO     层级抽取文档： 市民来电咨询: 其企业名称为：上海春晖物业管理有限公司，其企业新招一位员工。其现在要为该员工缴纳一月的社保，其已经给该员工做好了参保登记，现询问缴费基数怎么做。诉求：请管理部门告知市民社保缴费基数如何核定。 ==> yes  
2025-05-27 08:23:46,632 ChatBI->     INFO     层级抽取文档： 市民来电反映:市民表示其是07年拆迁，12年安置在上述地址小区。最近收到通知1平米的物业费从0.61元涨到统一标准1.6元。市民表示其是老小区，与该区域其他新小区统一物业费不合理，对物业涨价不认可。诉求：请管理部门核实，协调物业小区物业费用问题，对于物业是否有权私自涨价给予合理解释。（市民要求信息保密 无需回复） ==> yes  
2025-05-27 08:23:46,632 ChatBI->     INFO     层级抽取文档： 市民来电咨询:在沈阳购买了房屋，没有入住，咨询如何支付物业费。 ==> yes  
2025-05-27 08:23:46,632 ChatBI->     INFO     层级抽取文档： 市民来电补充信息，其表示物业经理实际并未停职，只是进行调休，物业公司老总告知该物业经理有保护伞，承办给其回复是忽悠。希望尽快回复【最近派发的工单编号：20240125032408，工单内容：重新交办，要求：答复要点与实际情况不符1月25日晚上20:00多物业经理许杰将市民骗到物业办公室，市民进入办公室后许杰与其妻子和儿子三人对市民进行漫骂，说市民污蔑诽谤他，现市民诉求：1.投诉物业经理许杰辱骂器，要求开除个物业经理，2.要求许杰退回其拿的钱，3.要求公布维修基金的明细账目，要提供购买材料的支付凭证以及材料清单让全体业主去核查（需回复）工单内容:市民来电反映:上述地址小区物业经理许杰将维修... ==> yes  
2025-05-27 08:23:46,632 ChatBI->     INFO     层级抽取文档： 市民来电反映:以上地址动迁小区，由中星集团申城物业管理，5号楼租客把垃圾直接丢在一楼门口，反映后物业就派人清理，市民建议安装摄像头，将肇事者的照片大码之后张贴物业敷衍没有这么做，问题没有得到解决，小区里还有乱停车的问题，市民对于物业的管理不满，诉求：针对乱丢垃圾和乱停车的问题，要求物业加强管理。 ==> yes  
2025-05-27 08:23:46,632 ChatBI->     INFO     层级抽取文档： 市民来电反映:市民认为上述地址小区小区停车乱收费，闵行区七莘路181弄属于狮城怡安（上海）物业管理股份有限公司管理，两个月前停车1小时40分钟收费10元，3月16日停车1小时14分钟收费20元，对于物业的解释不认可。诉求：核实处理物业停车乱收费的问题。（市民要求信息保密 需回复） ==> yes  
2025-05-27 08:23:47,058 ChatBI->     INFO     step_scores: ['yes', 'yes', 'yes', 'yes', 'yes', 'yes', 'yes', 'yes', 'yes', 'yes']
2025-05-27 08:23:47,058 ChatBI->     INFO     层级抽取文档： 市民来电反复催单。催单原因：市民称管理部门至今未给予任何回复，请管理部门尽快处理。【最近派发的工单编号：20240412028936，工单内容：市民来电反映：上述地址居明楼内的排污管道与自来水管都使用了几十年非常老旧，联系了业委会和物业，告知市民审批需要流程，要让市民等待10-15天，市民不认可，表示可以自己出钱维修，物业让市民缴纳3000元，但是不会给市民任何的发票或者凭证，也不让市民在维修时拍摄视频，导致维修事项搁置。诉求：投诉物业管理不善不积极协助市民维修，请管理部门核实整改。（市民要求信息保密 需回复）】 ==> yes  
2025-05-27 08:23:47,058 ChatBI->     INFO     层级抽取文档： 市民反映：上述地址小区于2024年10月27日采用书面征求意见的形式召开表决续聘物业服务企业方案的业主大会会议，对是否继续聘用上海锦怀物业管理有限公司进行投票表决，本次业主大会会议的表决结果存在诸多瑕疵，无法真实反映全体业主的意愿，业委会公告本次业主大会会议无效，但业委会公告说需要在六个月后再行召集业主大会会议开展物业选聘工作，广大业主表示反对。现状小区破烂不堪，例如65号楼墙面脱落摇摇欲坠，小区各个地方门禁损坏，电灯电线裸露等问题急需维修事项较多，但是又迟迟不能解决。电梯定期保养维护，附录维护记录单缺失，各个绿化带里垃圾遍地，车库卫生也是堪忧。物业严重不作为。... ==> yes  
2025-05-27 08:23:47,058 ChatBI->     INFO     层级抽取文档： 市民来电反映:其是上述地址绿洲中环中心商务楼业主，目前物业公示电话，上门让市民签字继续选聘现物业公司继任，还空头承诺为其减免物业费，还能拿出千万资金做为园区的改造。市民来电反馈物业的行为严重打扰市民的生活与工作，而且属于违规操作。诉求：望管理部门核实制止物业公司继续该行为。（市民要求信息保密 无需回复） ==> yes  
2025-05-27 08:23:47,058 ChatBI->     INFO     层级抽取文档： 市民反映：老人新搬入的拆迁房，得知停车费要300元一个月，一年就是3600，对于农村退休老人一个月退休金就一千多点，而且此为拆迁房，物业费停车费高的吓人，南桥商品房停车费都没这么贵，隔壁金碧汇虹苑同样拆迁房，物业费几毛一平 ，停车费720一年，住在这里的都是一些老人，简直就是天价物业费停车费。物业这个小区的收费标准哪里来的，参考了哪里的标准，收这么高的物业费。诉求：管理部门核实处理物业费问题。 ==> yes  
2025-05-27 08:23:47,058 ChatBI->     INFO     层级抽取文档： 市民来电反映:上述地址小区物业收费不合理，现在物业通知物业费不缴纳的话，不能支付停车费。市民表示这两项应该是分开计算的。诉求：要求小区物业针对物业费和停车费应该分开收取，不应该作为条件必须一直支付。（市民要求信息保密 需回复） ==> yes  
2025-05-27 08:23:47,058 ChatBI->     INFO     层级抽取文档： 市民来电反映:上述小区楼道和电梯内保洁不到位。诉求：要求物业定期清扫。 ==> yes  
2025-05-27 08:23:47,058 ChatBI->     INFO     层级抽取文档： 市民来电反映:投诉上述小区物业维修不善，市民居住在上述地址，家中漏水，找该物业进行维修，3月16日该物业的维修人员检查后表示没有漏水，是水阁的管道堵塞，也不为市民堵塞的管道进行处理，只是打扫了水阁就离开了，后来下雨市民家中再次漏水，找物业进行第二次维修，同样是该维修人员进行维修，但是该人员在这次维修中导致市民家中墙壁开裂，市民找物业的老板反映，物业老板表示不是物业的责任，该房子本身就存在裂缝，市民不认可，表示自己刚搬进该住处不久，之前不存在裂缝，是该维修人员砸出来的。诉求：希望管理部门核实处理，市民投诉物业维修不善。（需回复） ==> yes  
2025-05-27 08:23:47,058 ChatBI->     INFO     层级抽取文档： 市民来电反映:上述地址有个通道，被作为停车场使用，有个物业公司管理，市民质疑该处没有收费许可，属于乱收费，被告知其处是被附近5个小区委托，并且有长宁区公益补贴。市民不认可，诉求：1、投诉该处违规收费没有资质。2、质疑该处账目没有公开给小区居民。 ==> yes  
2025-05-27 08:23:47,058 ChatBI->     INFO     层级抽取文档： 市民反映：其是上述地址新交付的新湖明珠城四期业主。四期物业费4.28元，二、三期都是1.88元，但是是同一家物业，交房以来没发现物业服务有增项的区别。诉求：要求物业提供物有所值的服务，并给予交房时切实、认可的服务。 ==> yes  
2025-05-27 08:23:47,058 ChatBI->     INFO     层级抽取文档： 市民补充信息：长白新村街道社工办副科长兼业委会改选小组组长倪桢、安图居委书记兼改选小组副组长汪晓明不作为。换届改选流程违反相关法律规定，不指导换届小组进行换届审计，称换届和审计两码事。业主公共资金在业委会成员多个私人账户，大量账目支出疑点，发现问题近两个月，答应查清也有1个多月，迟迟未给居民说法，称违规未必违法，但明显违反上海市住宅物业管理规定五十一条。倪科长强调居委只是协助，但根据相关法律赋有指导和监督，账目混乱，程序流程各种违规，是否有指导监督失查。小区电梯使用超27年，可以说接近报废，物业托管接近尾声，半年托管既没有完成业委会选举，由于未做换届审计导致无人为业主签字公共资金无法使用... ==> yes  
2025-05-27 08:23:47,532 ChatBI->     INFO     step_scores: ['yes', 'yes', 'yes', 'yes', 'yes', 'yes', 'yes', 'yes', 'yes', 'yes']
2025-05-27 08:23:47,532 ChatBI->     INFO     层级抽取文档： 市民来电反映:投诉浦东新区霞玉路 80弄桐和佳苑物业，市民称该小区长期脏乱差，物业不作为，也不管理，诉求：希望管理部门督促物业对小区管理起来，改善环境。（需回复）  
 ==> yes  
2025-05-27 08:23:47,532 ChatBI->     INFO     层级抽取文档： 市民反映：其是宝山区友谊街道宝钢五村后河沿215号401业主，后河沿居民区隶属宝钢五村管理，后河沿居民区常年以来没有物业管理，没有保安维护治安，小区车辆进出没有门禁，进出权由小区所谓自愿者管理，自愿者（退休老头老太）为一己私利，白天门口挂牌把小区停车位对外收费十元一次供外来车辆停车使用，导致小区业主白天回家经常无位可停。自愿者为了保证自己对外停车收入，排挤业主车辆进入小区，时常围堵阻扰业主车辆出入。诉求：彻底彻查和整改收费用进各自私人账户；要求物业安保进驻小区，规范管理小区保证业主合法权益；公共车位遵循先来先停原则。 ==> yes  
2025-05-27 08:23:47,532 ChatBI->     INFO     层级抽取文档： 市民反映：宝山区殷高路21弄80号楼下的公共绿化区域应该是业主共有的，物业管理。但是现在被人侵占，种植了一些乱七八糟的树（详见附件），影响2楼采光，吸引更多蚊虫。其他楼的公共绿化区域都是一些比较矮的种物。由于80号102业主喜欢自己种植一些树木，导致2楼承受了本不应该有的困扰。物业也不管，说是私人种植的树木他们不能动。希望他们砍掉一点树枝，他们也处理不及时。诉求：投诉小区公共绿化区域被私人侵占。（市民要求信息保密，需要回复） ==> yes  
2025-05-27 08:23:47,532 ChatBI->     INFO     层级抽取文档： 市民咨询：1、新建商品房小区红线范围内的配电房，是否属于本小区独用专用。2、未经小区业主同意，电力公司是否有权利用小区内部配电房及内部电力设施向外部单位或个人提供电力服务。3、红线内配电房如不是小区专用，小区业主是否可向电力公司追讨“配电房的土地费用和建设费用”。物业公司是否可向电力公司追讨“因向外部提供电力服务导致增加的物业管理费用”。以上问题不特指某个小区，而是咨询法律法规、政策规范，所以无关用电地址信息。诉求：请电力部门予以解答。（市民要求信息保密，无需回复） ==> yes  
2025-05-27 08:23:47,532 ChatBI->     INFO     层级抽取文档： 市民来电反映:2023年10月16日在上述地址的云叠（上海）信息技术有限公司报名物业管理师培训（中级职称），金额:35000元，缴费之后未开班，2月1日告知学校不需要考证了，学校表示去沟通，市民表示有协议， 学校后期告知市民过完年安排3月培训，市民表示坚持需要办理退费，2024年3月12日向12315反馈过该问题，市场监督管理局反馈20000元给到管理部门，市民表示自己愿意惩承担2000元。诉求：望管理部门再次核实并且协助市民办理退费。 ==> yes  
2025-05-27 08:23:47,532 ChatBI->     INFO     层级抽取文档： 市民来电咨询处理进度。【最近办结的工单编号:20240709020573，工单内容:重新交办，按答复市民要点告知市民，市民表示管理部门回复告知经过协调物业同意减免部分费用，让市民支付1800元，市民表示其并未到管理部门那里进行过调解，而且当时物业告知市民如果不支付1800元就不允许装修。诉求：希望管理部门核实查处，给予解释。最近办结的工单编号：工单内容：【投诉】市民来电反映:... ==> yes  
2025-05-27 08:23:47,532 ChatBI->     INFO     层级抽取文档： 市民来电咨询处理进度或者市民来电反映相同事项。【最近派发的工单编号：20241011021687，工单内容：市民来电反映:市民之前通过12345实名投诉过小区物业，目前市民发现小区物业存在乱世用维修资金的现象，为此市民要求物业公开维修资金使用的明细，物业表示无可奉告，其次小区绿化被铲除改成停车位，却对市民额外收取停车费，收取的停车费也不放入公共收益内，也不给市民物业服务合同，也没有给市民开具发票，为此市民再次投诉。诉求：希望有关部门针对以上问题对物业进行查处，并给予解决方案。】
 ==> yes  
2025-05-27 08:23:47,532 ChatBI->     INFO     层级抽取文档： 市民反映：其是浦东新区寿光路江南山水的业主，物业公司是春川物业，其是酬金制。根据“上海市房屋管理局关于进一步规范本市住宅小区公共收益使用管理相关工作的通知”第五条、第六条的规定，小区公共收益应该在每季度第一个月15日前将上一季度收支公示表分别张贴于小区管理处、公告栏、每个门牌幢出入口等醒目位置予以公布，收支公示表及明细账目留存在小区管理处备查，接受业主、街镇和房屋行政管理部门的监督；并且物业服务企业应当在每季度第一个月的月底前，将上一季度公共收益交存至业主大会公共收益子账户，并转入专项维修资金子账户、业委会工作经费子账户等账户。上届业委会离任前的公共收益均未打入维修基金账户（详见附件）。... ==> yes  
2025-05-27 08:23:47,533 ChatBI->     INFO     层级抽取文档： 市民反映：旭辉公元物业费过高，市民认为不合理。（详见附件）诉求：要求调整物业费。 ==> yes  
2025-05-27 08:23:47,533 ChatBI->     INFO     层级抽取文档： 市民来电反映: 其是上述地址的业主，2017小区做了外墙翻新粉刷施工导致市民家中渗水，多次向物业保修，但是物业没有维修没有处理，导致市民从2017年至今的物业费都没有支付，后续市民自行联系的第三方对房屋进行了维修。每次联系物业要求承担维修费，小区物业总让市民找前面一家物业公司，原因是小区多次更换物业公司。现在市民表示愿意支付物业费，但是需要物业公司解决自行维修房屋渗水的维修费。诉求：望管理部门核实协调物业费抵扣第三方维修费。 ==> yes  
2025-05-27 08:23:47,900 ChatBI->     INFO     step_scores: ['yes', 'yes', 'yes', 'yes', 'yes', 'yes', 'yes', 'yes', 'yes', 'yes']
2025-05-27 08:23:47,900 ChatBI->     INFO     层级抽取文档： 市民来电反复催单。催单原因：市民称管理部门至今未给予任何回复，请管理部门尽快处理。【最近派发的工单编号：20241119013483，工单内容：市民来电反映:其10月28日向物业保修卧室渗水问题，物业迟迟不上门，市民11月19日再次反映，称没有登记，市民让物业上门处理，物业说有危险搞不了，要1500元。诉求：市民不需要物业维修，要求退还之前的所有物业费，希望管理部门核实处理。（需回复）】 ==> yes  
2025-05-27 08:23:47,901 ChatBI->     INFO     层级抽取文档： 市民来电反映:12月7日物业一个姓周的工作人员上门要给房子拍照，上传到城管系统，认为不合理，诉求：想了解物业这样做是否有依据（市民希望12月8日前给予回复） ==> yes  
2025-05-27 08:23:47,901 ChatBI->     INFO     层级抽取文档： 市民来电反映:自己租房在上述小区，现在物业不允许自己停车，付停车费也不同意，市民不认可，诉求：要求物业收停车费让自己停车 ==> yes  
2025-05-27 08:23:47,901 ChatBI->     INFO     层级抽取文档： 事项紧急催单,办理期催办。市民称管理部门至今未给予任何回复，请管理部门尽快处理。物业告知市民自己包起来了，就不帮弄了。物业不帮敲开，让市民自己敲开维修，并且需市民自己付费。诉求：希望督促物业尽快维修。【最近派发的工单编号：20240727016620，工单内容：市民来电反映:上述地址家中阳台主管道漏水，已经漏到客厅，物业上门表示无法处理就离开，先前拖延不处理问题，物业工作人员表示是其自己问题，实际是该处楼上通下来的总管漏水。诉求：希望督促物业尽快维修。】 ==> yes  
2025-05-27 08:23:47,901 ChatBI->     INFO     层级抽取文档： 【重新交办，要求：按答复市民要点告知市民，答复要点与实际情况不符。答复告知在民警陪同下，市民有向公安部门投诉，公安告知该民警做法不符合规定。另外市民之前明确告知此地8年左右不住人，水管等都是关闭的，之后实施确实是10楼问题，不是市民8楼问题，市民提交很多证据，但是管理部门视而不见，也不对物业处理，明显不作为，诉求：请管理部门核实后对不作为整治，不处理的话，市民不介意到相关部门去举报。最近办结的工单编号：20240731035729，工单内容：重新交办，要求：答复要点与实际情况不符，市民并未接到管理部门的电话回复，管理部门仍不作为，不处理市民诉求。诉求：要求电话回复市民。】 ==> yes  
2025-05-27 08:23:47,901 ChatBI->     INFO     层级抽取文档： 市民反映：物业又堵塞消防通道了，居民的生命财产安全谁来保障（详见附件）。诉求：要求物业整改。（市民要求信息保密，需要回复） ==> yes  
2025-05-27 08:23:47,901 ChatBI->     INFO     层级抽取文档： 市民来电补充信息:居民高空抛物导致市民楼栋腰线层外面都黑的，市民希望物业拿高压水枪冲洗。物业称没有，表示安排个保洁来清理，市民等了半个小时仍然没有保洁前来，物业敷衍市民。诉求：投诉物业不作为。【最近派发的工单编号：20241120001875，工单内容：市民来电反映:投诉小区物业不作为，市民家住松江区车墩镇银圩路388弄4号403 ，物业将排水管接在外面，有居民高空抛物导致市民楼栋腰线层外面都黑的，没有物业负责人管辖，小区停车位被三轮车大型泡沫占用，还容易影响火灾隐患。物业都不管。诉求：投诉物业不作为。  】 ==> yes  
2025-05-27 08:23:47,901 ChatBI->     INFO     层级抽取文档： 市民来电反映:其于5月27日因为上述地址小区物业收费不合理问题报警以后，新桥派出所出警，警号：050369，市民说了相关情况以后，民警称墙上有收费标准，如果市民不认可，让其找物业经理，市民与民警说如果找一辆没有登记过的车辆进入以后看是不是收取5元，对方称这我不知道，管不了。诉求：投诉民警民警不作为。（市民要求信息保密，需回复） ==> yes  
2025-05-27 08:23:47,901 ChatBI->     INFO     层级抽取文档： 市民来电反映:上述地址新建房屋。10月20告知市民可以收房了。市民11月15日收房，物业要求市民从11月1日开始计算物业费进行支付。市民认为不合理。诉求：要求按照其11月15日收房之日起计算物业费。 ==> yes  
2025-05-27 08:23:47,901 ChatBI->     INFO     层级抽取文档： 市民来电反映:上述地址整栋楼都被居民堆放个人物品，损坏侵占公用设施。其向物业经理反映，物业经理告知消防通道没有堵死，他们就不处理，并且让市民随便去哪里投诉，其不认可。诉求：投诉上述地址小区物业经理不解决楼内居民损坏侵占公用设施的问题。 ==> yes  
2025-05-27 08:23:48,379 ChatBI->     INFO     step_scores: ['no', 'yes', 'yes', 'yes', 'yes', 'yes', 'yes', 'yes', 'yes', 'yes']
2025-05-27 08:23:48,379 ChatBI->     INFO     层级抽取文档： 市民来电反映:市民来电补充信息。市民补充信息内容为市民称建设单位属于国企，希望管理部门将问题流转到国资委处理【最近派发的工单编号：20240318026993，工单内容：市民来电反映:上述地址楼盘近期进行了预看房。市民表示整体小区建造，1楼对于合同中地板瓷砖，天花板吊顶要求，实际上是水泥地和大白墙，管线裸露。而其购买的4号楼沙盘展示连廊侧面大面积钢化玻璃，销售也是如此承诺的，但实际是水泥和铁栏杆制成。中间户的燃气管道，规划图是厨房台面的角落，但实际在冰箱旁边，侵占了市民房屋内使用面积。其余还有几百个施工质量问题存在，但是城建置业项目目前没有做任何整改和方案。诉求：希望管理部门能介入督促此... ==> no  
2025-05-27 08:23:48,379 ChatBI->     INFO     层级抽取文档： 市民来电反映:其购买了上述地址的期房，于5月进行预看房，业主们发现许多未按图施工的问题：未人车分流、地下车库和围墙以及围墙外的铁丝网等都存在问题，业主们当时提出了整改要求。于10开发商表示要交清所有费用（包括物业费）才能看房，市民不认可，表示都不清楚是否整改完毕， 诉求：请管理部门核实协调开发商进行合理解释并电话回复市民（需回复） ==> yes  
2025-05-27 08:23:48,379 ChatBI->     INFO     层级抽取文档： 【投诉】市民反映：由于相关部门的懒政，喆苑小区公共绿化区域近一半已被部分业主蚕食侵占为己有。截止目前，侵占现象还在进行中。上海新桃源物业公司接管该小区20年左右，物业费在上涨，整体服务却在下降，小区公共区域绿化肉眼可见地被部分业主日渐侵占殆尽，物业以及业委会和居委三套班子，都没有第一时间予以制止查办，非要业主通过政务平台占用公共资源，多次反映才给予很"官方"的回复。诉求：投诉承办懒政不作为。（相关工单编号：20241018026967）（市民要求信息保密，无需回复）

诉求1：请相关部门务必按回复内容尽快落实处理，业主将会持续关注此事进展。

诉求2：目前该小区10-12号部分业主，正在... ==> yes  
2025-05-27 08:23:48,380 ChatBI->     INFO     层级抽取文档： 市民来电反复催单。催单原因：市民称管理部门至今未给予任何回复，请管理部门尽快处理【最近派发的工单编号：20240111005634，工单内容：市民来电反映:上述地址8号楼地下室有漏水情况，市民与物业反映过多次，物业一直不维修，且市民表示该小区物业指定停车收费标准时未通过业主大会私自指定标准，市民要求投诉物业不作为及乱收费的问题。诉求：请管理部门查处物业不作为及乱收费的问题。】 ==> yes  
2025-05-27 08:23:48,380 ChatBI->     INFO     层级抽取文档： 市民来电反复催单。催单原因：市民称管理部门至今未给予任何回复，市民表示其地板下的电线存在安全隐患。诉求：请管理部门尽快协调处理。【最近派发的工单编号：20240105001063，工单内容：【重新交办，要求：答复要点与实际情况不符，“中心已督促物业对漏水问题进行检修”。市民称物业从未上门进行维修，现已持续一年渗水漏水，导致其地板翘起，该地板底下是电缆线，如后期整个楼栋产生安全隐患问题，由物业全权负责、自行承担。诉求：请管理部门核实并由上级部门处理维修维护事项。】】 ==> yes  
2025-05-27 08:23:48,380 ChatBI->     INFO     层级抽取文档： 市民反映：9月5日临港泥城万达未来城发入伙通知书，要求业主支付12个月的物业费，物业条例明确规定物业费最多只能预收6个月，并且万达物业在临港钻石湾项目已有捐款出逃的先例。诉求：投诉乱收物业费。 ==> yes  
2025-05-27 08:23:48,380 ChatBI->     INFO     层级抽取文档： 市民来电对办理结果不满，市民收到了答复，确实是有理有据，但这是从物业角度给的答复。希望能从街道城管的角度来处理给到回复。【最近派发的工单编号:20231222011930，工单内容:市民来电反映:上述地址装修将后面和南面的消防通道堵住，非他家的院子，严重周边居民生活。诉求：必须把门拆除，不要堵住消防通道。】 ==> yes  
2025-05-27 08:23:48,380 ChatBI->     INFO     层级抽取文档： 市民补充信息：街道，物业承诺小区不能有外来车辆过夜，因停车位紧张，8月28日夜班保安又放外来车辆过夜。【最近派发的工单编号：20240824004478，工单内容：市民反映：小区停车整顿后，车位比趋于合理，但小区保安对停车位管理极不负责，造成个别空出的车位没有车子停进去，业主车辆只能停在车位以外的公共区域，四个保安只有瘦高个的保安认真负责，另外三个不负责（详见附件）。诉求：请管理部门核实情况尽快督促物业制定停车规范，约束业主和物业方。】 ==> yes  
2025-05-27 08:23:48,380 ChatBI->     INFO     层级抽取文档： 市民来电咨询:所属物业拒绝为市民支付水电费，哪个部门可监管，所属地址非上海。 ==> yes  
2025-05-27 08:23:48,380 ChatBI->     INFO     层级抽取文档： 【重新交办，要求：按答复要点告知市民，市民表示答复要点不明确，答复说玻璃在加工中，加工完成将提前与市民联系落实安装时间。诉求：希望管理部门能给到明确的时间节点，什么时候能加工好。最近办结的工单编号：20240415012321，工单内容：市民来电反映:市民表示其要投诉上述地址新金桥物业，其表示此处小区于2023年12月底开始收房交接，其5号的时候开始将收房问题做成表格发给管家，有一项是中窗玻璃内有脏东西，4月13日物业给其回复称给其在第二批落实更换玻璃，让其在等3个月，其对此不认可，诉求：希望管理部门核实后落实4月给其完成更换，（市民要求信息保密 需回复）】 ==> yes  
2025-05-27 08:23:48,777 ChatBI->     INFO     step_scores: ['yes', 'yes', 'yes', 'yes', 'yes', 'yes', 'yes', 'yes', 'no', 'yes']
2025-05-27 08:23:48,777 ChatBI->     INFO     层级抽取文档： 市民来电反映: 市民上述地址的房屋漏水问题，物业明确表示是自用部分，不予使用维修资金，市民表示愿意自己花钱，请物业来修，物业也拒绝。市民表示之前向12345反映维修问题，物业和居委会记恨市民，刁难市民不予办理。诉求：投诉物业和居委会服务态度问题，要求尽快维修，如果不修请物业提供不予修理的合同条款。（需回复，请上级管理部门回复） ==> yes  
2025-05-27 08:23:48,777 ChatBI->     INFO     层级抽取文档： 市民来电反映:投诉以上地址物业停车费乱收费，一天23小时都是按照每小时5元收费的，7:00是一个分界点，过了不管是何时进入停车的就要双倍收费，和物业反映过此问题，但是物业没有整改，诉求：要求全部按照每小时5元收费或者明码标价超过多少小时一次封顶收费多少费用。（市民要求信息保密 无需回复） ==> yes  
2025-05-27 08:23:48,777 ChatBI->     INFO     层级抽取文档： 市民来电反映:上述地址小区要涨价物业费，每个平方要多支付0.3元，市民表示征询流程有问题，市民表示正常应该由业主自行投票后公示，结果现在是楼组长上门确认是否同意后，再放置投票箱，业主根本就没有拿到过选票，故市民认为投票流程有问题，诉求：要求管理部门核实介入给予处理方案。 ==> yes  
2025-05-27 08:23:48,777 ChatBI->     INFO     层级抽取文档： 市民来电反映:上述地址居民存在楼道堆物的情况，7月15日已经张贴了对两户居民要求整改楼道堆物，但是至今为止都没有清理干净，居委会称只是调解邻里矛盾，物业也没有处理，诉求：希望管理部门协调尽快清理楼道。 ==> yes  
2025-05-27 08:23:48,777 ChatBI->     INFO     层级抽取文档： 市民来电反映:市民来电补充信息。到2024年8月4日为止，开发商只维修了一半，剩余一半没有任何处理动作，联系物业就是要市民等待排队，市民不认可，故来电【最近派发的工单编号：20240718018320，工单内容：市民来电反映:6月30日开发商约定交房，但是市民发现很多质量问题，比如墙面不平，墙面发黄，柜子划痕，厨房玻璃门关不上等情况，之后让开发商进行维修，但是开发商一个月了还是没有修，15026457267售后负责人郭先生电话。诉求：希望管理部门督促开发商尽快修复并提供修复截止日期。（需回复）】 ==> yes  
2025-05-27 08:23:48,777 ChatBI->     INFO     层级抽取文档： 市民来电反映:  其是商务楼租户，下水道有问题，物业说是其自己的问题，工作人员跟其拍桌子态度不好，要求投诉物业工作人员。 ==> yes  
2025-05-27 08:23:48,777 ChatBI->     INFO     层级抽取文档： 市民来电反映:其向上述地址小区物业反映房屋漏水问题，小区物业解释是房屋老化，让其自行承担费用。并且所属区域经理还不同意动用维修基金。诉求：希望管理部门核实对物业不作为进行处理。（市民要求信息保密 需回复） ==> yes  
2025-05-27 08:23:48,777 ChatBI->     INFO     层级抽取文档： 【重新交办，要求：按答复市民要点告知市民，市民表示答复市民要点与实际情况明显不符，物业没有做临时的措施，诉求：要求管理部门尽快处理。最近派发的工单编号:20240318004801，工单内容:市民来电反映:其为上述地址居民， 近日家中外墙渗水，联系物业对方表示需要收费才能维修，市民不认可，希望管理部门核实后尽快安排维修并解释（需回复）】 ==> yes  
2025-05-27 08:23:48,777 ChatBI->     INFO     层级抽取文档： 市民补充信息：业主对车位、规划问题多次投诉，相关部门均回复符合当时法规。本项目竣工规划验收证明（沪浦竣(2016)JA31011520164956）中明确验收依据为《中华人民共和国城乡规划法》45条和《上海市城乡规划条例》43条，按条例主管部门需按建设工程规划许可证及其附件附图内容进行现场核验，不符规划条件不得竣工验收。但按项目竣工规划、车位、绿化测绘图，地面车位、车道、绿化与规划核准图均不符，同时验收部门的《现场检查部位标准化核查记录单（竣工验收）》，检查依据文件为规划许可证（2013-FA31011520139209)，检查人员也在备注中注明：绿化、停车位、内部道路与规划许可总图不一... ==> no  
2025-05-27 08:23:48,777 ChatBI->     INFO     层级抽取文档： 市民来电反映:每天早上打扫上述地址的保洁人员未尽责打扫，态度恶劣。市民表示物业有明文告知不要堆放私人物品。保洁还将私人物品堆在市民家门口，达6次。对于门口的垃圾也不打扫干净。楼内居民多次向三原物业（电话：52962795）反映，物业一直未处理。诉求：请管理部门核实对该保洁进行处罚，换掉该保洁。（市民要求信息保密 需回复） ==> yes  
2025-05-27 08:23:49,222 ChatBI->     INFO     step_scores: ['no', 'yes', 'yes', 'no', 'yes', 'yes', 'yes', 'yes', 'yes', 'yes']
2025-05-27 08:23:49,222 ChatBI->     INFO     层级抽取文档： 补充信息：市民表示在没有明确解决问题前，住建委不得进行筑建工验收【最近派发工单编号：20240320019788，工单内容：【投诉】市民来电反映: 上述地址的小区多次反映小区房屋存在质量问题,杨浦区住建委一直没有给到明确的答复,  现在上述小区派的是客服代表与小区居民联系,项目负责人以及上海城建都不出面，市民要投诉杨浦区住建委，诉求: 希望管理部门核实提供项目负责人的信息.(需回复)】 ==> no  
2025-05-27 08:23:49,222 ChatBI->     INFO     层级抽取文档： 市民来电反复催单。催单原因：市民称管理部门至今未给予任何回复，请管理部门尽快处理。【最近派发的工单编号：20240630019357，工单内容：市民来电咨询:上述地址浴室地漏管道漏水，联系物业被告知属于个人部位维修得支付费用，市民表示该部位属于连接总管的对此不认可，诉求：请管理部门核实该部位维修是物业管辖还是个人管辖。】 ==> yes  
2025-05-27 08:23:49,222 ChatBI->     INFO     层级抽取文档： 市民来电补充信息。市民表示目前还没维修，其今天11月4日3:00多回家，又因为打不开门被关在外面，其表示半夜联系物业，物业也不来开门的，这个点也找不到人，要求管理部门尽快维修。（市民要求信息保密需回复）【最近派发的工单编号：20241029044075，工单内容：市民来电反映:10月29日23:30左右上述地址居民楼的大门打不开了，随后市民联系物业电话57742583，但接电人员态度非常恶劣，让市民自己打119开，市民不认可故来电投诉。诉求：希望核实并给予一个说法。（市民要求信息保密 需回复）】 ==> yes  
2025-05-27 08:23:49,223 ChatBI->     INFO     层级抽取文档： 市民来电咨询:其要咨询上述地址所属的居委，请管理部门核实给予回复。 ==> no  
2025-05-27 08:23:49,223 ChatBI->     INFO     层级抽取文档： 市民反复催促，其称管理部门未先行联系其，诉求：烦请尽快为其处理该事。【最近派发的工单编号：20241110023844，工单内容：市民来电反映:市民于10月20日入住了上述地址的公寓房，支付了11546.88元，包含了7000元左右的押金和房屋，并签署了3个月期限的合同，其入住后每天凌晨一二点钟的时候都能够听到噪音，影响到期正常休息，其向公寓管家反映该问题，但是一直没有得到处理。诉求：请管理部门核实处理，市民要求给其把剩余租期的房租和全额押金都退还给其。】 ==> yes  
2025-05-27 08:23:49,223 ChatBI->     INFO     层级抽取文档： 市民来电反映:其下水道堵了，物业来了已经进行过疏通，说是里面有建筑垃圾，且其房屋还在保质期内，要联系开发商进行处理，让市民一直等消息，至今问题还没有得到解决。现在其已经十几天无法正常用水，影响其生活。该处开发商为万达。诉求：请管理部门核实，要求开发商尽快维修。 ==> yes  
2025-05-27 08:23:49,223 ChatBI->     INFO     层级抽取文档： 市民来电反复催单。催单原因：市民称物业解决不了问题，业委会也要休息，其和楼下邻居都已经4天没有洗澡了，没办法用水，要求5月26日必须解决该问题，要求区政府派人尽快到现场处理。（需回复）【最近派发的工单编号：20240525013615，工单内容：市民来电反映:上述地址原本住了2名老人。老人刚做完心脏手术，计划2024年5月27日出院回家。但该处家中厨房的污水管存在堵塞情况，无法正常排水。老人回来后将影响生活。现居民不清楚具体堵塞区域在哪里，物业上门没有处理好。现物业表示先进行打洞。但施工中断，物业表示遇到人员阻挠，无法顺利施工。现该处家中没有设置阀门，无法想其他楼层一样关上管子。市民觉得... ==> yes  
2025-05-27 08:23:49,223 ChatBI->     INFO     层级抽取文档： 市民来电反复催单。催单原因：市民称管理部门至今未给予任何回复，请管理部门尽快处理。【最近派发的工单编号：20240916009428，工单内容：市民来电反映:其是上述地址的居民，家中和车库共用一堵墙。自从车库房顶翻新后，下过暴雨后就渗水渗到家里屋顶角落的瓷砖上，报修后物业也一直没有采取措施。9月15日晚上又开始渗水，台风天时还在严重渗水。诉求：请物业尽快修复渗水。】 ==> yes  
2025-05-27 08:23:49,223 ChatBI->     INFO     层级抽取文档： 市民来电反映:市民是上述地址的租客，其在该小区居住很多年了，近期刚刚换物业，市民年底前由于公司团建不在上海，凌晨回到上海之后次日一早就前往了物业交停车费，但是物业要求其把之前几天逾期的停车费补上，市民不认可，之后就回老家过年了，再次回到上海，物业又让其要重新排队才能交停车费，但是以前的物业都是正常可以交的，诉求：请管理部门让其顺利缴纳停车费。 ==> yes  
2025-05-27 08:23:49,223 ChatBI->     INFO     层级抽取文档： 市民来电对办理结果不满,市民告知：周三的时候物业联系市民告知过了保修期，不属于他们管是开发商的问题，并且告知市民如果找不到人他们可以帮助找人，但是费用需要业主承担，市民表示不接受，市民表示外墙和内墙的门框墙面脱落，是因为偷工减料造成的，不应该由业主承担，希望管理部门再次介入处理。【最近派发的工单编号:20241129005698，工单内容:市民来电反映:其属于上述地址居民，市民房屋外墙靠近门这边的墙面开裂，物业上门看了表示是开发商偷工减料没有注入水泥导致的，物业那边说是过了质保期不给维修。诉求：市民要求投诉该处的物业并协调解决墙面开裂问题（需回复）】 ==> yes  
2025-05-27 08:23:49,662 ChatBI->     INFO     step_scores: ['yes', 'yes', 'yes', 'yes', 'yes', 'yes', 'yes', 'yes', 'yes', 'yes']
2025-05-27 08:23:49,663 ChatBI->     INFO     层级抽取文档： 市民来电反映:上述小区里有绿化中种菜现象，市民表示该小区是老校区，本来绿化就少，近几年很多都将绿化破坏了，自己进行种菜，市民表示该小区物业不管事，诉求：请管理部门核实遏制种菜行为。（市民要求信息保密 无需回复） ==> yes  
2025-05-27 08:23:49,663 ChatBI->     INFO     层级抽取文档： 市民反映：阳明花园二期二阶段6栋新房于2023年7月延期交付，开发商为上海侨福外高桥置业有限公司。根据双方合同约定，新房交付2年内开发商对小区有维保义务。当前各楼栋内存在过道瓷砖破损、地面脏污无法消除、装饰金属条生锈、消防栓玻璃缺失等问题，业主提报物业后，物业告知开发商拒绝维保。业主屋内存在地板熏黑、瓷砖破损、卫生间恶臭等问题，反馈开发商后告知无法解决或无材料可替换，部分小问题上门人员为按次收费的第三方平台人员，非开发商维保单位人员。诉求：要求管理部门督促开发商履行合同承诺，依法提供新房维保服务，并出具包括修复时间、修复标准、承担费用、未履约惩罚条款等必要信息的书面盖章文件。（市民要求信... ==> yes  
2025-05-27 08:23:49,663 ChatBI->     INFO     层级抽取文档： 市民来电反映:上述地址小区不允许外来车辆进入，但是市民发现有其他车辆可以随意进出，而5月4日15:30左右市民的车辆却不允许进入小区，并且该处物业好像是使用个人二维码进行停车费收费，诉求：请管理部门给到合理解释。 ==> yes  
2025-05-27 08:23:49,663 ChatBI->     INFO     层级抽取文档： 市民来电反映:市民是上述地址居民，该处在2023年9月就发现家中卫生间污水管漏水，当时物业查看后表示是11楼居民家中马桶移位导致漏水，之后11楼居民表示不使用。2024年7月又出现漏水情况，物业把吊顶打开后表示需要楼上居民做防水，8月15日又出现漏水，楼上居民表示是公共管道的问题，物业表示是楼上居民的问题。物业名称：延吉物业。诉求：投诉物业经理不作为，要求回复。（需回复） ==> yes  
2025-05-27 08:23:49,663 ChatBI->     INFO     层级抽取文档： 市民来电反映:市民来电补充信息。小区物业联系其告知解决不了停车位的事情，请管理部门督促物业尽快解决问题。【最近派发的工单编号：20240330009365，工单内容：【重新交办，告知市民答复要点，答复要点与实际情况不符合，管理部门根本没有和其联系过，要求告知何时能解决问题，要求给予明确时间，何时能有空车位。（需回复）最近办结的工单编号:，工单内容:重复交办，要求：答复要点与实际情况不符，物业姓顾的经理，曾承诺说将车位给到市民，诉求：要求管理部门给其车位。】】 ==> yes  
2025-05-27 08:23:49,663 ChatBI->     INFO     层级抽取文档： 市民来电反映相同事项。【最近派发的工单编号：  20240326006027，工单内容：市民来电反映:上述地址有居民私自接了水管到其家里水表，其联系供水公司，对方表示水表后的是物业管，其联系物业，物业来看过也不管，市民表示很不满，市民诉求：投诉物业不管居民私自接水管问题并要求街道来核实处理解决。】 ==> yes  
2025-05-27 08:23:49,663 ChatBI->     INFO     层级抽取文档： 【重新交办,要求：按答复要点告知市民,市民表示答复要点不明确,市民表示物业联系市民表示不归其管理了，其已重新提交流程，市民不认可，表示这是形式主义的答复。市民需要的是具体修缮的时间并尽快修缮。诉求：请管理部门核实告知具体修缮时间并尽快修缮。最近办结的工单编号:20241110008092，工单内容:市民来电反映:上述小区的房顶因历史原因，导致房顶漏水问题一直没有解决，其邻居说反映过居委和12345也没看到实质的处理，咨询过物业，物业告知还在走流程，至今反映一个多月了，一名未告知具体修缮时间。诉求：希望管理部门核实并尽快加速修缮流程的审批。】 ==> yes  
2025-05-27 08:23:49,663 ChatBI->     INFO     层级抽取文档： 市民来电反映:小区前面草坪全部拦住了，其拨打物业电话表示不归他们管，诉求：告知要做什么项目。 ==> yes  
2025-05-27 08:23:49,663 ChatBI->     INFO     层级抽取文档： 市民来电补充信息。市民补充信息内容为。1、所属居委或物业，告知称对方愿意赔偿，需面对面洽谈。市民对此不满，认为1、既然对方愿意赔，便不需要洽谈，故市民认为对方并不愿意赔偿。2、至今仍在漏水。3、8月6日9:00开会要有效果。【最近派发的工单编号：20240802001449，工单内容：重新交办，要求：答复要点与事实不符，实际对方不愿意赔偿，居委包庇违法者，处事不公，故继续投诉。工单内容：市民来电反映:其是上述楼房102的居民，楼上202的居民存在漏水至市民家的情况，影响居民生后，市民表示不要楼上居民赔偿，物业已经查看过维修费用要8500元。现诉求希望居委会协调楼上202室与物业，让物业维... ==> yes  
2025-05-27 08:23:49,663 ChatBI->     INFO     层级抽取文档： 市民反映：703外墙空调总管漏水，水滴声非常大，扰民程度明显，作为603彻夜无法休息。6月13日已联系物业，物业只说会处理，到今无任何进度和反馈。半夜想自己去处理，但楼层高，距离管道远，差点坠楼。只能再联系物业，说等6月17日再看用什么方案，联系居委会，就说会转告物业。诉求：希望督促物业尽快落实。（市民要求信息保密，需要回复） ==> yes  
2025-05-27 08:23:50,154 ChatBI->     INFO     step_scores: ['yes', 'yes', 'no', 'no', 'yes', 'no', 'no', 'yes', 'yes', 'yes']
2025-05-27 08:23:50,154 ChatBI->     INFO     层级抽取文档： 【重新交办，要求：按答复市民要点告知市民，市民表示前件答复市民要点不符，11月13日到现场查看地板没有铺设，厨房间与卫生间根本没有施工，门业没有安装好，地板没有安装踢脚线，墙面也没有粉刷，客厅也没有任何施工迹象，14日联系物业管家反映，25号进行催促，没有任何信息，12月7日再次联系管家催促，管家称与原来一样，门套还未安装与市民看到差不多，故市民对此不认可，诉求：请管理部门核实并要求继续处理市民反映的工程质量与拖拉事宜及告知（需回复）。最近办结的工单编号：20241019007019，工单内容：【重新交办,要求：按答复要点告知市民,市民表示答复要点不明确,房屋返修至今没有完成，市民9月中... ==> yes  
2025-05-27 08:23:50,154 ChatBI->     INFO     层级抽取文档： 市民反映：1，原先售卖时说的人车分离，近日却通知地面上多了10个临时车位，违背人车分流承诺，且与此前政府控制性规划不符，占用绿化和消防高地。2，不同意居委会入驻本小区，购房合同中物业用房为业委会和物业使用，开发商擅自将楼栋承诺给居委会使用，损害业主权益。3，不同意在会所开设私厨，对小区环境有显著负面影响（详见附件）。诉求：投诉开发商擅自改动小区用地。 ==> yes  
2025-05-27 08:23:50,154 ChatBI->     INFO     层级抽取文档： 【重新交办,要求：按答复要点告知市民,市民表示答复要点不明确，管理部门只是告知尽快处理，但是没有具体的时间和计划，且该开发商目前濒临倒闭状态，迟迟没有进展。诉求：请管理给到具体的修缮时间和方案。（市民要求信息保密 需回复）
最近办结的工单编号:20241012042456，工单内容:市民来电反映:2023年10月份上述地址房屋刚刚交房，目前还在保修期内，市民现要投诉该小区的开发商，一个月前的台风导致小区里多处漏水，每次答应来修，一个月了都没有人来维修，且经常不回电话不回信息，诉求：投诉该小区开发商，要求尽快处理。（市民要求信息保密 需回复）】 ==> no  
2025-05-27 08:23:50,154 ChatBI->     INFO     层级抽取文档： 市民来电反映:上述地址有存在楼道堆物现象，最近一直存在，希望管理部门核实并尽快清理（市民要求信息保密 需回复） ==> no  
2025-05-27 08:23:50,154 ChatBI->     INFO     层级抽取文档： 市民来电反映:12月30日市民到物业去缴纳2022-2023年的物业费，但物业表示其2021年的物业费也未查询到缴纳记录，市民表示其先将22、23年的付掉，21年存在争议暂时不付，而物业表示必须3年一起付，否则拒收其付款，而之后物业就在其门口张贴催缴通知，市民对此不满。诉求：请管理部门核实，要求对此情况给予合理解释。 ==> yes  
2025-05-27 08:23:50,154 ChatBI->     INFO     层级抽取文档： 市民来电反复催单。催单原因：市民称管理部门至今未给予任何回复，目前已经超期了未办结，请管理部门尽快处理。【最近派发的工单编号：20240314012138，工单内容：市民来电反映:其购买了上述地址的期房，开放商为上坤置业有限公司，目前项目张贴公告，告知目前进入停工状态，还有1个月到购房合同上的毛坯房交付时间。市民担心会烂尾，其有向相关部门反映过，后被告房管部门告知，关于在建工程建设进度等情况建议进一步咨询区建管委，故来电希望能转区建管委经办，并告知具体工程建设进度。】 ==> no  
2025-05-27 08:23:50,154 ChatBI->     INFO     层级抽取文档： 【重新交办，要求：按答复市民要点告知市民，市民表示前件答复市民要点不明确，对方给的上海物资（集团）总公司地址电话也找不到联系不上了。希望给到还有什么其他办法解决。最近办结的工单编号：20231114019354，工单内容：重新交办，要求：按答复市民要点告知市民，答复要点与实际情况不符。市民表示之前对方告知功能没有恢复，但是恢复后也要上海市金属材料公司一站出面，对方告知该公司在的。市民表示其通过工商等各种查询，该公司已经没有了，诉求：请管理部门核实后解决办不了房卡问题。上述地址是其爷爷以前单位（上海市金属材料公司一站）分的房子，使用权房卡的名字改成奶奶的名字了，其目前要将房子变更到个人名下... ==> no  
2025-05-27 08:23:50,154 ChatBI->     INFO     层级抽取文档： 市民来电反复催单。催单原因：希望管理部门尽快处理。【最近派发的工单编号：20240606006769，工单内容：【重新交办，已按答复要点告知市民，市民表示答复要点与实际情况不符，市民表示楼道告知是高空抛物后才张贴的，高空抛物现象依然存在，无改善，居委工作人员电瓶车在门口充电，其有拍摄的照片，市民要求街道领导尽快核实处理。最近办结的工单号：20240521010942，工单内容：市民来电反映:黄浦区打浦路303弄24号小区居委管理混乱，小区有高空抛物现象，向居委反映，居委不到现场核实，只敷衍表示知道了，周末再次去居委反映，工作人员自顾自玩游戏，不接待其，居委办公室还有电瓶车充电现象，市民要... ==> yes  
2025-05-27 08:23:50,155 ChatBI->     INFO     层级抽取文档： 市民来电反映:上述地址小区停车费收取115元/天，该情况存在半个月，市民要求租赁车位被小区告知需要提供房产证、行驶证、身份证、租赁房屋的合同等相关证明，市民认为不合理，诉求:要求投诉上述地址物业乱收停车费。 ==> yes  
2025-05-27 08:23:50,155 ChatBI->     INFO     层级抽取文档： 市民补充信息：7月24日住建部召集物业，派出所和居委会开会，针对车库发霉这件事，对方已经发出整改通知单，因为现在还是开发商在负责，但是对方又不能直接对接开发商，所以只能给压力到物业。实际上开发商与物业本是一家公司。姓名，温凤如。【最近派发的工单编号：20240724015408，工单内容：中环静秋月的地下车库屋顶长期发霉发潮，地面有积水，严重损害业主的身心健康。2年保修结束以后，要如何解决地下车库潮湿发霉的问题，开发商能拖则拖，不作为。诉求：请解决地下车库发霉潮湿的问题。（市民要求信息保密，需要回复）】 ==> yes  
2025-05-27 08:23:50,564 ChatBI->     INFO     step_scores: ['yes', 'yes', 'yes', 'no', 'yes', 'no', 'no', 'yes', 'yes', 'yes']
2025-05-27 08:23:50,564 ChatBI->     INFO     层级抽取文档： 【重新交办，要点，答复要点与实际情况不符，市民告知该房屋已出租，租住人去物业办理非消防通道停车事宜，被告知租住不同权，业主优先，无法办理，市民不认可。诉求：请管理部门协调无停车位停车问题。最近办结的工单编号:20231211026629，工单内容:其购买房子已经4年，但是现在小区无法停车，诉求：希望居委会房办街道核实物业对于小区停车问题，并要求解决其在小区停车问题，让其可以正常停车，如果没有停车位，希望告知具体理由。（需回复）】 ==> yes  
2025-05-27 08:23:50,564 ChatBI->     INFO     层级抽取文档： 市民补充信息：现物业和街道拿出很多法规表示该收费是合规的，市民不认可表示为何同样是业主收费差这么多，希望上级部门尽快核实并给到说法【最近派发的工单编号：20240305024942，工单内容：市民来电反映:殷行一村，业主包月停车的价格不同，有100元一个月也有300元一个月的，小区没有固定停车位，本身就是先到先停，诉求：希望一视同仁设置停车收费。（信息保密 需回复）】 ==> yes  
2025-05-27 08:23:50,564 ChatBI->     INFO     层级抽取文档： 市民来电反复催单。催单原因：市民称街道联系表示会催办、施工单位也联系过，物业经理表示会恢复。但市民1月1日下楼查看发现不但没有恢复还在继续施工，绿化面积还在减少。请管理部门尽快处理。【最近派发的工单编号：20231230018428，工单内容：市民来电反映:上述小区管道改造，目前施工已经结束但39号楼下绿化没有全部恢复有部分被改建成道路。诉求：希望管理部门核实恢复因施工被破坏的绿化。】 ==> yes  
2025-05-27 08:23:50,564 ChatBI->     INFO     层级抽取文档： 重复来电：咨询处理进程。【最近办结的工单号：20240920002317，工单内容：重新交办，要求：答复要点不明确，市民不清楚具体符合那条规范文件，还有8月5日出的交付证，8月3日开始交付流程，市民不清楚是否符合交付流程，根据闵行2019年24号文件，住宅面积为254068.44平米，差额是如何产生的。诉求：请管理部门核实并予以明确答复市民。（需回复）】 ==> no  
2025-05-27 08:23:50,564 ChatBI->     INFO     层级抽取文档： 市民来电反映:因2024年8月11日下雨，物业雨水管坏掉，导致其家中有漏水现象，以及4、5楼也有漏水现象，其于16:00左右接到上述地址居委会沈主任的电话通知房子漏水，要求其前往居委会，其到居委会后拨打沈主任电话以及值班人员拨打电话也联系不到沈主任，16:45分左右其使用居委会电话再次拨打主任电话，沈主任接到后其询问是否前往居委会，沈主任说休息无法前往。诉求：请管理部门尽快与其联系并且要求前往现场。 ==> yes  
2025-05-27 08:23:50,564 ChatBI->     INFO     层级抽取文档： 市民来电反复催单。催单原因：市民称管理部门至今未给予任何回复，请管理部门尽快处理。【最近派发的工单编号：20231205012683，工单内容：市民来电反映:上述地址房屋2020年12月31日交房，该房屋是精装修的，市民2021年1月初因精装修存在质量问题，向开发商报修，市民称开发商至今没有维修好，耽误市民出租房屋，故来电，开发商名称：上海华泓尚隆房地产开发有限公司。诉求：希望管理部门督促开发商尽快维修解决精装修的质量问题。（需回复）】 ==> no  
2025-05-27 08:23:50,564 ChatBI->     INFO     层级抽取文档： 市民来电反映:上述地址的居委会不作为。其小区业委会的筹办组，快要组办一年了，至今没有组织过业委大会，也从来不为小区居民解决问题。市民认为居委会存在不作为。诉求：请管理部门尽快查处居委的不作为。
 ==> no  
2025-05-27 08:23:50,564 ChatBI->     INFO     层级抽取文档： 市民反映：其是该小区业主（三证合一），长停停车办理不了，物业经理回复现在车多车位紧张，只能每天按临停车受理。可小区管理松散到处停的都是外来车辆，因为该小区停车便宜，周围车都停该小区，正常业主的权益得不到受理，物业态度恶劣、推诿责任，管理混乱。诉求：希望管理部门协调解决停车位问题。 ==> yes  
2025-05-27 08:23:50,564 ChatBI->     INFO     层级抽取文档： 市民来电反映:上述地址小区大门两侧的商铺门口上街沿上面的人行道被该小区物业围起来并设置收取停车费的停车闸口，该请款已经持续5年，认为物业将人行道圈起来收停车费的行为不合理，诉求：投诉上述地址物业将小区外面的人行道圈起来收停车费。 ==> yes  
2025-05-27 08:23:50,564 ChatBI->     INFO     层级抽取文档： 市民来电咨询:上述地址虽然是商户楼但是市民告知其想要安装宽带但是物业不让其安装，市民告知如果要安装宽带必须安装物业指定的，不然就不给安装，市民对此表示不满。诉求：请管理部门督促给到解释 ==> yes  
2025-05-27 08:23:50,977 ChatBI->     INFO     step_scores: ['yes', 'yes', 'yes', 'yes', 'no', 'yes', 'no', 'yes', 'yes', 'no']
2025-05-27 08:23:50,977 ChatBI->     INFO     层级抽取文档： 市民来电反映:市民的车辆停在小区内，其6月8日小区的树枝掉下来砸到其车辆的车头，导致车棚凹陷进去了。市民向物业反映，物业告知只管收取停车费，其他的不管，市民不认可。诉求：请管理部门协调，要求协商解决方案。（市民希望管理部门6月8日联系回复）（市民要求信息保密 需回复） ==> yes  
2025-05-27 08:23:50,977 ChatBI->     INFO     层级抽取文档： 市民来电反复催单。催单原因：市民称管理部门至今未给予任何回复，请管理部门尽快处理。希望2、3内答复市民【最近派发的工单编号：20240402016680，工单内容：市民来电反映:其是上述小区居民，需要装修房屋。物业告知从4月1日开始，建筑垃圾清运费按箱子收费，每个箱子500元。市民房屋建筑面积68平方，需要6个箱子。诉求：希望管理部门核实，物业收费是否合理，是否有相应的收费规定。】 ==> yes  
2025-05-27 08:23:50,977 ChatBI->     INFO     层级抽取文档： 市民来电反映:上述地址2楼外墙上的污水管堵住了，导致污水溢出。该污水不断流淌至市民的空调外机及外墙包括窗户上。市民表示该问题有2年了，市民持续和物业沟通过。但物业均表示不能操作。且物业态度非常恶劣。实际没有解决。诉求：请管理部门尽快核实并要求物业修复该问题。 ==> yes  
2025-05-27 08:23:50,977 ChatBI->     INFO     层级抽取文档： 市民来电反映:上述地址市民是该小区内的租客。市民拿着房东的拆迁协议等去办理小区的停车位，物业表示需要市民车辆和房屋房产信息所属姓名一致才可以办理。小区内地面车位收费统一是150元/月，如办理后可以变成60-80元左右/月。市民不认可该物业的处理，这一收费也不合理。诉求：希望管理部门核实后对于该处小区内停车安排不合理的问题进行处理。 ==> yes  
2025-05-27 08:23:50,978 ChatBI->     INFO     层级抽取文档： 【重新交办，要求：按答复市民要点告知市民，市民表示前件答复市民要点不明确，市民表示，其一直希望城管告知，进行处罚中的是哪个公司，是两家公司还是一家，或是个人是否有处罚，究竟处罚了哪几个，如果个人处罚不是城管处理，也请告知。诉求：请管理部门给出明确答复。最近办结的工单编号：20241121002896，工单内容：重新交办,要求：按答复要点告知市民,市民表示答复要点不明确,最近一次得知已经在处罚流程中，其想知道房管局移交的材料涉及哪些内容，如有遗漏部分其可以补充，并且其想知道处罚流程已经到了什么进度了，何时可以完成处罚给到结果，并且10月城管经办人联系其表示需要其电话沟通做一份笔录，但是目前... ==> no  
2025-05-27 08:23:50,978 ChatBI->     INFO     层级抽取文档： 市民反映：小区物业公司未经业委会投票表决通过，擅自安装道匝，并改变车库原交通流线，不合理不合法。且北门两个道匝仅距离5米左右，没有增加车位，也没有改善停车，反而造成小区内车辆出行拥堵混乱，存在安全隐患。（详见附件）诉求：投诉物业违规侵权。 ==> yes  
2025-05-27 08:23:50,978 ChatBI->     INFO     层级抽取文档： 市民补充信息：首创上海崧贤置存在偷工减料、以次充好、整改进度缓慢、缺乏与业主的及时有效沟通等问题，首创以自查为由，拒绝业主进入小区跟进和察看整改情况，要求开发商尽快落实如外立面的裂缝、破损、鼓包等的整改重点项目，并扩大抽检样本。【最近派发的工单编号：20240307001355，工单内容：上述地址处于预看房阶段，业主认为住宅存在外墙面开裂，凸凹不平，随意开孔、局部破损，涂料颜色不均等质量问题，市民表示开发商未尽责整改，称抽检合格，连廊在雨天积水渗水严重，大堂的吸顶灯、信报箱未规范安装。地库地坪高低不平、积水，已施工环氧地坪部分破损、起壳。诉求：请管理部门核实加强监管并对项目进行抽检。（市... ==> no  
2025-05-27 08:23:50,978 ChatBI->     INFO     层级抽取文档： 市民补充信息，1月11日居委、律师和民警表示会去查看监控，但至今还没有任何回复，希望尽快处理。 【最近派发的工单编号：20240103025579，工单内容：市民来电反映:市民告知上述地址小区没有公布维修基金明细，现在却又要对小区电梯大门绿化等进行改建，及市民通过上海物业上看到的对于小区的公共收益与实际不符，只有2万多多元，及小区的业委会都是70多岁的老人，市民都不清楚如何选举出来了，市民诉求：管理部门核实并尽快公布维修基金，公共收益明细，及对小区业委会的选举投票，进行公布。（需回复）】 ==> yes  
2025-05-27 08:23:50,978 ChatBI->     INFO     层级抽取文档： 市民来电反映:其上述地址房屋交房后阳台漏水，物业一直没处理好。该房子2019年交房的还在房屋保修期内，其还在入住。诉求:希望核查要求解决房屋维修质量。 ==> yes  
2025-05-27 08:23:50,978 ChatBI->     INFO     层级抽取文档： 人工 ==> no  
2025-05-27 08:23:51,459 ChatBI->     INFO     step_scores: ['yes', 'yes', 'yes', 'yes', 'yes', 'yes', 'yes', 'yes', 'yes', 'no']
2025-05-27 08:23:51,459 ChatBI->     INFO     层级抽取文档： 市民反映：三林镇城建中心表示安临小区业委会无法负责。诉求：希望管理部门告知这个情况是什么时候开始的，是否有明确证据。 ==> yes  
2025-05-27 08:23:51,459 ChatBI->     INFO     层级抽取文档： 【台风】市民来电反映:2024年9月20日08:50左右其家中严重积水。其向物业报修，物业说没人，但市民称物业坐在办公室里，其认为物业不作为。诉求：请予以修复。 ==> yes  
2025-05-27 08:23:51,459 ChatBI->     INFO     层级抽取文档： 市民来电补充信息。市民补充信息内容为房管工作人员电话联系的号码为39922870，市民补充信息主要是想反映房管工作人员不作为，糊弄人的问题，请管理部门核实处理。【最近派发的工单编号：20240417004290，工单内容：市民来电反映:其为嘉定区塔城路688弄9号101，目前业委会和居委会的投票车停，存在不公平不公正的问题，不是真正的保障一家一户的车位，而是让大家去抢原来就不多的车位，在玩文字游戏，没有保障到大家的利益，还不如干脆就把车位定为流动，诉求：投诉业委会和居委会。】 ==> yes  
2025-05-27 08:23:51,459 ChatBI->     INFO     层级抽取文档： 市民来电反复催单。催单原因：市民称6月20日收到短信，说已经处理了，但实际没有处理，请管理部门尽快处理。【最近派发的工单编号：20240619034744，工单内容：市民来电反映:其是上述地址的居民，市民表示家中屋顶漏水，已经找物业报修，物业查看后表示是楼上502室漏水，但物业称联系不到502室的业主，对方不接电话、不回微信，不肯配合维修，诉求：请管理部门核实，要求尽快协调楼上的业主配合维修。（需要回复）】 ==> yes  
2025-05-27 08:23:51,459 ChatBI->     INFO     层级抽取文档： 市民补充信息：1201室把门铃安装在电梯厅墙面，门铃响，直接影响02室休息。联系人马莉娅。【最近派发的工单编号：20241202045415，工单内容：市民来电反映:上述地址的1201室和1203室住户将楼道内的消防栓堵住，在楼道内堆放顶天立地的鞋柜、铁皮柜、自行车、鱼缸、购物车、1.8*2米的花架、凳子、道具、杠铃、滑板车，楼梯间还堆放了建筑垃圾木板，该情况存在3-5年时间了，反应物业和居委已经贴出整改通知单但是没有整改，诉求:要求管理部门核实清理垃圾、长期管理楼道堆物问题。】 ==> yes  
2025-05-27 08:23:51,459 ChatBI->     INFO     层级抽取文档： 【投诉】市民来电反映:其是上述地址居民，市民称其家外墙有裂缝导致房屋漏水，从2023年9月份开始联系物业，物业表示修不了，找居委会，居委会证实外墙有裂缝，居委会称可以维修，但是没有维修资金，维修资金被三林房管办冻结了不能用，让市民自己找房管办，但是其拨打房管办的电话都是无人接听的，市民不认可，投诉三林房办、居委会不作为，要求尽快给其维修。（需回复） ==> yes  
2025-05-27 08:23:51,459 ChatBI->     INFO     层级抽取文档： 市民反映：小区的地下车库并没有对全体业主开放，显失公平，现在停在地下车库的车辆并没有买下车位，但是小区目前的口径是只有早些年入住小区的业主才可以停在地下车库，后面入住的业主需要等前面停在地下车库的业主退出后才能进去，市民认为违反物权法。最近小区的47号门口刚发生电瓶车爆燃，致使停在电瓶车旁的机动车烧毁的事件，停在地面的车主很担心会波及自己的车辆，诉求：要求小区向全体业主开放地下车库。（市民要求信息保密，无需回复） ==> yes  
2025-05-27 08:23:51,459 ChatBI->     INFO     层级抽取文档： 市民来电反复催单。催单原因：市民称找师傅来检查过漏水原因，师傅说是屋顶上垃圾太多了将下水管堵住了，自行无法清理掉屋顶的大件垃圾，师傅让市民找物业来清理屋顶的垃圾，但物业不帮忙，说只要是雨天屋顶有积水是正常的。市民表示现在屋顶渗水已经蔓延到其家中墙壁里了，墙内有电线，存在安全隐患。诉求：希望物业尽快派人来帮其将屋顶垃圾清除掉。【最近派发的工单编号：20240711030065，工单内容：市民来电反映:市民是上述地址的居民，市民家是顶楼，因顶楼有很多垃圾把下水管道堵塞了，造成市民房屋屋顶积水向下渗水，渗水已经影响到市民楼下的居民。市民向物业报修，物业表示是市民家中窗户有洞要市民修补好洞再去疏... ==> yes  
2025-05-27 08:23:51,459 ChatBI->     INFO     层级抽取文档： 市民来电补充信息。业委会联系称，小区三千户业主，停车费涨价问题已经收到了2000多户居民的选票支持，可投票存在问题，大部分投票的业主都是没有车辆的，并且不知道是不是存在待签票问题，故来电要求上级部门介入处理回复【最近派发的工单编号：20240403033971，工单内容：市民来电反映:其反映上述地址小区物业没经过业主和业委会同意随意涨停车费。2024年4月3日市民开车发现停车费从原来每小时5元涨到10元。市民表示涨停车费没看到告知书，也没经过业委会的同意。（其表示物业名称等信息不清楚）诉求：请管理部门核实物业行为是否合法，进行处理并给其合理解释。（市民要求信息保密 需回复）】 ==> yes  
2025-05-27 08:23:51,459 ChatBI->     INFO     层级抽取文档： 【重新交办,要求：按答复要点告知市民,市民表示答复要点和实际情况不相符，市民收到了回复但是迟迟没有施工队联系何时修缮。诉求：请管理部门落实现场处理。（需回复）最近办结的工单编号:20240311010400，工单内容:【投诉】市民来电反映:投诉市住建委，市民多次反映上述地址房屋质量问题，从7月至今没有处理维修， 认为管理部门工作不作为，市民表示上述地址楼盘质量差，质疑如何通过住建委的质量审批许可，故来电投诉，诉求：请管理部门核实给予说法。】 ==> no  
2025-05-27 08:23:51,864 ChatBI->     INFO     step_scores: ['yes', 'yes', 'no', 'yes', 'yes', 'yes', 'yes', 'no', 'yes', 'yes']
2025-05-27 08:23:51,865 ChatBI->     INFO     层级抽取文档： 市民反映相同事项。【最近派发的工单编号：20240909006911，工单内容：【商家地址/名称:未提供,时间:2024/05/2216:10:00,涉及金额:未提供】我是中铁虹桥逸都的业主，小区正面临严峻的新房质量及安全问题，请转派单建管委处理。我特向政府12345平台强烈ts中铁置业：1、小区连廊设计存在重大安全隐患。其高度虽符合《民用建筑设计通则》第6.6.3条规定的栏杆高度标准，但未按该条款中“住宅、托儿所、幼儿园、中小学及少年儿童专用活动场所的栏杆必须采用防止少年儿童攀登的构造”规定采取防止儿童攀登构造。小区采用水泥墙加铁栏杆结构，此结构发生的儿童坠落案例比比皆是。作为家长，我... ==> yes  
2025-05-27 08:23:51,865 ChatBI->     INFO     层级抽取文档： 市民反映：小区盛行“固定车位”的现象由来已久，这些并非产权的车位却被默认成“固定车位”，居然还可以租给租客，转让给邻居，留给住在隔壁小区的子女停，却不准“三证合一”的业主去停，哪怕空着也不准停，停了反而会被要求挪车位。复瑞物业明知道这种现象由来已久，却不从中制止，还明确对表示，今后要继续按这个违法违纪的制度管理，导致了真正的业主无车位可停，业主权益受到严重侵害。诉求：投诉复瑞物业。 ==> yes  
2025-05-27 08:23:51,865 ChatBI->     INFO     层级抽取文档： 市民来电咨询:商铺装修，到城管备案，问城管信息。 ==> no  
2025-05-27 08:23:51,865 ChatBI->     INFO     层级抽取文档： 市民来电反映:其是上述地址业主，上次台风已经导致房屋漏水，物业也没来得及修。诉求：希望管理部门帮助尽快维修房屋漏水。 ==> yes  
2025-05-27 08:23:51,865 ChatBI->     INFO     层级抽取文档： 市民来电反映:上述地址一下雨房屋就漏水，市民向物业报修。物业不维修。不作为。诉求：投诉物业不作为。（市民要求信息保密 需回复） ==> yes  
2025-05-27 08:23:51,865 ChatBI->     INFO     层级抽取文档： 市民反映相同事项。【最近派发的工单编号：20240909022344，工单内容：【商家地址/名称:未提供,时间:2024/05/2216:10:00,涉及金额:未提供】我是中铁虹桥逸都的业主，小区正面临严峻的新房质量及安全问题，请转派单建管委处理。我特向政府12345平台强烈ts中铁置业：1、小区连廊设计存在重大安全隐患。其高度虽符合《民用建筑设计通则》第6.6.3条规定的栏杆高度标准，但未按该条款中“住宅、托儿所、幼儿园、中小学及少年儿童专用活动场所的栏杆必须采用防止少年儿童攀登的构造”规定采取防止儿童攀登构造。小区采用水泥墙加铁栏杆结构，此结构发生的儿童坠落案例比比皆是。作为家长，我... ==> yes  
2025-05-27 08:23:51,865 ChatBI->     INFO     层级抽取文档： 市民反映：其是小区租户，在物业询问办理车位时，当告知是租户，在小区车位富余的情况下，物业拒绝帮忙办理车位。诉求：要求物业给予办理车位。（市民要求信息保密，需要回复） ==> yes  
2025-05-27 08:23:51,865 ChatBI->     INFO     层级抽取文档： 市民来电补充信息。市民补充信息内容为希望区里领导与其约时间实地查看。【最近派发的工单编号：20240227023015，工单内容：重新交办，要求：答复要点与实际情况不符，告知市民办结答复，市民不认可，表示并未接到过管理部门电话联系，其不愿因拨打答复中的反馈电话，表示应由管理部门出面解决。现改造的楼梯过道正对其房门，影响开门以及个人隐私。诉求：希望管理部门核实给予合理解决方案，最近办结的工单编号:20231027023136工单内容：市民来电反映:其是上述地址的居民，文革期间在院子里建了简易的三层楼公房（占用了103号居民的地皮），做为弄堂改造临时过渡用的房子，最后说是永久性的了，最近在做... ==> no  
2025-05-27 08:23:51,865 ChatBI->     INFO     层级抽取文档： 市民来电反映:其家中墙壁发霉，向物业反映被告知是市民家平日不开窗户通风导致，市民表示并非如此，而是其墙外有污水管，楼上排水位置正好在此，应该是渗水导致。但是现在物业不管。诉求：望管理部门核实要求给予解决方案。（需回复） ==> yes  
2025-05-27 08:23:51,865 ChatBI->     INFO     层级抽取文档： 市民来电反映:询问办理进度，并告知已起诉。【工单号20240328025639，编号：1310106002024032746214485，上海朴运物业服务有限公司，房屋局部装修，装了卫生间存在漏水，一直没有解决问题，联系电话：没有，有合同，诉求：要求重新装。】 ==> yes  
2025-05-27 08:23:52,371 ChatBI->     INFO     step_scores: ['yes', 'yes', 'yes', 'yes', 'yes', 'yes', 'yes', 'yes', 'yes', 'yes']
2025-05-27 08:23:52,371 ChatBI->     INFO     层级抽取文档： 市民反映：公园海德交房已经一个月，问题也有所显现。偌大的地下车库没有干湿分类垃圾桶（详见附件）。4.8一平的物业费，在该地段并不算低，但垃圾分类垃圾桶却不愿意安排，且表达是松江政府的建议。一栋楼居民有上百户，小区不下五栋大楼，为何不能拥有干垃圾桶和湿垃圾桶。诉求：希望管理部门给一个合理的解释，满足居民的卫生需求。 ==> yes  
2025-05-27 08:23:52,371 ChatBI->     INFO     层级抽取文档： 市民来电反映:上述地址美丽家园有外墙和内墙装修，外墙全部拆除，建筑灰尘有一周左右没有清扫，四楼-五楼的通道很多灰尘，五楼走到上全是灰尘，诉求：请管理部门尽快清扫。（需回复） ==> yes  
2025-05-27 08:23:52,371 ChatBI->     INFO     层级抽取文档： 市民补充信息：新江湾城时代花园小区所有地面车位都是公共车位，这些小区公共资源是所有小区业主共享的，但小区物业仍然对少部分业主收取每月多20元停车费而给予公共车位的固定权，这是明显的违反民法典275条的行为。对这个违法情况长期向街道政府反映，街道政府人员给出的暂时方案是要求物业不允许要求任何小区业主车为多出20元的业主车挪车。但是2024年3月11日小区物业反复让一名业主为另一名业主从一个车位上挪车让开，严重损害了被叫挪车业主的法定合法权利，要求整改。【最近派发的工单编号：20240305033629，工单内容：新江湾城时代花园小区自2019年停车方案通过后，明确规定小区业主首辆车享有小区... ==> yes  
2025-05-27 08:23:52,371 ChatBI->     INFO     层级抽取文档： 市民来电反映:以上小区停车费由物业经理私自收取，不提供停车发票，物业经理自己也承认的，但是针对这样的问题一直没有得到处理。诉求：要求相关部门核查小区的停车费收入。 ==> yes  
2025-05-27 08:23:52,371 ChatBI->     INFO     层级抽取文档： 市民来电补充信息。信息内容为管理部门回复市民小区没有“失管”，要求进行业委会换届选举，原来业委会成员的辞职报告被居委会拿走了，要求居委的上级部门回复，诉求：请管理部门尽快给予回复。【最近派发的工单编号：20240429030501，工单内容：市民反映：2024年1月至4月期间，逸仙路3508弄小区业委会全体成员陆续辞职，张华浜居委并未依法对小区托管，也未开展业委会换届工作。目前小区业委会职责无人履行，处于“失管”状态。居委会杨书记，对托管和换届的要求不予答复，反而反复要求业委会书写辞职报告。为小区正常运营，诉求：希望上级督促张华浜社区依法履职。】 ==> yes  
2025-05-27 08:23:52,371 ChatBI->     INFO     层级抽取文档： 市民来电补充信息。市民补充信息内容为下午有人给市民打电话，告知市民物业，上门查看来修，市民表示要是只是无法修理，涂涂料，市民不认可，市民需要详细解决的方案，并告知何时能实施方案，需要物业给到市民解释为何不能把蓝布拿掉。【最近派发的工单编号：20240919045966，工单内容：【台风】市民来电反映:其是上述地址居民，从7月开始向物业反馈漏水问题，物业派人处理了两三次，始终没有修好，原因也没有找到，据其了解每次只是刷防水涂料，根本没用，近期台风下雨，又开始漏水。诉求：找到原因，彻底解决，尽快处理。（需回复）】 ==> yes  
2025-05-27 08:23:52,371 ChatBI->     INFO     层级抽取文档： 市民来电反映:市民来电反复催单。催单原因：市民称管理部门至今未给予任何回复，请管理部门尽快处理。【最近派发的工单编号：20240105019429，工单内容：市民来电反映:上述地址小区租户，之前车辆停在小区里，10元一天，1月5日出门时，保安让其交2030元，告知从2024年1月1日开始实施一辆车停一天80元，但是其并没有收到任何通知，市民表示不合理。诉求：望管理部门核实，恢复停车费10元。（需回复）】 ==> yes  
2025-05-27 08:23:52,372 ChatBI->     INFO     层级抽取文档： 市民来电反映:其的小区属于售后公房，小区物业费免征营业税和增值税的，对于售后公房临时停车费的标准要告知其，要有相关优惠。（需回复） ==> yes  
2025-05-27 08:23:52,372 ChatBI->     INFO     层级抽取文档： 市民来电反映:7月19日晚上车子进入华腾苑，由于道路非常黑，未注意到占用了两个位置，第二天早上起来发现车窗上贴了一张告示，市民无法斯下来，对车子造成损伤，找到物业公司对方态度很强硬不承认有责，市民认为物业的告知方式不合理，诉求：投诉物业服务问题。 ==> yes  
2025-05-27 08:23:52,372 ChatBI->     INFO     层级抽取文档： 【重新交办，要求：答复要点与实际情况不符，市民表示问题没有解决，不是堆物，是有居民在楼道安装鞋柜，影响出行。诉求：希望管理部门核实处理。（市民要求信息保密，无需回复）最近办结的工单编号：20240627001326，工单内容：市民来电反映:上述小区是商品房，每个楼栋楼道内均有堆物现象，物业不作为。诉求：每个楼栋张贴公告，禁止楼道堆物。（市民要求信息保密 无需回复）】 ==> yes  
2025-05-27 08:23:52,807 ChatBI->     INFO     step_scores: ['no', 'yes', 'yes', 'yes', 'yes', 'yes', 'yes', 'yes', 'yes', 'no']
2025-05-27 08:23:52,807 ChatBI->     INFO     层级抽取文档： 市民反映：其是宝正路108弄中企光华雅境（中企珺庭）小区业主，现投诉开发商中华企业在地面铺装施工过程中偷工减料，造成质量低下，维修不断，严重影响业主正常生活。小区于2023年7月底正式交付，2023年国庆开始有较多业主陆续入住，春节前业主大量入住。交付之后小区地砖就已经开始陆续出现松动，开发商辩称集中装修期大车进出频繁所致，虽进行过局部维修更换，但地面铺装的质量问题从未完全解决，甚至更为严重。仅2024年春节后小区地面铺装已经至少大规模维修4次，间隔短，维修时间长，且部分地砖已经开始破损，严重影响业主正常出行和生活（详见附件）。诉求：投诉地面铺装质量问题，要求开发商处理。 ==> no  
2025-05-27 08:23:52,807 ChatBI->     INFO     层级抽取文档： 市民来电反映:上述地址小区物业在未经过业主大会同意的情况下将小区外来车辆停车费提高至10元/小时。诉求：投诉物业乱收停车费。（市民要求信息保密 需回复） ==> yes  
2025-05-27 08:23:52,807 ChatBI->     INFO     层级抽取文档： 【重新交办,要求：答复要点与实际不符，市民要求的是一份调解记录，作为三方沟通的依据，并非所谓的证明，居委主任是在扭曲其诉求，故要求再行处理。最近办结的工单编号:20240102030912，工单内容:市民来电反映:静安区汾西路635弄1号302室业主，和物业经理发生矛盾有争执，2024年1月2日17:15要求居委会为其协调解决问题并要求居委做笔录被拒绝，诉求：需要核实情况给其说法，要居委为其协调处理问题（需回复）】 ==> yes  
2025-05-27 08:23:52,807 ChatBI->     INFO     层级抽取文档： 【台风】市民来电反映:上述地址小区内积水严重，污水粪便都已经反流到1楼的楼道中了，物业电话打不通，严重影响居民正常生活。诉求：请管理部门核实尽快彻底疏通修复。（需回复） ==> yes  
2025-05-27 08:23:52,807 ChatBI->     INFO     层级抽取文档： 市民来电补充信息。市民补充信息内容为其反映后至今无人处理。市民诉求：请管理部门核实后尽快处理。【最近派发的工单编号：20240522006434，工单内容：市民来电反映:松江区洞泾镇沪松公路2871弄洞北小区1号楼301室.302室存在装修破坏承重墙的情况，其表示物业也没有管，诉求：请管理部门核实并要求督促恢复承重墙（市民要求信息保密 无需回复）】 ==> yes  
2025-05-27 08:23:52,808 ChatBI->     INFO     层级抽取文档： 市民来电反映:上述地址，市民房子是2019年拿的，家中漏水已经一年了，物业来进行过里面的维修，但是一直没有得到改善，市民表示这次台风之后很多家都有漏水情况，那就是外墙渗水，市民跟物业进行反馈，物业说是房屋质量问题，需要找开发商。诉求：请管理部门核实彻底解决房屋漏水问题。 ==> yes  
2025-05-27 08:23:52,808 ChatBI->     INFO     层级抽取文档： 市民来电反映:上述地址使用权房，公共区域天井上面的屋顶上，有很多垃圾，虫卵，蚊子，市民向居委反映，要求清扫，居委让其找物业，市民拨打962121，被告知只负责维修，不负责清扫，市民表示属于南房集团管辖，诉求：希望管理部门核实，协调安排清扫（需回复）。 ==> yes  
2025-05-27 08:23:52,808 ChatBI->     INFO     层级抽取文档： 市民来电反映:上述地址物业在小区内进行施工后，没有对绿化做好杀虫工作。导致有蜈蚣经常跑到居民家中。市民向物业反映，物业不作为。诉求：投诉物业不作为。 ==> yes  
2025-05-27 08:23:52,808 ChatBI->     INFO     层级抽取文档： 市民来电补充信息。市民补充信息内容为1月31日其接到管理部门回复，管理部门以小区存在大量此情况，如果处理此户居民，小区其他居民可能有意见，市民对此不认可，这是管理部门不作为的推脱，要求上级部门介入处理【最近派发的工单编号：20240117029935，工单内容：市民来电反映：上述地址居民在进行住宅装修时，在公共的走廊里加装了一扇铁门，侵占了一部分的公共区域，该情况有向居委会反映过，目前已经过去一个多月了，没有任何人过来整治。诉求：希望管理部门尽快派人整治。（市民要求信息保密，需要回复）】 ==> yes  
2025-05-27 08:23:52,808 ChatBI->     INFO     层级抽取文档： 市民反映相同事项。【最近派发的工单编号：20240907031280，工单内容：【商家地址/名称:未提供,时间:2024/05/2216:10:00,涉及金额:未提供】我是中铁虹桥逸都的业主，小区正面临严峻的新房质量及安全问题，我特向政府12345平台强烈ts中铁置业：1、小区连廊设计存在重大安全隐患。其高度虽符合《民用建筑设计通则》第6.6.3条规定的栏杆高度标准，但未按该条款中“住宅、托儿所、幼儿园、中小学及少年儿童专用活动场所的栏杆必须采用防止少年儿童攀登的构造”规定采取防止儿童攀登构造。小区采用水泥墙加铁栏杆结构，此结构发生的儿童坠落案例比比皆是。作为家长，我感到非常担忧，要求紧... ==> no  
2025-05-27 08:23:53,223 ChatBI->     INFO     step_scores: ['no', 'yes', 'no', 'yes', 'no', 'yes', 'no', 'yes', 'yes', 'yes']
2025-05-27 08:23:53,224 ChatBI->     INFO     层级抽取文档： 市民来电补充信息。市民补充信息内容为希望能给市民具体负责该事项的工作人员的联系方式。【最近派发的工单编号：20240408015990，工单内容：【重新交办,要求：按答复要点告知市民,市民表示答复要点与实际不符，市民称其了解到开发商有承认有问题但现在一直回避问题，来电要求公开资料，告知如何获取该资料，要求管理部门实地勘验鉴定。最近办结的工单编号:20240315033261，工单内容:市民来电反映：称其在整理小区内照片时发现小区所有楼房室内大面积使用可燃材料市民表示存在消防隐患，市民诉求：希望管理部门介入检查房屋中的材料是否合规。并且希望检查时有居民同时在场。】 ==> no  
2025-05-27 08:23:53,224 ChatBI->     INFO     层级抽取文档： 市民来电反映:上述地址的物业的何琳在市民反映阳台封窗漏水的问题的时候没有帮助市民处理封阳台的问题，不核实情况也不回复市民，诉求：要求投诉上述地址物业的何琳。 ==> yes  
2025-05-27 08:23:53,224 ChatBI->     INFO     层级抽取文档： 市民来电反映:上述地址居民近期在进行装修，对方把建筑垃圾都堆放在外面不清理，并且围墙里面可能有违建，希望管理部门核实处理整治（市民要求信息保密 无需回复） ==> no  
2025-05-27 08:23:53,224 ChatBI->     INFO     层级抽取文档： 市民来电反映:市民来电补充信息。市民补充信息内容为从22年开始就已经将电梯的款项给到电梯的安装公司，但是不清楚居委会不同，还要求上述居民不知道什么内容的承诺书，3月7日管理部门联系市民仅仅只是告知需要开会，开会的内容管理部门也没有告知，上述地址从3楼开始都是老年人居多。诉求：请管理部门明确告知开会的内容以及尽快督促电梯开工。【最近派发的工单编号：20240228012255，工单内容：】 ==> yes  
2025-05-27 08:23:53,224 ChatBI->     INFO     层级抽取文档： 市民反映：上述地址小区正在进行大修，但是大修施工队把施工材料乱堆放，影响居民出行，施工实施单位是西部集团，诉求：希望管理部门对这种情况进行整改。 ==> no  
2025-05-27 08:23:53,224 ChatBI->     INFO     层级抽取文档： 市民来电补充信息。市民补充信息内容为市民表示9月23日报警三次，警察走了之后该户又在继续施工，现在墙体从外面看上去已经变形了。希望管理部门可以尽快处理要求他们停工。【最近派发的工单编号：20240920029569，工单内容：市民来电反映:上述房屋是六十年代老旧小区，280号是五层楼，304室野蛮施工，楼下多处漏水，墙壁只是有3公分，城管让物业联系三所联动，物业没有联系，墙体也没有恢复，物业图纸缺失，城管要求申请鉴定，但不让对方停工，按程序让对方停工先做监定，现在不让对方十几个小时加班施工，这次9月16日台风，同楼每家都漏水。物业根本来不及维修。9月20日台风天又漏水。诉求：要求住建委阻... ==> yes  
2025-05-27 08:23:53,224 ChatBI->     INFO     层级抽取文档： 市民来电咨询:住宅分类属于一类二类三类的具体标准 ==> no  
2025-05-27 08:23:53,224 ChatBI->     INFO     层级抽取文档： 市民来电反映:上述地址小区南大门小花园内有人晾晒衣物，诉求：希望有关部门督促物业加强管理进行劝阻（需要回复） ==> yes  
2025-05-27 08:23:53,224 ChatBI->     INFO     层级抽取文档： 【重新交办，要求：按答复市民要点告知市民，市民表示前件答复市民要点不符，其根本没有接到任何电话，物业只是放了几个桩桶，没有写着禁止停车标示，业主多次与居委会及物业反映，置之不理，也不设立禁止停车标示，保安玩忽职守，保安引领车辆非法停，保安明知故犯，导致违规停车比原来放桩桶桶还要严重。距离居民窗子不足3米区域内停放了多辆机动车与非机动车，混乱不堪，其有视频为证。其诉求：请管理部门核实并要求继续处理违规停车事宜（需回复）最近办结的工单编号：20240817004040，工单内容：上述小区102厨房间和书房窗台下长期存在不固定时间段的有车辆停放，但该区域没有划停车位，属于违规停放，市民表示整个... ==> yes  
2025-05-27 08:23:53,224 ChatBI->     INFO     层级抽取文档： 市民来电反复催单。催单原因：市民称管理部门至今未给予任何回复，请管理部门尽快处理。【最近派发的工单编号：20240618021375，工单内容：重新交办，要求：按答复要点告知市民，市民表示答复要点不明确，目前只是修了外墙，内墙的问题还没有修，让市民打官司，也没有人理会市民来电反映:希望管理部门再次核实解决。工单内容：:市民来电反映:其是德都路218弄26号601居民，屋顶改造后家里卧室开始漏水，外墙已经帮其做了防水处理，但是内墙之前镇政府告知会帮其处理，恢复原样，但是现在反悔了。不管了。要求管理部门核实协调恢复内墙。需回复】 ==> yes  
2025-05-27 08:23:53,657 ChatBI->     INFO     step_scores: ['yes', 'yes', 'yes', 'no', 'no', 'yes', 'no', 'yes', 'no', 'yes']
2025-05-27 08:23:53,657 ChatBI->     INFO     层级抽取文档： 办理结果不满：对物业诉求整改，第一天非常敷衍，第二天挂业主电话两次，并在业主全程没有任何阴阳怪气和骂人的情况下侮辱业主，要求城北小区物业道歉。补充地址青浦区城北新村水箱附近路灯。市民要求信息保密。【最近派发的工单编号：20240123027595，工单内容：上述地址路灯太亮了，正对着市民的卧室（详见附件）。诉求：降低路灯亮度。】 ==> yes  
2025-05-27 08:23:53,658 ChatBI->     INFO     层级抽取文档： 市民来电反映:其上述小区业委会4月发布了停车规定，皖P2Z320，苏HJN945，赣AWH358，皖KHV795,浙F592CF，鲁Q01AN6，粤RTC893，长时间停在小区内，市民表示外来车辆过夜停车费80元/天，市民表示物业保安可能私自将外来车辆放入小区停车，所收利益归自己所有。导致小区业主的机动车无法停放。诉求：望管理部门核实以上这些车牌是否属于小区三证合一的机动车，监督物业能严格遵守业委会4月1日推出的停车政策。（市民要求信息保密 无需回复） ==> yes  
2025-05-27 08:23:53,658 ChatBI->     INFO     层级抽取文档： 市民来电反映:上述地址从90年开始水泵和电梯一直都没有更换过，每个月都会发生故障，并且还没有人维修，影响正常生活，联系物业，物业也称没有办法，诉求：希望管理部门协调尽快更新。 ==> yes  
2025-05-27 08:23:53,658 ChatBI->     INFO     层级抽取文档： 市民来电反复催单，市民表示城管来电居然称没有违规，市民非常气愤，市民表示对方违反（住宅室内装饰装修管理办法的相关条例），改变了房屋主体结构，市民表示此类改动是要原设计单位批准的，对方根本未向房地产主管部门提出申请，且对方破坏了卫生间厨房间防水层。市民诉求：望相关部门核实尽快让能处理的部门处理。（市民要求需要回复）【最近派发的工单编号：20240110000324，工单内容：【重新交办：要求：答复要点与实际情况不符，市民表示二房东叫朱海东，业主叫杨军，现在在违规装修，将原来的雨水管道切掉换成细的管道，更改了房屋主体结构必须要有相应资质的机构审核通后才能装修的，现在未按规定审核属于违法的。诉... ==> no  
2025-05-27 08:23:53,658 ChatBI->     INFO     层级抽取文档： 市民反映：开发商存在明显的虚假宣传，售房沙盘上明确标注的绿化景观，在实际建设中被替换为下沉广场，且该广场为隔壁商业地块使用，严重侵占住宅用地，严重损害了全小区业主的合法权益。规划局在审批过程中存在明显的不当行为。在住宅用地已出售的情况下，规划局仍然同意了商业图纸的变更，且变更部分直接损害了住宅业主的权益。更为严重的是，规划局对商业建筑侵占住宅用地的情况视而不见，商业建筑距离用地红线的规划退界明显不满足规划条例要求。诉求：投诉杨浦区规划局违规审批。 ==> no  
2025-05-27 08:23:53,658 ChatBI->     INFO     层级抽取文档： 市民来电反映:其是上述小区的居民，该楼栋是一个电梯，于7月26日上午损坏在4楼，市民前往4楼按了紧急通话按钮，没有回应，由于通话按钮是通知保安休息室，而保安一般是在保安亭的。市民向物业保安反映后，于中午修好了，市民于17点回家，发现电梯又坏了，咨询维修人员，维修人员表示没有材料，需要采购材料，市民不认可，表示坏的方式都是钢丝绳坏了，为什么材料不一样。市民于7月27日联系物业，物业表示也不清楚维修日期。市民表示该小区物业和业委会关系微妙，车位由业委会管理，物业有消极怠工现象。诉求：请管理部门督促尽快修复电梯。 ==> yes  
2025-05-27 08:23:53,658 ChatBI->     INFO     层级抽取文档： 市民咨询：上述地址沿街一楼是否属于商铺，是否属于小区配套，如是商铺想租借如何联系。诉求：希望管理部门核实告知。 ==> no  
2025-05-27 08:23:53,658 ChatBI->     INFO     层级抽取文档： 市民来电咨询:2月22日市民的车辆停在上述地址小区内，当天21:00多物业联系让其挪车，有业主称该车位是其的固定车位，市民表示按规定小区地面车位不能设置固定车位，应采取先到先停的方式，诉求：希望管理部门核实，物业的行为是否合规（需回复）。 ==> yes  
2025-05-27 08:23:53,658 ChatBI->     INFO     层级抽取文档： 市民来电咨询:上述地址7月交房的房子承诺是半年内会下发房产证，目前房产证还未下发，该小区已经在卖地下车位了且车位有产权证，诉求：请管理部门核实情况并告知市民买卖车位是否合理。 ==> no  
2025-05-27 08:23:53,658 ChatBI->     INFO     层级抽取文档： 市民来电咨询:其是上述地址业主，其家需要进行装修，其需要房屋结构图，其找到物业咨询，物业称因为年限过久找不到材料，诉求：请管理部门核实并要求告知市民上述地址房子的房屋承重结构图在哪里可以找到（需回复） ==> yes  
2025-05-27 08:23:54,084 ChatBI->     INFO     step_scores: ['no', 'no', 'yes', 'yes', 'no', 'yes', 'yes', 'no', 'yes', 'yes']
2025-05-27 08:23:54,084 ChatBI->     INFO     层级抽取文档： 市民补充信息：诉求人姓名：张天豪，市民称反馈后无人联系其，要求电话告知受理情况和办结情况，质疑青浦住建委+第三方监理海天工程不作为，举报金地管理层及涉嫌违规验收通过的监理部门，开发商：上海鑫京汇房地产开发有限公司，项目编号：023649、预售许可证：青浦房管(2022)预字0000360号，项目编号：023522、预售许可证：青浦房管(2022)预字0000287号，项目做完部分有严重质量问题，出现房梁歪斜、墙体水管破裂及漏水、墙体裂开倾斜等结构性问题，除空调、下水、燃气、门锁、地库入户属合同交付范围，地库等均未完工。【最近派发的工单编号：20241128027672，工单内容：上述地址... ==> no  
2025-05-27 08:23:54,084 ChatBI->     INFO     层级抽取文档： 市民来电反映:其在上述地址房屋中介租了公寓，市民表示入住前中介公司承诺会对公寓进行维修处理，结果市民入住后发现都是需要维修的问题，现在还出现房屋漏水问题，联系中介公司推诿拖延处理还影响市民生活以及工作，故市民投诉该中介公司，要求管理部门介入处理。 ==> no  
2025-05-27 08:23:54,085 ChatBI->     INFO     层级抽取文档： 市民来电补充信息。市民补充信息内容为要求每人派发一把钥匙，希望管理部门核实处理。【最近派发的工单编号：20240913010587，工单内容：市民来电反映:其收到短信，9月13日小区维修基金使用了近13000元，8月26日也有近6000元的支出。物业公示是为了铺2号楼地下车库的楼梯，但该项目消防审核不通过，并没有落实，因此还为此用了19000多元，市民对于维修基金的安全性产生质疑。诉求：请管理部门核实并妥善处理。（市民要求信息保密 无需回复）】 ==> yes  
2025-05-27 08:23:54,085 ChatBI->     INFO     层级抽取文档： 市民来电反映: 上述地址2023年9月交付，市民称7月左右其房屋开裂，主卧三堵墙开裂，楼顶渗水开裂。市民已向物业反映，其表示暂时不需要维修。诉求：投诉上述地址房屋存在质量问题
 ==> yes  
2025-05-27 08:23:54,085 ChatBI->     INFO     层级抽取文档： 市民来电补充信息。市民补充信息内容为：现对方发了一份延期声明，表示因为不可抗力因素交房要延期到七月底，但是具体什么情况没有说明，希望管理部门核实处理该问题【最近派发的工单编号：20240621007684，工单内容：市民来电反映:其购买的上述地址房屋，合同上写明6月20日交房，市民称时间到了房屋没有交，也没有收到延期交房的通知，诉求：请管理部门核实该处房屋交房情况。】 ==> no  
2025-05-27 08:23:54,085 ChatBI->     INFO     层级抽取文档： 市民来电反复催单。催单原因：市民称管理部门至今未给予任何回复，请管理部门尽快处理。【最近派发的工单编号：20240603023215，工单内容：【投诉】市民来电反映:其于前工单编号：20240515008726，告知其只是停车租赁费用做了变更，但其在小区停车位还是没解决。诉求：投诉管理部门不作为，不为民考虑。（市民要求信息保密 需回复）】 ==> yes  
2025-05-27 08:23:54,085 ChatBI->     INFO     层级抽取文档： 市民来电咨询:上述地址房子在走交易流程，但是可以提前装修了，物业没有承重墙的图纸，诉求：请管理部门核实告知，哪里可以获得该房屋承重墙的图纸。（需回复） ==> yes  
2025-05-27 08:23:54,085 ChatBI->     INFO     层级抽取文档： 市民补充信息：9月10日102租户多次破坏绿化，违规增设道路，占用公共空间违规堆放。望有关部门积极处理。【最近派发的工单编号：20240829026435，工单内容：市民反映：上述地址改变住宅性质，违规堆放货物，做仓储使用，人货混住，消防隐患，并有陌生人员上门，对楼道居民有严重安全隐患。诉求：请管理部门核实处理居改非问题。】 ==> no  
2025-05-27 08:23:54,085 ChatBI->     INFO     层级抽取文档： 【重新交办，要求：答复要点与实际情况不符，嘉定区房管局和街道房管部门多次向居民答复2024年四季度维修，现已至四季度末，各部门和开发商随便找一个推脱，无后续计划，无施工方案。诉求：要求再次处理，公示鉴定报告、方案和计划。最近办结的工单编号：20241031034305，工单内容：小区自交房后2年内出现大范围外墙脱落至今，随着时间推移，外墙质量问题更严重，已达到危房程度，物业仅将小区采用警戒线全部拉满，外墙质量问题已严重影响小区的正常使用，严重危及人身、财产安全，要求管理部门主导维修方案和维修计划的推进和落地，维修方案应满足标准，维修时间应按此前承诺的第四季度。(详见附件）诉求：请管理部门... ==> yes  
2025-05-27 08:23:54,085 ChatBI->     INFO     层级抽取文档： 市民来电反映:其为上述地址居民，其楼上302室卫生间一直漏水，该房屋目前委托给自如房屋公司进行管理，市民多次联系该公司及物业，物业表示是该卫生间防水没有做好导致漏水，对方一直不处理，有时半夜洗澡仍在漏水，诉求：希望管理部门核实处理协调沟通处理方案。 ==> yes  
2025-05-27 08:23:54,488 ChatBI->     INFO     step_scores: ['yes', 'yes', 'yes', 'yes', 'yes', 'no', 'yes', 'no', 'yes', 'yes']
2025-05-27 08:23:54,488 ChatBI->     INFO     层级抽取文档： 市民反映：居委会斜对面一户人家底楼违章搭建（详见附件），因为该户年纪大态度强硬，物业不管，对于停车位上的站位设施没有问过居民就擅自处理，好几户居民并没有接到通知，就挪走设施。市民认为要解决一起解决，不能区别对待，再有不提前告知，造成市民的损失希望给与赔偿。诉求：投诉物业、居委不作为。（市民要求信息保密，需要回复） ==> yes  
2025-05-27 08:23:54,488 ChatBI->     INFO     层级抽取文档： 【重新交办：答复要点与实际不符：市民表示管理部门没有联系过市民，乱停车问题没有得到解决，居委会工作人员也找不到。要求管理部门彻底解决停车问题。最近办结工单编号：20240526004104，工单内容：市民来电反映:浦东新区周秀路26弄汇福家园平安里北区内有存在机动车乱停放的现象，此事通过随申拍也反映过几次，也没有得到改善，物业就是让外来车辆进入停放，也不管理，对方车也乱停，目前出现了两辆车并排停放在小区内通道上，致电也不挪车，给小区的住房的车辆出行带来了隐患，现诉求：请管理部门让物业加强小区内的停车管理，并且不要让外来车辆进入小区停放。（市民要求信息保密 需回复）】 ==> yes  
2025-05-27 08:23:54,488 ChatBI->     INFO     层级抽取文档： 市民来电反复催单。催单原因：市民称管理部门至今未给予任何回复，请管理部门尽快处理。【最近派发的工单编号：20241101034359，工单内容：市民来电反映:上述地址在2010年进行美丽家园工程后，楼道内的过道和走廊的窗户每次下雨都会漏水，导致楼道内积水。诉求：希望尽快维修解决。】 ==> yes  
2025-05-27 08:23:54,489 ChatBI->     INFO     层级抽取文档： 市民来电反映:近期家里厨房卫生间漏水，市民向物业反映，物业表示是楼上装修导致，装修公司表示是水管老化导致，诉求：希望尽快帮助其维修，解决漏水问题。 ==> yes  
2025-05-27 08:23:54,489 ChatBI->     INFO     层级抽取文档： 市民来电反映:上述地址小区物业突然宣布3月份开始小区地下车位要出售。市民表示原来小区车位是租赁形式的。市民表示物业公布的车位价格在300000到400000元之间，远高于市民周边同档位小区车位价格。市民希望管理部门能告车位出售价格的依据。诉求：请管理部门协调物业告知市民其制定的小区车位出售价格的依据 ==> yes  
2025-05-27 08:23:54,489 ChatBI->     INFO     层级抽取文档： 市民来电反映相同事项，要求派给浦东应急管理部门。【最近派发的工单编号：20240201005468，工单内容：市民来电反映:上述地址：上海康业建筑装饰工程有限公司，装修总包：浦东新区丹桂路999号D2D4楼装饰装修工程，噪声，化学毒物等职业病危害因素，根据《职业病防治法》第十六条规定：国家建立职业病危害项目申报制度，用人单位工作场所存在职业病目录所列职业病危害因素的，应及时如实向所在地卫生行政部门申报项目，接受监督。诉求：第一、核实上海康业建筑装饰工程有限公司是否完成浦东丹桂路999号D2D4楼装饰装修工程职业病危害项目申报。第二、核实浦东丹桂路999号D2D4楼装饰装修工程是否完成职业... ==> no  
2025-05-27 08:23:54,489 ChatBI->     INFO     层级抽取文档： 市民来电反映:2023年底房子装修好房子，物业收取了5000元的清运垃圾费，现在房子装修结束了，有1700元需要退费，但物业一直不退。物业收费人员姓名：张雪刚。该人员表示已经不在上述物业了，市民联系不上上述地址物业人员。诉求：要求退费。 ==> yes  
2025-05-27 08:23:54,489 ChatBI->     INFO     层级抽取文档： 市民来电咨询:链家业务员将蟑螂扫 ==> no  
2025-05-27 08:23:54,489 ChatBI->     INFO     层级抽取文档： 市民来电反映:近几年停车费一直是一千元一年，但是2024年开始费用变为了150元每月，计算下来是1800元一年，询问物业后对方表示是业委会征询过的规定，但市民表示其并不知道该情况，并且就其了解下来其小区停车收费各有不同，有150元每月也有120元每月也有类似于市民一样交一千元一年，市民表示业委会的成立就不符合规定，诉求：请管理部门核查其业委会的相关要求是否合规。 ==> yes  
2025-05-27 08:23:54,489 ChatBI->     INFO     层级抽取文档： 市民来电反映:小区开了很多门，验收不通过，封闭了门，通过验收后，又破墙开门。外省市小区。 ==> yes  
2025-05-27 08:23:54,930 ChatBI->     INFO     step_scores: ['yes', 'no', 'no', 'yes', 'yes', 'no', 'yes', 'no', 'yes', 'yes']
2025-05-27 08:23:54,931 ChatBI->     INFO     层级抽取文档： 市民来电反映:其小区有600多个车位，前段时间小区出售车位，结果只卖出去140多个，市民认为剩下车位应该按照规定除了物业自持出租，应该用于出租，但实际上只有290个车位被拿出出租，且只能短租，每个月都要重新签订合同，人为造成阻碍，逼迫业主买车位。要求投诉。（市民要求信息保密 需回复） ==> yes  
2025-05-27 08:23:54,931 ChatBI->     INFO     层级抽取文档： 市民反映：【商家地址/名称:虹桥商务区,时间:2024/05/2216:10:00】自3月起虹桥逸都小区业主陆陆续续发现新房从安全、设计、用材、施工、监工等各个方面均存在问题，完全不符合该盘6.2万元/平该有的品质，严重存在降标降本、安全隐患的问题。业主们将大大小小几十项问题提交至开发商处寻求沟通解决，但开发商针对业主关心的核心问题避重就轻。几个月来与开发商的沟通交流困难，开发商每次会议前各种设置阻碍（包括但不限于深夜临时更换场地、无故取消、迟到1小时以上等）；截止到8月18日，甚至直接将约定的线下交流会临时更换为线上开发商单方发布会，禁止业主发言；前期8月10日会议上已经有意整改的核心... ==> no  
2025-05-27 08:23:54,931 ChatBI->     INFO     层级抽取文档： 市民来电补充信息。市民补充信息内容为，其有接到房管局电话，工作人员称会去研究，没有告知其处理时间，但其房子有抵押，垫资公司每天收费，诉求：请管理部门核实并要求尽快给其处理结果及明确解释（需回复）【最近派发的工单编号：20240629021106，工单内容：6月29日其在张杨路房产交易中心办理一套商住两用房的交易，市民称该处房屋在1月的交易价格为107万元，现在的核定价为152万元，市民认为该核定价的标准不合理。诉求：要求管理部门核实后，对核定价的制定标准给予解释。】 ==> no  
2025-05-27 08:23:54,931 ChatBI->     INFO     层级抽取文档： 市民来电补充信息。市民补充信息内容为城管来电告知市民，要联合物业和居委一同上门查看，确定是否违规。请城管、物业和居委尽快联动要求早日整改。【最近派发的工单编号：20240506007701，工单内容：市民来电反映:上述地址居民在装修，把卫生间改成厨房间，房间隔成好多间，诉求：对于装修破坏房屋结构核实整治。（市民要求信息保密 无需回复）】 ==> yes  
2025-05-27 08:23:54,931 ChatBI->     INFO     层级抽取文档： 市民来电反映:自己住上述地址小区，一到下雨天该楼栋入口处有大量积水，且2楼墙面还有渗水，和物业与开发商反馈但一直无果，诉求：要求管理部门尽快解决下雨天楼栋入口处大量积水与2楼墙面渗水问题（信息保密无需回复） ==> yes  
2025-05-27 08:23:54,931 ChatBI->     INFO     层级抽取文档： 市民补充信息：补充地址为白鹤镇程鹤路383弄宝业活力佳苑。该小区精装房的橱柜质量非常差，甲醛超标严重。且空调几乎没有制冷效果。希望管理部门督促宝业开发商尽快整改。【最近派发的工单编号：20240925010472，工单内容：商家地址/名称:未提供,时间:2024/09/2510:19:00,涉及金额:未提供 上海宝延房地产开发有限公司新交付半个月的几百户精装房竟然出现了几乎所有交付房屋漏水问题，开发商数衍维修，暴力维修。厨房的橱柜使用甲醛含量超标的中密度板，墙壁质量让人担忧，空调是卖不掉的超低配置，我们全体业主打算采用网路曝光形式合法维护自身权益。】 ==> no  
2025-05-27 08:23:54,931 ChatBI->     INFO     层级抽取文档： 市民来电反映: 上述地址7月6日开始房顶漏水，但是物业一直找不到漏水点。物业也不愿意请专业公司解决，导致市民生活受到影响，诉求：要求物业找到漏水点并且对于市民的损失进行赔偿，需回复 ==> yes  
2025-05-27 08:23:54,931 ChatBI->     INFO     层级抽取文档： 市民来电补充信息。市民补充信息内容为市民还需要明确房屋开裂维修费用由谁出？市民已多次重复来电，且情绪激烈，请管理部门及时做好处置。【最近派发的工单编号：20240306012948，工单内容：【重新交办，按答复要点告知，市民表示答复要点与实际不符，市民表示问题没有解决，房屋开裂不是他造成的，谁来承担责任也没有说明清楚。诉求：拿出解决方案。（不要电话联系，要求现场实地查看联系解决）最近办结的工单编号：20240227002924，工单内容：重新交办，答复与事实不符，管理部门不肯实地查看，说会商量一下，也没有给予解决方案，40-50吨车还在走，诉求领导到现场查看，给予解决方案。工单内容:重新... ==> no  
2025-05-27 08:23:54,931 ChatBI->     INFO     层级抽取文档： 市民来电反映:上述小区居民在消防通道堆物，严重影响到消防安全。联系过物业，但处理不下来。诉求:希望管理部门帮助，进行整治。 ==> yes  
2025-05-27 08:23:54,931 ChatBI->     INFO     层级抽取文档： 市民来电反映:上述地址的小区宝正物业不给其登记出租的停车位。其表示自己是业主应安排其车位。诉求：请管理部门核实并协调物业给业主登记停车位。（市民要求信息保密 需回复） ==> yes  
2025-05-27 08:23:55,290 ChatBI->     INFO     step_scores: ['no', 'yes', 'no', 'yes', 'yes', 'no', 'yes', 'yes', 'yes', 'no']
2025-05-27 08:23:55,290 ChatBI->     INFO     层级抽取文档： 市民补充信息：楼盘施工进度严重滞后，而同期开盘的其他楼盘均已预看房甚至交房；2024年5月至今，施工进度几乎无变化，工地几乎处于停工状态，业主多次去现场，发现工地没有工人施工；2024年6月、7月家书未更新，经业主投诉后，8月、9月更新家书但大部分内容相同，说明实际无进度；开发商8月份表示室内精装部分已基本完成，实际9月12日仍有大量空调外机放在楼下没有安装，室内厨房、卫生间等大量工作未完成；开发商态度敷衍，在业主努力下目前召开四次座谈会，但无明显进展，开发商现在已经不接电话、不回复消息，几乎处于失联状态。希望管理部门介入，召开三方座谈会，解决当前存在的问题。【最近派发的工单编号：202... ==> no  
2025-05-27 08:23:55,290 ChatBI->     INFO     层级抽取文档： 【重新交办，要求：根据答复市民要点告知市民，市民表示答复要点不明确，市民表示上述地址楼梯口前面排水不畅，严重积水的问题没有解决，严重影响居民生活。4月1日小区刚刚更换了物业公司，要求尽快解决积水问题。最近办结的工单编号:20231218003919，工单内容:市民来电反映:上述地址小区9号楼前的道路路面有明显的高低差、凹凸不平；20号楼前的道路路面也是严重损坏。市民表示导致雨天排水不畅，积水现象十分严重，且现在又是低温天气，会引起路面结冰，引发事故。诉求：望管理部门尽快派人维修路面，解决排水问题。】 ==> yes  
2025-05-27 08:23:55,290 ChatBI->     INFO     层级抽取文档： 市民来电反映:其通过上述地址购买了一套房屋，当时宣传小区大门有一个门头，现在马上交付了发现并没有这个门口只有两根栏杆，围墙也没有专门的，只是用楼栋的一面做为围墙，现在开发商就以资金问题推诿，也没有一个正面解释，诉求：希望管理部门协调查处给予合理说法。 ==> no  
2025-05-27 08:23:55,290 ChatBI->     INFO     层级抽取文档： 市民来电反映:其是上述村里上班，交了两个月停车费，其的车辆沪C转大牌后物业未及时帮助其做车辆信息变更，导致车辆变成了临时车牌，每天要付停车费。诉求：请管理部门核实投诉物业的行为。 ==> yes  
2025-05-27 08:23:55,290 ChatBI->     INFO     层级抽取文档： 市民来电反映: 上述地址小区地下停车库，常年渗水，7年的房屋，和小区物业沟通多次无果。诉求：请管理部门核实，要求物业尽快维修。（需回复） ==> yes  
2025-05-27 08:23:55,290 ChatBI->     INFO     层级抽取文档： 人工服务。 ==> no  
2025-05-27 08:23:55,290 ChatBI->     INFO     层级抽取文档： 市民来电反映:其在上述地址居民，由于油烟机管道漏水导致其家里油烟机坏了，联系过物业，但是物业不维修，诉求：希望管理部门协调尽快帮助维修解决。 ==> yes  
2025-05-27 08:23:55,290 ChatBI->     INFO     层级抽取文档： 市民来电反映:拆迁安置房装修交了1800元垃圾清运费给物业。物业说没收钱，是清运公司收的，清运公司说敲了保温层产生垃圾就要付钱。诉求：请管理部门让物业退钱。（需回复） ==> yes  
2025-05-27 08:23:55,290 ChatBI->     INFO     层级抽取文档： 市民来电反映:市民来电补充信息。市民补充信息内容为房管局联系市民称会尽快安排，查下来维修问题还没有移交给房管局，给到市民一个联保的电话，问题还未解决，要求找部门尽快处理【最近派发的工单编号：20240406002403，工单内容：市民来电反映:上述地址房屋是2023年12月底交付了，房屋内的淋浴器使用时有警报声。市民反馈物业管家，物业管家让市民联系全国联保报修，联系全国联保表示该处还没有验收，需要找工程部。市民再次联系物业，物业不接电话。诉求：请管理部门尽快修复。】 ==> yes  
2025-05-27 08:23:55,290 ChatBI->     INFO     层级抽取文档： 市民来电反映:市民来电补充信息。市民补充信息内容：市民希望寄送材料，希望处理部门回复告知邮寄的地址。【最近派发的工单编号：20240501000201，工单内容：重新交办，要求：答复要点与实际情况不符，市民表示其8楼居民管道根本没有整改好，水仍然排在自己家阳台里， 市民对此不满，诉求：请管理部门继续让其整改（需回复）】 ==> no  
2025-05-27 08:23:55,733 ChatBI->     INFO     step_scores: ['yes', 'yes', 'no', 'no', 'no', 'yes', 'no', 'no', 'yes', 'yes']
2025-05-27 08:23:55,733 ChatBI->     INFO     层级抽取文档： 【重新交办，要求：答复要点与实际情况不符，市民称该地2006年建造后该地是停车场，有划停车位，且管理部门有做过义卖，80多平方米被分作2块，1块是停车场，1块是垃圾房，2020年管理部门才将该地封起来，因是1个物业公司，才将商铺的停车场变为垃圾房，管理部门答复的图纸是居委会的图纸，不是规划部门的图纸，偷换概念，故再次来电投诉。诉求：要求人防部门核实规划部门的图纸，并予以处理。（需回复）最近办结的工单编号:20241014024658... ==> yes  
2025-05-27 08:23:55,733 ChatBI->     INFO     层级抽取文档： 市民反映：因为小区停放非机动车和其他物体占位无人管理，让遵守规则的人不得已采用电瓶车等非机动车或者其他物体占用公共车位，导致纷争不断。要求：1. 集中排查，对随意用非机动车，私桩占用车位的问题进行摸底，详细记录停放的车主，地点时间进行记录 2. 开展整治，对于随意占用公共车位的居民进行劝导教育，并且粘贴警告，要求尽快移走非机动车和私桩，设定时间期限，由物业暂停享受长租车的优惠费率。3.... ==> yes  
2025-05-27 08:23:55,733 ChatBI->     INFO     层级抽取文档： 【重新交办，内容：市民表示答复市民要点不明确，市民有提到地基下挖的问题，管理部门对此没有给出说明。诉求：请管理部门就地基下挖进行查处。（市民要求信息保密 需回复） 最近办结的工单编号:20230911016587，工单内容:市民来电反映:其之前租借了上述地址的房屋，关于该房屋的落地窗，咨询了各个部门是否可以开门，但是都被告知不可以，但是现在其发现该处的落地窗开门了，并且经过了城管的允许，诉求：请管理部门核实处理给予解释】 ==> no  
2025-05-27 08:23:55,733 ChatBI->     INFO     层级抽取文档： 市民来电反复催单。催单原因：市民称管理部门至今未给予任何回复，请管理部门尽快处理。【最近派发的工单编号：20240306018770，工单内容：重新交办，要求：答复要点与实际情况不符，根据答复要点告知，市民表示其是有办理上海市居住证，居住证的地址是在别的村，其是两边都居住的，其表示答复里告知带房东去村里登记，其带着房东去村里登记，将房东的免费停车名额登记在其名下，但是现在村内告知其因居住证地址不在蔡路村无法办理停车免费，并且就算把居住证地址改到蔡路村也需要满足一年，不足一年的情况下还是需要缴费，市民不认可。同时市民表示管理部门有核实过其车辆是停放在围墙内，是房屋范围内，没有占用公共资源，... ==> no  
2025-05-27 08:23:55,733 ChatBI->     INFO     层级抽取文档： 市民来电补充信息。市民补充信息内容为：12月6号公租房公司联系市民，解释内容其认可，其认为和他们没有多少关系，重点是开发商隐瞒客观事实，虚假销售，虚假宣传，涉嫌销售欺诈，现在开发商企图把矛盾导向居民和政府，希望管理部门核实处理。【最近派发的工单编号：20241205023924，工单内容：重新交办，要求：按答复市民要点告知市民，市民表示前件答复市民要点不明确，市民说根本无人主动联系告知处理结果，要求必须主动联系。市民表示答复中说是2022年9月提交的，但其是2022年的12月购房的，开发商不利因素里面没有关于停车位的问题。管理部门的公示文件或者材料在哪里，在哪里进行公示过，市民说公建房的... ==> no  
2025-05-27 08:23:55,733 ChatBI->     INFO     层级抽取文档： 市民来电反映:其是上述地址居民，市民表示厨房间的天花板上有渗水情况，联系物业多次上门都没有处理解决，也不知道具体是何原因，最终工作人员告知要上报物业经理，市民始终都没有联系上物业经理，问题一直得不到解决。诉求：要求尽快解决渗水问题，望管理部门核实协助处理。 ==> yes  
2025-05-27 08:23:55,733 ChatBI->     INFO     层级抽取文档： 【重新交办，要求：答复要点不明确，晨阳路35弄农商银行楼上居民家中水管严重老化濒临裂开，严重影响居民健康和造成家庭及邻居财产安全。反馈后回复无明确处置方案，十分不满意。诉求：请管理部门尽快给予解决方案。最近办结的工单编号：20240717025721，工单内容：重新交办，要求：答复要点与实际情况不符，市民反映：江镇农商银行（晨阳路35弄）楼上家中（1号502室）自来水管老化生锈，随时有断裂可能，迫切需要及时更换维修，但是没有物业，需要专业部门处理。已经反映属地管理部门至今未有处理结果。诉求：请尽快解决告知答复。（市民要求信息保密，需回复）最近办结的工单编号：20240706014589，... ==> no  
2025-05-27 08:23:55,733 ChatBI->     INFO     层级抽取文档： 市民来电反映:上述地址新建商品房原本是3月31日要交房了，但因开发商和总包发生矛盾，导致现在需要延期交付，市民认为开发商和总包的问题不应由业主进行承担，诉求：请管理部门督促尽快交房。 ==> no  
2025-05-27 08:23:55,733 ChatBI->     INFO     层级抽取文档： 市民来电反映:上述地址房屋是新交房屋，现因最后一批房屋还在改造导致第一批交房的房屋外墙玻璃非常脏，居民已经反映到物业要求开发商清理玻璃，但至今都没有处理。诉求：希望管理部门核实并处理解决（需回复） ==> yes  
2025-05-27 08:23:55,734 ChatBI->     INFO     层级抽取文档： 市民来电反复催单。催单原因：市民称管理部门至今未给予任何回复，请管理部门尽快处理。【最近派发的工单编号：20240601022071，工单内容：市民来电反映:6月1日发现上述地址的厨房改成卧室，房屋被隔成4间且均带有独立卫生间间和厨房，诉求：要求管理部门核实整治并要求恢复房屋原始结构。（市民要求信息保密 需回复）】 ==> yes  
2025-05-27 08:23:55,734 ChatBI->     INFO     阈值索引为：4396, 窗口大小为: 100 
2025-05-27 08:23:55,734 ChatBI->     INFO     确定的文档: 4297; 在次确认的文档: 199
2025-05-27 08:23:56,501 ChatBI->     INFO     案例库查询
2025-05-27 08:23:56,532 ChatBI->     INFO     案例库查询结果: ["{'query': '近10个月虹口区发生了多少起城市管理类的投诉事件', '目标列': ['工单类型'], '条件列': {'诉求区域': '虹口区', '一级分类': '社会管理类', '工单类型': '投诉举报类', '工单生成时间': '近10个月'}}", "{'query': '浦东近半年有哪些物业管理有问题的小区', '目标列': ['内容描述'], '条件列': {'诉求区域': '浦东新区', '三级分类': '物业管理', '工单生成时间': '近半年'}}", "{'query': '今年虹口哪些小区有投诉物业态度差的情况', '目标列': ['内容描述'], '条件列': {'诉求区域': '虹口区', '内容描述': '投诉物业态度差', '工单类型': '投诉举报类', '工单生成时间': '今年'}}"]
2025-05-27 08:23:57,839 ChatBI->     INFO     schema linking: {'target_columns': ['诉求地址'], 'condition_columns': {'诉求区域': '浦东新区,闵行区', '工单类型': '投诉举报类', '内容描述': '物业管理'}}
2025-05-27 08:23:58,038 ChatBI->     INFO     任务类型: SQL
2025-05-27 08:24:06,982 ChatBI->     INFO     stad sql: SELECT `客户类型`, COUNT(*) AS `数量` FROM shanghai WHERE `内容描述` LIKE '%物业管理不善%' AND `工单类型` = '投诉举报类' GROUP BY `客户类型` ORDER BY `数量` DESC LIMIT 5000;
2025-05-27 08:24:06,982 ChatBI->     INFO     开始语义分析 ... 
2025-05-27 08:24:06,984 ChatBI->     INFO     非结构化信息为: {"`内容描述` LIKE '%物业管理不善%'": '物业管理不善'}
2025-05-27 08:24:07,325 ChatBI->     INFO     物业管理不善 的命名实体判别： no
2025-05-27 08:24:07,326 ChatBI->     INFO     开始对非结构化文档【粗略】检索
2025-05-27 08:24:07,873 ChatBI->     INFO     检索到的文档总数量为：5000
2025-05-27 08:24:08,366 ChatBI->     INFO     开始对非结构化文档【深度】检索
2025-05-27 08:24:08,800 ChatBI->     INFO     step_scores: ['yes', 'yes', 'yes', 'yes', 'yes', 'yes', 'yes', 'yes', 'yes', 'yes']
2025-05-27 08:24:08,801 ChatBI->     INFO     层级抽取文档： 市民来电反映:上述地址小区物业管理不善，2023年小区刚涨了物业费，结果现在小区内地面无人清扫，垃圾无人清运，多次联系物业无人处理，故市民来电投诉，要求管理部门介入处理。 ==> yes  
2025-05-27 08:24:08,801 ChatBI->     INFO     层级抽取文档： 市民来电反映:上述地址4楼5楼楼道里长期堆放大量木材塑料袋及泡沫等物品，市民认为有安全隐患。与物业反映，物业表示该物品不属于垃圾，不愿清理。市民表示物业即使不清理也应该查清楚这些物品属于哪户人家，让其自行清理楼道对物。故要求投诉物业管理不善，不作为行为。诉求：请管理部门查处管理不善，不作为行为。 ==> yes  
2025-05-27 08:24:08,801 ChatBI->     INFO     层级抽取文档： 市民反映：物业对小区租客不管理不监督，情况举例如下：1、消防不合格。楼道内经常有租客摆放的纸箱杂物，物业不管理不过问。租客房屋内垃圾、电线乱拉、电瓶车充电等火灾隐患。2、卫生不合格。租客在小区内让小孩随地大小便、租房区域的花园里、小区公共区域、小区大门入口，经常垃圾遍地。3、业主公共财产不保护。电梯、楼道、小区健身设施、儿童游乐场所、小区步道，均有被一批批流动性租客搬家损坏，物业不监督不管理。4、安全不合格。大量流动性不明工作身份无正当职业的打工租客入住小区毛坯房或简陋装修的有问题的房屋，给小区带来非常大的安全隐患。5、部分租客以低廉房租租住简陋装修的房屋，物业未对房屋装修监管到位，至使... ==> yes  
2025-05-27 08:24:08,801 ChatBI->     INFO     层级抽取文档： 市民来电反映:其要投诉上述地址所属物业公司（名称:上海欣周物业管理有限公司），现有以下几点小区物业经理没有执照，小区内业主停的车辆多次损坏、被划，外来车辆进出小区不登记，外来车辆在小区内乱停车，楼道内非机动车乱停，小区东面和西面的车库被违章搭建、乱拉电线，监控、进出的安全门目前全部失效，管理漏洞很大安全也存在问题。诉求:望管理部门核实，予以整治并更换物业公司。（需回复）  ==> yes  
2025-05-27 08:24:08,801 ChatBI->     INFO     层级抽取文档： 市民来电反映:上述地址7号楼下的电瓶车充电站经常本机动车堵住导致电瓶车无法充电。市民向物业反映多次无果。诉求：希望管理部门查处物业管理不善问题。（市民要求信息保密 需回复） ==> yes  
2025-05-27 08:24:08,801 ChatBI->     INFO     层级抽取文档： 市民来电反映:投诉上述地址的公寓，其没欠房租情况下私自断水断电，公寓整体管理混乱。诉求：投诉公寓管理不善。 ==> yes  
2025-05-27 08:24:08,801 ChatBI->     INFO     层级抽取文档： 【重新交办，要求：按答复市民要点告知市民，答复要点与实际情况不符。答复告知在民警陪同下，市民有向公安部门投诉，公安告知该民警做法不符合规定。另外市民之前明确告知此地8年左右不住人，水管等都是关闭的，之后实施确实是10楼问题，不是市民8楼问题，市民提交很多证据，但是管理部门视而不见，也不对物业处理，明显不作为，诉求：请管理部门核实后对不作为整治，不处理的话，市民不介意到相关部门去举报。最近办结的工单编号：20240731035729，工单内容：重新交办，要求：答复要点与实际情况不符，市民并未接到管理部门的电话回复，管理部门仍不作为，不处理市民诉求。诉求：要求电话回复市民。】 ==> yes  
2025-05-27 08:24:08,801 ChatBI->     INFO     层级抽取文档： 市民来电反映:投诉静安区房管局不作为，小区：静安区宝昌路55弄，交房至今5个月，物业收取物业费，服务标准以及人员配置数量不符合规范，配置的人员都是临时工；小区保安数量没有达标，小区管理中，缺少摄像头，非小区人员进入管理不严格，发生过盗窃事件；保洁，一个星期都没有对公共区域进行打扫；保洁团队都是60岁以上人员不是约定的45岁以下人员，联系静安区房管局，房管局没有核查要求整改，诉求：希望管理部门协调更换物业。（需回复） ==> yes  
2025-05-27 08:24:08,801 ChatBI->     INFO     层级抽取文档： 市民来电反映:其是上述小区业主，小区物业什么事都不干，有问题向物业反映也不管。特此来电投诉物业不作为，要求把物业经理换掉。（市民要求信息保密 无需回复） ==> yes  
2025-05-27 08:24:08,801 ChatBI->     INFO     层级抽取文档： 市民来电反映:其代表小区的业主，小区原来的物业经理一直没有来上过班，业主和居民对这个经理满意度很高，问过物业，物业说年后会来上班，房办说物业是私人企业，无权干涉人事调动。市民表示物业经理职位是很重要的，是否有权提出经理的好坏，房办说小区有一小部分的人对这个物业经理不满意，所以物业不敢让他上班。市民表示没有人十全十美，3月1日-3月15日物业提出了满意度调查，上面写了冯经理的名字。现在满意度结束了，对于结果，艳华物业也没有做任何公示。3月15日小区业主自发组织了人去物业总公司闻讯，林总说他是老板，接待市民，说3天内给市民回复。明确告知物业还是冯经理，没有更换。3月22日业主去物业问结果，林... ==> yes  
2025-05-27 08:24:09,205 ChatBI->     INFO     step_scores: ['yes', 'yes', 'yes', 'yes', 'yes', 'yes', 'yes', 'yes', 'yes', 'yes']
2025-05-27 08:24:09,205 ChatBI->     INFO     层级抽取文档： 市民补充信息：9月2日给物业打电话，吓着孩子了，物业前台没有同情心，取笑市民。【最近派发的工单编号：20240831002582，工单内容：市民反映：楼上开空调漏水很久，造成其家阳台和木窗套起壳发霉发黑，给物业打电话两次，未解决，8月30日物业说下午来查看，导致其等一下午，未见物业来查看，现在楼上还在开空调，晚上睡觉窗口都有流水声，住在楼下的业主苦不堪言，诉求：投诉物业不作为。】 ==> yes  
2025-05-27 08:24:09,205 ChatBI->     INFO     层级抽取文档： 市民来电咨询处理进度。【最近派发的工单编号: 20240306015273,工单内容:市民来电反映:上述地址是商务楼，市民是业主，近期因为物业管理不善，很多业主拒绝缴纳物业费。因为业主家用的是充值式的电费卡，充卡要联系物业充卡。发生拒缴物业费的情况后，物业设置门槛，不肯为拒缴物业费的业主充电费卡，眼看业主家就要断电，特来电反映。诉求：投诉物业乱作为，请管理部部门协调让物业尽快安排业主充电费卡。（市民要求信息保密 需回复）】 ==> yes  
2025-05-27 08:24:09,205 ChatBI->     INFO     层级抽取文档： 市民来电反映:小区因停车问题与物业产生纠纷，外来车辆物业让停的很多，导致业主倒反而停不到车，认为物业管理十分不当，诉求：要求禁止外来车辆停到小区内 ==> yes  
2025-05-27 08:24:09,206 ChatBI->     INFO     层级抽取文档： 市民来电反映:上述地址小区老物业不作为，小区重新投标了新的中海物业，原本确定新物业于4月30日进场，但至今有部分社会人士从中阻碍，导致新物业一直无法正常进场开展工作。曾向康桥镇政府反映，政府称会介入处理，但至今没有结果。诉求：请管理部门尽快核实处理物业进场问题。（市民要求信息保密 需回复） ==> yes  
2025-05-27 08:24:09,206 ChatBI->     INFO     层级抽取文档： 市民来电反映: 上述小区的同涞物业只收物业费，不做管理。小区的消防设施严重老化损坏。诉求：请上级管理部门监督，要求物业对消防设施做维护，并安排消防单位验收。（市民要求信息保密 需回复） ==> yes  
2025-05-27 08:24:09,206 ChatBI->     INFO     层级抽取文档： 市民反映：楼前枯树枝堆积高达2米（详见附件），如倒塌会危机居民安全，且有火患，违反《物业管理条例》第55条。在国庆左右投诉过相关问题，物业当时表示不会再犯。诉求：希望管理部门核实整治，要求及时清理。 ==> yes  
2025-05-27 08:24:09,206 ChatBI->     INFO     层级抽取文档： 市民来电反映:上述地址门口有一辆私家车：沪B102B3。长期堵住楼道门口，影响居民出入楼栋。市民向物业反映，物业对该车辆无法处理。诉求：投诉物业对小区内停车管理不善。 ==> yes  
2025-05-27 08:24:09,206 ChatBI->     INFO     层级抽取文档： 市民来电补充信息。市民补充信息内容为市民1月13日去物业公司沟通告知反馈给12345实际没有处理，经理并且不承认要负责，实际市民协议上写的很明确排水管道由物业处理。【最近派发的工单编号：20240105014013，工单内容：市民反映：2023年10月28日晚，其家主卫生间反水，水满溢至衣帽间和卧室。物业师傅过来查看后，认定为下水主管道堵塞，疏通出建筑垃圾碎片，被物业收走。其家浸水的门框、墙面有开裂、霉斑现象，木地板下必然存在浸水，日后存在发霉翘边风险。物业公司为上海阳光工联物业管理有限公司，负责人为项目副经理南方。下水道主管属于物业管理的小区公共部分，物业公司有责任进行维护和疏通。本次... ==> yes  
2025-05-27 08:24:09,206 ChatBI->     INFO     层级抽取文档： 市民来电反映：上述地址小区内杂草丛生，小区内公共绿地也是垃圾遍地，居委会和物业也不作为，只知道收物业费，诉求：请有关部门核实，让物业加强对小区公共绿化卫生的管理。 ==> yes  
2025-05-27 08:24:09,206 ChatBI->     INFO     层级抽取文档： 市民来电反映:上述地址小区内的草坪里的景观灯不亮，摄像头断裂不修缮，窨井盖破损用沥青浇灌铺设维修，楼栋的大门破烂不堪不修理，电梯抽烟无人管理，市民认为是该小区没有成立委会导致的，认为该小区的物业名存实亡，姓范的物业人员态度很差，诉求：要求管理部门核实协调上述地址尽快成立业委会。 ==> yes  
2025-05-27 08:24:09,594 ChatBI->     INFO     step_scores: ['yes', 'no', 'yes', 'yes', 'yes', 'yes', 'yes', 'yes', 'yes', 'yes']
2025-05-27 08:24:09,594 ChatBI->     INFO     层级抽取文档： 市民反映相同事项。【最近办结的工单编号：20220531010725，工单内容：投诉上海市房管局，查处侵占公共收益侵害业主权益，成立独立地块业委会。徐汇区中海瀛台小区物业管理混乱，历年收取公益性收入上千万，业主却从未进行分配得到分文而被非法侵占。... ==> yes  
2025-05-27 08:24:09,594 ChatBI->     INFO     层级抽取文档： 市民来电反复催单。请管理部门尽快处理。【最近派发的工单编号：20240104011481，工单内容：市民来电反映: 其通过上海爱你住物业管理有限公司租赁上述房屋已经退租但是押金3600元未退，诉求：希望督促尽快退款（需回复）】 ==> no  
2025-05-27 08:24:09,594 ChatBI->     INFO     层级抽取文档： 市民来电表示撤销工单【最近派发的工单编号：20240527014213，工单内容：市民来电反映:已经通过窗口办理企业营业执照变更，至今没有完成处理，已经有10余天了，公司名称：茂乏（上海）实业有限公司 和九锟物业管理（上海）有限公司。诉求：请处理部门核实，整治处理部门不作为】 ==> yes  
2025-05-27 08:24:09,594 ChatBI->     INFO     层级抽取文档： 市民来电反映:投诉小区物业不作为。上述地址的业主存在群租情况，而且都是每天5:00会从其家中产生噪音，扰民严重。市民和物业反映，物业对此就没有任何处理。诉求：希望管理部门核实后对于物业不作为进行处理。 ==> yes  
2025-05-27 08:24:09,594 ChatBI->     INFO     层级抽取文档： 市民来电反映:上述地址大厦楼内一共有5个电梯，1-4层中间一个电梯租赁给了酒店，不允许其他业主使用，违反物业管理法，其他四部电梯经常发生故障，从来没有彻底解决过维修问题，诉求：希望管理部门协调查处恢复电梯使用并且彻底解决故障的电梯。（市民要求信息保密 需回复） ==> yes  
2025-05-27 08:24:09,595 ChatBI->     INFO     层级抽取文档： 市民来电补充信息。市民补充信息内容为：已经2个礼拜了，物业管理究竟在做什么，希望尽快处理【最近派发的工单编号：20240512011601，工单内容：市民来电反映:上述地址小区由于燃气公司更换燃气管道导致挖开了小区的地面，但市民表示后续地面修复时只是草草的铺设了一层沥青，并没有给路面恢复成原状，已经多次和物业和居委反映这个事情，都没有妥善处理。诉求：希望管理部门核实将路面恢复原状。】 ==> yes  
2025-05-27 08:24:09,595 ChatBI->     INFO     层级抽取文档： 市民来电补充信息。上述地址，杨浦区人民政府和平凉路街道办事处说上述地址没有物业，街道房办说有物业，但是物业只管理建筑物范围内的维修，建筑外的维修不管。而平凉物业上级单位是卫百辛有物业，告知物业管理属于属地管理，是平凉物业管理。对于上述地址物业归属有三种说法。市民从2023年9月27日反映，截止到2024年1月27日仍然没有得到回复。目前平凉物业开始催缴物业费，但是因物业归属问题不清，市民不可能交两份物业费，市民数次拨打12345和962121，询问上述地址是否有物业，如没有物业什么时候开始没有的，路物业改变物业性质，业主有权应当知道。诉求：请管理部门核实告知【最近派发的工单编号：2024... ==> yes  
2025-05-27 08:24:09,595 ChatBI->     INFO     层级抽取文档： 市民来电反映:上述小区外面的河道施工时将小区与河道打通了，影响小区停车，小区门卫保安也不管理小区的停车问题，有外来车辆挺近小区，有外来车辆停进小区，影响业主车辆停放.诉求：投诉物业管理不上，要求督促整改，解决停车问题。（市民要求信息保密，无需回复） ==> yes  
2025-05-27 08:24:09,595 ChatBI->     INFO     层级抽取文档： 市民来电反映相同事项。【最近办结的工单编号：20240428002044，工单内容：市民来电反映:其祝桥镇物业管理有限公司的工作人员张友林侵占上述地址公家的房屋，删除该房屋2012年以前的档案信息。市民每次向物业公司投诉，其物业公司工作人员赵耀明都包庇张友林。诉求：希望管理部门核实整治侵占房屋问题。】
 ==> yes  
2025-05-27 08:24:09,595 ChatBI->     INFO     层级抽取文档： 市民来电反映:其是上述地址居民，其2岁孩子在绿化大便，其邻居辱骂其孩子，其父亲与邻居发生争执，小区物业让其父亲与对方道歉，其不理解为何物业要求其父亲与对方道歉，其认为物业在包庇其邻居，管理不善。有报警警察有出警，警察也是站在其这边，诉求：请管理部门核实并要求给其一个合理解释（信息保密，需回复） ==> yes  
2025-05-27 08:24:10,089 ChatBI->     INFO     step_scores: ['yes', 'yes', 'yes', 'yes', 'yes', 'yes', 'yes', 'yes', 'yes', 'yes']
2025-05-27 08:24:10,089 ChatBI->     INFO     层级抽取文档： 市民反映：宝山区殷高路21弄80号楼下的公共绿化区域应该是业主共有的，物业管理。但是现在被人侵占，种植了一些乱七八糟的树（详见附件），影响2楼采光，吸引更多蚊虫。其他楼的公共绿化区域都是一些比较矮的种物。由于80号102业主喜欢自己种植一些树木，导致2楼承受了本不应该有的困扰。物业也不管，说是私人种植的树木他们不能动。希望他们砍掉一点树枝，他们也处理不及时。诉求：投诉小区公共绿化区域被私人侵占。（市民要求信息保密，需要回复） ==> yes  
2025-05-27 08:24:10,089 ChatBI->     INFO     层级抽取文档： 市民来电反映:清理楼道堆物的情况，物业，居委会，城管，警察已经做了相应的工作，但是堆物有返潮的现象，其向居委会和物业反映，告知都没有执法权，能力有限，目前问题没有解决，过年的时候小区有着火过的，2幢高层，对居民财产，安全有隐患，诉求：希望街道协调彻底解决此事。 ==> yes  
2025-05-27 08:24:10,089 ChatBI->     INFO     层级抽取文档： 市民来电咨询:上述地址的物业公司：物业深圳市万象美物业管理有限公司上海分公司，电话67861573，因上述地址的承租方与房屋的业主存在纠纷，导致物业已经开始停止让商铺承租方充值使用电了，12月6日再次沟通无果目前马上就要断电了，市民表示该处的商铺的电是充值使用的，该情况存在2天时间，认为物业的行为不合法，不应该有断电限制，诉求：故来电反映上述问题要求投诉物业。 ==> yes  
2025-05-27 08:24:10,089 ChatBI->     INFO     层级抽取文档： 【重新交办,要求：按答复要点告知市民,市民表示答复要点不明确,镇房办的一位姓葛的人员联系其，并称公共收益资金在区政府有关部门。市民称实际款项被物业侵吞，且其有相关照片。其有要求多部门与其一起前往业委会查看相关资料，但对方不理睬。市民诉求：要求区房屋管理部门组建相关调查组，并对其反映的事项依法调查。最近办结的工单编号:20240924031301，工单内容:重新交办，要求：答复要点与实际情况不符，业委会主任和居委会主任造成公共收益资金损失。镇房管包庇不处理。要求镇房办管理部门上级成立联合部门调查此事。诉求：希望管理部门核实处理并回复。工单内容:重新交办，答复要点与实际情况不符，市民称曹路镇... ==> yes  
2025-05-27 08:24:10,089 ChatBI->     INFO     层级抽取文档： 市民来电反映:其要投诉上述地址小区物业经理不作为，其表示对于小区割草机和装修扰民的问题向物业反映，物业直接告知不处理。诉求：其要求更换小区物业经理，请管理部门核实处理。 ==> yes  
2025-05-27 08:24:10,089 ChatBI->     INFO     层级抽取文档： 重复来电：咨询处理渠道。【最近派发的工单编号:20240912018949，工单内容:【重新交办，要求：答复要点不明确，市民对管理部门的答复不理解，市民称管理部门已发现的“采光洞”是开凿楼栋地板（小区地下车库的顶板）而形成，这是否已经损坏承重结构，地下车库入户门改动的是不是承重墙。根据《上海市住宅物业管理规定》第五十六条、第八十三条、第五十六条和第九十一条，该户损坏沉重结构为事实，存在安全隐患，需执法部门先立案再检测，而不是答复中的先检测后立案。根据《上海市城市管理行政执法程序规定》第三十四条。诉求：要求管理部门尽快查处。工单内容：市民反映：上述地址户业主对房屋进行了多处改造，外观可见就... ==> yes  
2025-05-27 08:24:10,089 ChatBI->     INFO     层级抽取文档： 市民来电补充信息。市民补充信息内容为市民表示小区业委会不召开一年一度业主大会，希望周家渡街道房办责令业委会召开业主大会，  并出具指导意见。（需回复）【最近派发的工单编号：20240202005443，工单内容：市民来电反映:其是一期的业主，根据业委会三项规约，业主大会应在每年的1-2月由业委会召开，但业委会没有开，向居委反映，居委说不归其管，根据物业管理条例的规定，应由居委或房办介入组织召开，诉求：要求管理部门督促召开业主大会。（需回复）】 ==> yes  
2025-05-27 08:24:10,089 ChatBI->     INFO     层级抽取文档： 市民来电反映:2024月1月22日其车号牌：沪JL9293车辆在该处停车，1月23日8：:00分拿车，支付了80元停车费，出门该处保安说其将停车杆弄坏了要付罚金，因赶着上班其支付了保安私人500元， 收款人：王雷，收费单位：上海丛中笑物业管理有限公司，其反映12315黄浦区市场监管局说由奉贤区处理，奉贤区市场监管局说由黄浦区处理，现诉求：望管理部门尽快帮助退还500元。 ==> yes  
2025-05-27 08:24:10,090 ChatBI->     INFO     层级抽取文档： 市民来电反复催单。催单原因：市民称管理部门至今未给予任何回复，请管理部门尽快处理。【最近派发的工单编号：20231215005748，工单内容：市民来电反映:上述小区物业不作为。市民向物业反映管理不善，需要针对改进的方案后，物业经理借机离开，并让小区保安队长接待市民。该队长态度非常恶劣，多次辱骂市民，市民电话联系物业经理要求对保安队长处理，但一直得不到解决。市民要求物业道歉，并且更换保安队长。诉求：请管理部门核实，督促物业进行整改，给到市民合理解决方案。】 ==> yes  
2025-05-27 08:24:10,090 ChatBI->     INFO     层级抽取文档： 市民来电反映:市民是上述小区业主，每到下雨天，小区道理就非常泥泞（小区杂草茂盛，下雨天雨水导致泥土外泄），且小区道路上随处可见进行焚烧纸钱后留下的痕迹，一直无人清理，该问题一直向物业和居委反映，始终没有处理，且小区内停车混乱，小区内停车位不足的情况下，物业还允许外来车辆停放，小区北大门目前已经损坏，曾有市民向物业反映，要求维修，但至今未完成维修。诉求：希望处理部门核实情况，整治物业管理混乱，要求对小区道路环境进行整改，对小区停车位的管理进行改进，维修北大门。（市民要求信息保密，需要回复） ==> yes  
2025-05-27 08:24:10,614 ChatBI->     INFO     step_scores: ['yes', 'yes', 'yes', 'no', 'yes', 'no', 'yes', 'yes', 'yes', 'yes']
2025-05-27 08:24:10,615 ChatBI->     INFO     层级抽取文档： 市民补充信息：9月6日早丢垃圾，偶遇物业和收垃圾阿姨沟通，刚好我在旁边，听到的是：1）阿姨不能骂人。2）但也会遇到没有素质的业主。3）其听到了便告诉她其就是那个滑落垃圾袋的业主，其不是故意的，但是你们阿姨就是骂人了，难道故意的也能骂人。继续期望解决：1）收垃圾阿姨换人，如果心态一直是这样的，那接下来更加变本加厉，如果可以选择性骂人或去判断业主没有素质。2）物业的描述明显不客观，其代表的是物业，没有资格用“有没有素质”来判断业主或者去和收垃圾阿姨说。3）这个阿姨必须要换，物业不能这么随意表达自己观点。【最近派发的工单编号：20240904040290，工单内容：市民反映：小区收垃圾时间不合... ==> yes  
2025-05-27 08:24:10,615 ChatBI->     INFO     层级抽取文档： 市民来电补充信息。市民补充信息内容为：要求在11月6日（周三）下午进行面谈，若是11月6日不能，可以在下周三进行面谈。自己多次表示要虹桥镇信访办介入，但是信访办的人员说没有将自己的诉求跟他们说过，所以一直拖到现在没处理。【最近派发的工单编号：20241030030292，工单内容：重新交办，要求：答复要点与事实不符，表示之前还说要当面沟通，现在社建办又告知不参约谈过程，市民不认可，故再次来电反映，要求投诉社建办弄虚作假，对里委书记管理不善。要求社建办参与面谈会。工单内容:市民投诉上述地址的居委书记张秀华，原因是之前党员开会，市民和邻居一起去的，然后张秀华让另外两个不是党员的楼组长辱骂市民... ==> yes  
2025-05-27 08:24:10,615 ChatBI->     INFO     层级抽取文档： 市民反映：浦东久远小区培三居委会走形式主义路线。如附件图片所示，要换物业，涨价，让业主4月29日工作日去反馈听取意见。上班时间如何去反馈，另外贴出换物业的告示，做公示，说有意见可以打电话反馈给居委会，其打电话过去，接听人员百般推诿，说有问题让打电话给物业反馈。本身就是讨论更换物业问题，还让打电话给物业反馈，明显踢皮球。1、小区车位不足，业主停不过来，所以拒绝外来车辆入内。2、成立业委会。3、不能用原来物业的人员在新的物业公司任职。诉求：投诉居委形式主义。（市民要求信息保密，无需回复） ==> yes  
2025-05-27 08:24:10,615 ChatBI->     INFO     层级抽取文档： 【重新交办，答复要点与事实不符合。市民来电反映：市民买了房子之后，从买房子的那一天就开始收的2元，且房子空关了大概半年，也是按2元收费。市民做民宿的时间大概不超过半年。市民表示自始至终一直收的是市民2元钱。市民表示一直不知道其他人是缴费1.6元的，是这次要增加物业费了才知道。【最近办结的工单编号：20240717030001，工单内容：市民来电反映:上述地址，2020年更换物业，近期才知道20年以前的物业费多收了。之前是2元每平方，新物业公司告知是1.6元每平方。每年多收800元，从2016-2020年。诉求：市民希望管理部门协调，退还多收的费用。】 ==> no  
2025-05-27 08:24:10,615 ChatBI->     INFO     层级抽取文档： 市民来电反映: 其是上述地址的业主，2017小区做了外墙翻新粉刷施工导致市民家中渗水，多次向物业保修，但是物业没有维修没有处理，导致市民从2017年至今的物业费都没有支付，后续市民自行联系的第三方对房屋进行了维修。每次联系物业要求承担维修费，小区物业总让市民找前面一家物业公司，原因是小区多次更换物业公司。现在市民表示愿意支付物业费，但是需要物业公司解决自行维修房屋渗水的维修费。诉求：望管理部门核实协调物业费抵扣第三方维修费。 ==> yes  
2025-05-27 08:24:10,615 ChatBI->     INFO     层级抽取文档： 市民反映：其于2023年11月4日与自如寓签订为期一年的租房合同，物业管理方为上海鼎卓物业公司，2024年11月4日退租时因房屋物品损耗赔偿金额产生争议。自如寓方认为墙面因其方造成污渍，为了后续出租吸引租客，计划刷新整个墙面，要求其赔偿500元，以及床品软包存在损耗需要维修，需赔偿1000元。其认为墙面污渍属于日常损耗，且并非整个墙面，自如寓方为了吸引租客计划返修到其起租时状态，属于经营行为，相关成本应由自如寓承担，其仅认可日常损耗以上的赔付。目前赔偿报价由物业出具，但物业方无法提供返修以及床品维修的公开收费标准，其认为价格标准不符合市场定价对于公开收费标准的要求，不认可赔偿金额。诉求：... ==> no  
2025-05-27 08:24:10,615 ChatBI->     INFO     层级抽取文档： 市民补充信息：南码头房办马慧丽明知有2/3业主签名要求续约现任物业，居然建议现任业委会采购第三方公司服务开展业主大会。业主代表多次联系房办，均被敷衍了事，马慧丽各种推诿和敷衍，曾明确表示自己即将退休不想惹事。居民自发采取了签名，以2/3的赞同票要求现任业委会下台，由热心业主代表7月22日送到房办，到现在已经过了4个月了，房办没有任何反馈。【最近派发的工单编号：20240910005886，工单内容：齐恒路33弄凯德莲业委会自从上台，完全忽视业主利益和诉求，故意拖延和物业、会所续聘，不及时推进小区儿童乐园、篮球场维修，缺乏诚信、撒谎欺瞒，恶意停发物业工资。小区超过2/3业主签约要求召开业主... ==> yes  
2025-05-27 08:24:10,615 ChatBI->     INFO     层级抽取文档： 市民来电反映:多次投诉物业不维修墙面漏水，认为管理部门不作为，要求联系纪委投诉。 ==> yes  
2025-05-27 08:24:10,615 ChatBI->     INFO     层级抽取文档： 市民来电反映:其是上述地址居民，市民表示房屋刚交付不久还在质保期内，现在出现了次卧窗户顶部以及两侧漏水情况，墙面发霉掉皮，联系物业协助与开发商联系处理维修，现在已经维修多次，但是始终没有解决问题，最近物业告知其处理不了，原因是因为开发商欠钱资金被冻结，物业联系开发商也无人上门处理，故市民来电投诉，要求管理部门介入联系开发商尽快处理房屋因质量问题导致的漏水情况。 ==> yes  
2025-05-27 08:24:10,615 ChatBI->     INFO     层级抽取文档： 市民来电反映:其居住在上述地址，向物业申请搭建露台，向物业申请搭建露台雨棚。之前其请的工人施工方案是墙上开槽架钢管。由于隔壁邻居进行投诉，物业要求其停止搭建，其在2024年8月就将墙恢复原样，物业经理上门查看后表示没有问题，可以搭建。但现物业却拦着工人不让进入施工，告知原因是隔壁邻居给了物业承诺书，要求其签字。市民表示由于邻居写的承诺书不符合实际情况，其拒绝签字，现物业就不让其工人进入。诉求：希望管理部门核实协调物业让其工人进行正常施工。 ==> yes  
2025-05-27 08:24:11,047 ChatBI->     INFO     step_scores: ['yes', 'yes', 'yes', 'no', 'yes', 'yes', 'yes', 'yes', 'yes', 'yes']
2025-05-27 08:24:11,047 ChatBI->     INFO     层级抽取文档： 市民来电反映:其居住在上述地址，6楼是顶楼，由于屋顶损坏物业没有维修，11月1日大雨造成其房屋漏水，墙面损坏了，向物业反映告知不在其维修范围内，市民认为其家中漏水的原因是物业的，诉求：请管理部门协调妥善处理该问题。 ==> yes  
2025-05-27 08:24:11,047 ChatBI->     INFO     层级抽取文档： 市民来电反映:上述地址住宅楼在建设时有一个通道将4号楼和5号楼链接的，后4号楼加装了电梯，是4号楼全体业主出资安装的，因为该逃生通道5号楼的业主一直来到4号楼使用该电梯，在4号楼找物业反映后，原先物业是撤消了5号楼业主手中的4号楼的门禁卡，可之后又直接将门禁卡给到5号楼居民，4号楼局面多次找物业处理，甚至找业委会出面处理，可物业都不予解决，市民不认可，故来电。现诉求：望管理部门查实，处理该物业不作为问题，要求撤销5号楼业主拥有的4号楼门禁卡 ==> yes  
2025-05-27 08:24:11,047 ChatBI->     INFO     层级抽取文档： 市民来电反映:楼上业主水管损坏导致市民家中漏水，物业也来查看，因为装修把公共水管包住了，物业要求业主自己敲掉后才能维修，但是业主拒绝，已经漏水半个月了，物业告知市民307室居民的行为是违法的，市民表示也报过2次警，无法协调，市民是107室居民，107和207上周更换过水管了，只有307没有更换，诉求：市民表示物业告知该情况违法，要求拆违办上门处理，拆除上述地址家中的违法建筑。（市民要求信息保密 需回复） ==> yes  
2025-05-27 08:24:11,048 ChatBI->     INFO     层级抽取文档： 重新交办，要求：按答复要点告知市民，市民表示答复要点与实际情况不符。市民称父亲于2024年过年期间前往物业支付物业费，被2次拒收，并明确告知暂不要支付，且给予物业收费单与2003年起至今一致。该房未出售交易，2024年第3次前往物业交费发现已涨价。故对此不满，诉求不变。（需回复）【最近派发的工单编号：20240613016887，工单内容：市民来电反映:其是上述地址居民，其03年就搬来了，去交物业管理费涨价了，原来是280一年，现在是980元一年，物业表示显示多少就是多少，市民表示小区没有公示过就这么涨价不合理。诉求：请管理部门核实，物业费随意涨价是否合理给市民解释。】 ==> no  
2025-05-27 08:24:11,048 ChatBI->     INFO     层级抽取文档： 市民来电反映:上述地址108室属于楼栋全体业主所有的空置房（物业代管），很早以前就被物业私自承包给7楼的居民用于出租牟利，物业和居委赵主任捣糨糊不作为，市民要求物业将该房屋收回用于给楼栋居民放置装修物品被7楼的居民要求支付1700元/月房租，诉求：要求管理部门核实房屋所属并协调将该房屋归还于该楼栋全体业主。 ==> yes  
2025-05-27 08:24:11,048 ChatBI->     INFO     层级抽取文档： 市民来电反映: 市民上述地址的房屋漏水问题，物业明确表示是自用部分，不予使用维修资金，市民表示愿意自己花钱，请物业来修，物业也拒绝。市民表示之前向12345反映维修问题，物业和居委会记恨市民，刁难市民不予办理。诉求：投诉物业和居委会服务态度问题，要求尽快维修，如果不修请物业提供不予修理的合同条款。（需回复，请上级管理部门回复） ==> yes  
2025-05-27 08:24:11,048 ChatBI->     INFO     层级抽取文档： 市民来电反映:物业不给租户办理包月停车。 ==> yes  
2025-05-27 08:24:11,048 ChatBI->     INFO     层级抽取文档： 市民来电反映:上述地址市民表示2024年4月份开始房屋漏水，找物业查看说可能是水管漏水，后续不下雨就好了，到了6月再次漏水，找物业进行查看，说是可能装修时防水没做好，于是市民找装修公司查看是否为防水没做好，把墙拆开查看之后发现是外墙漏水渗入保温层才导致的漏水，物业表示没有跟他们进行过沟通就把墙拆除，不承认有责任，物业公司：上海泾城物业有限公司。诉求：请管理部核实帮助市民协商解决方案。（市民要求信息保密，需要回复） ==> yes  
2025-05-27 08:24:11,048 ChatBI->     INFO     层级抽取文档： 市民来电反映:投诉上述地址小区物业经理张明华，市民表示国庆节期间，有邻居家里违规装修被人举报，结果物业经理张明华诱导该居民以为是市民的妻子举报，其妻子已经去了通信运营商调取通话明细自证清白，但是其依然在小区群里暗示是市民的妻子举报，故市民来电投诉物业经理乱作为，要求管理部门核实处理。 ==> yes  
2025-05-27 08:24:11,048 ChatBI->     INFO     层级抽取文档： 市民来电反映:上述地址小区物业因为上述地址小区隔壁漏洞屋顶漏水就擅自拿取了市民所在漏洞的维修基金，市民告知物业在明知道市民做所在漏洞不同意的情况下还擅自挪用维修基金给隔壁漏洞维修屋顶，市民表示和不满，且市民补充到物业自称还是在做了比价三家的情况下选了自己的公司为房屋做了漏水的修理。诉求：请管理部门督促要求冻结小区维修基金。并协调更换居委会。（市民要求信息保密 需回复） ==> yes  
2025-05-27 08:24:11,496 ChatBI->     INFO     step_scores: ['yes', 'yes', 'yes', 'yes', 'yes', 'yes', 'yes', 'yes', 'yes', 'yes']
2025-05-27 08:24:11,496 ChatBI->     INFO     层级抽取文档： 【重新交办,要求：市民所述与答复要点不符，16号的房子目前已经维修好了，但是158号的房子一开始表示因为是2个部门在处理，让市民等，而在10月8日却被联系不能维修，而10月9日物业联系市民坚持要市民提供房产证等信息，如果市民拒绝提供就不给维修，市民表示对处理结果很不满意，同时再次期间都是市民在主动联系，没有任何部门联系过市民。诉求：希望有关部门尽快与市民对接，督促相关部门落实维修，并给予处理说法。最近办结的工单编号:20240918004554，工单内容:市民来电反映:上述地址小区前段时间因为台风需要维修相应设施，找物业反映物业却让市民找保险，并要求市民提供房产证和个人信息等私人信息，市... ==> yes  
2025-05-27 08:24:11,497 ChatBI->     INFO     层级抽取文档： 市民来电反映:其是上述地址居民，小区车位原本刚好够业主，但从年后开始会出现莫名的外来车辆停进小区，也不不付停车费，在小区主干道随便乱停，业主很难进入小区，而且有人会占据车位，市民联找保安，保安物业领导让其不要管，市民表示不满。诉求：希望管理部门核实，对此给予市民合理的解决方案 ==> yes  
2025-05-27 08:24:11,497 ChatBI->     INFO     层级抽取文档： 【重新交办,要求：按答复要点告知市民,市民表示答复要点不明确,2月6日居委和其联系，告知市民现决定在2月27日开始清理楼道，但需要城管配合，居委没有执法权。诉求：原诉求不变。最近办结的工单编号:20240123001335，工单内容:【重新交办，要求：按答复市民要点告知市民，市民表示前件答复市民要点不明确，1月3日市民看到城管执行了，要求整改，但是过了一个星期实际没有整改，对方表示为商品房，公摊面积可以放两个大橱，且大橱没有超过走廊的中线。市民对于城管告知没有执法权不满，投诉消防通道堆放易燃物品，市民告知堆放的物品使得家里老人摔跤，而且假如老年人需要呼叫120，担架也转不了。诉求：请管理... ==> yes  
2025-05-27 08:24:11,497 ChatBI->     INFO     层级抽取文档： 【重新交办，要求：按答复市民要点告知市民，答复要点不明确。市民表示现在了解到时对方根本没有整改，已经装修完毕，诉求：请管理部门核实后明确告知整改时间，多久内需要整改完毕，以及要求张贴整改前后照片，让市民可以查看。（市民要求信息保密，需回复）最近办结的工单编号：20231216006738，工单内容：市民来电对办理结果不满,据市民了解根本没有整改好，诉求：要求张贴整改前后照片给予楼道居民查看。】 ==> yes  
2025-05-27 08:24:11,497 ChatBI->     INFO     层级抽取文档： 市民来电反映:上述地址小区物业的杨经理，由于楼下水管堵塞，强制整幢楼更换水管，要求每户出200元的费用，市民不认可故来电投诉。诉求：希望核实并让其整改。（市民要求信息保密 无需回复） ==> yes  
2025-05-27 08:24:11,497 ChatBI->     INFO     层级抽取文档： 市民反映：上述地址的楼梯间打扫不干净，有猫屎。诉求：希望居委会督促物业做好日常保洁。（市民要求信息保密，需要回复） ==> yes  
2025-05-27 08:24:11,497 ChatBI->     INFO     层级抽取文档： 【重新交办，要求：按答复市民要点告知市民，市民表示前件答复市民要点不符，11月13日到现场查看地板没有铺设，厨房间与卫生间根本没有施工，门业没有安装好，地板没有安装踢脚线，墙面也没有粉刷，客厅也没有任何施工迹象，14日联系物业管家反映，25号进行催促，没有任何信息，12月7日再次联系管家催促，管家称与原来一样，门套还未安装与市民看到差不多，故市民对此不认可，诉求：请管理部门核实并要求继续处理市民反映的工程质量与拖拉事宜及告知（需回复）。最近办结的工单编号：20241019007019，工单内容：【重新交办,要求：按答复要点告知市民,市民表示答复要点不明确,房屋返修至今没有完成，市民9月中... ==> yes  
2025-05-27 08:24:11,497 ChatBI->     INFO     层级抽取文档： 市民来电反映:上述地址小区的垃圾厢房不适用，物业挪作他用，摆放杂物，居民们的垃圾只能放在窗户门口，诉求：请管理部门核查尽快整改。 ==> yes  
2025-05-27 08:24:11,497 ChatBI->     INFO     层级抽取文档： 补充信息：市民表示不投诉宜川六村物业工作人员，是962121下的维修部门没做好【最近派发工单编号：20240306007643，工单内容：市民来电反映:市民是上述地址的居民，家中走廊墙面渗水，多次跟物业反映，对方一直推卸责任，说是邻居的问题，让市民去大官司，市民不认可。诉求：希望管理部门核实并协调解决此处渗水的问题。】 ==> yes  
2025-05-27 08:24:11,497 ChatBI->     INFO     层级抽取文档： 【重新交办，要求：根据答复市民要点告知市民，市民表示答复要点与实际情况不符，市民表示没有接到任何人的联系，104室的市民坚持表示是204居民的问题，要求204做防水。104还报过110.市民要求管理部门安排专业人员去104室确认是谁的问题。最近办结的工单编号：20240314017682，工单内容：市民来电反映: 其是204室住户，上述地址的住户擅自把其阳台上连接洗衣机的管子砍断后，导致多次阳台上水漫金山，该问题反映至物业公司后，一直未得到解决。对方一直没有恢复水管，现在洗衣机根本无法使用。要求管理部门核实尽快把铁管恢复。需回复。】 ==> yes  
2025-05-27 08:24:11,963 ChatBI->     INFO     step_scores: ['yes', 'yes', 'yes', 'yes', 'no', 'yes', 'no', 'yes', 'yes', 'yes']
2025-05-27 08:24:11,963 ChatBI->     INFO     层级抽取文档： 市民来电反映:奉贤区金汇镇泰南二村小区内垃圾没有人清理，比如靠近53号、54号绿化带内堆满了垃圾，物业不管推给城管，小区脏乱差，望管理部门核实整治小区环境。（信息保密，无需回复）                ==> yes  
2025-05-27 08:24:11,963 ChatBI->     INFO     层级抽取文档： 办理结果不满，市民表示：居委电话问其是不是投诉了，表示不归居委管，其目前在装修，不可能让工人一直等着的，管子在窗户以外，影响其正常使用窗户了，其已经等了快1个星期了，没有回复，诉求：请管理部门最迟4月15日联系其。【最近派发的工单编号：20240407018205，工单内容：市民来电咨询:上述地址正在美丽家园改造，市民家表示这里的污水管十分陈旧，会氧化漏水，小区是80年代的房屋，污水管粘在墙壁上，而且很低，市民想把污水管换成PVC材质的，但是物业不让，诉求：要求有关部门核实后告知市民是否可以把污水管换成PVC材质的。】 ==> yes  
2025-05-27 08:24:11,963 ChatBI->     INFO     层级抽取文档： 【重新交办，要求：答复要点与实际情况不符，上述地址人防通道及地下车库通道一直处于漏水状态（详见附件），3年期间，物业视而不见听而不闻，维修不好了，一到下雨天地上都是湿的。诉求：希望管理部门尽快维修。（市民要求信息保密，无需回复）最近办结的工单编号：20240113003613，工单内容：市民反映：上述地址小区地下车库很久都没有修好，现在在滴水（详见附件）。诉求：请管理部门尽快修复。】 ==> yes  
2025-05-27 08:24:11,963 ChatBI->     INFO     层级抽取文档： 市民补充信息：小区入住十年，贝尔高林设计，当初买的时候就是为了绿化买的，入住十年物业不断削减绿化养护费用，草皮裸露、树根裸露、灌木稀疏、大树倒了很多，小树死了很多，物业曾经在2022年投入一百万元恢复绿化，没有施工图纸方案，用一群养护工人不停翻土补草皮，一年两到三次，实验田“死了又死”，物业答应要公开一百万元清单，至今没有，诉求：要求物业恢复小区绿化，补种灌木、大树和草皮。（市民要求信息保密，需要回复）【最近派发的工单编号：20241011012472，工单内容：重新交办，要求：答复要点不明确，前件关于该小区绿化问题的投诉，略。】 ==> yes  
2025-05-27 08:24:11,963 ChatBI->     INFO     层级抽取文档： 市民来电补充信息。市民补充信息内容为街道和居委都表示不归他们管，说自己没有执法权，请管理部门核实明确到底谁管。【最近派发的工单编号：20240909004967，工单内容：市民来电反映:上述地址是老式公房，每个楼层有一个公共垃圾间，现在被居民占用，市民向居委会反映，居委会称不属于他们管，诉求：希望管理部门核实，督促居民整改，归还公共区域。（需回复）】 ==> no  
2025-05-27 08:24:11,963 ChatBI->     INFO     层级抽取文档： 市民来电反映:10月2日8：30到9点，该小区物业的扫地管理员无缘无故辱骂住户，市民表示明明不是其乱扔垃圾，却被骂的整幢楼都能听到，已经是第二次发生，对方拒不道歉，市民不满来电投诉。诉求：请管理部门核实，要求对方道歉，并告知物业对该人员的处罚（需回复） ==> yes  
2025-05-27 08:24:11,963 ChatBI->     INFO     层级抽取文档： 市民来电反映：要求普陀区人民政府告知1、上述小区公共工程施工前是否应该先各方确认方案，否则变成半拉子工程，是否普陀区政府负责；2、普陀区政府计划什么时间指派宜川街道房管办，召集街道、香溢居委会和绿城物业，和被侵权人一起参加协调会议，能不能召集基层管理会议；3、普陀区政府如何落实解决困扰多年的民生问题。诉求：要求针对上述问题给予合理答复。（需回复） ==> no  
2025-05-27 08:24:11,963 ChatBI->     INFO     层级抽取文档： 市民反映：2024年8月1日起，物业在未经业主同意，未经物价局审批，未在小区公示收费标准，把原收费5元提高到10元，且不给发票。诉求：投诉物业乱收费。（市民要求信息保密，无需回复） ==> yes  
2025-05-27 08:24:11,963 ChatBI->     INFO     层级抽取文档： 市民来电反映相同事项【最近办结的工单编号：20240808026849，工单内容：市民来电反映:上述小区停车位少，导致机动车乱停，经常性出小区要叫人挪车，进小区时都被其他机动车挡道，每次找居委会和物业时表示是业委会管的，而小区的业委会在5-6月份已改选完毕，但迟迟没有履行职能，理由是还在交接中，但也提供不出交接完毕的时间。诉求：请管理部门核实处理，市民要求业委会尽快完成交接，尽快解决小区内机动车停车困难的问题。】 ==> yes  
2025-05-27 08:24:11,963 ChatBI->     INFO     层级抽取文档： 市民来电补充信息。市民补充信息内容为此人把垃圾扔在浦东新区拱北路289弄29支弄华钜御庭二期16号单元1楼门口大理石台阶处，还有1楼门厅里外都有垃圾，16号单元1楼那里等于变成垃圾中转站了，要求禁止对方在公共地方堆放分拣垃圾，不要让对方在1楼门禁里外和大理石台阶上处弄垃圾。其表示对方每天分拣不同的垃圾处理。（信息保密，无需回复）此户扔垃圾的居民是8楼801室的居民。【最近派发的工单编号：20240604037782，工单内容：市民来电补充信息。市民补充信息内容为:该户人家一直在白天堆放垃圾，整理垃圾，严重影响居民正常通行，严重影响环境卫生。物业和居委不作为。要求：希望上级部门监督物业分别... ==> yes  
2025-05-27 08:24:12,385 ChatBI->     INFO     step_scores: ['no', 'yes', 'yes', 'yes', 'yes', 'yes', 'yes', 'yes', 'yes', 'yes']
2025-05-27 08:24:12,385 ChatBI->     INFO     层级抽取文档： 市民来电反映:小区美丽家园路面各幢楼要完工，工程队也要撤离，但是还没有弄完，因为绿化很多，有人反对，现在导致门口没办法处理。市民表示应该空出部分保证消防通道，绿化不是全部处理掉，现在居民意见很大，希望管理部门尽快协调处理。诉求：处理居民楼下美丽家园改造矛盾。 ==> no  
2025-05-27 08:24:12,385 ChatBI->     INFO     层级抽取文档： 市民补充信息内容为工农四村至今没有公布过公共收益，要求街道提供公共收益，不要居委来处理此事，要求街道来处理此事【最近派发的工单编号：20240614014044，工单内容：市民来电反映:工农四村没有开过业主大会的情况下，上述单位的李振海主任收到业委会主任的申报就擅自更换了小区物业，而且小区没有进行三个规约留档备案就成立的业委会，市民要求投诉李振海主任包庇小区业委会，乱作为。诉求：希望管理部门核实并给市民一个说法。】 ==> yes  
2025-05-27 08:24:12,385 ChatBI->     INFO     层级抽取文档： 【重新交办，要求：答复要点不明确，市民表示目前问题仍为解决，请管理部门给到具体方案和处理时效。最近办结的工单编号：20240506014848，工单内容：市民来电反映:上述小区的物业于2023年11月25日的时候更换了污水管道，但后面其家出现了漏水的情况，得知是4楼的住户在没换掉旧的污水管道，用的还是之前的旧的那根，从而导致漏水的，其向物业反映该问题，但是一直等到现在过了半年的时间了还没得到处理。诉求：请管理部门尽快核实处理上述问题。
 ==> yes  
2025-05-27 08:24:12,385 ChatBI->     INFO     层级抽取文档： 市民来电反映: 市民在上述地址停车库堆放了一个铁箱，里面放了个人物品，物业清理了该铁箱，市民表示不满，质疑为什么其他人也有堆物，物业并不管，却只针对他。诉求：投诉物业乱作为，要求整改。（市民要求信息保密 无需回复） ==> yes  
2025-05-27 08:24:12,386 ChatBI->     INFO     层级抽取文档： 市民来电反映:上述地址小区的物业多收居民的物业费。停车费和水费。诉求：请管理部门核实处理小区物业乱收费的问题。（市民要求信息保密 无需回复） ==> yes  
2025-05-27 08:24:12,386 ChatBI->     INFO     层级抽取文档： 市民来电反映:其10月不在小区，就没有缴纳停车费。目前去缴纳11月停车费，被要求缴纳10月停车费。市民认为自己不在就不缴，物业则称市民没有提前告知人不在上海。市民则认为物业没有提前告知要提前告知。目前双方各执一词，并且对合同上的条款也有争议。物业称不交就不要在这里停。市民不认为，表示物业态度差。物业则让市民去投诉。市民要求投诉并希望解决问题。 ==> yes  
2025-05-27 08:24:12,386 ChatBI->     INFO     层级抽取文档： 市民来电反映: 上述地址小区居委和物业不作为，到现在也没有确定地回复居民小区整修后有没有固定车位，附近其他小区同一个物业的都已经确定了，就该小区没有明确说法，故来电投诉居委和物业，要求管理部门核实情况予以处理。
 ==> yes  
2025-05-27 08:24:12,386 ChatBI->     INFO     层级抽取文档： 【重新交办，要求：按答复市民要点告知市民，市民表示答复市民要点与实际情况明显不符，市民表示只是希望可以在小区内有停车位，并不是需要在楼栋附近要停车位。居委会主任本来答应9月份开会商讨方案，但是迟迟没有开。诉求：原诉求不变。最近办结的工单编号：20240819039937，工单内容:【重新交办，内容：市民表示答复市民要点”物业已把该小区“停车管理制度”提交给业委会，具体进度问题建议来电人直接询问居委会或业委会。“不明确。未告知居委会、业委会落实的此制度的具体时间。诉求：请管理部门明确告知何时能够落实物业提交的停车管理制度。（需回复）】 ==> yes  
2025-05-27 08:24:12,386 ChatBI->     INFO     层级抽取文档： 市民来电反映: 上述地址房屋内靠近窗户的位置存在漏水，已存在积水，之前房屋漏水物业维修过，现在向物业反映，物业不处理，诉求: 希望管理部门核实尽快派人维修.(需回复) ==> yes  
2025-05-27 08:24:12,386 ChatBI->     INFO     层级抽取文档： 市民补充信息：物业及居委的不作为、互相推诿，让居民每天都生活在提心吊胆之中。本楼道18户人家迫切希望有关部门可以给一个合理的解释，并对老旧电箱、水管、燃气管道进行排查、检修、替换。急需安装消防喷淋。【最近派发的工单编号：20240719017286，工单内容：市民反映：2024年7月8日下午17:00左右，上述地址旧电箱自燃引发火灾，导致楼道水管爆裂，燃气管道就在电箱旁边。市民多次向物业、居委反映无果。市民表示半年时间内已经是楼道第三次由于电箱自燃引发火灾，事后居民不断向物业、居委反映，直到2024年7月19日仍未得到任何回复。物业及居委的不作为、互相推诿。诉求：要求核实，督促加强管理。... ==> yes  
2025-05-27 08:24:12,842 ChatBI->     INFO     step_scores: ['yes', 'yes', 'yes', 'yes', 'no', 'yes', 'yes', 'yes', 'yes', 'no']
2025-05-27 08:24:12,842 ChatBI->     INFO     层级抽取文档： 市民来电反映:投诉上述地址居委会组织的业委会选举不公开不透明，业委会建立完成后，没有建立居委会、业委会、物业三方沟通的机制，小区物业更换过程不公开、不透明，涉及到金桥镇镇政府违规，东诚物业不作为有向物业反映过7号楼水压忽高忽低的问题不予解决，三规投票过程不公开、不透明。诉求:望管理部门核实，要求居委会、业委会、物业分别建立与小区居民直接沟通渠道。（市民要求信息保密 需回复） ==> yes  
2025-05-27 08:24:12,842 ChatBI->     INFO     层级抽取文档： 市民来电反映:上述地址小区11月1日晚上22点左右一辆红色车辆一辆黑色车辆停在16号楼主干道上，车辆乱停直到早上7点，同时当天晚上20点左右一辆黑色车辆停在13号楼门口，小区保安整晚都没有对违停做出劝离，投诉小区保安不作为工作没有责任心当工作为养老院养老，诉求：希望管理部门核实处理。（市民要求信息保密 无需回复） ==> yes  
2025-05-27 08:24:12,842 ChatBI->     INFO     层级抽取文档： 市民来电反映:其是上述住户，市民表示目前电梯有问题，有直接上升21楼和下降到8楼的现象，目前小区的维修资金也被前物业卷走了，目前小区换新电梯的维修金不够，楼道内的消防水龙头也没有水。诉求：请管理部门核实，协调对电梯进行维修或更换，并维修检查消防龙头。 ==> yes  
2025-05-27 08:24:12,842 ChatBI->     INFO     层级抽取文档： 市民来电反映:市民称上述地址小区居委张主任在4月2日在小区楼道里面清理物品，敲了一户人家的门，然后就把人家停在楼道里面的自行车给推出去，市民称电表下面都是垃圾不清理，非要清理人家自行车，故来电要求投诉该居委主任（市民要求信息保密 无需回复） ==> yes  
2025-05-27 08:24:12,843 ChatBI->     INFO     层级抽取文档： 催单原因：市民补充信息962121联系其表示是接到房办的回复称小区业委会部分成员不同意移动车辆，所以这辆车必须还是停放在消防禁行区原位，市民不认可，明显违反消防管理条例，房办居然认可了这样的答复，业委会成员错误的理念居然得到了房办的认可，如果房办认可其需要出具房办认可业委会成员说辞的证明，以确保以后出了事情由这两方担责，并且市民不明白为什么要由业委会来处理这个问题，故其也需要投诉房办，962121表示这个问题要找普陀区消防处，诉求：希望管理部门协调普陀区消防处联系处理并且针对违停在消防通道的问题给予解释说明。【最近派发的工单编号：20240507001143，工单内容：【时间:2024/... ==> no  
2025-05-27 08:24:12,843 ChatBI->     INFO     层级抽取文档： 市民来电反映:市民来电反映相同事项。【最近办结的工单编号：20241025021923，工单内容：市民来电反映：其住在上述地址，表示旁边围墙内的一排树木长的很高，树枝不断敲打市民家玻璃，其和物业反映过，但物业一直没有处理，说要上报，诉求：希望管理部门核实，尽快督促物业修剪树木。】 ==> yes  
2025-05-27 08:24:12,843 ChatBI->     INFO     层级抽取文档： 市民来电对办理结果不满,接到了居委和物业的电话回复，都说会处理但让人感觉有点和稀泥，有来人修剪绿化，但没有修剪到标准的低矮灌木的50公分高度，现在修剪了一点将绿化内堆放的杂物和私自在绿化铺设的水泥都暴露出来了。诉求：1.要求修剪到标准的50公分高度要么换成标准的灌木。2.清理绿化里堆放的杂物。3.将私自铺设的水泥铲掉恢复绿化。【最近派发的工单编号:20241009028496，工单内容:重新交办，要求：按答复要点告知市民，市民表示答复要点与实际情况不符。1、市民眼看有浇灌、铺设水泥、在绿化小道一边种植树木。2、之行被回复称8月30日前如未执行所属城管会强制执行、花木街道会处理树木，实际至... ==> yes  
2025-05-27 08:24:12,843 ChatBI->     INFO     层级抽取文档： 市民来电反映:上述地址对面有一排非机动车停车棚一共16间，是开发商配套建造的，使用彩钢瓦和泡沫建造的，因为台风将16个车棚的棚顶掀掉了，后来找了琛诺物业，物业经理称不管，还与居民发生争执，后来居民有照鸿宝居委，居委会上报到街道以后，街道在9月18日回复称不管称车棚没有缴纳物业费，让居民自行维修，市民表示居民有缴纳物业并且是因为天灾导致的现在给居民造成影响，居民肯定都是通过居委会物业和街道办反映。诉求：希望相关部门协调解决非机动车车棚修缮问题。（需回复） ==> yes  
2025-05-27 08:24:12,843 ChatBI->     INFO     层级抽取文档： 市民来电咨询:上述地址楼道堆物严重，多次反馈没有出来 ==> yes  
2025-05-27 08:24:12,843 ChatBI->     INFO     层级抽取文档： 市民来电反映:市民来电补充信息。市民要求信息保密，需要回复，联系电话为：13611682243【最近派发的工单编号：20240603019855，工单内容：市民来电反映:2023年小区成立业委会，老的物业贴出通知，告知物业公司2024年9月30日撤场，新物业公司需要招标，6月3日张贴通知，告知原先居委会推荐的4名业委会成员，包括业委会主任和副主任都不做了，超过半数，业委会解散，诉求：希望管理部门核实让街道牵头进行物业招标，由街道帮助新老物业公司的工作过渡。（市民要求信息保密，无需回复）】 ==> no  
2025-05-27 08:24:13,246 ChatBI->     INFO     step_scores: ['yes', 'yes', 'yes', 'no', 'yes', 'no', 'yes', 'yes', 'yes', 'yes']
2025-05-27 08:24:13,246 ChatBI->     INFO     层级抽取文档： 市民来电反复催单。催单原因：市民称管理部门至今未给予任何回复，请管理部门尽快处理。【最近派发的工单编号：20240115029462，工单内容：市民来电反映:上述地址小区有规定，楼道内门的规格及颜色多要统一，但上述御桥路1978弄15号1602室的居民却改变了门的颜色，导致楼道颜色不统一，且将原本内嵌的门扩大，并扩出来了，占用了部分公共区域，物业已经将情况上报至城管部门，现诉求希望管理部门尽快核实，并尽快整治。（需回复）】 ==> yes  
2025-05-27 08:24:13,246 ChatBI->     INFO     层级抽取文档： 市民来电反映:上述小区物业现在不让租客车辆进，该现象刚执行，之前都是可以正常进小区停放，市民对于物业这样的行为要求投诉并给予说法（市民要求信息保密 需回复） ==> yes  
2025-05-27 08:24:13,246 ChatBI->     INFO     层级抽取文档： 市民反映：2023年中后花园停车场改造扩容。12月底业委和物业将后花园车位重新分配。结果是部分已经在业委备案并在停车场停车多年的老业主无处停车，市民称近日每天晚上都听得到车主在为停车位争吵。有业主在小区大门贴文要求解散业委会，更换物业。市民告知分配掉的70个停车位中，至少有2个给了租户，4个给了已经有停车位的，5个以上未经公示直接分配车位，3个公示无车的给固定车位。按现有做法部分老业主无处停车，只能每天为停车和邻居吵架，而新业主也不可能一视同仁获得车位，市民认为根本不具备公平性和可持续性。小区楼下空地停车位有些是一家占多车位，有些是从不交停车费，有些是分给隔壁小区车主。业主只能通过业委会... ==> yes  
2025-05-27 08:24:13,246 ChatBI->     INFO     层级抽取文档： 【重新交办，要求：答复要点与实际情况不符，2022年9月30日购入位于春申路2333弄处房屋，小区名为天樾园和，开发商于2024年6月底函送收房通知，通知其7月11前往收房。市民前往发现房屋存在漏水霉斑、外立面鼓包龟裂，地下车库霉斑点点等问题，室内也是问题很多，地漏短接，阳台顶漏水等，严重影响房屋的居住安全以及使用功能。开发商答应会整修，至今过去一月有余，还未完成整改。开发商说可以等整改好收房，目前还未明确整修时间，要求1、请管理部门介入，协助督促开发商完成整改。2、开发商给业主明确维修时间，以及开放收房时间，目前只有周末可以进行收房手续。3、开发商因未完成整修而告知可以不收房，未收房期... ==> no  
2025-05-27 08:24:13,247 ChatBI->     INFO     层级抽取文档： 市民来电咨询:市民和邻居有纠纷，3年未解决。是邻居在电梯空间点蚊香，后经派出所、物业、居委会协调，不点蚊香了，改喷杀虫剂。物业都知道，110也上门过。后经协商，清空走廊，当时邻居拦了个屏风，疫情期间倒滴露。后市民装探头。警察、居委会把东西清空。咨询：楼道堆物法律依据。 ==> yes  
2025-05-27 08:24:13,247 ChatBI->     INFO     层级抽取文档： 市民来电反映:办公楼物业，强制要求包月停车，2月不想交整月停车费，物业不同意。 ==> no  
2025-05-27 08:24:13,247 ChatBI->     INFO     层级抽取文档： 市民来电反映:上述地址的住户正在装修，敲了承重墙，向居委物业反映都不管。诉求：查处复原。（市民要求信息保密 需回复） ==> yes  
2025-05-27 08:24:13,247 ChatBI->     INFO     层级抽取文档： 市民来电反映:其上述地址的家里面卫生间和主卧墙面漏水，没有积水，已经向物业反映了但是一直没有来维修。诉求：请管理部门处理物业的不作为并要求尽快上门维修。 ==> yes  
2025-05-27 08:24:13,247 ChatBI->     INFO     层级抽取文档： 市民来电补充信息。市民补充信息内容为在端午期间上述地址的问题有所改进，但是过了端午以后上述地址又开始堆物了，市民表示不满。诉求：不变。【最近派发的工单编号：20240607007895，工单内容：市民来电反映:上述地址为沿街商铺，商铺后门连接其小区内。商家经常将货物堆在后门外，影响居民正常通行，且有安全隐患。其向居委反映过，居委书记告知其对方态度恶劣，且物业不作为。诉求：协调让商铺不要把货物堆在小区内后门。】 ==> yes  
2025-05-27 08:24:13,247 ChatBI->     INFO     层级抽取文档： 【投诉】市民来电反映:物业承诺2023年解决小区停车困难问题，并准备采取先到先得的停车方式，每次向物业咨询相关事项的进度，但是每次都告知正在推行中，却没有实质性的进展，进而造成了业主之间的矛盾，多次向房办反映，房办也多次责令物业整改，但是物业拒不执行，诉求：请管理部门督促要去物业解决小区停车苦难的问题，落实小区停车的相关规定。 ==> yes  
2025-05-27 08:24:13,655 ChatBI->     INFO     step_scores: ['no', 'yes', 'yes', 'yes', 'yes', 'yes', 'yes', 'yes', 'no', 'no']
2025-05-27 08:24:13,655 ChatBI->     INFO     层级抽取文档： 市民来电反映: 市民是上述地址小区业主，第二辆车在小区里停车超过1个小时物业就要收取10多元的停车费。市民认为收费不合理，要求解释。 ==> no  
2025-05-27 08:24:13,655 ChatBI->     INFO     层级抽取文档： 市民来电反映:上述地址房屋一直处于房屋破损问题，市民一直没有缴纳物业费，现市民告知物业一直要求缴纳物业费，市民要求上海崇裕房产有限公司帮其进行处理房屋维修问题。诉求：希望管理部门核实，并帮助市民协调处理 ==> yes  
2025-05-27 08:24:13,655 ChatBI->     INFO     层级抽取文档： 【重新交办，要求：按答复市民要点告知市民，市民表示答复市民要点与实际情况明显不符，管理部门回复“每半年公布一次专项维修资金的收支情况”实际小区的维修资金从来没有公示过。诉求：请管理部门核实并要求将维修资金收支表发送PDF到居民群。（需回复）最近办结的工单编号:20241029036588，工单内容:市民来电反映:上述小区物业：中建东孚，入驻3年来从来没有公示过收益，市民表示自行联系过物业，物业表示张贴过，市民前往查看发现没有明细，公示内容不明确，应该公示的充电桩、广告、停车费、一概没有，市民希望物业重新公示有明细的收益，并通知居民或发送pdf到居民群，诉求：投诉物业公示的收益不明确，请管... ==> yes  
2025-05-27 08:24:13,655 ChatBI->     INFO     层级抽取文档： 补充信息：市民表示需要回电，联系方式：18964668556【最近派发工单编号：20240111011718，工单内容：市民来电反映:浦东新区霞玉路436弄8号202楼道里面有很多杂物，找该处居民反映多次无果。诉求：希望尽快清理（市民要求信息保密 无需回复）】 ==> yes  
2025-05-27 08:24:13,655 ChatBI->     INFO     层级抽取文档： 市民来电反映:  上述地址家里的下水管道漏水，造成墙壁起泡，该管道是整栋楼的公用管道，其要求物业把管道都换掉，物业说要收费，市民不认可，要求管理部门核实情况予以解释。 ==> yes  
2025-05-27 08:24:13,655 ChatBI->     INFO     层级抽取文档： 市民来电反复催单。催单原因：市民称找师傅来检查过漏水原因，师傅说是屋顶上垃圾太多了将下水管堵住了，自行无法清理掉屋顶的大件垃圾，师傅让市民找物业来清理屋顶的垃圾，但物业不帮忙，说只要是雨天屋顶有积水是正常的。市民表示现在屋顶渗水已经蔓延到其家中墙壁里了，墙内有电线，存在安全隐患。诉求：希望物业尽快派人来帮其将屋顶垃圾清除掉。【最近派发的工单编号：20240711030065，工单内容：市民来电反映:市民是上述地址的居民，市民家是顶楼，因顶楼有很多垃圾把下水管道堵塞了，造成市民房屋屋顶积水向下渗水，渗水已经影响到市民楼下的居民。市民向物业报修，物业表示是市民家中窗户有洞要市民修补好洞再去疏... ==> yes  
2025-05-27 08:24:13,655 ChatBI->     INFO     层级抽取文档： 市民来电反映：上述地址底楼商铺要装修开餐饮店，到小区里挖污水管， 物业说是可以的不肯管，故来电投诉物业不作为，要求管理部门核实情况予以制止。（市民要求信息保密 需回复） ==> yes  
2025-05-27 08:24:13,655 ChatBI->     INFO     层级抽取文档： 市民来电反映:该处2楼房顶漏水淹掉了1楼2楼居民物品，其是该处3楼居民，现1楼2楼居民要求其赔偿，1月26日或27日其反映该处顺天邨居委让调解邻里纠纷，居委找物业谈，市民认为居委不作为，现诉求：望管理部门尽快核实给予处理解决答复。 ==> yes  
2025-05-27 08:24:13,655 ChatBI->     INFO     层级抽取文档： 市民来电反映:请管理部门告知上述地址所属的小区物业电话。（需回复） ==> no  
2025-05-27 08:24:13,655 ChatBI->     INFO     层级抽取文档： 市民来电补充信息。市民补充信息内容为收取停车费的相关规定违反了物业法的相关规定，且对于业主和租客没有一视同仁，诉求：请管理部门核实并对于违反相关规定的行为予以查处。【最近派发的工单编号：20240513014155，工单内容：市民来电反映:市民是康虹花园151号308室租客，2024年物业费市民已经交给物业，由于此处业主前几年有欠缴物业费，物业不同意市民年缴停车费、要求市民每月申请缴纳停车费，并帮物业去催收物业费。4月有一个星期没有停车，5月13日市民去缴纳停车费被告知要只能连续缴纳，不能中断。市民不认可。诉求：请管理部门核实要求年缴停车费。（需回复）】 ==> no  
2025-05-27 08:24:14,021 ChatBI->     INFO     step_scores: ['yes', 'yes', 'yes', 'yes', 'yes', 'yes', 'yes', 'yes', 'yes', 'no']
2025-05-27 08:24:14,021 ChatBI->     INFO     层级抽取文档： 市民来电反映:其是上述地址居民，小区7月开始绿化就没浇过水，现在天气炎热，草坪、树木有枯死的情况，物业才在8月15日（昨天）浇水，要求投诉物业。（市民要求信息保密 无需回复） ==> yes  
2025-05-27 08:24:14,022 ChatBI->     INFO     层级抽取文档： 市民来电反映相同事项。【最近办结的工单编号：20220610002291，工单内容：市民来电反映：虹口区凉城路539弄21号201室经常在外捡垃圾堆放在楼道和楼梯上，有时占据楼道一半的面积居民上下楼需要侧身行走，前段时间甚至堆放在楼梯上导致市民夜间下楼时摔伤，楼道内的消防栓也被其捡来的垃圾遮挡。市民表示向物业反映后物业及时上门处理过，但物业人员一走该居民又开始堆垃圾。诉求：要求管理部门建立长效管理机制，彻底解决该处楼道内堆垃圾的问题，并要求告知具体由哪个部门处理。】 ==> yes  
2025-05-27 08:24:14,022 ChatBI->     INFO     层级抽取文档： 市民来电反复催单。催单原因：市民称管理部门至今未给予任何回复，请管理部门尽快处理。【最近派发的工单编号：20240903022248，工单内容：重新交办,要求：按答复要点告知市民,市民表示答复要点不明确,漏水为天沟导致，市民表示此前也漏过，由前物业女性负责人带领团队搭棚维修，现已退休，故不存在无法维修的情况。诉求：希望尽快维修。最近办结的工单编号:20240829020384，工单内容:市民来电反映:上述地址是老式房屋了，其家的亭子间房顶一直漏水，多次联系物业，物业派人上门查看后就走了，目前漏水情况越来越严重，特来电求助。诉求：管理部门协调物业尽快派人维修】 ==> yes  
2025-05-27 08:24:14,022 ChatBI->     INFO     层级抽取文档： 市民反映：40号门口堆放轮胎，徐明服务态度恶劣。诉求：投诉物业。（无需回复） ==> yes  
2025-05-27 08:24:14,022 ChatBI->     INFO     层级抽取文档： 市民来电咨询:其为上述地址居民，西南两面外墙渗水，房子已经买了五六年，向物业报修两个月，一直没有结果，联系物业被告知需要找业委会，诉求：请管理部门告知此情况应该物业维修还是居民自己维修 ==> yes  
2025-05-27 08:24:14,022 ChatBI->     INFO     层级抽取文档： 市民来电反映:小区一楼前的绿化带，保洁每次经过都不打扫，为此导致环境脏乱差。诉求：投诉保洁工服务不到位，希望上级部门督促提高服务。（市民要求信息保密 无需回复） ==> yes  
2025-05-27 08:24:14,022 ChatBI->     INFO     层级抽取文档： 市民补充信息：因为各部门分工比较细，这个事能处理好需要哪些部门一起联合操作。【最近派发的工单编号：20231225020088，工单内容：重新交办，要求：答复要点与实际情况不符，群租整的是人，而不单只是高低床，最重要的是一个房间住多少人。4，5，6，7，8这几层，8楼群租打过一次，但是没有打掉，815，805群租房还在，822估计是流动人口的，而物业还到处藏高低床，其中505也是群租，物业肯定知道（详见附件），诉求：望有关部门及时查处整治。】 ==> yes  
2025-05-27 08:24:14,022 ChatBI->     INFO     层级抽取文档： 市民反映：下水管道堵塞多日，物业迟迟不处理，严重影响居民生活问题。诉求：管理部门尽快疏通。（市民要求信息保密，需回复） ==> yes  
2025-05-27 08:24:14,022 ChatBI->     INFO     层级抽取文档： 市民反映：自从2022年以来红湖小区停车一直困扰着红湖小区居民，因为红湖小区物业2022年，擅自贴出随到随停的公告，推翻原来固定停车位管理的规则，没有征询业主意见，是无效的，不合法，不合规，导致安亭医院就医车辆等外来车辆进入，红湖小区居民无车位可停，后来红湖小区居民多次报警，出现多次停车冲突，给红湖小区带来不和谐。诉求：1. 请物业调查清楚红湖小区业主实用车辆数（三证合一，驾驶证，行驶证，房产证一致）。2.给出红湖小区划线车位数量。禁止外来车辆随意进入，禁止医院车辆进入。3.... ==> yes  
2025-05-27 08:24:14,022 ChatBI->     INFO     层级抽取文档： 市民来电反映:其是上述地址居民，要求物业公示维修基金及公益收益的明细，但是物业告知小区没有成立业委会，所以不能公开。诉求：希望管理部门告知，物业的说法是否合理，如果不合理，要求物业公示（市民要求信息保密，需要回复） ==> no  
2025-05-27 08:24:14,408 ChatBI->     INFO     step_scores: ['no', 'yes', 'yes', 'yes', 'yes', 'yes', 'yes', 'yes', 'no', 'yes']
2025-05-27 08:24:14,408 ChatBI->     INFO     层级抽取文档： 市民来电补充信息。市民补充信息内容为10月6日居委联系其，并称按市政府文件，他们可以参与。现居委人员上门，并让居民填写相关选票，但在处理过程中刻意引导居民选择同意。市民：请管理部门核实后尽快处理。【最近派发的工单编号：20240923013275，工单内容：市民来电反映:其为上述小区的业主，9月23日小区物业名东物业在小区居委公众号发布了2条信息，一条为今年3月的文件，一条为9月20日的文件，文件加盖任何公章，现就要求对小区的物业费从0.4元涨到0.85元，市民对此表示不认可，诉求：希望管理部门核实处理给到合理的解释和解决方案。】 ==> no  
2025-05-27 08:24:14,408 ChatBI->     INFO     层级抽取文档： 市民反映：上述地址堆放了花盆、动物的笼子、塑料桶，该情况存在了很多年，居委和物业视不管理。（详见附件）诉求：要求管理部门清理杂物。（市民要求信息保密，无需回复） ==> yes  
2025-05-27 08:24:14,408 ChatBI->     INFO     层级抽取文档： 市民来电反映相同事项。【最近派发的工单编号：20240613034222，工单内容：市民来电反映:市民的公司在上述小区有产权，已经租在上述小区公司房屋里五年了，车牌号：沪B303V7，公司一次性付了五年的停车费。之前换了物业后表示租户不能登记车辆信息，并且小区有车位才可以进，不然不让进。因之前市民车辆在小区被剐蹭了让物业赔钱了，最近物业保安一直针对市民车辆，正常缴纳停车费的，就是说市民车辆没有登记不让进。市民自行询问过其他租客，都是可以进的。并且市民也是正常给物业支付停车费用，物业还是以没有车辆信息为由不让市民进入。诉求：请管理部门解决市民车辆无法进入小区的问题。（市民要求信息保密 需回复）】 ==> yes  
2025-05-27 08:24:14,408 ChatBI->     INFO     层级抽取文档： 【重新交办,要求：按答复要点告知市民,市民表示答复要点不符，市民所在车位并非401车位，另外市民表示社会都在进步，为何临停车位10多年了不能改进，并且市民表示自己排队等候车位了也十多年了，总该轮到市民了，为何临停车位就不能变更，要求管理部门介入给到合理解释。最近办结的工单编号:20240304033401，工单内容:市民来电反映:上述地址小区的停车位紧张，最近突然在小区居民家门口划了6个临时车位，没有任何通知将市民的固定车位变成了临时车位，向物业和业委会沟通这个问题，互相推诿表示人手不够也没人管理。诉求：投诉华高二村的物业和业委会管理混乱不作为。（市民要求信息保密 需回复）】 ==> yes  
2025-05-27 08:24:14,408 ChatBI->     INFO     层级抽取文档： 【重新交办，要求：答复要点不明确。市民告知买房合同规定的停车场2个出入口，一个进一个出，为何私自将其中一个出口砌墙封了。也没有业委会协商。现在恢复出入口又要业委会协商了。诉求：请管理部门重新规划停车位。关于封闭出入口问题给一个解释。最近派发的工单编号:20241113003767，工单内容:市民来电反映:以上小区内路面停车混乱，如果小区发生火灾问题，消防车无法进去，地下停车场出口也被封闭，进出口用同一个路口，建议：重新规划停车位。（需回复）】 ==> yes  
2025-05-27 08:24:14,408 ChatBI->     INFO     层级抽取文档： 市民来电反映:其是西苏州河路85弄22号楼1301室，卫生间顶上漏水一年多，向物业反映，物业一直没有协调维修。诉求：请管理部门核实要求尽快安排维修。   ==> yes  
2025-05-27 08:24:14,409 ChatBI->     INFO     层级抽取文档： 【重新交办，要求：答复要点与实际情况不符，市民称该地2006年建造后该地是停车场，有划停车位，且管理部门有做过义卖，80多平方米被分作2块，1块是停车场，1块是垃圾房，2020年管理部门才将该地封起来，因是1个物业公司，才将商铺的停车场变为垃圾房，管理部门答复的图纸是居委会的图纸，不是规划部门的图纸，偷换概念，故再次来电投诉。诉求：要求人防部门核实规划部门的图纸，并予以处理。（需回复）最近办结的工单编号:20241014024658... ==> yes  
2025-05-27 08:24:14,409 ChatBI->     INFO     层级抽取文档： 【重新交办，按照答复要点告知市民，市民表示答复要点与实际情况明显不符，不符的内容：市民表示小区内是有位置可以停车的，但并没有对外来车辆进行管理，也没有划停车位，周边其他小区都有设置进出小区的闸道栏杆。市民诉求：希望管理部门核实能在该小区出入口设置闸道栏杆，以及在小区空位划分停车位。最近办结的工单编号:20240803007922... ==> yes  
2025-05-27 08:24:14,409 ChatBI->     INFO     层级抽取文档： 市民来电反映:上述地址房屋属于商业用房，但是里面现在作为员工宿舍，住了很多人，并且还有私拉电线的情况，诉求：希望管理部门对该处违规住人的情况进行核查处理。（市民要求信息保密 无需回复） ==> no  
2025-05-27 08:24:14,409 ChatBI->     INFO     层级抽取文档： 市民来电反映:7月19日晚上车子进入华腾苑，由于道路非常黑，未注意到占用了两个位置，第二天早上起来发现车窗上贴了一张告示，市民无法斯下来，对车子造成损伤，找到物业公司对方态度很强硬不承认有责，市民认为物业的告知方式不合理，诉求：投诉物业服务问题。 ==> yes  
2025-05-27 08:24:14,855 ChatBI->     INFO     step_scores: ['yes', 'no', 'yes', 'no', 'yes', 'no', 'yes', 'no', 'yes', 'yes']
2025-05-27 08:24:14,855 ChatBI->     INFO     层级抽取文档： 市民来电反映:其是上述小区业主，于物业存在停车纠纷，物业工作人员就一直不停的派人上门骚扰市民。诉求：投诉物业公司，要求道歉。 ==> yes  
2025-05-27 08:24:14,855 ChatBI->     INFO     层级抽取文档： 【重新交办，要求：答复要点与实际情况不符，编号为SSB20231221285521的事项反映的问题是2023年的新装修违章。请不要再把2023年、2024年的房屋违章问题都统计到“五违四必”开展前的多年历史遗留问题里面。本小区是商品房小区，应该不会开展“美丽家园”小区改造的。诉求：希望管理部门尽快将侵占的共用绿地清理及恢复原样，对小区进行房屋违章统一整治。（市民要求信息保密，无需回复）最近办结的工单编号：20231221028344，工单内容：市民反映：上述地址小区毁绿占用绿地共用部位的现象一直很普遍发生，2023年翔殷路500弄42号103室装修，把窗变成大门，并毁坏窗前绿地铺设水泥瓷... ==> no  
2025-05-27 08:24:14,855 ChatBI->     INFO     层级抽取文档： 重复来电，咨询处理进程。【最近派发的工单编号：20240516001565，工单内容：市民来电反映:上述地址在门口和后窗堆放了许多垃圾，影响小区环境之前多次反映也未清理。诉求：希望管理部门督促清理垃圾（市民要求信息保密 需回复）】 ==> yes  
2025-05-27 08:24:14,855 ChatBI->     INFO     层级抽取文档： 【重新交办，要求：按答复市民要点告知市民，市民表示前件答复市民要点不符，市民称非机动车占车位有处理但没有任何改善，其也有与居委会姚主任单独联系三个月反映此问题，也是没有效果。诉求：请管理部门核实并要求彻底解决其反映的非机动车占车位事宜（需回复）最近办结的工单编号：20240501018204，工单内容：【重新交办，要求：答复要点不明确，其之后向居委反映此事，居委是做了工作，但收效甚微，由于居委不想上级部门给其施压，单独与市民联系处理此事，但处理结果表示没办法整治。诉求：请管理部门长效整治占车位现象。最近办结的工单内容：【重新交办，要求：答复要点不明确，市民表示管理部门处理后没有改变，市民... ==> no  
2025-05-27 08:24:14,855 ChatBI->     INFO     层级抽取文档： 市民来电反映:其是上述地址居民，之前家里水管堵了，物业只是走过场，现在楼上水管渗水，漏到其家中。诉求：希望管理部门核实，对此给予市民合理的解决方案 ==> yes  
2025-05-27 08:24:14,855 ChatBI->     INFO     层级抽取文档： 市民来电反映:上述沪尚茗居装修为其昌里东路190弄8号2208室装修后。市民表示该处房屋从2022年12月入住的时候就一直存在马桶管道堵塞、墙面发霉开裂的问题甚至包括窗户漏水、阳台管道不通、 进户门封太大等问题。市民多次联系该装修公司要求进行售后，但该公司一直推诿不处理。市民表示当初装修共花费39万元左右。诉求：请管理部门尽快核实并要求该装修公司负责人到场给到市民表态及售后。 ==> no  
2025-05-27 08:24:14,855 ChatBI->     INFO     层级抽取文档： 市民来电反映:上述小区的监控设备坏了六七年了，物业一直没有维修更换监控，市民表示车辆停在小区内已经被磕碰损失有3次了，都是因为监控坏了调取不到录像无法维权，向物业反映过多次，物业经理说是小区有居民不同意更换维修，市民不认可该解释。诉求：希望管理部门加强物业的监管，及时维修更换监控设备。  ==> yes  
2025-05-27 08:24:14,855 ChatBI->     INFO     层级抽取文档： 【重新交办，要求：根据答复市民要点告知市民，市民表示答复要点不明确，市民称未接到管理部门的电话，回电无法接通。市民联系了相关的上级领导，领导表示会安装监控，监控也已经在6月2日安装好了，市民表示不清楚安装监控是否有效果，管理部门也没有给予明确答复。市民要求管理部门给予明确答复，希望能够让中铁建联系市民。最近办结的工单编号:20240521040376，工单内容：重新交办，要求：按答复市民要点告知市民，市民表示前件答复市民要点不明确，市民表示其反馈后该问题并未得到解决，并且管理部门将工单反馈给到居委，居委处理该问题有点欠缺不妥，诉求：希望管理部门核实后再次介入，专递相关部门非居委进行处置（... ==> no  
2025-05-27 08:24:14,855 ChatBI->     INFO     层级抽取文档： 市民来电反映:小区是20年的房子，之前对面楼栋的楼道内有漏水，有居民报修给物业，物业推给小区综合维修，而找了综合维修部门被告知还是要联系物业，这件事情在7月份发生过，最终来维修的是物业，而目前104号的楼顶在这次台风后漏水，报修，物业也是这么回复，让找综合维修部门，为此市民无奈，有拨打过962121，诉求：希望尽快给安排维修。 ==> yes  
2025-05-27 08:24:14,855 ChatBI->     INFO     层级抽取文档： 市民来电反映:宝山区东华苑只有一个垃圾投放点，只早晚各开放2小时，居民乱扔垃圾特别是8号楼门口，居委物业不管。诉求：请管理部门查处。（市民要求信息保密 无需回复） ==> yes  
2025-05-27 08:24:15,268 ChatBI->     INFO     step_scores: ['no', 'no', 'yes', 'yes', 'yes', 'no', 'yes', 'yes', 'yes', 'yes']
2025-05-27 08:24:15,268 ChatBI->     INFO     层级抽取文档： 市民来电反映:上述地址是老小区。该小区附近有新建小区，且在与其处合并。该小区附近有农业银行。市民称合并后小区要作为封闭式小区，故管理部门在砌墙。小区内有很多老人，故砌墙后如要前往银行，需绕行很长一段道路，故导致不便。市民建议：建议管理部门核实后在银行附近的墙体上开门，方便居民。 ==> no  
2025-05-27 08:24:15,268 ChatBI->     INFO     层级抽取文档： 【重新交办，要求：答复要点与实际情况不符，小区连廊设计存在重大安全隐患，高度虽符合《民用建筑设计通则》第6.6.3条规定的栏杆高度标准，但未按该条款中“住宅、托儿所、幼儿园、中小学及少年儿童专用活动场所的栏杆必须采用防止少年儿童攀登的构造”规定采取防止儿童攀登构造。外立面大面积的弹性涂料和金属漆目前已经凹凸不平，部分甚至已经开始脱落。此前建管委已要求开发商整改，但迄今还未见到任何针对外立面整改的施工。中铁在以上问题拒绝整改的基础上，计划推进预看房。青浦建管委明确表示，当前连廊和外立面合规。针对连廊没有做防攀爬设计，建管委虽内部论证称连廊不存在安全问题，但在被要求出具证明文件时，予以拒绝。... ==> no  
2025-05-27 08:24:15,268 ChatBI->     INFO     层级抽取文档： 市民来电咨询:小区里面的下水道堵塞导致其家里面反水然后地板弄的一塌糊涂，其要求物业赔偿但是物业不赔偿，现在物业告知到法院怎么处理。 ==> yes  
2025-05-27 08:24:15,268 ChatBI->     INFO     层级抽取文档： 市民来电反映:上述地址小区内，市民家7月初房屋有漏水情况，物业联系之前进行小区改造的公司，公司有上门修过，目前是外墙修好了，但是房屋内部阳台位置，此处的渗水导致内部房屋损坏等问题与该公司协商一直没有处理。诉求：希望管理部门核实后让相关公司尽快安排维修房屋内部。（市民要求信息保密 需回复） ==> yes  
2025-05-27 08:24:15,268 ChatBI->     INFO     层级抽取文档： 市民补充信息内容为:城管工作人员没有看到五个卫生间，五个水管，但是社区民警与物业经理居委会工作人员都看到的，城管工作人员进入上述地址但是市民没有看到市民反馈的问题，且收到的工单是:市民反馈的群租的问题，市民表示其诉求不变。【最近派发的工单编号：20240414001794，工单内容：市民来电反映:宝山区聚丰园路188弄44号202室群租，隔断房间装水管。导致漏水到市民家。物业来处理停一下，又反反复复。社区民警说打12345。诉求：敲掉违规隔断，拆掉违规用水。】 ==> yes  
2025-05-27 08:24:15,268 ChatBI->     INFO     层级抽取文档： 市民来电反映:之前有反馈上述地址清运垃圾时间过早问题，管理部门后续处理，确实解决，变成9:00多清运，但是现在死灰复燃，不到8:00又来了，诉求：请管理部门核实后对此处置，要求9:00后来清运。 ==> no  
2025-05-27 08:24:15,269 ChatBI->     INFO     层级抽取文档： 市民来电反映:上述地址美丽家园时建造了垃圾房，当时承诺垃圾会放进垃圾房。但现在该处垃圾没有扔进垃圾房，都堆放在旁边，破坏了该处的绿化，垃圾房的管理人员还在垃圾房旁边小便。诉求；请管理部门核实处理，要求清理垃圾，恢复绿化。 ==> yes  
2025-05-27 08:24:15,269 ChatBI->     INFO     层级抽取文档： 市民来电反映:其为上述地址崇明区学宫路学宫小区528号504室居民，卫生间排水铁管因年代久远，导致腐烂造成漏水，市民方做护墙板，故看不到市民家是是否渗水。但3楼居民始终认为是市民方问题，实际对方让所属物业改过总管，且现物业表示为市民方未做防水造成，市民对此不满。诉求：望管理部门核实，要求由所属居委、物业出面自行与3楼或4楼协商并解决漏水、渗水问题，禁止再次找市民方。（需回复） ==> yes  
2025-05-27 08:24:15,269 ChatBI->     INFO     层级抽取文档： 市民来电反复催单。催单原因：市民称管理部门至今未给予任何回复，请管理部门尽快处理。【最近派发的工单编号：20240109032312，工单内容：市民来电反映:黄浦区局门路361弄，该处是里弄房子，刚刚整修好，该里弄的消防通道不允许停车，但现在物业又让居民把车子把停到消防通道上，有安全隐患，诉求：要求尽快整改（市民要求信息保密 无需回复）】
 ==> yes  
2025-05-27 08:24:15,269 ChatBI->     INFO     层级抽取文档： 市民来电反映:其为上述地址金山区海丰路63弄海欣家园小区居民，小区外围绿化带，已10多年无人修剪，杂草丛生。已多次向所属物业反映，均被告知该处绿化非物业管辖。诉求：望管理部门核实，要求尽快安排修剪。（市民要求信息保密 需回复） ==> yes  
2025-05-27 08:24:15,678 ChatBI->     INFO     step_scores: ['yes', 'no', 'yes', 'yes', 'no', 'no', 'yes', 'yes', 'yes', 'yes']
2025-05-27 08:24:15,679 ChatBI->     INFO     层级抽取文档： 市民来电补充信息。市民补充信息内容为：市民表示是空调排水管不规范导致的漏水，物业告知需要安装三通，物业告知空调的问题不属于他们管，但是自如公司拖着一直不处理，希望管理部门督促物业尽快解决问题。【最近派发的工单编号：20240808023894，工单内容：市民来电反映:上述地址是自如的房子，其房子空调管道漏水已经有很长时间了，市民也和其公司的经理沟通过其一直用在走流程来搪塞居民，市民不认可，诉求：请管理部门核实让其进快解决空调管道漏水问题。】 ==> yes  
2025-05-27 08:24:15,679 ChatBI->     INFO     层级抽取文档： 市民来电反映:上述地址的四个地址都是饭店，这些饭店把自家的污水排到房屋后面的污水管道内，排放数量大导致污水管道堵塞，后就导致污水外溢，发生这种情况饭店都不去清理。诉求：希望管理部门核实后对这些饭店污水问题进行整改。 ==> no  
2025-05-27 08:24:15,679 ChatBI->     INFO     层级抽取文档： 市民反映：派克公馆消防设施全部形同虚设，每栋楼顶楼无消防水，存在安全隐患。诉求：请管理部门对消防设施和每幢消防用水进行核查，责令物业及时整改。（市民要求信息保密，需要回复） ==> yes  
2025-05-27 08:24:15,679 ChatBI->     INFO     层级抽取文档： 市民来电反映:上述地址有居民装修的建筑垃圾已经堆放2-3周了物业一直未清理。诉求：希望联系物业尽快将建筑垃圾清理干净。（需回复） ==> yes  
2025-05-27 08:24:15,679 ChatBI->     INFO     层级抽取文档： 市民来电对办理结果不满,内容：闵行区建管委联系其，表示无法解决问题，只能起到一个帮市民与开发商起到一个沟通平台的作用，为此市民对承办部门没有起到解决问题的作用表示不满，要求投诉，希望给予一个解决问题的处理方案。【最近派发的工单编号:20240924033578，工单内容:【台风】市民来电反映:闵行区马桥镇骏祥路299弄悦和雅苑15号601，市民肯定就是这个地址，截止到9月30日是房屋2年质保期到期，现在开发商的质保期时间还没有到，开发商找的总包处理漏水，去年和今年的台风，让房屋严重漏水，影响生活，近期联系旗胜房地产开发有限公司，维修人员说维修，但约好了时间却不上门，该情况已经2-3次，联... ==> no  
2025-05-27 08:24:15,679 ChatBI->     INFO     层级抽取文档： 市民来电反映:上述地址小区道路坑洼没有得到修缮，市民告知上述地址本来是正在美丽家园工程，但是仅仅只是做了停车场的改造，市民对此表示不认可，市民还强调虽然街道举办得了城市会客厅的麦子工程但是对于市民所在小区没有做任何的优化，市民对此表示不满，市民强调之前平阳三村、平阳四村已经第二次做美丽家园工程了，但是上述小区都没有做美丽家园工程，市民对此表示不认可。诉求：市民希望区管理部门的工作人员联系市民予以答复，也希望管理部门能够对于市民所在小区道路，小区的相关形象做一个修整。（市民要求信息保密 需回复） ==> no  
2025-05-27 08:24:15,679 ChatBI->     INFO     层级抽取文档： 市民来电咨询处理进度。【最近办结的工单编号：20231018025945，工单内容：市民来电反映:上述地址物业存在乱收费现象。办理门禁卡需要支付50元，每人都有办理，不退不换。市民表示不合理存在霸王条款。诉求：希望管理部门对物业乱收费给予处理（需回复）】
 ==> yes  
2025-05-27 08:24:15,679 ChatBI->     INFO     层级抽取文档： 市民补充信息：物业、居委推脱不予解决。诉求人：韩 诉求地址：嘉定区安亭镇安智路2078弄17号102室【最近派发的工单编号：20241027004510，工单内容：房门口漏水每逢下雨天漏水，反复无效维修，持续漏水，1楼门口，楼道居民出门形成隐患。诉求：要求尽快维修。】 ==> yes  
2025-05-27 08:24:15,679 ChatBI->     INFO     层级抽取文档： 【重新交办，要求：按答复市民要点告知市民，市民表示答复市民要点与实际情况明显不符，市民表示10月22日4:00，10月23日5:00左右，就开始工作，发出很大的噪音，影响周边居民正常休息，诉求：要求整改。最近办结的工单编号：20240924000586，工单内容：市民来电反映:小区的清洁人员很早就开始在垃圾桶这边清理，并且噪音扰民严重，市民表示影响休息， 故投诉物业安排不当，诉求：请管理部门核实介入处理。（市民要求信息保密 需回复）】 ==> yes  
2025-05-27 08:24:15,679 ChatBI->     INFO     层级抽取文档： 市民来电反映:上述地址小区在2023年小区进行过改造，现改造后经过台风天气，外墙就出现脱落、漏水问题。市民表示改造了没多久就出现该情况，属于豆腐渣工程，现居委、物业都推卸责任。现近期马上又有台风，存在安全隐患。诉求：希望管理部门核实要求尽快修复该问题。 ==> yes  
2025-05-27 08:24:16,119 ChatBI->     INFO     step_scores: ['yes', 'yes', 'yes', 'yes', 'yes', 'no', 'yes', 'no', 'no', 'no']
2025-05-27 08:24:16,120 ChatBI->     INFO     层级抽取文档： 市民来电对办理结果不满,市民表示的确物业公司对于水表间漏水问题有维修过，的确有好过一段时间，但是自3月2日开始又坏了，地面有很多积水，导致其无法正常行走，向物业公司反映了，物业公司至今未来查看，市民表示3月4日地面有严重积水，问题比此前还要严重，此外外墙破损的钱款，业委会有批复钱款，但是钱款并未用到外墙维修，外墙问题并未解决。诉求：同前，请尽快解决310室外水表间漏水问题，以及外墙漏水问题。（需回复）【最近派发的工单编号:20231009032765，工单内容:市民来电反映:上述地址是个商办楼，外墙破损，一下雨就有水会渗进来，310室... ==> yes  
2025-05-27 08:24:16,120 ChatBI->     INFO     层级抽取文档： 市民反映：其是金利公寓的业主。在2024年8月19日举行的投票过程中，市民注意到几个严重的问题，这些问题损害了投票的公正性和透明度：投票送达率不真实，有很多业主反馈并未收到投票送达通知，未真正参与有效投票中；选票计数不透明，在结果公布时，只公布最终计数结果，没有明细，而且业主无法查询明细，导致计数结果是否准确,存在弄虚做假的嫌疑；业委员不代表业主利益，业主委员会做为业主的代表，强行发起全员物业费上涨投票事宜，并且存在操纵投票结果的嫌疑，弄虚做假，不顾广大业主心声，一意孤行，可能存在与物业勾结，进行利益输送的嫌疑。诉求：给予充足、合理的解释，同时公布明细投票结果，保证所有数据真实。 ==> yes  
2025-05-27 08:24:16,120 ChatBI->     INFO     层级抽取文档： 市民反映相同事项。【最近派发的工单编号：20240807009657，工单内容：物业居委不管窨井盖断裂，从2023年11月到现在还没有处理，物业经理张林国不管（详见附件）。诉求：希望管理部门修复。】 ==> yes  
2025-05-27 08:24:16,120 ChatBI->     INFO     层级抽取文档：  重复来电:咨询处理进程。【最近办结工单编号：20231213010078，工单内容：市民来电反映: 上述地址房子沿马路，物业收取停车费800元一个月，车子停在市民的窗下，停了四辆车。汽车尾气和反光都影响了市民的生活。且红线没有备注是停车场。诉求：要求车子不要停在上述地址的窗下。】 ==> yes  
2025-05-27 08:24:16,120 ChatBI->     INFO     层级抽取文档： 市民反映：其是金地丰盛道的一位业主，小区每层之间管道没有封堵好，已发现每户的厨房燃气管道贯穿楼板区域，未按规范要求进行防水材料填实，只是简单打了发泡胶，没有任何防水功能，导致一户漏水到楼下，造成两户人家严重损失。目前小区内大量业主已经着手进行装修。诉求：请立即对受损失的业主进行快速补救施工，并对每户该处区域重新封堵，检查其他楼板封堵情况，坚决避免同样的问题发生。（市民要求信息保密，无需回复） ==> yes  
2025-05-27 08:24:16,120 ChatBI->     INFO     层级抽取文档： 市民来电反映:其投诉奉贤区西渡街道文泽苑物业费和机动车停车费太贵，是违规收取的，比商品房的物业费和停车费收费还贵，其这里是动迁房，要求核查整治。（信息保密，需回复） ==> no  
2025-05-27 08:24:16,120 ChatBI->     INFO     层级抽取文档： 市民反映：上述小区改造工程基本结束，机动车位已经重新划线，但小区内个别居民利用非机动车及杂物占据机动车位现象愈演愈烈，小区管理部门任由这些行为长期存在，等同于默许，严重侵害其他居民的合法权益。2023年10月投诉过相同问题，当时以小区正在改造为由表示会在改造结束后进行处理，目前新的停车规范已经出台但仍未看到解决方案。诉求：要求整治占位现象。（市民要求信息保密，需要回复） ==> yes  
2025-05-27 08:24:16,121 ChatBI->     INFO     层级抽取文档： 市民来电反映:其2005年动迁，随后政府批了一块地让其自己建造居住，目前有五百多户居民，都没有房产证。现在泗房物业要求提交交卫生费，才让车辆进出。市民不认可，表示都没有房产证哪来的卫生费，如需要缴纳卫生费就给小区房产证办理出来。诉求：请相关部门解决卫生费问题。 ==> no  
2025-05-27 08:24:16,121 ChatBI->     INFO     层级抽取文档： 市民反映：其是5栋低楼层业主，保利不听业主诉求，只听那些所谓的业主代表，未按图纸施工私装地库玻璃罩，特别是下雨天的噪音。诉求：投诉开发商未按图纸施工。 ==> no  
2025-05-27 08:24:16,121 ChatBI->     INFO     层级抽取文档： 市民来电补充信息。上述地址窗户坏了，开发商原先说最晚5月中修理好，拖到5月底，目前又告知6月中来处理。市民不知道为什么原材料需要2个月准备。诉求：请对窗户也进行修理。【最近派发的工单编号：20240526014034，工单内容：市民来电反映:市民购买了上述地址的房屋，目前才刚刚交付2个月，1楼阳台漏水，阳台的拉门轨道也被烧掉了一些，之前的房修人员表示是返潮，但实际是漏水，市民要求把地板撬开重新处理，诉求:请管理部门核查督促开发商恢复阳台正常使用。】 ==> no  
2025-05-27 08:24:16,121 ChatBI->     INFO     阈值索引为：3506, 窗口大小为: 100 
2025-05-27 08:24:16,121 ChatBI->     INFO     确定的文档: 3407; 在次确认的文档: 199
2025-05-27 08:24:17,050 ChatBI->     INFO     从199个需再次确认的文档中筛选出的相关文档数量：113
2025-05-27 08:24:17,051 ChatBI->     INFO     示例文档：['市民来电补充信息。市民补充信息内容为12月2日闵行区民生服务热线021962000打市民电话，其未能接听到，请管理部门尽快再次联系。【最近派发的工单编号：20241121028392，工单内容：市民来电反映:其之前在小区内被邻居言语侮辱，其弟弟在小区玩耍时被撞，要求小区物业调取监控，但物业多次以监控坏掉为由不让市民调取监控，物业屡教不改，小区内的监控长期损坏不维修，市民表示上述地址的居委会门口那条路监控永远是坏的，要么就是没有安设监控，小区内的安全无法得到保障，诉求：请管理部门核实，要求尽快添设小区监控设备，并立即维修小区内损坏的监控，避免后续无法调取监控的尴尬现象再次发生】', '【重新交办，按答复要点告知市民,市民表示答复要点与事实不符，对方只是进行了公示，实际之前根本就没有开过业主大会征询过业主的意见，且对方的行为本身违反了市政府的规定，额外在小区道路上开辟出来的车位不能作为固定车位出租使用，且车位登记等都是暗箱操作的。诉求：将额外的停车位改为公共车位让居民自有使用，希望管理部门尽快核实处理。（需要回复）最近办结的工单编号:20240830016405，工单内容:市民来电反映:上述地址是老小区，其小区95%以上的车位都变成了固定车位，最近成立了业委会在公示栏内张贴了业主规约公示，但是里面的条款有违反上海市政府发布的住宅物业相关规定的条例，现在给的方案是老人用老...', '市民来电反映:其是上述地址居民，其表示所住小区有多家居民装修过程中砸了承重墙，导致房子存在安全隐患，市民表示物业知晓不处理。诉求：小区加强管理并对砸承重墙要求整改。（市民要求信息保密 需回复）', '市民来电反映:市民是上述地址的业主，该处原定是9月底交房，但现在由于房屋外墙毛糙，非常不没按，有鼓包；阳台的落水槽没有，需要重新做；房屋开裂等问题都没有处理无法交房，物业和总包互相推脱不处理。市民表示房屋至今都没有交房。诉求：要求投诉，要求对于延期交房问题给予解决方案。（需回复）', '市民反映：小区8号楼2楼有人将杂物堆在楼道口，影响通行。诉求：请管理部门制止楼道堆物现象。（市民要求信息保密，需要回复）']
2025-05-27 08:24:17,066 ChatBI->     INFO     没有找到<  >对应的视图
2025-05-27 08:24:17,067 ChatBI->     INFO     sql 语句：SELECT `诉求地址`, COUNT(*) AS `工单数量` FROM shanghai WHERE `诉求区域` IN ('浦东新区', '闵行区') AND `工单类型` = '投诉举报类' AND  `内容描述` IN (:val0, :val1, :val2, :val3, :val4, :val5, :val6, :val7, :val8, :val9, :val10, :val11, :val12, :val13, :val14, :val15, :val16, :val17, :val18, :val19, :val20, :val21, :val22, :val23, :val24, :val25, :val26, :val27, :val28, :val29, :val30, :val31, :val32, :val33, :val34, :val35, :val36, :val37, :val38, :val39, :val40, :val41, :val42, :val43, :val44, :val45, :val46, :val47, :val48, :val49, :val50, :val51, :val52, :val53, :val54, :val55, :val56, :val57, :val58, :val59, :val60, :val61, :val62, :val63, :val64, :val65, :val66, :val67, :val68, :val69, :val70, :val71, :val72, :val73, :val74, :val75, :val76, :val77, :val78, :val79, :val80, :val81, :val82, :val83, :val84, :val85, :val86, :val87, :val88, :val89, :val90, :val91, :val92, :val93, :val94, :val95, :val96, :val97, :val98, :val99, :val100, :val101, :val102, :val103, :val104, :val105, :val106, :val107, :val108, :val109, :val110, :val111, :val112, :val113, :val114, :val115, :val116, :val117, :val118, :val119, :val120, :val121, :val122, :val123, :val124, :val125, :val126, :val127, :val128, :val129, :val130, :val131, :val132, :val133, :val134, :val135, :val136, :val137, :val138, :val139, :val140, :val141, :val142, :val143, :val144, :val145, :val146, :val147, :val148, :val149, :val150, :val151, :val152, :val153, :val154, :val155, :val156, :val157, :val158, :val159, :val160, :val161, :val162, :val163, :val164, :val165, :val166, :val167, :val168, :val169, :val170, :val171, :val172, :val173, :val174, :val175, :val176, :val177, :val178, :val179, :val180, :val181, :val182, :val183, :val184, :val185, :val186, :val187, :val188, :val189, :val190, :val191, :val192, :val193, :val194, :val195, :val196, :val197, :val198, :val199, :val200, :val201, :val202, :val203, :val204, :val205, :val206, :val207, :val208, :val209, :val210, :val211, :val212, :val213, :val214, :val215, :val216, :val217, :val218, :val219, :val220, :val221, :val222, :val223, :val224, :val225, :val226, :val227, :val228, :val229, :val230, :val231, :val232, :val233, :val234, :val235, :val236, :val237, :val238, :val239, :val240, :val241, :val242, :val243, :val244, :val245, :val246, :val247, :val248, :val249, :val250, :val251, :val252, :val253, :val254, :val255, :val256, :val257, :val258, :val259, :val260, :val261, :val262, :val263, :val264, :val265, :val266, :val267, :val268, :val269, :val270, :val271, :val272, :val273, :val274, :val275, :val276, :val277, :val278, :val279, :val280, :val281, :val282, :val283, :val284, :val285, :val286, :val287, :val288, :val289, :val290, :val291, :val292, :val293, :val294, :val295, :val296, :val297, :val298, :val299, :val300, :val301, :val302, :val303, :val304, :val305, :val306, :val307, :val308, :val309, :val310, :val311, :val312, :val313, :val314, :val315, :val316, :val317, :val318, :val319, :val320, :val321, :val322, :val323, :val324, :val325, :val326, :val327, :val328, :val329, :val330, :val331, :val332, :val333, :val334, :val335, :val336, :val337, :val338, :val339, :val340, :val341, :val342, :val343, :val344, :val345, :val346, :val347, :val348, :val349, :val350, :val351, :val352, :val353, :val354, :val355, :val356, :val357, :val358, :val359, :val360, :val361, :val362, :val363, :val364, :val365, :val366, :val367, :val368, :val369, :val370, :val371, :val372, :val373, :val374, :val375, :val376, :val377, :val378, :val379, :val380, :val381, :val382, :val383, :val384, :val385, :val386, :val387, :val388, :val389, :val390, :val391, :val392, :val393, :val394, :val395, :val396, :val397, :val398, :val399, :val400, :val401, :val402, :val403, :val404, :val405, :val406, :val407, :val408, :val409, :val410, :val411, :val412, :val413, :val414, :val415, :val416, :val417, :val418, :val419, :val420, :val421, :val422, :val423, :val424, :val425, :val426, :val427, :val428, :val429, :val430, :val431, :val432, :val433, :val434, :val435, :val436, :val437, :val438, :val439, :val440, :val441, :val442, :val443, :val444, :val445, :val446, :val447, :val448, :val449, :val450, :val451, :val452, :val453, :val454, :val455, :val456, :val457, :val458, :val459, :val460, :val461, :val462, :val463, :val464, :val465, :val466, :val467, :val468, :val469, :val470, :val471, :val472, :val473, :val474, :val475, :val476, :val477, :val478, :val479, :val480, :val481, :val482, :val483, :val484, :val485, :val486, :val487, :val488, :val489, :val490, :val491, :val492, :val493, :val494, :val495, :val496, :val497, :val498, :val499, :val500, :val501, :val502, :val503, :val504, :val505, :val506, :val507, :val508, :val509, :val510, :val511, :val512, :val513, :val514, :val515, :val516, :val517, :val518, :val519, :val520, :val521, :val522, :val523, :val524, :val525, :val526, :val527, :val528, :val529, :val530, :val531, :val532, :val533, :val534, :val535, :val536, :val537, :val538, :val539, :val540, :val541, :val542, :val543, :val544, :val545, :val546, :val547, :val548, :val549, :val550, :val551, :val552, :val553, :val554, :val555, :val556, :val557, :val558, :val559, :val560, :val561, :val562, :val563, :val564, :val565, :val566, :val567, :val568, :val569, :val570, :val571, :val572, :val573, :val574, :val575, :val576, :val577, :val578, :val579, :val580, :val581, :val582, :val583, :val584, :val585, :val586, :val587, :val588, :val589, :val590, :val591, :val592, :val593, :val594, :val595, :val596, :val597, :val598, :val599, :val600, :val601, :val602, :val603, :val604, :val605, :val606, :val607, :val608, :val609, :val610, :val611, :val612, :val613, :val614, :val615, :val616, :val617, :val618, :val619, :val620, :val621, :val622, :val623, :val624, :val625, :val626, :val627, :val628, :val629, :val630, :val631, :val632, :val633, :val634, :val635, :val636, :val637, :val638, :val639, :val640, :val641, :val642, :val643, :val644, :val645, :val646, :val647, :val648, :val649, :val650, :val651, :val652, :val653, :val654, :val655, :val656, :val657, :val658, :val659, :val660, :val661, :val662, :val663, :val664, :val665, :val666, :val667, :val668, :val669, :val670, :val671, :val672, :val673, :val674, :val675, :val676, :val677, :val678, :val679, :val680, :val681, :val682, :val683, :val684, :val685, :val686, :val687, :val688, :val689, :val690, :val691, :val692, :val693, :val694, :val695, :val696, :val697, :val698, :val699, :val700, :val701, :val702, :val703, :val704, :val705, :val706, :val707, :val708, :val709, :val710, :val711, :val712, :val713, :val714, :val715, :val716, :val717, :val718, :val719, :val720, :val721, :val722, :val723, :val724, :val725, :val726, :val727, :val728, :val729, :val730, :val731, :val732, :val733, :val734, :val735, :val736, :val737, :val738, :val739, :val740, :val741, :val742, :val743, :val744, :val745, :val746, :val747, :val748, :val749, :val750, :val751, :val752, :val753, :val754, :val755, :val756, :val757, :val758, :val759, :val760, :val761, :val762, :val763, :val764, :val765, :val766, :val767, :val768, :val769, :val770, :val771, :val772, :val773, :val774, :val775, :val776, :val777, :val778, :val779, :val780, :val781, :val782, :val783, :val784, :val785, :val786, :val787, :val788, :val789, :val790, :val791, :val792, :val793, :val794, :val795, :val796, :val797, :val798, :val799, :val800, :val801, :val802, :val803, :val804, :val805, :val806, :val807, :val808, :val809, :val810, :val811, :val812, :val813, :val814, :val815, :val816, :val817, :val818, :val819, :val820, :val821, :val822, :val823, :val824, :val825, :val826, :val827, :val828, :val829, :val830, :val831, :val832, :val833, :val834, :val835, :val836, :val837, :val838, :val839, :val840, :val841, :val842, :val843, :val844, :val845, :val846, :val847, :val848, :val849, :val850, :val851, :val852, :val853, :val854, :val855, :val856, :val857, :val858, :val859, :val860, :val861, :val862, :val863, :val864, :val865, :val866, :val867, :val868, :val869, :val870, :val871, :val872, :val873, :val874, :val875, :val876, :val877, :val878, :val879, :val880, :val881, :val882, :val883, :val884, :val885, :val886, :val887, :val888, :val889, :val890, :val891, :val892, :val893, :val894, :val895, :val896, :val897, :val898, :val899, :val900, :val901, :val902, :val903, :val904, :val905, :val906, :val907, :val908, :val909, :val910, :val911, :val912, :val913, :val914, :val915, :val916, :val917, :val918, :val919, :val920, :val921, :val922, :val923, :val924, :val925, :val926, :val927, :val928, :val929, :val930, :val931, :val932, :val933, :val934, :val935, :val936, :val937, :val938, :val939, :val940, :val941, :val942, :val943, :val944, :val945, :val946, :val947, :val948, :val949, :val950, :val951, :val952, :val953, :val954, :val955, :val956, :val957, :val958, :val959, :val960, :val961, :val962, :val963, :val964, :val965, :val966, :val967, :val968, :val969, :val970, :val971, :val972, :val973, :val974, :val975, :val976, :val977, :val978, :val979, :val980, :val981, :val982, :val983, :val984, :val985, :val986, :val987, :val988, :val989, :val990, :val991, :val992, :val993, :val994, :val995, :val996, :val997, :val998, :val999, :val1000, :val1001, :val1002, :val1003, :val1004, :val1005, :val1006, :val1007, :val1008, :val1009, :val1010, :val1011, :val1012, :val1013, :val1014, :val1015, :val1016, :val1017, :val1018, :val1019, :val1020, :val1021, :val1022, :val1023, :val1024, :val1025, :val1026, :val1027, :val1028, :val1029, :val1030, :val1031, :val1032, :val1033, :val1034, :val1035, :val1036, :val1037, :val1038, :val1039, :val1040, :val1041, :val1042, :val1043, :val1044, :val1045, :val1046, :val1047, :val1048, :val1049, :val1050, :val1051, :val1052, :val1053, :val1054, :val1055, :val1056, :val1057, :val1058, :val1059, :val1060, :val1061, :val1062, :val1063, :val1064, :val1065, :val1066, :val1067, :val1068, :val1069, :val1070, :val1071, :val1072, :val1073, :val1074, :val1075, :val1076, :val1077, :val1078, :val1079, :val1080, :val1081, :val1082, :val1083, :val1084, :val1085, :val1086, :val1087, :val1088, :val1089, :val1090, :val1091, :val1092, :val1093, :val1094, :val1095, :val1096, :val1097, :val1098, :val1099, :val1100, :val1101, :val1102, :val1103, :val1104, :val1105, :val1106, :val1107, :val1108, :val1109, :val1110, :val1111, :val1112, :val1113, :val1114, :val1115, :val1116, :val1117, :val1118, :val1119, :val1120, :val1121, :val1122, :val1123, :val1124, :val1125, :val1126, :val1127, :val1128, :val1129, :val1130, :val1131, :val1132, :val1133, :val1134, :val1135, :val1136, :val1137, :val1138, :val1139, :val1140, :val1141, :val1142, :val1143, :val1144, :val1145, :val1146, :val1147, :val1148, :val1149, :val1150, :val1151, :val1152, :val1153, :val1154, :val1155, :val1156, :val1157, :val1158, :val1159, :val1160, :val1161, :val1162, :val1163, :val1164, :val1165, :val1166, :val1167, :val1168, :val1169, :val1170, :val1171, :val1172, :val1173, :val1174, :val1175, :val1176, :val1177, :val1178, :val1179, :val1180, :val1181, :val1182, :val1183, :val1184, :val1185, :val1186, :val1187, :val1188, :val1189, :val1190, :val1191, :val1192, :val1193, :val1194, :val1195, :val1196, :val1197, :val1198, :val1199, :val1200, :val1201, :val1202, :val1203, :val1204, :val1205, :val1206, :val1207, :val1208, :val1209, :val1210, :val1211, :val1212, :val1213, :val1214, :val1215, :val1216, :val1217, :val1218, :val1219, :val1220, :val1221, :val1222, :val1223, :val1224, :val1225, :val1226, :val1227, :val1228, :val1229, :val1230, :val1231, :val1232, :val1233, :val1234, :val1235, :val1236, :val1237, :val1238, :val1239, :val1240, :val1241, :val1242, :val1243, :val1244, :val1245, :val1246, :val1247, :val1248, :val1249, :val1250, :val1251, :val1252, :val1253, :val1254, :val1255, :val1256, :val1257, :val1258, :val1259, :val1260, :val1261, :val1262, :val1263, :val1264, :val1265, :val1266, :val1267, :val1268, :val1269, :val1270, :val1271, :val1272, :val1273, :val1274, :val1275, :val1276, :val1277, :val1278, :val1279, :val1280, :val1281, :val1282, :val1283, :val1284, :val1285, :val1286, :val1287, :val1288, :val1289, :val1290, :val1291, :val1292, :val1293, :val1294, :val1295, :val1296, :val1297, :val1298, :val1299, :val1300, :val1301, :val1302, :val1303, :val1304, :val1305, :val1306, :val1307, :val1308, :val1309, :val1310, :val1311, :val1312, :val1313, :val1314, :val1315, :val1316, :val1317, :val1318, :val1319, :val1320, :val1321, :val1322, :val1323, :val1324, :val1325, :val1326, :val1327, :val1328, :val1329, :val1330, :val1331, :val1332, :val1333, :val1334, :val1335, :val1336, :val1337, :val1338, :val1339, :val1340, :val1341, :val1342, :val1343, :val1344, :val1345, :val1346, :val1347, :val1348, :val1349, :val1350, :val1351, :val1352, :val1353, :val1354, :val1355, :val1356, :val1357, :val1358, :val1359, :val1360, :val1361, :val1362, :val1363, :val1364, :val1365, :val1366, :val1367, :val1368, :val1369, :val1370, :val1371, :val1372, :val1373, :val1374, :val1375, :val1376, :val1377, :val1378, :val1379, :val1380, :val1381, :val1382, :val1383, :val1384, :val1385, :val1386, :val1387, :val1388, :val1389, :val1390, :val1391, :val1392, :val1393, :val1394, :val1395, :val1396, :val1397, :val1398, :val1399, :val1400, :val1401, :val1402, :val1403, :val1404, :val1405, :val1406, :val1407, :val1408, :val1409, :val1410, :val1411, :val1412, :val1413, :val1414, :val1415, :val1416, :val1417, :val1418, :val1419, :val1420, :val1421, :val1422, :val1423, :val1424, :val1425, :val1426, :val1427, :val1428, :val1429, :val1430, :val1431, :val1432, :val1433, :val1434, :val1435, :val1436, :val1437, :val1438, :val1439, :val1440, :val1441, :val1442, :val1443, :val1444, :val1445, :val1446, :val1447, :val1448, :val1449, :val1450, :val1451, :val1452, :val1453, :val1454, :val1455, :val1456, :val1457, :val1458, :val1459, :val1460, :val1461, :val1462, :val1463, :val1464, :val1465, :val1466, :val1467, :val1468, :val1469, :val1470, :val1471, :val1472, :val1473, :val1474, :val1475, :val1476, :val1477, :val1478, :val1479, :val1480, :val1481, :val1482, :val1483, :val1484, :val1485, :val1486, :val1487, :val1488, :val1489, :val1490, :val1491, :val1492, :val1493, :val1494, :val1495, :val1496, :val1497, :val1498, :val1499, :val1500, :val1501, :val1502, :val1503, :val1504, :val1505, :val1506, :val1507, :val1508, :val1509, :val1510, :val1511, :val1512, :val1513, :val1514, :val1515, :val1516, :val1517, :val1518, :val1519, :val1520, :val1521, :val1522, :val1523, :val1524, :val1525, :val1526, :val1527, :val1528, :val1529, :val1530, :val1531, :val1532, :val1533, :val1534, :val1535, :val1536, :val1537, :val1538, :val1539, :val1540, :val1541, :val1542, :val1543, :val1544, :val1545, :val1546, :val1547, :val1548, :val1549, :val1550, :val1551, :val1552, :val1553, :val1554, :val1555, :val1556, :val1557, :val1558, :val1559, :val1560, :val1561, :val1562, :val1563, :val1564, :val1565, :val1566, :val1567, :val1568, :val1569, :val1570, :val1571, :val1572, :val1573, :val1574, :val1575, :val1576, :val1577, :val1578, :val1579, :val1580, :val1581, :val1582, :val1583, :val1584, :val1585, :val1586, :val1587, :val1588, :val1589, :val1590, :val1591, :val1592, :val1593, :val1594, :val1595, :val1596, :val1597, :val1598, :val1599, :val1600, :val1601, :val1602, :val1603, :val1604, :val1605, :val1606, :val1607, :val1608, :val1609, :val1610, :val1611, :val1612, :val1613, :val1614, :val1615, :val1616, :val1617, :val1618, :val1619, :val1620, :val1621, :val1622, :val1623, :val1624, :val1625, :val1626, :val1627, :val1628, :val1629, :val1630, :val1631, :val1632, :val1633, :val1634, :val1635, :val1636, :val1637, :val1638, :val1639, :val1640, :val1641, :val1642, :val1643, :val1644, :val1645, :val1646, :val1647, :val1648, :val1649, :val1650, :val1651, :val1652, :val1653, :val1654, :val1655, :val1656, :val1657, :val1658, :val1659, :val1660, :val1661, :val1662, :val1663, :val1664, :val1665, :val1666, :val1667, :val1668, :val1669, :val1670, :val1671, :val1672, :val1673, :val1674, :val1675, :val1676, :val1677, :val1678, :val1679, :val1680, :val1681, :val1682, :val1683, :val1684, :val1685, :val1686, :val1687, :val1688, :val1689, :val1690, :val1691, :val1692, :val1693, :val1694, :val1695, :val1696, :val1697, :val1698, :val1699, :val1700, :val1701, :val1702, :val1703, :val1704, :val1705, :val1706, :val1707, :val1708, :val1709, :val1710, :val1711, :val1712, :val1713, :val1714, :val1715, :val1716, :val1717, :val1718, :val1719, :val1720, :val1721, :val1722, :val1723, :val1724, :val1725, :val1726, :val1727, :val1728, :val1729, :val1730, :val1731, :val1732, :val1733, :val1734, :val1735, :val1736, :val1737, :val1738, :val1739, :val1740, :val1741, :val1742, :val1743, :val1744, :val1745, :val1746, :val1747, :val1748, :val1749, :val1750, :val1751, :val1752, :val1753, :val1754, :val1755, :val1756, :val1757, :val1758, :val1759, :val1760, :val1761, :val1762, :val1763, :val1764, :val1765, :val1766, :val1767, :val1768, :val1769, :val1770, :val1771, :val1772, :val1773, :val1774, :val1775, :val1776, :val1777, :val1778, :val1779, :val1780, :val1781, :val1782, :val1783, :val1784, :val1785, :val1786, :val1787, :val1788, :val1789, :val1790, :val1791, :val1792, :val1793, :val1794, :val1795, :val1796, :val1797, :val1798, :val1799, :val1800, :val1801, :val1802, :val1803, :val1804, :val1805, :val1806, :val1807, :val1808, :val1809, :val1810, :val1811, :val1812, :val1813, :val1814, :val1815, :val1816, :val1817, :val1818, :val1819, :val1820, :val1821, :val1822, :val1823, :val1824, :val1825, :val1826, :val1827, :val1828, :val1829, :val1830, :val1831, :val1832, :val1833, :val1834, :val1835, :val1836, :val1837, :val1838, :val1839, :val1840, :val1841, :val1842, :val1843, :val1844, :val1845, :val1846, :val1847, :val1848, :val1849, :val1850, :val1851, :val1852, :val1853, :val1854, :val1855, :val1856, :val1857, :val1858, :val1859, :val1860, :val1861, :val1862, :val1863, :val1864, :val1865, :val1866, :val1867, :val1868, :val1869, :val1870, :val1871, :val1872, :val1873, :val1874, :val1875, :val1876, :val1877, :val1878, :val1879, :val1880, :val1881, :val1882, :val1883, :val1884, :val1885, :val1886, :val1887, :val1888, :val1889, :val1890, :val1891, :val1892, :val1893, :val1894, :val1895, :val1896, :val1897, :val1898, :val1899, :val1900, :val1901, :val1902, :val1903, :val1904, :val1905, :val1906, :val1907, :val1908, :val1909, :val1910, :val1911, :val1912, :val1913, :val1914, :val1915, :val1916, :val1917, :val1918, :val1919, :val1920, :val1921, :val1922, :val1923, :val1924, :val1925, :val1926, :val1927, :val1928, :val1929, :val1930, :val1931, :val1932, :val1933, :val1934, :val1935, :val1936, :val1937, :val1938, :val1939, :val1940, :val1941, :val1942, :val1943, :val1944, :val1945, :val1946, :val1947, :val1948, :val1949, :val1950, :val1951, :val1952, :val1953, :val1954, :val1955, :val1956, :val1957, :val1958, :val1959, :val1960, :val1961, :val1962, :val1963, :val1964, :val1965, :val1966, :val1967, :val1968, :val1969, :val1970, :val1971, :val1972, :val1973, :val1974, :val1975, :val1976, :val1977, :val1978, :val1979, :val1980, :val1981, :val1982, :val1983, :val1984, :val1985, :val1986, :val1987, :val1988, :val1989, :val1990, :val1991, :val1992, :val1993, :val1994, :val1995, :val1996, :val1997, :val1998, :val1999, :val2000, :val2001, :val2002, :val2003, :val2004, :val2005, :val2006, :val2007, :val2008, :val2009, :val2010, :val2011, :val2012, :val2013, :val2014, :val2015, :val2016, :val2017, :val2018, :val2019, :val2020, :val2021, :val2022, :val2023, :val2024, :val2025, :val2026, :val2027, :val2028, :val2029, :val2030, :val2031, :val2032, :val2033, :val2034, :val2035, :val2036, :val2037, :val2038, :val2039, :val2040, :val2041, :val2042, :val2043, :val2044, :val2045, :val2046, :val2047, :val2048, :val2049, :val2050, :val2051, :val2052, :val2053, :val2054, :val2055, :val2056, :val2057, :val2058, :val2059, :val2060, :val2061, :val2062, :val2063, :val2064, :val2065, :val2066, :val2067, :val2068, :val2069, :val2070, :val2071, :val2072, :val2073, :val2074, :val2075, :val2076, :val2077, :val2078, :val2079, :val2080, :val2081, :val2082, :val2083, :val2084, :val2085, :val2086, :val2087, :val2088, :val2089, :val2090, :val2091, :val2092, :val2093, :val2094, :val2095, :val2096, :val2097, :val2098, :val2099, :val2100, :val2101, :val2102, :val2103, :val2104, :val2105, :val2106, :val2107, :val2108, :val2109, :val2110, :val2111, :val2112, :val2113, :val2114, :val2115, :val2116, :val2117, :val2118, :val2119, :val2120, :val2121, :val2122, :val2123, :val2124, :val2125, :val2126, :val2127, :val2128, :val2129, :val2130, :val2131, :val2132, :val2133, :val2134, :val2135, :val2136, :val2137, :val2138, :val2139, :val2140, :val2141, :val2142, :val2143, :val2144, :val2145, :val2146, :val2147, :val2148, :val2149, :val2150, :val2151, :val2152, :val2153, :val2154, :val2155, :val2156, :val2157, :val2158, :val2159, :val2160, :val2161, :val2162, :val2163, :val2164, :val2165, :val2166, :val2167, :val2168, :val2169, :val2170, :val2171, :val2172, :val2173, :val2174, :val2175, :val2176, :val2177, :val2178, :val2179, :val2180, :val2181, :val2182, :val2183, :val2184, :val2185, :val2186, :val2187, :val2188, :val2189, :val2190, :val2191, :val2192, :val2193, :val2194, :val2195, :val2196, :val2197, :val2198, :val2199, :val2200, :val2201, :val2202, :val2203, :val2204, :val2205, :val2206, :val2207, :val2208, :val2209, :val2210, :val2211, :val2212, :val2213, :val2214, :val2215, :val2216, :val2217, :val2218, :val2219, :val2220, :val2221, :val2222, :val2223, :val2224, :val2225, :val2226, :val2227, :val2228, :val2229, :val2230, :val2231, :val2232, :val2233, :val2234, :val2235, :val2236, :val2237, :val2238, :val2239, :val2240, :val2241, :val2242, :val2243, :val2244, :val2245, :val2246, :val2247, :val2248, :val2249, :val2250, :val2251, :val2252, :val2253, :val2254, :val2255, :val2256, :val2257, :val2258, :val2259, :val2260, :val2261, :val2262, :val2263, :val2264, :val2265, :val2266, :val2267, :val2268, :val2269, :val2270, :val2271, :val2272, :val2273, :val2274, :val2275, :val2276, :val2277, :val2278, :val2279, :val2280, :val2281, :val2282, :val2283, :val2284, :val2285, :val2286, :val2287, :val2288, :val2289, :val2290, :val2291, :val2292, :val2293, :val2294, :val2295, :val2296, :val2297, :val2298, :val2299, :val2300, :val2301, :val2302, :val2303, :val2304, :val2305, :val2306, :val2307, :val2308, :val2309, :val2310, :val2311, :val2312, :val2313, :val2314, :val2315, :val2316, :val2317, :val2318, :val2319, :val2320, :val2321, :val2322, :val2323, :val2324, :val2325, :val2326, :val2327, :val2328, :val2329, :val2330, :val2331, :val2332, :val2333, :val2334, :val2335, :val2336, :val2337, :val2338, :val2339, :val2340, :val2341, :val2342, :val2343, :val2344, :val2345, :val2346, :val2347, :val2348, :val2349, :val2350, :val2351, :val2352, :val2353, :val2354, :val2355, :val2356, :val2357, :val2358, :val2359, :val2360, :val2361, :val2362, :val2363, :val2364, :val2365, :val2366, :val2367, :val2368, :val2369, :val2370, :val2371, :val2372, :val2373, :val2374, :val2375, :val2376, :val2377, :val2378, :val2379, :val2380, :val2381, :val2382, :val2383, :val2384, :val2385, :val2386, :val2387, :val2388, :val2389, :val2390, :val2391, :val2392, :val2393, :val2394, :val2395, :val2396, :val2397, :val2398, :val2399, :val2400, :val2401, :val2402, :val2403, :val2404, :val2405, :val2406, :val2407, :val2408, :val2409, :val2410, :val2411, :val2412, :val2413, :val2414, :val2415, :val2416, :val2417, :val2418, :val2419, :val2420, :val2421, :val2422, :val2423, :val2424, :val2425, :val2426, :val2427, :val2428, :val2429, :val2430, :val2431, :val2432, :val2433, :val2434, :val2435, :val2436, :val2437, :val2438, :val2439, :val2440, :val2441, :val2442, :val2443, :val2444, :val2445, :val2446, :val2447, :val2448, :val2449, :val2450, :val2451, :val2452, :val2453, :val2454, :val2455, :val2456, :val2457, :val2458, :val2459, :val2460, :val2461, :val2462, :val2463, :val2464, :val2465, :val2466, :val2467, :val2468, :val2469, :val2470, :val2471, :val2472, :val2473, :val2474, :val2475, :val2476, :val2477, :val2478, :val2479, :val2480, :val2481, :val2482, :val2483, :val2484, :val2485, :val2486, :val2487, :val2488, :val2489, :val2490, :val2491, :val2492, :val2493, :val2494, :val2495, :val2496, :val2497, :val2498, :val2499, :val2500, :val2501, :val2502, :val2503, :val2504, :val2505, :val2506, :val2507, :val2508, :val2509, :val2510, :val2511, :val2512, :val2513, :val2514, :val2515, :val2516, :val2517, :val2518, :val2519, :val2520, :val2521, :val2522, :val2523, :val2524, :val2525, :val2526, :val2527, :val2528, :val2529, :val2530, :val2531, :val2532, :val2533, :val2534, :val2535, :val2536, :val2537, :val2538, :val2539, :val2540, :val2541, :val2542, :val2543, :val2544, :val2545, :val2546, :val2547, :val2548, :val2549, :val2550, :val2551, :val2552, :val2553, :val2554, :val2555, :val2556, :val2557, :val2558, :val2559, :val2560, :val2561, :val2562, :val2563, :val2564, :val2565, :val2566, :val2567, :val2568, :val2569, :val2570, :val2571, :val2572, :val2573, :val2574, :val2575, :val2576, :val2577, :val2578, :val2579, :val2580, :val2581, :val2582, :val2583, :val2584, :val2585, :val2586, :val2587, :val2588, :val2589, :val2590, :val2591, :val2592, :val2593, :val2594, :val2595, :val2596, :val2597, :val2598, :val2599, :val2600, :val2601, :val2602, :val2603, :val2604, :val2605, :val2606, :val2607, :val2608, :val2609, :val2610, :val2611, :val2612, :val2613, :val2614, :val2615, :val2616, :val2617, :val2618, :val2619, :val2620, :val2621, :val2622, :val2623, :val2624, :val2625, :val2626, :val2627, :val2628, :val2629, :val2630, :val2631, :val2632, :val2633, :val2634, :val2635, :val2636, :val2637, :val2638, :val2639, :val2640, :val2641, :val2642, :val2643, :val2644, :val2645, :val2646, :val2647, :val2648, :val2649, :val2650, :val2651, :val2652, :val2653, :val2654, :val2655, :val2656, :val2657, :val2658, :val2659, :val2660, :val2661, :val2662, :val2663, :val2664, :val2665, :val2666, :val2667, :val2668, :val2669, :val2670, :val2671, :val2672, :val2673, :val2674, :val2675, :val2676, :val2677, :val2678, :val2679, :val2680, :val2681, :val2682, :val2683, :val2684, :val2685, :val2686, :val2687, :val2688, :val2689, :val2690, :val2691, :val2692, :val2693, :val2694, :val2695, :val2696, :val2697, :val2698, :val2699, :val2700, :val2701, :val2702, :val2703, :val2704, :val2705, :val2706, :val2707, :val2708, :val2709, :val2710, :val2711, :val2712, :val2713, :val2714, :val2715, :val2716, :val2717, :val2718, :val2719, :val2720, :val2721, :val2722, :val2723, :val2724, :val2725, :val2726, :val2727, :val2728, :val2729, :val2730, :val2731, :val2732, :val2733, :val2734, :val2735, :val2736, :val2737, :val2738, :val2739, :val2740, :val2741, :val2742, :val2743, :val2744, :val2745, :val2746, :val2747, :val2748, :val2749, :val2750, :val2751, :val2752, :val2753, :val2754, :val2755, :val2756, :val2757, :val2758, :val2759, :val2760, :val2761, :val2762, :val2763, :val2764, :val2765, :val2766, :val2767, :val2768, :val2769, :val2770, :val2771, :val2772, :val2773, :val2774, :val2775, :val2776, :val2777, :val2778, :val2779, :val2780, :val2781, :val2782, :val2783, :val2784, :val2785, :val2786, :val2787, :val2788, :val2789, :val2790, :val2791, :val2792, :val2793, :val2794, :val2795, :val2796, :val2797, :val2798, :val2799, :val2800, :val2801, :val2802, :val2803, :val2804, :val2805, :val2806, :val2807, :val2808, :val2809, :val2810, :val2811, :val2812, :val2813, :val2814, :val2815, :val2816, :val2817, :val2818, :val2819, :val2820, :val2821, :val2822, :val2823, :val2824, :val2825, :val2826, :val2827, :val2828, :val2829, :val2830, :val2831, :val2832, :val2833, :val2834, :val2835, :val2836, :val2837, :val2838, :val2839, :val2840, :val2841, :val2842, :val2843, :val2844, :val2845, :val2846, :val2847, :val2848, :val2849, :val2850, :val2851, :val2852, :val2853, :val2854, :val2855, :val2856, :val2857, :val2858, :val2859, :val2860, :val2861, :val2862, :val2863, :val2864, :val2865, :val2866, :val2867, :val2868, :val2869, :val2870, :val2871, :val2872, :val2873, :val2874, :val2875, :val2876, :val2877, :val2878, :val2879, :val2880, :val2881, :val2882, :val2883, :val2884, :val2885, :val2886, :val2887, :val2888, :val2889, :val2890, :val2891, :val2892, :val2893, :val2894, :val2895, :val2896, :val2897, :val2898, :val2899, :val2900, :val2901, :val2902, :val2903, :val2904, :val2905, :val2906, :val2907, :val2908, :val2909, :val2910, :val2911, :val2912, :val2913, :val2914, :val2915, :val2916, :val2917, :val2918, :val2919, :val2920, :val2921, :val2922, :val2923, :val2924, :val2925, :val2926, :val2927, :val2928, :val2929, :val2930, :val2931, :val2932, :val2933, :val2934, :val2935, :val2936, :val2937, :val2938, :val2939, :val2940, :val2941, :val2942, :val2943, :val2944, :val2945, :val2946, :val2947, :val2948, :val2949, :val2950, :val2951, :val2952, :val2953, :val2954, :val2955, :val2956, :val2957, :val2958, :val2959, :val2960, :val2961, :val2962, :val2963, :val2964, :val2965, :val2966, :val2967, :val2968, :val2969, :val2970, :val2971, :val2972, :val2973, :val2974, :val2975, :val2976, :val2977, :val2978, :val2979, :val2980, :val2981, :val2982, :val2983, :val2984, :val2985, :val2986, :val2987, :val2988, :val2989, :val2990, :val2991, :val2992, :val2993, :val2994, :val2995, :val2996, :val2997, :val2998, :val2999, :val3000, :val3001, :val3002, :val3003, :val3004, :val3005, :val3006, :val3007, :val3008, :val3009, :val3010, :val3011, :val3012, :val3013, :val3014, :val3015, :val3016, :val3017, :val3018, :val3019, :val3020, :val3021, :val3022, :val3023, :val3024, :val3025, :val3026, :val3027, :val3028, :val3029, :val3030, :val3031, :val3032, :val3033, :val3034, :val3035, :val3036, :val3037, :val3038, :val3039, :val3040, :val3041, :val3042, :val3043, :val3044, :val3045, :val3046, :val3047, :val3048, :val3049, :val3050, :val3051, :val3052, :val3053, :val3054, :val3055, :val3056, :val3057, :val3058, :val3059, :val3060, :val3061, :val3062, :val3063, :val3064, :val3065, :val3066, :val3067, :val3068, :val3069, :val3070, :val3071, :val3072, :val3073, :val3074, :val3075, :val3076, :val3077, :val3078, :val3079, :val3080, :val3081, :val3082, :val3083, :val3084, :val3085, :val3086, :val3087, :val3088, :val3089, :val3090, :val3091, :val3092, :val3093, :val3094, :val3095, :val3096, :val3097, :val3098, :val3099, :val3100, :val3101, :val3102, :val3103, :val3104, :val3105, :val3106, :val3107, :val3108, :val3109, :val3110, :val3111, :val3112, :val3113, :val3114, :val3115, :val3116, :val3117, :val3118, :val3119, :val3120, :val3121, :val3122, :val3123, :val3124, :val3125, :val3126, :val3127, :val3128, :val3129, :val3130, :val3131, :val3132, :val3133, :val3134, :val3135, :val3136, :val3137, :val3138, :val3139, :val3140, :val3141, :val3142, :val3143, :val3144, :val3145, :val3146, :val3147, :val3148, :val3149, :val3150, :val3151, :val3152, :val3153, :val3154, :val3155, :val3156, :val3157, :val3158, :val3159, :val3160, :val3161, :val3162, :val3163, :val3164, :val3165, :val3166, :val3167, :val3168, :val3169, :val3170, :val3171, :val3172, :val3173, :val3174, :val3175, :val3176, :val3177, :val3178, :val3179, :val3180, :val3181, :val3182, :val3183, :val3184, :val3185, :val3186, :val3187, :val3188, :val3189, :val3190, :val3191, :val3192, :val3193, :val3194, :val3195, :val3196, :val3197, :val3198, :val3199, :val3200, :val3201, :val3202, :val3203, :val3204, :val3205, :val3206, :val3207, :val3208, :val3209, :val3210, :val3211, :val3212, :val3213, :val3214, :val3215, :val3216, :val3217, :val3218, :val3219, :val3220, :val3221, :val3222, :val3223, :val3224, :val3225, :val3226, :val3227, :val3228, :val3229, :val3230, :val3231, :val3232, :val3233, :val3234, :val3235, :val3236, :val3237, :val3238, :val3239, :val3240, :val3241, :val3242, :val3243, :val3244, :val3245, :val3246, :val3247, :val3248, :val3249, :val3250, :val3251, :val3252, :val3253, :val3254, :val3255, :val3256, :val3257, :val3258, :val3259, :val3260, :val3261, :val3262, :val3263, :val3264, :val3265, :val3266, :val3267, :val3268, :val3269, :val3270, :val3271, :val3272, :val3273, :val3274, :val3275, :val3276, :val3277, :val3278, :val3279, :val3280, :val3281, :val3282, :val3283, :val3284, :val3285, :val3286, :val3287, :val3288, :val3289, :val3290, :val3291, :val3292, :val3293, :val3294, :val3295, :val3296, :val3297, :val3298, :val3299, :val3300, :val3301, :val3302, :val3303, :val3304, :val3305, :val3306, :val3307, :val3308, :val3309, :val3310, :val3311, :val3312, :val3313, :val3314, :val3315, :val3316, :val3317, :val3318, :val3319, :val3320, :val3321, :val3322, :val3323, :val3324, :val3325, :val3326, :val3327, :val3328, :val3329, :val3330, :val3331, :val3332, :val3333, :val3334, :val3335, :val3336, :val3337, :val3338, :val3339, :val3340, :val3341, :val3342, :val3343, :val3344, :val3345, :val3346, :val3347, :val3348, :val3349, :val3350, :val3351, :val3352, :val3353, :val3354, :val3355, :val3356, :val3357, :val3358, :val3359, :val3360, :val3361, :val3362, :val3363, :val3364, :val3365, :val3366, :val3367, :val3368, :val3369, :val3370, :val3371, :val3372, :val3373, :val3374, :val3375, :val3376, :val3377, :val3378, :val3379, :val3380, :val3381, :val3382, :val3383, :val3384, :val3385, :val3386, :val3387, :val3388, :val3389, :val3390, :val3391, :val3392, :val3393, :val3394, :val3395, :val3396, :val3397, :val3398, :val3399, :val3400, :val3401, :val3402, :val3403, :val3404, :val3405, :val3406, :val3407, :val3408, :val3409, :val3410, :val3411, :val3412, :val3413, :val3414, :val3415, :val3416, :val3417, :val3418, :val3419, :val3420, :val3421, :val3422, :val3423, :val3424, :val3425, :val3426, :val3427, :val3428, :val3429, :val3430, :val3431, :val3432, :val3433, :val3434, :val3435, :val3436, :val3437, :val3438, :val3439, :val3440, :val3441, :val3442, :val3443, :val3444, :val3445, :val3446, :val3447, :val3448, :val3449, :val3450, :val3451, :val3452, :val3453, :val3454, :val3455, :val3456, :val3457, :val3458, :val3459, :val3460, :val3461, :val3462, :val3463, :val3464, :val3465, :val3466, :val3467, :val3468, :val3469, :val3470, :val3471, :val3472, :val3473, :val3474, :val3475, :val3476, :val3477, :val3478, :val3479, :val3480, :val3481, :val3482, :val3483, :val3484, :val3485, :val3486, :val3487, :val3488, :val3489, :val3490, :val3491, :val3492, :val3493, :val3494, :val3495, :val3496, :val3497, :val3498, :val3499, :val3500, :val3501, :val3502, :val3503, :val3504, :val3505, :val3506, :val3507, :val3508, :val3509, :val3510, :val3511, :val3512, :val3513, :val3514, :val3515, :val3516, :val3517, :val3518, :val3519, :val3520, :val3521, :val3522, :val3523, :val3524, :val3525, :val3526, :val3527, :val3528, :val3529, :val3530, :val3531, :val3532, :val3533, :val3534, :val3535, :val3536, :val3537, :val3538, :val3539, :val3540, :val3541, :val3542, :val3543, :val3544, :val3545, :val3546, :val3547, :val3548, :val3549, :val3550, :val3551, :val3552, :val3553, :val3554, :val3555, :val3556, :val3557, :val3558, :val3559, :val3560, :val3561, :val3562, :val3563, :val3564, :val3565, :val3566, :val3567, :val3568, :val3569, :val3570, :val3571, :val3572, :val3573, :val3574, :val3575, :val3576, :val3577, :val3578, :val3579, :val3580, :val3581, :val3582, :val3583, :val3584, :val3585, :val3586, :val3587, :val3588, :val3589, :val3590, :val3591, :val3592, :val3593, :val3594, :val3595, :val3596, :val3597, :val3598, :val3599, :val3600, :val3601, :val3602, :val3603, :val3604, :val3605, :val3606, :val3607, :val3608, :val3609, :val3610, :val3611, :val3612, :val3613, :val3614, :val3615, :val3616, :val3617, :val3618, :val3619, :val3620, :val3621, :val3622, :val3623, :val3624, :val3625, :val3626, :val3627, :val3628, :val3629, :val3630, :val3631, :val3632, :val3633, :val3634, :val3635, :val3636, :val3637, :val3638, :val3639, :val3640, :val3641, :val3642, :val3643, :val3644, :val3645, :val3646, :val3647, :val3648, :val3649, :val3650, :val3651, :val3652, :val3653, :val3654, :val3655, :val3656, :val3657, :val3658, :val3659, :val3660, :val3661, :val3662, :val3663, :val3664, :val3665, :val3666, :val3667, :val3668, :val3669, :val3670, :val3671, :val3672, :val3673, :val3674, :val3675, :val3676, :val3677, :val3678, :val3679, :val3680, :val3681, :val3682, :val3683, :val3684, :val3685, :val3686, :val3687, :val3688, :val3689, :val3690, :val3691, :val3692, :val3693, :val3694, :val3695, :val3696, :val3697, :val3698, :val3699, :val3700, :val3701, :val3702, :val3703, :val3704, :val3705, :val3706, :val3707, :val3708, :val3709, :val3710, :val3711, :val3712, :val3713, :val3714, :val3715, :val3716, :val3717, :val3718, :val3719, :val3720, :val3721, :val3722, :val3723, :val3724, :val3725, :val3726, :val3727, :val3728, :val3729, :val3730, :val3731, :val3732, :val3733, :val3734, :val3735, :val3736, :val3737, :val3738, :val3739, :val3740, :val3741, :val3742, :val3743, :val3744, :val3745, :val3746, :val3747, :val3748, :val3749, :val3750, :val3751, :val3752, :val3753, :val3754, :val3755, :val3756, :val3757, :val3758, :val3759, :val3760, :val3761, :val3762, :val3763, :val3764, :val3765, :val3766, :val3767, :val3768, :val3769, :val3770, :val3771, :val3772, :val3773, :val3774, :val3775, :val3776, :val3777, :val3778, :val3779, :val3780, :val3781, :val3782, :val3783, :val3784, :val3785, :val3786, :val3787, :val3788, :val3789, :val3790, :val3791, :val3792, :val3793, :val3794, :val3795, :val3796, :val3797, :val3798, :val3799, :val3800, :val3801, :val3802, :val3803, :val3804, :val3805, :val3806, :val3807, :val3808, :val3809, :val3810, :val3811, :val3812, :val3813, :val3814, :val3815, :val3816, :val3817, :val3818, :val3819, :val3820, :val3821, :val3822, :val3823, :val3824, :val3825, :val3826, :val3827, :val3828, :val3829, :val3830, :val3831, :val3832, :val3833, :val3834, :val3835, :val3836, :val3837, :val3838, :val3839, :val3840, :val3841, :val3842, :val3843, :val3844, :val3845, :val3846, :val3847, :val3848, :val3849, :val3850, :val3851, :val3852, :val3853, :val3854, :val3855, :val3856, :val3857, :val3858, :val3859, :val3860, :val3861, :val3862, :val3863, :val3864, :val3865, :val3866, :val3867, :val3868, :val3869, :val3870, :val3871, :val3872, :val3873, :val3874, :val3875, :val3876, :val3877, :val3878, :val3879, :val3880, :val3881, :val3882, :val3883, :val3884, :val3885, :val3886, :val3887, :val3888, :val3889, :val3890, :val3891, :val3892, :val3893, :val3894, :val3895, :val3896, :val3897, :val3898, :val3899, :val3900, :val3901, :val3902, :val3903, :val3904, :val3905, :val3906, :val3907, :val3908, :val3909, :val3910, :val3911, :val3912, :val3913, :val3914, :val3915, :val3916, :val3917, :val3918, :val3919, :val3920, :val3921, :val3922, :val3923, :val3924, :val3925, :val3926, :val3927, :val3928, :val3929, :val3930, :val3931, :val3932, :val3933, :val3934, :val3935, :val3936, :val3937, :val3938, :val3939, :val3940, :val3941, :val3942, :val3943, :val3944, :val3945, :val3946, :val3947, :val3948, :val3949, :val3950, :val3951, :val3952, :val3953, :val3954, :val3955, :val3956, :val3957, :val3958, :val3959, :val3960, :val3961, :val3962, :val3963, :val3964, :val3965, :val3966, :val3967, :val3968, :val3969, :val3970, :val3971, :val3972, :val3973, :val3974, :val3975, :val3976, :val3977, :val3978, :val3979, :val3980, :val3981, :val3982, :val3983, :val3984, :val3985, :val3986, :val3987, :val3988, :val3989, :val3990, :val3991, :val3992, :val3993, :val3994, :val3995, :val3996, :val3997, :val3998, :val3999, :val4000, :val4001, :val4002, :val4003, :val4004, :val4005, :val4006, :val4007, :val4008, :val4009, :val4010, :val4011, :val4012, :val4013, :val4014, :val4015, :val4016, :val4017, :val4018, :val4019, :val4020, :val4021, :val4022, :val4023, :val4024, :val4025, :val4026, :val4027, :val4028, :val4029, :val4030, :val4031, :val4032, :val4033, :val4034, :val4035, :val4036, :val4037, :val4038, :val4039, :val4040, :val4041, :val4042, :val4043, :val4044, :val4045, :val4046, :val4047, :val4048, :val4049, :val4050, :val4051, :val4052, :val4053, :val4054, :val4055, :val4056, :val4057, :val4058, :val4059, :val4060, :val4061, :val4062, :val4063, :val4064, :val4065, :val4066, :val4067, :val4068, :val4069, :val4070, :val4071, :val4072, :val4073, :val4074, :val4075, :val4076, :val4077, :val4078, :val4079, :val4080, :val4081, :val4082, :val4083, :val4084, :val4085, :val4086, :val4087, :val4088, :val4089, :val4090, :val4091, :val4092, :val4093, :val4094, :val4095, :val4096, :val4097, :val4098, :val4099, :val4100, :val4101, :val4102, :val4103, :val4104, :val4105, :val4106, :val4107, :val4108, :val4109, :val4110, :val4111, :val4112, :val4113, :val4114, :val4115, :val4116, :val4117, :val4118, :val4119, :val4120, :val4121, :val4122, :val4123, :val4124, :val4125, :val4126, :val4127, :val4128, :val4129, :val4130, :val4131, :val4132, :val4133, :val4134, :val4135, :val4136, :val4137, :val4138, :val4139, :val4140, :val4141, :val4142, :val4143, :val4144, :val4145, :val4146, :val4147, :val4148, :val4149, :val4150, :val4151, :val4152, :val4153, :val4154, :val4155, :val4156, :val4157, :val4158, :val4159, :val4160, :val4161, :val4162, :val4163, :val4164, :val4165, :val4166, :val4167, :val4168, :val4169, :val4170, :val4171, :val4172, :val4173, :val4174, :val4175, :val4176, :val4177, :val4178, :val4179, :val4180, :val4181, :val4182, :val4183, :val4184, :val4185, :val4186, :val4187, :val4188, :val4189, :val4190, :val4191, :val4192, :val4193, :val4194, :val4195, :val4196, :val4197, :val4198, :val4199, :val4200, :val4201, :val4202, :val4203, :val4204, :val4205, :val4206, :val4207, :val4208, :val4209, :val4210, :val4211, :val4212, :val4213, :val4214, :val4215, :val4216, :val4217, :val4218, :val4219, :val4220, :val4221, :val4222, :val4223, :val4224, :val4225, :val4226, :val4227, :val4228, :val4229, :val4230, :val4231, :val4232, :val4233, :val4234, :val4235, :val4236, :val4237, :val4238, :val4239, :val4240, :val4241, :val4242, :val4243, :val4244, :val4245, :val4246, :val4247, :val4248, :val4249, :val4250, :val4251, :val4252, :val4253, :val4254, :val4255, :val4256, :val4257, :val4258, :val4259, :val4260, :val4261, :val4262, :val4263, :val4264, :val4265, :val4266, :val4267, :val4268, :val4269, :val4270, :val4271, :val4272, :val4273, :val4274, :val4275, :val4276, :val4277, :val4278, :val4279, :val4280, :val4281, :val4282, :val4283, :val4284, :val4285, :val4286, :val4287, :val4288, :val4289, :val4290, :val4291, :val4292, :val4293, :val4294, :val4295, :val4296, :val4297, :val4298, :val4299, :val4300, :val4301, :val4302, :val4303, :val4304, :val4305, :val4306, :val4307, :val4308, :val4309, :val4310, :val4311, :val4312, :val4313, :val4314, :val4315, :val4316, :val4317, :val4318, :val4319, :val4320, :val4321, :val4322, :val4323, :val4324, :val4325, :val4326, :val4327, :val4328, :val4329, :val4330, :val4331, :val4332, :val4333, :val4334, :val4335, :val4336, :val4337, :val4338, :val4339, :val4340, :val4341, :val4342, :val4343, :val4344, :val4345, :val4346, :val4347, :val4348, :val4349, :val4350, :val4351, :val4352, :val4353, :val4354, :val4355, :val4356, :val4357, :val4358, :val4359, :val4360, :val4361, :val4362, :val4363, :val4364, :val4365, :val4366, :val4367, :val4368, :val4369, :val4370, :val4371, :val4372, :val4373, :val4374, :val4375, :val4376, :val4377, :val4378, :val4379, :val4380, :val4381, :val4382, :val4383, :val4384, :val4385, :val4386, :val4387, :val4388, :val4389, :val4390, :val4391, :val4392, :val4393, :val4394, :val4395, :val4396, :val4397, :val4398, :val4399, :val4400, :val4401, :val4402, :val4403, :val4404, :val4405, :val4406, :val4407, :val4408, :val4409) GROUP BY `诉求地址` ORDER BY `工单数量` DESC LIMIT 5000;
2025-05-27 08:24:17,528 ChatBI->     INFO     websocket发送的数据为：{"sql_gen": "SELECT `诉求地址`, COUNT(*) AS `工单数量` FROM shanghai WHERE `诉求区域` IN ('浦东新区', '闵行区') AND `工单类型` = '投诉举报类' AND `内容描述` LIKE '%物业管理%' GROUP BY `诉求地址` ORDER BY `工单数量` DESC LIMIT 5000;"}
2025-05-27 08:24:19,644 ChatBI->     INFO     sql 语句：SELECT * FROM shanghai WHERE `诉求区域` IN ('浦东新区', '闵行区') AND `工单类型` = '投诉举报类' AND  `内容描述` IN (:val0, :val1, :val2, :val3, :val4, :val5, :val6, :val7, :val8, :val9, :val10, :val11, :val12, :val13, :val14, :val15, :val16, :val17, :val18, :val19, :val20, :val21, :val22, :val23, :val24, :val25, :val26, :val27, :val28, :val29, :val30, :val31, :val32, :val33, :val34, :val35, :val36, :val37, :val38, :val39, :val40, :val41, :val42, :val43, :val44, :val45, :val46, :val47, :val48, :val49, :val50, :val51, :val52, :val53, :val54, :val55, :val56, :val57, :val58, :val59, :val60, :val61, :val62, :val63, :val64, :val65, :val66, :val67, :val68, :val69, :val70, :val71, :val72, :val73, :val74, :val75, :val76, :val77, :val78, :val79, :val80, :val81, :val82, :val83, :val84, :val85, :val86, :val87, :val88, :val89, :val90, :val91, :val92, :val93, :val94, :val95, :val96, :val97, :val98, :val99, :val100, :val101, :val102, :val103, :val104, :val105, :val106, :val107, :val108, :val109, :val110, :val111, :val112, :val113, :val114, :val115, :val116, :val117, :val118, :val119, :val120, :val121, :val122, :val123, :val124, :val125, :val126, :val127, :val128, :val129, :val130, :val131, :val132, :val133, :val134, :val135, :val136, :val137, :val138, :val139, :val140, :val141, :val142, :val143, :val144, :val145, :val146, :val147, :val148, :val149, :val150, :val151, :val152, :val153, :val154, :val155, :val156, :val157, :val158, :val159, :val160, :val161, :val162, :val163, :val164, :val165, :val166, :val167, :val168, :val169, :val170, :val171, :val172, :val173, :val174, :val175, :val176, :val177, :val178, :val179, :val180, :val181, :val182, :val183, :val184, :val185, :val186, :val187, :val188, :val189, :val190, :val191, :val192, :val193, :val194, :val195, :val196, :val197, :val198, :val199, :val200, :val201, :val202, :val203, :val204, :val205, :val206, :val207, :val208, :val209, :val210, :val211, :val212, :val213, :val214, :val215, :val216, :val217, :val218, :val219, :val220, :val221, :val222, :val223, :val224, :val225, :val226, :val227, :val228, :val229, :val230, :val231, :val232, :val233, :val234, :val235, :val236, :val237, :val238, :val239, :val240, :val241, :val242, :val243, :val244, :val245, :val246, :val247, :val248, :val249, :val250, :val251, :val252, :val253, :val254, :val255, :val256, :val257, :val258, :val259, :val260, :val261, :val262, :val263, :val264, :val265, :val266, :val267, :val268, :val269, :val270, :val271, :val272, :val273, :val274, :val275, :val276, :val277, :val278, :val279, :val280, :val281, :val282, :val283, :val284, :val285, :val286, :val287, :val288, :val289, :val290, :val291, :val292, :val293, :val294, :val295, :val296, :val297, :val298, :val299, :val300, :val301, :val302, :val303, :val304, :val305, :val306, :val307, :val308, :val309, :val310, :val311, :val312, :val313, :val314, :val315, :val316, :val317, :val318, :val319, :val320, :val321, :val322, :val323, :val324, :val325, :val326, :val327, :val328, :val329, :val330, :val331, :val332, :val333, :val334, :val335, :val336, :val337, :val338, :val339, :val340, :val341, :val342, :val343, :val344, :val345, :val346, :val347, :val348, :val349, :val350, :val351, :val352, :val353, :val354, :val355, :val356, :val357, :val358, :val359, :val360, :val361, :val362, :val363, :val364, :val365, :val366, :val367, :val368, :val369, :val370, :val371, :val372, :val373, :val374, :val375, :val376, :val377, :val378, :val379, :val380, :val381, :val382, :val383, :val384, :val385, :val386, :val387, :val388, :val389, :val390, :val391, :val392, :val393, :val394, :val395, :val396, :val397, :val398, :val399, :val400, :val401, :val402, :val403, :val404, :val405, :val406, :val407, :val408, :val409, :val410, :val411, :val412, :val413, :val414, :val415, :val416, :val417, :val418, :val419, :val420, :val421, :val422, :val423, :val424, :val425, :val426, :val427, :val428, :val429, :val430, :val431, :val432, :val433, :val434, :val435, :val436, :val437, :val438, :val439, :val440, :val441, :val442, :val443, :val444, :val445, :val446, :val447, :val448, :val449, :val450, :val451, :val452, :val453, :val454, :val455, :val456, :val457, :val458, :val459, :val460, :val461, :val462, :val463, :val464, :val465, :val466, :val467, :val468, :val469, :val470, :val471, :val472, :val473, :val474, :val475, :val476, :val477, :val478, :val479, :val480, :val481, :val482, :val483, :val484, :val485, :val486, :val487, :val488, :val489, :val490, :val491, :val492, :val493, :val494, :val495, :val496, :val497, :val498, :val499, :val500, :val501, :val502, :val503, :val504, :val505, :val506, :val507, :val508, :val509, :val510, :val511, :val512, :val513, :val514, :val515, :val516, :val517, :val518, :val519, :val520, :val521, :val522, :val523, :val524, :val525, :val526, :val527, :val528, :val529, :val530, :val531, :val532, :val533, :val534, :val535, :val536, :val537, :val538, :val539, :val540, :val541, :val542, :val543, :val544, :val545, :val546, :val547, :val548, :val549, :val550, :val551, :val552, :val553, :val554, :val555, :val556, :val557, :val558, :val559, :val560, :val561, :val562, :val563, :val564, :val565, :val566, :val567, :val568, :val569, :val570, :val571, :val572, :val573, :val574, :val575, :val576, :val577, :val578, :val579, :val580, :val581, :val582, :val583, :val584, :val585, :val586, :val587, :val588, :val589, :val590, :val591, :val592, :val593, :val594, :val595, :val596, :val597, :val598, :val599, :val600, :val601, :val602, :val603, :val604, :val605, :val606, :val607, :val608, :val609, :val610, :val611, :val612, :val613, :val614, :val615, :val616, :val617, :val618, :val619, :val620, :val621, :val622, :val623, :val624, :val625, :val626, :val627, :val628, :val629, :val630, :val631, :val632, :val633, :val634, :val635, :val636, :val637, :val638, :val639, :val640, :val641, :val642, :val643, :val644, :val645, :val646, :val647, :val648, :val649, :val650, :val651, :val652, :val653, :val654, :val655, :val656, :val657, :val658, :val659, :val660, :val661, :val662, :val663, :val664, :val665, :val666, :val667, :val668, :val669, :val670, :val671, :val672, :val673, :val674, :val675, :val676, :val677, :val678, :val679, :val680, :val681, :val682, :val683, :val684, :val685, :val686, :val687, :val688, :val689, :val690, :val691, :val692, :val693, :val694, :val695, :val696, :val697, :val698, :val699, :val700, :val701, :val702, :val703, :val704, :val705, :val706, :val707, :val708, :val709, :val710, :val711, :val712, :val713, :val714, :val715, :val716, :val717, :val718, :val719, :val720, :val721, :val722, :val723, :val724, :val725, :val726, :val727, :val728, :val729, :val730, :val731, :val732, :val733, :val734, :val735, :val736, :val737, :val738, :val739, :val740, :val741, :val742, :val743, :val744, :val745, :val746, :val747, :val748, :val749, :val750, :val751, :val752, :val753, :val754, :val755, :val756, :val757, :val758, :val759, :val760, :val761, :val762, :val763, :val764, :val765, :val766, :val767, :val768, :val769, :val770, :val771, :val772, :val773, :val774, :val775, :val776, :val777, :val778, :val779, :val780, :val781, :val782, :val783, :val784, :val785, :val786, :val787, :val788, :val789, :val790, :val791, :val792, :val793, :val794, :val795, :val796, :val797, :val798, :val799, :val800, :val801, :val802, :val803, :val804, :val805, :val806, :val807, :val808, :val809, :val810, :val811, :val812, :val813, :val814, :val815, :val816, :val817, :val818, :val819, :val820, :val821, :val822, :val823, :val824, :val825, :val826, :val827, :val828, :val829, :val830, :val831, :val832, :val833, :val834, :val835, :val836, :val837, :val838, :val839, :val840, :val841, :val842, :val843, :val844, :val845, :val846, :val847, :val848, :val849, :val850, :val851, :val852, :val853, :val854, :val855, :val856, :val857, :val858, :val859, :val860, :val861, :val862, :val863, :val864, :val865, :val866, :val867, :val868, :val869, :val870, :val871, :val872, :val873, :val874, :val875, :val876, :val877, :val878, :val879, :val880, :val881, :val882, :val883, :val884, :val885, :val886, :val887, :val888, :val889, :val890, :val891, :val892, :val893, :val894, :val895, :val896, :val897, :val898, :val899, :val900, :val901, :val902, :val903, :val904, :val905, :val906, :val907, :val908, :val909, :val910, :val911, :val912, :val913, :val914, :val915, :val916, :val917, :val918, :val919, :val920, :val921, :val922, :val923, :val924, :val925, :val926, :val927, :val928, :val929, :val930, :val931, :val932, :val933, :val934, :val935, :val936, :val937, :val938, :val939, :val940, :val941, :val942, :val943, :val944, :val945, :val946, :val947, :val948, :val949, :val950, :val951, :val952, :val953, :val954, :val955, :val956, :val957, :val958, :val959, :val960, :val961, :val962, :val963, :val964, :val965, :val966, :val967, :val968, :val969, :val970, :val971, :val972, :val973, :val974, :val975, :val976, :val977, :val978, :val979, :val980, :val981, :val982, :val983, :val984, :val985, :val986, :val987, :val988, :val989, :val990, :val991, :val992, :val993, :val994, :val995, :val996, :val997, :val998, :val999, :val1000, :val1001, :val1002, :val1003, :val1004, :val1005, :val1006, :val1007, :val1008, :val1009, :val1010, :val1011, :val1012, :val1013, :val1014, :val1015, :val1016, :val1017, :val1018, :val1019, :val1020, :val1021, :val1022, :val1023, :val1024, :val1025, :val1026, :val1027, :val1028, :val1029, :val1030, :val1031, :val1032, :val1033, :val1034, :val1035, :val1036, :val1037, :val1038, :val1039, :val1040, :val1041, :val1042, :val1043, :val1044, :val1045, :val1046, :val1047, :val1048, :val1049, :val1050, :val1051, :val1052, :val1053, :val1054, :val1055, :val1056, :val1057, :val1058, :val1059, :val1060, :val1061, :val1062, :val1063, :val1064, :val1065, :val1066, :val1067, :val1068, :val1069, :val1070, :val1071, :val1072, :val1073, :val1074, :val1075, :val1076, :val1077, :val1078, :val1079, :val1080, :val1081, :val1082, :val1083, :val1084, :val1085, :val1086, :val1087, :val1088, :val1089, :val1090, :val1091, :val1092, :val1093, :val1094, :val1095, :val1096, :val1097, :val1098, :val1099, :val1100, :val1101, :val1102, :val1103, :val1104, :val1105, :val1106, :val1107, :val1108, :val1109, :val1110, :val1111, :val1112, :val1113, :val1114, :val1115, :val1116, :val1117, :val1118, :val1119, :val1120, :val1121, :val1122, :val1123, :val1124, :val1125, :val1126, :val1127, :val1128, :val1129, :val1130, :val1131, :val1132, :val1133, :val1134, :val1135, :val1136, :val1137, :val1138, :val1139, :val1140, :val1141, :val1142, :val1143, :val1144, :val1145, :val1146, :val1147, :val1148, :val1149, :val1150, :val1151, :val1152, :val1153, :val1154, :val1155, :val1156, :val1157, :val1158, :val1159, :val1160, :val1161, :val1162, :val1163, :val1164, :val1165, :val1166, :val1167, :val1168, :val1169, :val1170, :val1171, :val1172, :val1173, :val1174, :val1175, :val1176, :val1177, :val1178, :val1179, :val1180, :val1181, :val1182, :val1183, :val1184, :val1185, :val1186, :val1187, :val1188, :val1189, :val1190, :val1191, :val1192, :val1193, :val1194, :val1195, :val1196, :val1197, :val1198, :val1199, :val1200, :val1201, :val1202, :val1203, :val1204, :val1205, :val1206, :val1207, :val1208, :val1209, :val1210, :val1211, :val1212, :val1213, :val1214, :val1215, :val1216, :val1217, :val1218, :val1219, :val1220, :val1221, :val1222, :val1223, :val1224, :val1225, :val1226, :val1227, :val1228, :val1229, :val1230, :val1231, :val1232, :val1233, :val1234, :val1235, :val1236, :val1237, :val1238, :val1239, :val1240, :val1241, :val1242, :val1243, :val1244, :val1245, :val1246, :val1247, :val1248, :val1249, :val1250, :val1251, :val1252, :val1253, :val1254, :val1255, :val1256, :val1257, :val1258, :val1259, :val1260, :val1261, :val1262, :val1263, :val1264, :val1265, :val1266, :val1267, :val1268, :val1269, :val1270, :val1271, :val1272, :val1273, :val1274, :val1275, :val1276, :val1277, :val1278, :val1279, :val1280, :val1281, :val1282, :val1283, :val1284, :val1285, :val1286, :val1287, :val1288, :val1289, :val1290, :val1291, :val1292, :val1293, :val1294, :val1295, :val1296, :val1297, :val1298, :val1299, :val1300, :val1301, :val1302, :val1303, :val1304, :val1305, :val1306, :val1307, :val1308, :val1309, :val1310, :val1311, :val1312, :val1313, :val1314, :val1315, :val1316, :val1317, :val1318, :val1319, :val1320, :val1321, :val1322, :val1323, :val1324, :val1325, :val1326, :val1327, :val1328, :val1329, :val1330, :val1331, :val1332, :val1333, :val1334, :val1335, :val1336, :val1337, :val1338, :val1339, :val1340, :val1341, :val1342, :val1343, :val1344, :val1345, :val1346, :val1347, :val1348, :val1349, :val1350, :val1351, :val1352, :val1353, :val1354, :val1355, :val1356, :val1357, :val1358, :val1359, :val1360, :val1361, :val1362, :val1363, :val1364, :val1365, :val1366, :val1367, :val1368, :val1369, :val1370, :val1371, :val1372, :val1373, :val1374, :val1375, :val1376, :val1377, :val1378, :val1379, :val1380, :val1381, :val1382, :val1383, :val1384, :val1385, :val1386, :val1387, :val1388, :val1389, :val1390, :val1391, :val1392, :val1393, :val1394, :val1395, :val1396, :val1397, :val1398, :val1399, :val1400, :val1401, :val1402, :val1403, :val1404, :val1405, :val1406, :val1407, :val1408, :val1409, :val1410, :val1411, :val1412, :val1413, :val1414, :val1415, :val1416, :val1417, :val1418, :val1419, :val1420, :val1421, :val1422, :val1423, :val1424, :val1425, :val1426, :val1427, :val1428, :val1429, :val1430, :val1431, :val1432, :val1433, :val1434, :val1435, :val1436, :val1437, :val1438, :val1439, :val1440, :val1441, :val1442, :val1443, :val1444, :val1445, :val1446, :val1447, :val1448, :val1449, :val1450, :val1451, :val1452, :val1453, :val1454, :val1455, :val1456, :val1457, :val1458, :val1459, :val1460, :val1461, :val1462, :val1463, :val1464, :val1465, :val1466, :val1467, :val1468, :val1469, :val1470, :val1471, :val1472, :val1473, :val1474, :val1475, :val1476, :val1477, :val1478, :val1479, :val1480, :val1481, :val1482, :val1483, :val1484, :val1485, :val1486, :val1487, :val1488, :val1489, :val1490, :val1491, :val1492, :val1493, :val1494, :val1495, :val1496, :val1497, :val1498, :val1499, :val1500, :val1501, :val1502, :val1503, :val1504, :val1505, :val1506, :val1507, :val1508, :val1509, :val1510, :val1511, :val1512, :val1513, :val1514, :val1515, :val1516, :val1517, :val1518, :val1519, :val1520, :val1521, :val1522, :val1523, :val1524, :val1525, :val1526, :val1527, :val1528, :val1529, :val1530, :val1531, :val1532, :val1533, :val1534, :val1535, :val1536, :val1537, :val1538, :val1539, :val1540, :val1541, :val1542, :val1543, :val1544, :val1545, :val1546, :val1547, :val1548, :val1549, :val1550, :val1551, :val1552, :val1553, :val1554, :val1555, :val1556, :val1557, :val1558, :val1559, :val1560, :val1561, :val1562, :val1563, :val1564, :val1565, :val1566, :val1567, :val1568, :val1569, :val1570, :val1571, :val1572, :val1573, :val1574, :val1575, :val1576, :val1577, :val1578, :val1579, :val1580, :val1581, :val1582, :val1583, :val1584, :val1585, :val1586, :val1587, :val1588, :val1589, :val1590, :val1591, :val1592, :val1593, :val1594, :val1595, :val1596, :val1597, :val1598, :val1599, :val1600, :val1601, :val1602, :val1603, :val1604, :val1605, :val1606, :val1607, :val1608, :val1609, :val1610, :val1611, :val1612, :val1613, :val1614, :val1615, :val1616, :val1617, :val1618, :val1619, :val1620, :val1621, :val1622, :val1623, :val1624, :val1625, :val1626, :val1627, :val1628, :val1629, :val1630, :val1631, :val1632, :val1633, :val1634, :val1635, :val1636, :val1637, :val1638, :val1639, :val1640, :val1641, :val1642, :val1643, :val1644, :val1645, :val1646, :val1647, :val1648, :val1649, :val1650, :val1651, :val1652, :val1653, :val1654, :val1655, :val1656, :val1657, :val1658, :val1659, :val1660, :val1661, :val1662, :val1663, :val1664, :val1665, :val1666, :val1667, :val1668, :val1669, :val1670, :val1671, :val1672, :val1673, :val1674, :val1675, :val1676, :val1677, :val1678, :val1679, :val1680, :val1681, :val1682, :val1683, :val1684, :val1685, :val1686, :val1687, :val1688, :val1689, :val1690, :val1691, :val1692, :val1693, :val1694, :val1695, :val1696, :val1697, :val1698, :val1699, :val1700, :val1701, :val1702, :val1703, :val1704, :val1705, :val1706, :val1707, :val1708, :val1709, :val1710, :val1711, :val1712, :val1713, :val1714, :val1715, :val1716, :val1717, :val1718, :val1719, :val1720, :val1721, :val1722, :val1723, :val1724, :val1725, :val1726, :val1727, :val1728, :val1729, :val1730, :val1731, :val1732, :val1733, :val1734, :val1735, :val1736, :val1737, :val1738, :val1739, :val1740, :val1741, :val1742, :val1743, :val1744, :val1745, :val1746, :val1747, :val1748, :val1749, :val1750, :val1751, :val1752, :val1753, :val1754, :val1755, :val1756, :val1757, :val1758, :val1759, :val1760, :val1761, :val1762, :val1763, :val1764, :val1765, :val1766, :val1767, :val1768, :val1769, :val1770, :val1771, :val1772, :val1773, :val1774, :val1775, :val1776, :val1777, :val1778, :val1779, :val1780, :val1781, :val1782, :val1783, :val1784, :val1785, :val1786, :val1787, :val1788, :val1789, :val1790, :val1791, :val1792, :val1793, :val1794, :val1795, :val1796, :val1797, :val1798, :val1799, :val1800, :val1801, :val1802, :val1803, :val1804, :val1805, :val1806, :val1807, :val1808, :val1809, :val1810, :val1811, :val1812, :val1813, :val1814, :val1815, :val1816, :val1817, :val1818, :val1819, :val1820, :val1821, :val1822, :val1823, :val1824, :val1825, :val1826, :val1827, :val1828, :val1829, :val1830, :val1831, :val1832, :val1833, :val1834, :val1835, :val1836, :val1837, :val1838, :val1839, :val1840, :val1841, :val1842, :val1843, :val1844, :val1845, :val1846, :val1847, :val1848, :val1849, :val1850, :val1851, :val1852, :val1853, :val1854, :val1855, :val1856, :val1857, :val1858, :val1859, :val1860, :val1861, :val1862, :val1863, :val1864, :val1865, :val1866, :val1867, :val1868, :val1869, :val1870, :val1871, :val1872, :val1873, :val1874, :val1875, :val1876, :val1877, :val1878, :val1879, :val1880, :val1881, :val1882, :val1883, :val1884, :val1885, :val1886, :val1887, :val1888, :val1889, :val1890, :val1891, :val1892, :val1893, :val1894, :val1895, :val1896, :val1897, :val1898, :val1899, :val1900, :val1901, :val1902, :val1903, :val1904, :val1905, :val1906, :val1907, :val1908, :val1909, :val1910, :val1911, :val1912, :val1913, :val1914, :val1915, :val1916, :val1917, :val1918, :val1919, :val1920, :val1921, :val1922, :val1923, :val1924, :val1925, :val1926, :val1927, :val1928, :val1929, :val1930, :val1931, :val1932, :val1933, :val1934, :val1935, :val1936, :val1937, :val1938, :val1939, :val1940, :val1941, :val1942, :val1943, :val1944, :val1945, :val1946, :val1947, :val1948, :val1949, :val1950, :val1951, :val1952, :val1953, :val1954, :val1955, :val1956, :val1957, :val1958, :val1959, :val1960, :val1961, :val1962, :val1963, :val1964, :val1965, :val1966, :val1967, :val1968, :val1969, :val1970, :val1971, :val1972, :val1973, :val1974, :val1975, :val1976, :val1977, :val1978, :val1979, :val1980, :val1981, :val1982, :val1983, :val1984, :val1985, :val1986, :val1987, :val1988, :val1989, :val1990, :val1991, :val1992, :val1993, :val1994, :val1995, :val1996, :val1997, :val1998, :val1999, :val2000, :val2001, :val2002, :val2003, :val2004, :val2005, :val2006, :val2007, :val2008, :val2009, :val2010, :val2011, :val2012, :val2013, :val2014, :val2015, :val2016, :val2017, :val2018, :val2019, :val2020, :val2021, :val2022, :val2023, :val2024, :val2025, :val2026, :val2027, :val2028, :val2029, :val2030, :val2031, :val2032, :val2033, :val2034, :val2035, :val2036, :val2037, :val2038, :val2039, :val2040, :val2041, :val2042, :val2043, :val2044, :val2045, :val2046, :val2047, :val2048, :val2049, :val2050, :val2051, :val2052, :val2053, :val2054, :val2055, :val2056, :val2057, :val2058, :val2059, :val2060, :val2061, :val2062, :val2063, :val2064, :val2065, :val2066, :val2067, :val2068, :val2069, :val2070, :val2071, :val2072, :val2073, :val2074, :val2075, :val2076, :val2077, :val2078, :val2079, :val2080, :val2081, :val2082, :val2083, :val2084, :val2085, :val2086, :val2087, :val2088, :val2089, :val2090, :val2091, :val2092, :val2093, :val2094, :val2095, :val2096, :val2097, :val2098, :val2099, :val2100, :val2101, :val2102, :val2103, :val2104, :val2105, :val2106, :val2107, :val2108, :val2109, :val2110, :val2111, :val2112, :val2113, :val2114, :val2115, :val2116, :val2117, :val2118, :val2119, :val2120, :val2121, :val2122, :val2123, :val2124, :val2125, :val2126, :val2127, :val2128, :val2129, :val2130, :val2131, :val2132, :val2133, :val2134, :val2135, :val2136, :val2137, :val2138, :val2139, :val2140, :val2141, :val2142, :val2143, :val2144, :val2145, :val2146, :val2147, :val2148, :val2149, :val2150, :val2151, :val2152, :val2153, :val2154, :val2155, :val2156, :val2157, :val2158, :val2159, :val2160, :val2161, :val2162, :val2163, :val2164, :val2165, :val2166, :val2167, :val2168, :val2169, :val2170, :val2171, :val2172, :val2173, :val2174, :val2175, :val2176, :val2177, :val2178, :val2179, :val2180, :val2181, :val2182, :val2183, :val2184, :val2185, :val2186, :val2187, :val2188, :val2189, :val2190, :val2191, :val2192, :val2193, :val2194, :val2195, :val2196, :val2197, :val2198, :val2199, :val2200, :val2201, :val2202, :val2203, :val2204, :val2205, :val2206, :val2207, :val2208, :val2209, :val2210, :val2211, :val2212, :val2213, :val2214, :val2215, :val2216, :val2217, :val2218, :val2219, :val2220, :val2221, :val2222, :val2223, :val2224, :val2225, :val2226, :val2227, :val2228, :val2229, :val2230, :val2231, :val2232, :val2233, :val2234, :val2235, :val2236, :val2237, :val2238, :val2239, :val2240, :val2241, :val2242, :val2243, :val2244, :val2245, :val2246, :val2247, :val2248, :val2249, :val2250, :val2251, :val2252, :val2253, :val2254, :val2255, :val2256, :val2257, :val2258, :val2259, :val2260, :val2261, :val2262, :val2263, :val2264, :val2265, :val2266, :val2267, :val2268, :val2269, :val2270, :val2271, :val2272, :val2273, :val2274, :val2275, :val2276, :val2277, :val2278, :val2279, :val2280, :val2281, :val2282, :val2283, :val2284, :val2285, :val2286, :val2287, :val2288, :val2289, :val2290, :val2291, :val2292, :val2293, :val2294, :val2295, :val2296, :val2297, :val2298, :val2299, :val2300, :val2301, :val2302, :val2303, :val2304, :val2305, :val2306, :val2307, :val2308, :val2309, :val2310, :val2311, :val2312, :val2313, :val2314, :val2315, :val2316, :val2317, :val2318, :val2319, :val2320, :val2321, :val2322, :val2323, :val2324, :val2325, :val2326, :val2327, :val2328, :val2329, :val2330, :val2331, :val2332, :val2333, :val2334, :val2335, :val2336, :val2337, :val2338, :val2339, :val2340, :val2341, :val2342, :val2343, :val2344, :val2345, :val2346, :val2347, :val2348, :val2349, :val2350, :val2351, :val2352, :val2353, :val2354, :val2355, :val2356, :val2357, :val2358, :val2359, :val2360, :val2361, :val2362, :val2363, :val2364, :val2365, :val2366, :val2367, :val2368, :val2369, :val2370, :val2371, :val2372, :val2373, :val2374, :val2375, :val2376, :val2377, :val2378, :val2379, :val2380, :val2381, :val2382, :val2383, :val2384, :val2385, :val2386, :val2387, :val2388, :val2389, :val2390, :val2391, :val2392, :val2393, :val2394, :val2395, :val2396, :val2397, :val2398, :val2399, :val2400, :val2401, :val2402, :val2403, :val2404, :val2405, :val2406, :val2407, :val2408, :val2409, :val2410, :val2411, :val2412, :val2413, :val2414, :val2415, :val2416, :val2417, :val2418, :val2419, :val2420, :val2421, :val2422, :val2423, :val2424, :val2425, :val2426, :val2427, :val2428, :val2429, :val2430, :val2431, :val2432, :val2433, :val2434, :val2435, :val2436, :val2437, :val2438, :val2439, :val2440, :val2441, :val2442, :val2443, :val2444, :val2445, :val2446, :val2447, :val2448, :val2449, :val2450, :val2451, :val2452, :val2453, :val2454, :val2455, :val2456, :val2457, :val2458, :val2459, :val2460, :val2461, :val2462, :val2463, :val2464, :val2465, :val2466, :val2467, :val2468, :val2469, :val2470, :val2471, :val2472, :val2473, :val2474, :val2475, :val2476, :val2477, :val2478, :val2479, :val2480, :val2481, :val2482, :val2483, :val2484, :val2485, :val2486, :val2487, :val2488, :val2489, :val2490, :val2491, :val2492, :val2493, :val2494, :val2495, :val2496, :val2497, :val2498, :val2499, :val2500, :val2501, :val2502, :val2503, :val2504, :val2505, :val2506, :val2507, :val2508, :val2509, :val2510, :val2511, :val2512, :val2513, :val2514, :val2515, :val2516, :val2517, :val2518, :val2519, :val2520, :val2521, :val2522, :val2523, :val2524, :val2525, :val2526, :val2527, :val2528, :val2529, :val2530, :val2531, :val2532, :val2533, :val2534, :val2535, :val2536, :val2537, :val2538, :val2539, :val2540, :val2541, :val2542, :val2543, :val2544, :val2545, :val2546, :val2547, :val2548, :val2549, :val2550, :val2551, :val2552, :val2553, :val2554, :val2555, :val2556, :val2557, :val2558, :val2559, :val2560, :val2561, :val2562, :val2563, :val2564, :val2565, :val2566, :val2567, :val2568, :val2569, :val2570, :val2571, :val2572, :val2573, :val2574, :val2575, :val2576, :val2577, :val2578, :val2579, :val2580, :val2581, :val2582, :val2583, :val2584, :val2585, :val2586, :val2587, :val2588, :val2589, :val2590, :val2591, :val2592, :val2593, :val2594, :val2595, :val2596, :val2597, :val2598, :val2599, :val2600, :val2601, :val2602, :val2603, :val2604, :val2605, :val2606, :val2607, :val2608, :val2609, :val2610, :val2611, :val2612, :val2613, :val2614, :val2615, :val2616, :val2617, :val2618, :val2619, :val2620, :val2621, :val2622, :val2623, :val2624, :val2625, :val2626, :val2627, :val2628, :val2629, :val2630, :val2631, :val2632, :val2633, :val2634, :val2635, :val2636, :val2637, :val2638, :val2639, :val2640, :val2641, :val2642, :val2643, :val2644, :val2645, :val2646, :val2647, :val2648, :val2649, :val2650, :val2651, :val2652, :val2653, :val2654, :val2655, :val2656, :val2657, :val2658, :val2659, :val2660, :val2661, :val2662, :val2663, :val2664, :val2665, :val2666, :val2667, :val2668, :val2669, :val2670, :val2671, :val2672, :val2673, :val2674, :val2675, :val2676, :val2677, :val2678, :val2679, :val2680, :val2681, :val2682, :val2683, :val2684, :val2685, :val2686, :val2687, :val2688, :val2689, :val2690, :val2691, :val2692, :val2693, :val2694, :val2695, :val2696, :val2697, :val2698, :val2699, :val2700, :val2701, :val2702, :val2703, :val2704, :val2705, :val2706, :val2707, :val2708, :val2709, :val2710, :val2711, :val2712, :val2713, :val2714, :val2715, :val2716, :val2717, :val2718, :val2719, :val2720, :val2721, :val2722, :val2723, :val2724, :val2725, :val2726, :val2727, :val2728, :val2729, :val2730, :val2731, :val2732, :val2733, :val2734, :val2735, :val2736, :val2737, :val2738, :val2739, :val2740, :val2741, :val2742, :val2743, :val2744, :val2745, :val2746, :val2747, :val2748, :val2749, :val2750, :val2751, :val2752, :val2753, :val2754, :val2755, :val2756, :val2757, :val2758, :val2759, :val2760, :val2761, :val2762, :val2763, :val2764, :val2765, :val2766, :val2767, :val2768, :val2769, :val2770, :val2771, :val2772, :val2773, :val2774, :val2775, :val2776, :val2777, :val2778, :val2779, :val2780, :val2781, :val2782, :val2783, :val2784, :val2785, :val2786, :val2787, :val2788, :val2789, :val2790, :val2791, :val2792, :val2793, :val2794, :val2795, :val2796, :val2797, :val2798, :val2799, :val2800, :val2801, :val2802, :val2803, :val2804, :val2805, :val2806, :val2807, :val2808, :val2809, :val2810, :val2811, :val2812, :val2813, :val2814, :val2815, :val2816, :val2817, :val2818, :val2819, :val2820, :val2821, :val2822, :val2823, :val2824, :val2825, :val2826, :val2827, :val2828, :val2829, :val2830, :val2831, :val2832, :val2833, :val2834, :val2835, :val2836, :val2837, :val2838, :val2839, :val2840, :val2841, :val2842, :val2843, :val2844, :val2845, :val2846, :val2847, :val2848, :val2849, :val2850, :val2851, :val2852, :val2853, :val2854, :val2855, :val2856, :val2857, :val2858, :val2859, :val2860, :val2861, :val2862, :val2863, :val2864, :val2865, :val2866, :val2867, :val2868, :val2869, :val2870, :val2871, :val2872, :val2873, :val2874, :val2875, :val2876, :val2877, :val2878, :val2879, :val2880, :val2881, :val2882, :val2883, :val2884, :val2885, :val2886, :val2887, :val2888, :val2889, :val2890, :val2891, :val2892, :val2893, :val2894, :val2895, :val2896, :val2897, :val2898, :val2899, :val2900, :val2901, :val2902, :val2903, :val2904, :val2905, :val2906, :val2907, :val2908, :val2909, :val2910, :val2911, :val2912, :val2913, :val2914, :val2915, :val2916, :val2917, :val2918, :val2919, :val2920, :val2921, :val2922, :val2923, :val2924, :val2925, :val2926, :val2927, :val2928, :val2929, :val2930, :val2931, :val2932, :val2933, :val2934, :val2935, :val2936, :val2937, :val2938, :val2939, :val2940, :val2941, :val2942, :val2943, :val2944, :val2945, :val2946, :val2947, :val2948, :val2949, :val2950, :val2951, :val2952, :val2953, :val2954, :val2955, :val2956, :val2957, :val2958, :val2959, :val2960, :val2961, :val2962, :val2963, :val2964, :val2965, :val2966, :val2967, :val2968, :val2969, :val2970, :val2971, :val2972, :val2973, :val2974, :val2975, :val2976, :val2977, :val2978, :val2979, :val2980, :val2981, :val2982, :val2983, :val2984, :val2985, :val2986, :val2987, :val2988, :val2989, :val2990, :val2991, :val2992, :val2993, :val2994, :val2995, :val2996, :val2997, :val2998, :val2999, :val3000, :val3001, :val3002, :val3003, :val3004, :val3005, :val3006, :val3007, :val3008, :val3009, :val3010, :val3011, :val3012, :val3013, :val3014, :val3015, :val3016, :val3017, :val3018, :val3019, :val3020, :val3021, :val3022, :val3023, :val3024, :val3025, :val3026, :val3027, :val3028, :val3029, :val3030, :val3031, :val3032, :val3033, :val3034, :val3035, :val3036, :val3037, :val3038, :val3039, :val3040, :val3041, :val3042, :val3043, :val3044, :val3045, :val3046, :val3047, :val3048, :val3049, :val3050, :val3051, :val3052, :val3053, :val3054, :val3055, :val3056, :val3057, :val3058, :val3059, :val3060, :val3061, :val3062, :val3063, :val3064, :val3065, :val3066, :val3067, :val3068, :val3069, :val3070, :val3071, :val3072, :val3073, :val3074, :val3075, :val3076, :val3077, :val3078, :val3079, :val3080, :val3081, :val3082, :val3083, :val3084, :val3085, :val3086, :val3087, :val3088, :val3089, :val3090, :val3091, :val3092, :val3093, :val3094, :val3095, :val3096, :val3097, :val3098, :val3099, :val3100, :val3101, :val3102, :val3103, :val3104, :val3105, :val3106, :val3107, :val3108, :val3109, :val3110, :val3111, :val3112, :val3113, :val3114, :val3115, :val3116, :val3117, :val3118, :val3119, :val3120, :val3121, :val3122, :val3123, :val3124, :val3125, :val3126, :val3127, :val3128, :val3129, :val3130, :val3131, :val3132, :val3133, :val3134, :val3135, :val3136, :val3137, :val3138, :val3139, :val3140, :val3141, :val3142, :val3143, :val3144, :val3145, :val3146, :val3147, :val3148, :val3149, :val3150, :val3151, :val3152, :val3153, :val3154, :val3155, :val3156, :val3157, :val3158, :val3159, :val3160, :val3161, :val3162, :val3163, :val3164, :val3165, :val3166, :val3167, :val3168, :val3169, :val3170, :val3171, :val3172, :val3173, :val3174, :val3175, :val3176, :val3177, :val3178, :val3179, :val3180, :val3181, :val3182, :val3183, :val3184, :val3185, :val3186, :val3187, :val3188, :val3189, :val3190, :val3191, :val3192, :val3193, :val3194, :val3195, :val3196, :val3197, :val3198, :val3199, :val3200, :val3201, :val3202, :val3203, :val3204, :val3205, :val3206, :val3207, :val3208, :val3209, :val3210, :val3211, :val3212, :val3213, :val3214, :val3215, :val3216, :val3217, :val3218, :val3219, :val3220, :val3221, :val3222, :val3223, :val3224, :val3225, :val3226, :val3227, :val3228, :val3229, :val3230, :val3231, :val3232, :val3233, :val3234, :val3235, :val3236, :val3237, :val3238, :val3239, :val3240, :val3241, :val3242, :val3243, :val3244, :val3245, :val3246, :val3247, :val3248, :val3249, :val3250, :val3251, :val3252, :val3253, :val3254, :val3255, :val3256, :val3257, :val3258, :val3259, :val3260, :val3261, :val3262, :val3263, :val3264, :val3265, :val3266, :val3267, :val3268, :val3269, :val3270, :val3271, :val3272, :val3273, :val3274, :val3275, :val3276, :val3277, :val3278, :val3279, :val3280, :val3281, :val3282, :val3283, :val3284, :val3285, :val3286, :val3287, :val3288, :val3289, :val3290, :val3291, :val3292, :val3293, :val3294, :val3295, :val3296, :val3297, :val3298, :val3299, :val3300, :val3301, :val3302, :val3303, :val3304, :val3305, :val3306, :val3307, :val3308, :val3309, :val3310, :val3311, :val3312, :val3313, :val3314, :val3315, :val3316, :val3317, :val3318, :val3319, :val3320, :val3321, :val3322, :val3323, :val3324, :val3325, :val3326, :val3327, :val3328, :val3329, :val3330, :val3331, :val3332, :val3333, :val3334, :val3335, :val3336, :val3337, :val3338, :val3339, :val3340, :val3341, :val3342, :val3343, :val3344, :val3345, :val3346, :val3347, :val3348, :val3349, :val3350, :val3351, :val3352, :val3353, :val3354, :val3355, :val3356, :val3357, :val3358, :val3359, :val3360, :val3361, :val3362, :val3363, :val3364, :val3365, :val3366, :val3367, :val3368, :val3369, :val3370, :val3371, :val3372, :val3373, :val3374, :val3375, :val3376, :val3377, :val3378, :val3379, :val3380, :val3381, :val3382, :val3383, :val3384, :val3385, :val3386, :val3387, :val3388, :val3389, :val3390, :val3391, :val3392, :val3393, :val3394, :val3395, :val3396, :val3397, :val3398, :val3399, :val3400, :val3401, :val3402, :val3403, :val3404, :val3405, :val3406, :val3407, :val3408, :val3409, :val3410, :val3411, :val3412, :val3413, :val3414, :val3415, :val3416, :val3417, :val3418, :val3419, :val3420, :val3421, :val3422, :val3423, :val3424, :val3425, :val3426, :val3427, :val3428, :val3429, :val3430, :val3431, :val3432, :val3433, :val3434, :val3435, :val3436, :val3437, :val3438, :val3439, :val3440, :val3441, :val3442, :val3443, :val3444, :val3445, :val3446, :val3447, :val3448, :val3449, :val3450, :val3451, :val3452, :val3453, :val3454, :val3455, :val3456, :val3457, :val3458, :val3459, :val3460, :val3461, :val3462, :val3463, :val3464, :val3465, :val3466, :val3467, :val3468, :val3469, :val3470, :val3471, :val3472, :val3473, :val3474, :val3475, :val3476, :val3477, :val3478, :val3479, :val3480, :val3481, :val3482, :val3483, :val3484, :val3485, :val3486, :val3487, :val3488, :val3489, :val3490, :val3491, :val3492, :val3493, :val3494, :val3495, :val3496, :val3497, :val3498, :val3499, :val3500, :val3501, :val3502, :val3503, :val3504, :val3505, :val3506, :val3507, :val3508, :val3509, :val3510, :val3511, :val3512, :val3513, :val3514, :val3515, :val3516, :val3517, :val3518, :val3519, :val3520, :val3521, :val3522, :val3523, :val3524, :val3525, :val3526, :val3527, :val3528, :val3529, :val3530, :val3531, :val3532, :val3533, :val3534, :val3535, :val3536, :val3537, :val3538, :val3539, :val3540, :val3541, :val3542, :val3543, :val3544, :val3545, :val3546, :val3547, :val3548, :val3549, :val3550, :val3551, :val3552, :val3553, :val3554, :val3555, :val3556, :val3557, :val3558, :val3559, :val3560, :val3561, :val3562, :val3563, :val3564, :val3565, :val3566, :val3567, :val3568, :val3569, :val3570, :val3571, :val3572, :val3573, :val3574, :val3575, :val3576, :val3577, :val3578, :val3579, :val3580, :val3581, :val3582, :val3583, :val3584, :val3585, :val3586, :val3587, :val3588, :val3589, :val3590, :val3591, :val3592, :val3593, :val3594, :val3595, :val3596, :val3597, :val3598, :val3599, :val3600, :val3601, :val3602, :val3603, :val3604, :val3605, :val3606, :val3607, :val3608, :val3609, :val3610, :val3611, :val3612, :val3613, :val3614, :val3615, :val3616, :val3617, :val3618, :val3619, :val3620, :val3621, :val3622, :val3623, :val3624, :val3625, :val3626, :val3627, :val3628, :val3629, :val3630, :val3631, :val3632, :val3633, :val3634, :val3635, :val3636, :val3637, :val3638, :val3639, :val3640, :val3641, :val3642, :val3643, :val3644, :val3645, :val3646, :val3647, :val3648, :val3649, :val3650, :val3651, :val3652, :val3653, :val3654, :val3655, :val3656, :val3657, :val3658, :val3659, :val3660, :val3661, :val3662, :val3663, :val3664, :val3665, :val3666, :val3667, :val3668, :val3669, :val3670, :val3671, :val3672, :val3673, :val3674, :val3675, :val3676, :val3677, :val3678, :val3679, :val3680, :val3681, :val3682, :val3683, :val3684, :val3685, :val3686, :val3687, :val3688, :val3689, :val3690, :val3691, :val3692, :val3693, :val3694, :val3695, :val3696, :val3697, :val3698, :val3699, :val3700, :val3701, :val3702, :val3703, :val3704, :val3705, :val3706, :val3707, :val3708, :val3709, :val3710, :val3711, :val3712, :val3713, :val3714, :val3715, :val3716, :val3717, :val3718, :val3719, :val3720, :val3721, :val3722, :val3723, :val3724, :val3725, :val3726, :val3727, :val3728, :val3729, :val3730, :val3731, :val3732, :val3733, :val3734, :val3735, :val3736, :val3737, :val3738, :val3739, :val3740, :val3741, :val3742, :val3743, :val3744, :val3745, :val3746, :val3747, :val3748, :val3749, :val3750, :val3751, :val3752, :val3753, :val3754, :val3755, :val3756, :val3757, :val3758, :val3759, :val3760, :val3761, :val3762, :val3763, :val3764, :val3765, :val3766, :val3767, :val3768, :val3769, :val3770, :val3771, :val3772, :val3773, :val3774, :val3775, :val3776, :val3777, :val3778, :val3779, :val3780, :val3781, :val3782, :val3783, :val3784, :val3785, :val3786, :val3787, :val3788, :val3789, :val3790, :val3791, :val3792, :val3793, :val3794, :val3795, :val3796, :val3797, :val3798, :val3799, :val3800, :val3801, :val3802, :val3803, :val3804, :val3805, :val3806, :val3807, :val3808, :val3809, :val3810, :val3811, :val3812, :val3813, :val3814, :val3815, :val3816, :val3817, :val3818, :val3819, :val3820, :val3821, :val3822, :val3823, :val3824, :val3825, :val3826, :val3827, :val3828, :val3829, :val3830, :val3831, :val3832, :val3833, :val3834, :val3835, :val3836, :val3837, :val3838, :val3839, :val3840, :val3841, :val3842, :val3843, :val3844, :val3845, :val3846, :val3847, :val3848, :val3849, :val3850, :val3851, :val3852, :val3853, :val3854, :val3855, :val3856, :val3857, :val3858, :val3859, :val3860, :val3861, :val3862, :val3863, :val3864, :val3865, :val3866, :val3867, :val3868, :val3869, :val3870, :val3871, :val3872, :val3873, :val3874, :val3875, :val3876, :val3877, :val3878, :val3879, :val3880, :val3881, :val3882, :val3883, :val3884, :val3885, :val3886, :val3887, :val3888, :val3889, :val3890, :val3891, :val3892, :val3893, :val3894, :val3895, :val3896, :val3897, :val3898, :val3899, :val3900, :val3901, :val3902, :val3903, :val3904, :val3905, :val3906, :val3907, :val3908, :val3909, :val3910, :val3911, :val3912, :val3913, :val3914, :val3915, :val3916, :val3917, :val3918, :val3919, :val3920, :val3921, :val3922, :val3923, :val3924, :val3925, :val3926, :val3927, :val3928, :val3929, :val3930, :val3931, :val3932, :val3933, :val3934, :val3935, :val3936, :val3937, :val3938, :val3939, :val3940, :val3941, :val3942, :val3943, :val3944, :val3945, :val3946, :val3947, :val3948, :val3949, :val3950, :val3951, :val3952, :val3953, :val3954, :val3955, :val3956, :val3957, :val3958, :val3959, :val3960, :val3961, :val3962, :val3963, :val3964, :val3965, :val3966, :val3967, :val3968, :val3969, :val3970, :val3971, :val3972, :val3973, :val3974, :val3975, :val3976, :val3977, :val3978, :val3979, :val3980, :val3981, :val3982, :val3983, :val3984, :val3985, :val3986, :val3987, :val3988, :val3989, :val3990, :val3991, :val3992, :val3993, :val3994, :val3995, :val3996, :val3997, :val3998, :val3999, :val4000, :val4001, :val4002, :val4003, :val4004, :val4005, :val4006, :val4007, :val4008, :val4009, :val4010, :val4011, :val4012, :val4013, :val4014, :val4015, :val4016, :val4017, :val4018, :val4019, :val4020, :val4021, :val4022, :val4023, :val4024, :val4025, :val4026, :val4027, :val4028, :val4029, :val4030, :val4031, :val4032, :val4033, :val4034, :val4035, :val4036, :val4037, :val4038, :val4039, :val4040, :val4041, :val4042, :val4043, :val4044, :val4045, :val4046, :val4047, :val4048, :val4049, :val4050, :val4051, :val4052, :val4053, :val4054, :val4055, :val4056, :val4057, :val4058, :val4059, :val4060, :val4061, :val4062, :val4063, :val4064, :val4065, :val4066, :val4067, :val4068, :val4069, :val4070, :val4071, :val4072, :val4073, :val4074, :val4075, :val4076, :val4077, :val4078, :val4079, :val4080, :val4081, :val4082, :val4083, :val4084, :val4085, :val4086, :val4087, :val4088, :val4089, :val4090, :val4091, :val4092, :val4093, :val4094, :val4095, :val4096, :val4097, :val4098, :val4099, :val4100, :val4101, :val4102, :val4103, :val4104, :val4105, :val4106, :val4107, :val4108, :val4109, :val4110, :val4111, :val4112, :val4113, :val4114, :val4115, :val4116, :val4117, :val4118, :val4119, :val4120, :val4121, :val4122, :val4123, :val4124, :val4125, :val4126, :val4127, :val4128, :val4129, :val4130, :val4131, :val4132, :val4133, :val4134, :val4135, :val4136, :val4137, :val4138, :val4139, :val4140, :val4141, :val4142, :val4143, :val4144, :val4145, :val4146, :val4147, :val4148, :val4149, :val4150, :val4151, :val4152, :val4153, :val4154, :val4155, :val4156, :val4157, :val4158, :val4159, :val4160, :val4161, :val4162, :val4163, :val4164, :val4165, :val4166, :val4167, :val4168, :val4169, :val4170, :val4171, :val4172, :val4173, :val4174, :val4175, :val4176, :val4177, :val4178, :val4179, :val4180, :val4181, :val4182, :val4183, :val4184, :val4185, :val4186, :val4187, :val4188, :val4189, :val4190, :val4191, :val4192, :val4193, :val4194, :val4195, :val4196, :val4197, :val4198, :val4199, :val4200, :val4201, :val4202, :val4203, :val4204, :val4205, :val4206, :val4207, :val4208, :val4209, :val4210, :val4211, :val4212, :val4213, :val4214, :val4215, :val4216, :val4217, :val4218, :val4219, :val4220, :val4221, :val4222, :val4223, :val4224, :val4225, :val4226, :val4227, :val4228, :val4229, :val4230, :val4231, :val4232, :val4233, :val4234, :val4235, :val4236, :val4237, :val4238, :val4239, :val4240, :val4241, :val4242, :val4243, :val4244, :val4245, :val4246, :val4247, :val4248, :val4249, :val4250, :val4251, :val4252, :val4253, :val4254, :val4255, :val4256, :val4257, :val4258, :val4259, :val4260, :val4261, :val4262, :val4263, :val4264, :val4265, :val4266, :val4267, :val4268, :val4269, :val4270, :val4271, :val4272, :val4273, :val4274, :val4275, :val4276, :val4277, :val4278, :val4279, :val4280, :val4281, :val4282, :val4283, :val4284, :val4285, :val4286, :val4287, :val4288, :val4289, :val4290, :val4291, :val4292, :val4293, :val4294, :val4295, :val4296, :val4297, :val4298, :val4299, :val4300, :val4301, :val4302, :val4303, :val4304, :val4305, :val4306, :val4307, :val4308, :val4309, :val4310, :val4311, :val4312, :val4313, :val4314, :val4315, :val4316, :val4317, :val4318, :val4319, :val4320, :val4321, :val4322, :val4323, :val4324, :val4325, :val4326, :val4327, :val4328, :val4329, :val4330, :val4331, :val4332, :val4333, :val4334, :val4335, :val4336, :val4337, :val4338, :val4339, :val4340, :val4341, :val4342, :val4343, :val4344, :val4345, :val4346, :val4347, :val4348, :val4349, :val4350, :val4351, :val4352, :val4353, :val4354, :val4355, :val4356, :val4357, :val4358, :val4359, :val4360, :val4361, :val4362, :val4363, :val4364, :val4365, :val4366, :val4367, :val4368, :val4369, :val4370, :val4371, :val4372, :val4373, :val4374, :val4375, :val4376, :val4377, :val4378, :val4379, :val4380, :val4381, :val4382, :val4383, :val4384, :val4385, :val4386, :val4387, :val4388, :val4389, :val4390, :val4391, :val4392, :val4393, :val4394, :val4395, :val4396, :val4397, :val4398, :val4399, :val4400, :val4401, :val4402, :val4403, :val4404, :val4405, :val4406, :val4407, :val4408, :val4409)
2025-05-27 08:24:21,084 ChatBI->     ERROR    Unexpected error occured:Error code: 400 - {'object': 'error', 'message': "This model's maximum context length is 10240 tokens. However, you requested 16267 tokens in the messages, Please reduce the length of the messages.", 'type': 'BadRequestError', 'param': None, 'code': 400}
Traceback (most recent call last):
  File "/data/yfzx/liucd/chatbi_deploy2/chatbi_DB2/apps/app_main_ws.py", line 160, in websocket_endpoint
    result_insight = chat_chain.invoke({ "query": query, "obtain_data": obtain_data})
                     ^^^^^^^^^^^^^^^^^^^^^^^^^^^^^^^^^^^^^^^^^^^^^^^^^^^^^^^^^^^^^^^^
  File "/root/anaconda3/envs/chatbi/lib/python3.12/site-packages/langchain_core/runnables/base.py", line 3034, in invoke
    input = context.run(step.invoke, input, config)
            ^^^^^^^^^^^^^^^^^^^^^^^^^^^^^^^^^^^^^^^
  File "/root/anaconda3/envs/chatbi/lib/python3.12/site-packages/langchain_core/language_models/chat_models.py", line 370, in invoke
    self.generate_prompt(
  File "/root/anaconda3/envs/chatbi/lib/python3.12/site-packages/langchain_core/language_models/chat_models.py", line 947, in generate_prompt
    return self.generate(prompt_messages, stop=stop, callbacks=callbacks, **kwargs)
           ^^^^^^^^^^^^^^^^^^^^^^^^^^^^^^^^^^^^^^^^^^^^^^^^^^^^^^^^^^^^^^^^^^^^^^^^
  File "/root/anaconda3/envs/chatbi/lib/python3.12/site-packages/langchain_core/language_models/chat_models.py", line 766, in generate
    self._generate_with_cache(
  File "/root/anaconda3/envs/chatbi/lib/python3.12/site-packages/langchain_core/language_models/chat_models.py", line 1012, in _generate_with_cache
    result = self._generate(
             ^^^^^^^^^^^^^^^
  File "/root/anaconda3/envs/chatbi/lib/python3.12/site-packages/langchain_openai/chat_models/base.py", line 823, in _generate
    response = self.client.create(**payload)
               ^^^^^^^^^^^^^^^^^^^^^^^^^^^^^
  File "/root/anaconda3/envs/chatbi/lib/python3.12/site-packages/openai/_utils/_utils.py", line 279, in wrapper
    return func(*args, **kwargs)
           ^^^^^^^^^^^^^^^^^^^^^
  File "/root/anaconda3/envs/chatbi/lib/python3.12/site-packages/openai/resources/chat/completions/completions.py", line 879, in create
    return self._post(
           ^^^^^^^^^^^
  File "/root/anaconda3/envs/chatbi/lib/python3.12/site-packages/openai/_base_client.py", line 1296, in post
    return cast(ResponseT, self.request(cast_to, opts, stream=stream, stream_cls=stream_cls))
                           ^^^^^^^^^^^^^^^^^^^^^^^^^^^^^^^^^^^^^^^^^^^^^^^^^^^^^^^^^^^^^^^^^
  File "/root/anaconda3/envs/chatbi/lib/python3.12/site-packages/openai/_base_client.py", line 973, in request
    return self._request(
           ^^^^^^^^^^^^^^
  File "/root/anaconda3/envs/chatbi/lib/python3.12/site-packages/openai/_base_client.py", line 1077, in _request
    raise self._make_status_error_from_response(err.response) from None
openai.BadRequestError: Error code: 400 - {'object': 'error', 'message': "This model's maximum context length is 10240 tokens. However, you requested 16267 tokens in the messages, Please reduce the length of the messages.", 'type': 'BadRequestError', 'param': None, 'code': 400}
2025-05-27 08:24:22,131 ChatBI->     INFO     任务类型: SQL
2025-05-27 08:24:25,897 ChatBI->     INFO     stad sql: SELECT `诉求地址`, COUNT(*) AS `工单数量` FROM shanghai WHERE `诉求区域` IN ('浦东新区', '闵行区') AND `工单类型` = '投诉举报类' AND `内容描述` LIKE '%物业管理%' GROUP BY `诉求地址` ORDER BY `工单数量` DESC LIMIT 5000;
2025-05-27 08:24:25,897 ChatBI->     INFO     开始语义分析 ... 
2025-05-27 08:24:25,900 ChatBI->     INFO     非结构化信息为: {"`内容描述` LIKE '%物业管理%'": '物业管理'}
2025-05-27 08:24:26,195 ChatBI->     INFO     物业管理 的命名实体判别： no
2025-05-27 08:24:26,196 ChatBI->     INFO     开始对非结构化文档【粗略】检索
2025-05-27 08:24:26,712 ChatBI->     INFO     检索到的文档总数量为：5000
2025-05-27 08:24:27,153 ChatBI->     INFO     开始对非结构化文档【深度】检索
2025-05-27 08:24:27,529 ChatBI->     INFO     step_scores: ['yes', 'yes', 'yes', 'yes', 'yes', 'yes', 'yes', 'yes', 'yes', 'yes']
2025-05-27 08:24:27,529 ChatBI->     INFO     层级抽取文档： 【长三角】市民来电反映:江苏启东小区物业管理不善问题。 ==> yes  
2025-05-27 08:24:27,529 ChatBI->     INFO     层级抽取文档： 市民反映：实名反映沃棠(上海)物业管理有限公司的徐汇区康健街道长海坊小区管理处的林姓经理刁难业主，和“吃拿卡要”。2021年初，其在长海坊小区物业管理处林经理那里办理月租车轮后排队事宜，并要求给其赞助香烟二盒，后告知其轮后排队，当时排名第6位。2024年初，其再次到长海坊小区物业管理处林经理那里询问月租车轮后排队事宜，再次被其要求赞助香烟二盒，够告知其轮后排队，现排名第10位。经过三年轮后等待，月租车排队的人名次不升反降。诉求：投诉物业公司林姓经理“吃拿卡要”“徇私舞弊”“暗箱操作”。
 ==> yes  
2025-05-27 08:24:27,529 ChatBI->     INFO     层级抽取文档： 市民来电反映:上述地址小区清洁工打扫不干净，停车乱停，物业收费乱收费，不开发票，负责物业：中凯物业。诉求：投诉小区物业管理不善，要求物业加强对小区管理。（市民要求信息保密 需回复） ==> yes  
2025-05-27 08:24:27,529 ChatBI->     INFO     层级抽取文档： 市民反映：物业对小区租客不管理不监督，情况举例如下：1、消防不合格。楼道内经常有租客摆放的纸箱杂物，物业不管理不过问。租客房屋内垃圾、电线乱拉、电瓶车充电等火灾隐患。2、卫生不合格。租客在小区内让小孩随地大小便、租房区域的花园里、小区公共区域、小区大门入口，经常垃圾遍地。3、业主公共财产不保护。电梯、楼道、小区健身设施、儿童游乐场所、小区步道，均有被一批批流动性租客搬家损坏，物业不监督不管理。4、安全不合格。大量流动性不明工作身份无正当职业的打工租客入住小区毛坯房或简陋装修的有问题的房屋，给小区带来非常大的安全隐患。5、部分租客以低廉房租租住简陋装修的房屋，物业未对房屋装修监管到位，至使... ==> yes  
2025-05-27 08:24:27,530 ChatBI->     INFO     层级抽取文档： 【重新交办，交办要求：答复市民要点与事实不符，之前反映过，好转过几天，但没解决问题，对此不满，来电投诉，诉求：希望管理部门核实加强管理。（市民要求信息保密，需要回复），最近办结的工单号：20231130013385，工单内容：市民来电反映:其是上述地址小区居民，市民称小区的物业是虹康物业。现在换了新人，更换后物业管理非常混乱，而且还态度不好，诉求：请管理部门核实督促加强管理。（市民要求信息保密 需回复）】 ==> yes  
2025-05-27 08:24:27,530 ChatBI->     INFO     层级抽取文档： 市民来电反映相同问题【最近派发的工单编号:20240702023484，工单内容:市民来电咨询:小区原来没有物业费，因为是支付房费的。2021年下半年新物业进场开始支付物业费，自己支付1年9个月。目前不支付物业费不给停车。该操作是否合理。】 ==> yes  
2025-05-27 08:24:27,530 ChatBI->     INFO     层级抽取文档： 市民来电反映:上述地址小区物业对车位管理不到位，允许部分业主租赁两三个车位，导致小区内部分车辆没有车位可停但有部分车位空置。诉求：请uganl部门核实查处物业管理不善的问题。（市民要求信息保密 需回复） ==> yes  
2025-05-27 08:24:27,530 ChatBI->     INFO     层级抽取文档： 【重新交办，要求：按答复市民要点告知市民，市民表示答复市民要点与实际情况明显不符，不符在管理部门称建议您向房屋产权单位或产权单位委托的物业公司进行办理，市民表示按照物业的要求找到开发商，拿到开发商的营业执照再盖章，委托书 盖章文件，大产证盖章文件，全都交给物业，上海市物业管理监管与服务统一认证登陆平台，开发商授权认证给物业，系统都不完整，没有开发商信息，物业给的电话63193188转08062，市民拨打过去，单一直是无人接听，总机告知无法联系到任何人，诉求：请管理部门予以处理。（需回复）】【最近办结的工单编号:20240305010907，工单内容:市民来电反映:... ==> yes  
2025-05-27 08:24:27,530 ChatBI->     INFO     层级抽取文档： 市民反映：环林东路879弄（杉林新月A区）业委会将与环林东路875弄（杉林新月C区）交界处黄淄溇道路处车位做为A区长期租赁车位给业主，不让875弄居民停车。此举违反《上海市住宅物业管理区域机动车停放管理规定》第三条第二款之规定，利用小区原始规划设计停车位之外的区域不得作为固定停车位出租给特定业主、使用人使用。虽A区业委会口头上说是长期租赁但实际为固定出租给小区业主。另外，小区在2020年左右进行物业管理区域拆分，在很多业主不知晓的情况下街道发布所谓《杉林新月小区物业管理区域拆分方案》，A区业委会依据此方案，强占两区共有的路面使用权，侵害C区业主使用权。依据《民法典》273条、274条，物... ==> yes  
2025-05-27 08:24:27,530 ChatBI->     INFO     层级抽取文档： 市民反映相同事项。【最近办结的工单编号：20220531010725，工单内容：投诉上海市房管局，查处侵占公共收益侵害业主权益，成立独立地块业委会。徐汇区中海瀛台小区物业管理混乱，历年收取公益性收入上千万，业主却从未进行分配得到分文而被非法侵占。... ==> yes  
2025-05-27 08:24:27,919 ChatBI->     INFO     step_scores: ['yes', 'yes', 'yes', 'yes', 'yes', 'yes', 'yes', 'yes', 'yes', 'yes']
2025-05-27 08:24:27,919 ChatBI->     INFO     层级抽取文档： 市民来电反映:上述地址是公房，支付房租，都是有公章，现在物业告知，房租费用不对，因为之前的收费人员贪污，导致费用没有被物业收到，不认可收费，导致市民现在无法出售房子，诉求：不接受补差价，需要回复 上海北安物业管理有限公司 ==> yes  
2025-05-27 08:24:27,919 ChatBI->     INFO     层级抽取文档： 市民来电反映: 上述地址小区之前的物业是长城物业,  现在小区由业委会牵头于5月1日更换成为中海物业, 但是长城物业一直不肯交接工作且买通小区部分业主阻止中海物业进入小区, 市民表示康桥镇政府没有起到协调的作用，诉求: 希望康桥镇上一级主管部门核实协调尽快完成物业交接工作.      （市民要求信息保密 需回复） ==> yes  
2025-05-27 08:24:27,919 ChatBI->     INFO     层级抽取文档： 市民来电反映:上述地址小区的物业多收居民的物业费。停车费和水费。诉求：请管理部门核实处理小区物业乱收费的问题。（市民要求信息保密 无需回复） ==> yes  
2025-05-27 08:24:27,919 ChatBI->     INFO     层级抽取文档： 市民来电反映:上述地址绿地东岸涟城物业对小区内物业相关工作做的不好，比如小区内的水箱房堆满了纸板箱，电箱门一部分是单门没有，还有一部门是两门都没有。小区内很多消防通道都被堵，纸箱电瓶车。市民来电投诉小区物业管理管理不善。诉求：望管理部门监督上述小区的物业尽职尽责。（市民要求信息保密 无需回复） ==> yes  
2025-05-27 08:24:27,919 ChatBI->     INFO     层级抽取文档： 市民来电咨询: 其企业名称为：上海春晖物业管理有限公司，其企业新招一位员工。其现在要为该员工缴纳一月的社保，其已经给该员工做好了参保登记，现询问缴费基数怎么做。诉求：请管理部门告知市民社保缴费基数如何核定。 ==> yes  
2025-05-27 08:24:27,919 ChatBI->     INFO     层级抽取文档： 市民来电反映:市民表示其是07年拆迁，12年安置在上述地址小区。最近收到通知1平米的物业费从0.61元涨到统一标准1.6元。市民表示其是老小区，与该区域其他新小区统一物业费不合理，对物业涨价不认可。诉求：请管理部门核实，协调物业小区物业费用问题，对于物业是否有权私自涨价给予合理解释。（市民要求信息保密 无需回复） ==> yes  
2025-05-27 08:24:27,919 ChatBI->     INFO     层级抽取文档： 市民来电咨询:在沈阳购买了房屋，没有入住，咨询如何支付物业费。 ==> yes  
2025-05-27 08:24:27,919 ChatBI->     INFO     层级抽取文档： 市民来电补充信息，其表示物业经理实际并未停职，只是进行调休，物业公司老总告知该物业经理有保护伞，承办给其回复是忽悠。希望尽快回复【最近派发的工单编号：20240125032408，工单内容：重新交办，要求：答复要点与实际情况不符1月25日晚上20:00多物业经理许杰将市民骗到物业办公室，市民进入办公室后许杰与其妻子和儿子三人对市民进行漫骂，说市民污蔑诽谤他，现市民诉求：1.投诉物业经理许杰辱骂器，要求开除个物业经理，2.要求许杰退回其拿的钱，3.要求公布维修基金的明细账目，要提供购买材料的支付凭证以及材料清单让全体业主去核查（需回复）工单内容:市民来电反映:上述地址小区物业经理许杰将维修... ==> yes  
2025-05-27 08:24:27,919 ChatBI->     INFO     层级抽取文档： 市民来电反映:以上地址动迁小区，由中星集团申城物业管理，5号楼租客把垃圾直接丢在一楼门口，反映后物业就派人清理，市民建议安装摄像头，将肇事者的照片大码之后张贴物业敷衍没有这么做，问题没有得到解决，小区里还有乱停车的问题，市民对于物业的管理不满，诉求：针对乱丢垃圾和乱停车的问题，要求物业加强管理。 ==> yes  
2025-05-27 08:24:27,919 ChatBI->     INFO     层级抽取文档： 市民来电反映:市民认为上述地址小区小区停车乱收费，闵行区七莘路181弄属于狮城怡安（上海）物业管理股份有限公司管理，两个月前停车1小时40分钟收费10元，3月16日停车1小时14分钟收费20元，对于物业的解释不认可。诉求：核实处理物业停车乱收费的问题。（市民要求信息保密 需回复） ==> yes  
2025-05-27 08:24:28,363 ChatBI->     INFO     step_scores: ['yes', 'yes', 'yes', 'yes', 'yes', 'yes', 'yes', 'yes', 'yes', 'yes']
2025-05-27 08:24:28,363 ChatBI->     INFO     层级抽取文档： 市民来电反复催单。催单原因：市民称管理部门至今未给予任何回复，请管理部门尽快处理。【最近派发的工单编号：20240412028936，工单内容：市民来电反映：上述地址居明楼内的排污管道与自来水管都使用了几十年非常老旧，联系了业委会和物业，告知市民审批需要流程，要让市民等待10-15天，市民不认可，表示可以自己出钱维修，物业让市民缴纳3000元，但是不会给市民任何的发票或者凭证，也不让市民在维修时拍摄视频，导致维修事项搁置。诉求：投诉物业管理不善不积极协助市民维修，请管理部门核实整改。（市民要求信息保密 需回复）】 ==> yes  
2025-05-27 08:24:28,364 ChatBI->     INFO     层级抽取文档： 市民反映：上述地址小区于2024年10月27日采用书面征求意见的形式召开表决续聘物业服务企业方案的业主大会会议，对是否继续聘用上海锦怀物业管理有限公司进行投票表决，本次业主大会会议的表决结果存在诸多瑕疵，无法真实反映全体业主的意愿，业委会公告本次业主大会会议无效，但业委会公告说需要在六个月后再行召集业主大会会议开展物业选聘工作，广大业主表示反对。现状小区破烂不堪，例如65号楼墙面脱落摇摇欲坠，小区各个地方门禁损坏，电灯电线裸露等问题急需维修事项较多，但是又迟迟不能解决。电梯定期保养维护，附录维护记录单缺失，各个绿化带里垃圾遍地，车库卫生也是堪忧。物业严重不作为。... ==> yes  
2025-05-27 08:24:28,364 ChatBI->     INFO     层级抽取文档： 市民来电反映:其是上述地址绿洲中环中心商务楼业主，目前物业公示电话，上门让市民签字继续选聘现物业公司继任，还空头承诺为其减免物业费，还能拿出千万资金做为园区的改造。市民来电反馈物业的行为严重打扰市民的生活与工作，而且属于违规操作。诉求：望管理部门核实制止物业公司继续该行为。（市民要求信息保密 无需回复） ==> yes  
2025-05-27 08:24:28,364 ChatBI->     INFO     层级抽取文档： 市民反映：老人新搬入的拆迁房，得知停车费要300元一个月，一年就是3600，对于农村退休老人一个月退休金就一千多点，而且此为拆迁房，物业费停车费高的吓人，南桥商品房停车费都没这么贵，隔壁金碧汇虹苑同样拆迁房，物业费几毛一平 ，停车费720一年，住在这里的都是一些老人，简直就是天价物业费停车费。物业这个小区的收费标准哪里来的，参考了哪里的标准，收这么高的物业费。诉求：管理部门核实处理物业费问题。 ==> yes  
2025-05-27 08:24:28,364 ChatBI->     INFO     层级抽取文档： 市民来电反映:上述地址小区物业收费不合理，现在物业通知物业费不缴纳的话，不能支付停车费。市民表示这两项应该是分开计算的。诉求：要求小区物业针对物业费和停车费应该分开收取，不应该作为条件必须一直支付。（市民要求信息保密 需回复） ==> yes  
2025-05-27 08:24:28,364 ChatBI->     INFO     层级抽取文档： 市民来电反映:上述小区楼道和电梯内保洁不到位。诉求：要求物业定期清扫。 ==> yes  
2025-05-27 08:24:28,364 ChatBI->     INFO     层级抽取文档： 市民来电反映:投诉上述小区物业维修不善，市民居住在上述地址，家中漏水，找该物业进行维修，3月16日该物业的维修人员检查后表示没有漏水，是水阁的管道堵塞，也不为市民堵塞的管道进行处理，只是打扫了水阁就离开了，后来下雨市民家中再次漏水，找物业进行第二次维修，同样是该维修人员进行维修，但是该人员在这次维修中导致市民家中墙壁开裂，市民找物业的老板反映，物业老板表示不是物业的责任，该房子本身就存在裂缝，市民不认可，表示自己刚搬进该住处不久，之前不存在裂缝，是该维修人员砸出来的。诉求：希望管理部门核实处理，市民投诉物业维修不善。（需回复） ==> yes  
2025-05-27 08:24:28,364 ChatBI->     INFO     层级抽取文档： 市民来电反映:上述地址有个通道，被作为停车场使用，有个物业公司管理，市民质疑该处没有收费许可，属于乱收费，被告知其处是被附近5个小区委托，并且有长宁区公益补贴。市民不认可，诉求：1、投诉该处违规收费没有资质。2、质疑该处账目没有公开给小区居民。 ==> yes  
2025-05-27 08:24:28,364 ChatBI->     INFO     层级抽取文档： 市民反映：其是上述地址新交付的新湖明珠城四期业主。四期物业费4.28元，二、三期都是1.88元，但是是同一家物业，交房以来没发现物业服务有增项的区别。诉求：要求物业提供物有所值的服务，并给予交房时切实、认可的服务。 ==> yes  
2025-05-27 08:24:28,364 ChatBI->     INFO     层级抽取文档： 市民补充信息：长白新村街道社工办副科长兼业委会改选小组组长倪桢、安图居委书记兼改选小组副组长汪晓明不作为。换届改选流程违反相关法律规定，不指导换届小组进行换届审计，称换届和审计两码事。业主公共资金在业委会成员多个私人账户，大量账目支出疑点，发现问题近两个月，答应查清也有1个多月，迟迟未给居民说法，称违规未必违法，但明显违反上海市住宅物业管理规定五十一条。倪科长强调居委只是协助，但根据相关法律赋有指导和监督，账目混乱，程序流程各种违规，是否有指导监督失查。小区电梯使用超27年，可以说接近报废，物业托管接近尾声，半年托管既没有完成业委会选举，由于未做换届审计导致无人为业主签字公共资金无法使用... ==> yes  
2025-05-27 08:24:28,763 ChatBI->     INFO     step_scores: ['yes', 'yes', 'yes', 'yes', 'yes', 'yes', 'yes', 'yes', 'yes', 'yes']
2025-05-27 08:24:28,763 ChatBI->     INFO     层级抽取文档： 市民来电反映:投诉浦东新区霞玉路 80弄桐和佳苑物业，市民称该小区长期脏乱差，物业不作为，也不管理，诉求：希望管理部门督促物业对小区管理起来，改善环境。（需回复）  
 ==> yes  
2025-05-27 08:24:28,763 ChatBI->     INFO     层级抽取文档： 市民反映：其是宝山区友谊街道宝钢五村后河沿215号401业主，后河沿居民区隶属宝钢五村管理，后河沿居民区常年以来没有物业管理，没有保安维护治安，小区车辆进出没有门禁，进出权由小区所谓自愿者管理，自愿者（退休老头老太）为一己私利，白天门口挂牌把小区停车位对外收费十元一次供外来车辆停车使用，导致小区业主白天回家经常无位可停。自愿者为了保证自己对外停车收入，排挤业主车辆进入小区，时常围堵阻扰业主车辆出入。诉求：彻底彻查和整改收费用进各自私人账户；要求物业安保进驻小区，规范管理小区保证业主合法权益；公共车位遵循先来先停原则。 ==> yes  
2025-05-27 08:24:28,763 ChatBI->     INFO     层级抽取文档： 市民反映：宝山区殷高路21弄80号楼下的公共绿化区域应该是业主共有的，物业管理。但是现在被人侵占，种植了一些乱七八糟的树（详见附件），影响2楼采光，吸引更多蚊虫。其他楼的公共绿化区域都是一些比较矮的种物。由于80号102业主喜欢自己种植一些树木，导致2楼承受了本不应该有的困扰。物业也不管，说是私人种植的树木他们不能动。希望他们砍掉一点树枝，他们也处理不及时。诉求：投诉小区公共绿化区域被私人侵占。（市民要求信息保密，需要回复） ==> yes  
2025-05-27 08:24:28,763 ChatBI->     INFO     层级抽取文档： 市民咨询：1、新建商品房小区红线范围内的配电房，是否属于本小区独用专用。2、未经小区业主同意，电力公司是否有权利用小区内部配电房及内部电力设施向外部单位或个人提供电力服务。3、红线内配电房如不是小区专用，小区业主是否可向电力公司追讨“配电房的土地费用和建设费用”。物业公司是否可向电力公司追讨“因向外部提供电力服务导致增加的物业管理费用”。以上问题不特指某个小区，而是咨询法律法规、政策规范，所以无关用电地址信息。诉求：请电力部门予以解答。（市民要求信息保密，无需回复） ==> yes  
2025-05-27 08:24:28,763 ChatBI->     INFO     层级抽取文档： 市民来电反映:2023年10月16日在上述地址的云叠（上海）信息技术有限公司报名物业管理师培训（中级职称），金额:35000元，缴费之后未开班，2月1日告知学校不需要考证了，学校表示去沟通，市民表示有协议， 学校后期告知市民过完年安排3月培训，市民表示坚持需要办理退费，2024年3月12日向12315反馈过该问题，市场监督管理局反馈20000元给到管理部门，市民表示自己愿意惩承担2000元。诉求：望管理部门再次核实并且协助市民办理退费。 ==> yes  
2025-05-27 08:24:28,763 ChatBI->     INFO     层级抽取文档： 市民来电咨询处理进度。【最近办结的工单编号:20240709020573，工单内容:重新交办，按答复市民要点告知市民，市民表示管理部门回复告知经过协调物业同意减免部分费用，让市民支付1800元，市民表示其并未到管理部门那里进行过调解，而且当时物业告知市民如果不支付1800元就不允许装修。诉求：希望管理部门核实查处，给予解释。最近办结的工单编号：工单内容：【投诉】市民来电反映:... ==> yes  
2025-05-27 08:24:28,763 ChatBI->     INFO     层级抽取文档： 市民来电咨询处理进度或者市民来电反映相同事项。【最近派发的工单编号：20241011021687，工单内容：市民来电反映:市民之前通过12345实名投诉过小区物业，目前市民发现小区物业存在乱世用维修资金的现象，为此市民要求物业公开维修资金使用的明细，物业表示无可奉告，其次小区绿化被铲除改成停车位，却对市民额外收取停车费，收取的停车费也不放入公共收益内，也不给市民物业服务合同，也没有给市民开具发票，为此市民再次投诉。诉求：希望有关部门针对以上问题对物业进行查处，并给予解决方案。】
 ==> yes  
2025-05-27 08:24:28,763 ChatBI->     INFO     层级抽取文档： 市民反映：其是浦东新区寿光路江南山水的业主，物业公司是春川物业，其是酬金制。根据“上海市房屋管理局关于进一步规范本市住宅小区公共收益使用管理相关工作的通知”第五条、第六条的规定，小区公共收益应该在每季度第一个月15日前将上一季度收支公示表分别张贴于小区管理处、公告栏、每个门牌幢出入口等醒目位置予以公布，收支公示表及明细账目留存在小区管理处备查，接受业主、街镇和房屋行政管理部门的监督；并且物业服务企业应当在每季度第一个月的月底前，将上一季度公共收益交存至业主大会公共收益子账户，并转入专项维修资金子账户、业委会工作经费子账户等账户。上届业委会离任前的公共收益均未打入维修基金账户（详见附件）。... ==> yes  
2025-05-27 08:24:28,763 ChatBI->     INFO     层级抽取文档： 市民反映：旭辉公元物业费过高，市民认为不合理。（详见附件）诉求：要求调整物业费。 ==> yes  
2025-05-27 08:24:28,763 ChatBI->     INFO     层级抽取文档： 市民来电反映: 其是上述地址的业主，2017小区做了外墙翻新粉刷施工导致市民家中渗水，多次向物业保修，但是物业没有维修没有处理，导致市民从2017年至今的物业费都没有支付，后续市民自行联系的第三方对房屋进行了维修。每次联系物业要求承担维修费，小区物业总让市民找前面一家物业公司，原因是小区多次更换物业公司。现在市民表示愿意支付物业费，但是需要物业公司解决自行维修房屋渗水的维修费。诉求：望管理部门核实协调物业费抵扣第三方维修费。 ==> yes  
2025-05-27 08:24:29,183 ChatBI->     INFO     step_scores: ['yes', 'yes', 'yes', 'yes', 'yes', 'yes', 'yes', 'yes', 'yes', 'yes']
2025-05-27 08:24:29,183 ChatBI->     INFO     层级抽取文档： 市民来电反复催单。催单原因：市民称管理部门至今未给予任何回复，请管理部门尽快处理。【最近派发的工单编号：20241119013483，工单内容：市民来电反映:其10月28日向物业保修卧室渗水问题，物业迟迟不上门，市民11月19日再次反映，称没有登记，市民让物业上门处理，物业说有危险搞不了，要1500元。诉求：市民不需要物业维修，要求退还之前的所有物业费，希望管理部门核实处理。（需回复）】 ==> yes  
2025-05-27 08:24:29,183 ChatBI->     INFO     层级抽取文档： 市民来电反映:12月7日物业一个姓周的工作人员上门要给房子拍照，上传到城管系统，认为不合理，诉求：想了解物业这样做是否有依据（市民希望12月8日前给予回复） ==> yes  
2025-05-27 08:24:29,184 ChatBI->     INFO     层级抽取文档： 市民来电反映:自己租房在上述小区，现在物业不允许自己停车，付停车费也不同意，市民不认可，诉求：要求物业收停车费让自己停车 ==> yes  
2025-05-27 08:24:29,184 ChatBI->     INFO     层级抽取文档： 事项紧急催单,办理期催办。市民称管理部门至今未给予任何回复，请管理部门尽快处理。物业告知市民自己包起来了，就不帮弄了。物业不帮敲开，让市民自己敲开维修，并且需市民自己付费。诉求：希望督促物业尽快维修。【最近派发的工单编号：20240727016620，工单内容：市民来电反映:上述地址家中阳台主管道漏水，已经漏到客厅，物业上门表示无法处理就离开，先前拖延不处理问题，物业工作人员表示是其自己问题，实际是该处楼上通下来的总管漏水。诉求：希望督促物业尽快维修。】 ==> yes  
2025-05-27 08:24:29,184 ChatBI->     INFO     层级抽取文档： 【重新交办，要求：按答复市民要点告知市民，答复要点与实际情况不符。答复告知在民警陪同下，市民有向公安部门投诉，公安告知该民警做法不符合规定。另外市民之前明确告知此地8年左右不住人，水管等都是关闭的，之后实施确实是10楼问题，不是市民8楼问题，市民提交很多证据，但是管理部门视而不见，也不对物业处理，明显不作为，诉求：请管理部门核实后对不作为整治，不处理的话，市民不介意到相关部门去举报。最近办结的工单编号：20240731035729，工单内容：重新交办，要求：答复要点与实际情况不符，市民并未接到管理部门的电话回复，管理部门仍不作为，不处理市民诉求。诉求：要求电话回复市民。】 ==> yes  
2025-05-27 08:24:29,184 ChatBI->     INFO     层级抽取文档： 市民反映：物业又堵塞消防通道了，居民的生命财产安全谁来保障（详见附件）。诉求：要求物业整改。（市民要求信息保密，需要回复） ==> yes  
2025-05-27 08:24:29,184 ChatBI->     INFO     层级抽取文档： 市民来电补充信息:居民高空抛物导致市民楼栋腰线层外面都黑的，市民希望物业拿高压水枪冲洗。物业称没有，表示安排个保洁来清理，市民等了半个小时仍然没有保洁前来，物业敷衍市民。诉求：投诉物业不作为。【最近派发的工单编号：20241120001875，工单内容：市民来电反映:投诉小区物业不作为，市民家住松江区车墩镇银圩路388弄4号403 ，物业将排水管接在外面，有居民高空抛物导致市民楼栋腰线层外面都黑的，没有物业负责人管辖，小区停车位被三轮车大型泡沫占用，还容易影响火灾隐患。物业都不管。诉求：投诉物业不作为。  】 ==> yes  
2025-05-27 08:24:29,184 ChatBI->     INFO     层级抽取文档： 市民来电反映:其于5月27日因为上述地址小区物业收费不合理问题报警以后，新桥派出所出警，警号：050369，市民说了相关情况以后，民警称墙上有收费标准，如果市民不认可，让其找物业经理，市民与民警说如果找一辆没有登记过的车辆进入以后看是不是收取5元，对方称这我不知道，管不了。诉求：投诉民警民警不作为。（市民要求信息保密，需回复） ==> yes  
2025-05-27 08:24:29,184 ChatBI->     INFO     层级抽取文档： 市民来电反映:上述地址新建房屋。10月20告知市民可以收房了。市民11月15日收房，物业要求市民从11月1日开始计算物业费进行支付。市民认为不合理。诉求：要求按照其11月15日收房之日起计算物业费。 ==> yes  
2025-05-27 08:24:29,184 ChatBI->     INFO     层级抽取文档： 市民来电反映:上述地址整栋楼都被居民堆放个人物品，损坏侵占公用设施。其向物业经理反映，物业经理告知消防通道没有堵死，他们就不处理，并且让市民随便去哪里投诉，其不认可。诉求：投诉上述地址小区物业经理不解决楼内居民损坏侵占公用设施的问题。 ==> yes  
2025-05-27 08:24:29,634 ChatBI->     INFO     step_scores: ['no', 'yes', 'yes', 'yes', 'yes', 'yes', 'yes', 'yes', 'yes', 'yes']
2025-05-27 08:24:29,634 ChatBI->     INFO     层级抽取文档： 市民来电反映:市民来电补充信息。市民补充信息内容为市民称建设单位属于国企，希望管理部门将问题流转到国资委处理【最近派发的工单编号：20240318026993，工单内容：市民来电反映:上述地址楼盘近期进行了预看房。市民表示整体小区建造，1楼对于合同中地板瓷砖，天花板吊顶要求，实际上是水泥地和大白墙，管线裸露。而其购买的4号楼沙盘展示连廊侧面大面积钢化玻璃，销售也是如此承诺的，但实际是水泥和铁栏杆制成。中间户的燃气管道，规划图是厨房台面的角落，但实际在冰箱旁边，侵占了市民房屋内使用面积。其余还有几百个施工质量问题存在，但是城建置业项目目前没有做任何整改和方案。诉求：希望管理部门能介入督促此... ==> no  
2025-05-27 08:24:29,634 ChatBI->     INFO     层级抽取文档： 市民来电反映:其购买了上述地址的期房，于5月进行预看房，业主们发现许多未按图施工的问题：未人车分流、地下车库和围墙以及围墙外的铁丝网等都存在问题，业主们当时提出了整改要求。于10开发商表示要交清所有费用（包括物业费）才能看房，市民不认可，表示都不清楚是否整改完毕， 诉求：请管理部门核实协调开发商进行合理解释并电话回复市民（需回复） ==> yes  
2025-05-27 08:24:29,634 ChatBI->     INFO     层级抽取文档： 【投诉】市民反映：由于相关部门的懒政，喆苑小区公共绿化区域近一半已被部分业主蚕食侵占为己有。截止目前，侵占现象还在进行中。上海新桃源物业公司接管该小区20年左右，物业费在上涨，整体服务却在下降，小区公共区域绿化肉眼可见地被部分业主日渐侵占殆尽，物业以及业委会和居委三套班子，都没有第一时间予以制止查办，非要业主通过政务平台占用公共资源，多次反映才给予很"官方"的回复。诉求：投诉承办懒政不作为。（相关工单编号：20241018026967）（市民要求信息保密，无需回复）

诉求1：请相关部门务必按回复内容尽快落实处理，业主将会持续关注此事进展。

诉求2：目前该小区10-12号部分业主，正在... ==> yes  
2025-05-27 08:24:29,634 ChatBI->     INFO     层级抽取文档： 市民来电反复催单。催单原因：市民称管理部门至今未给予任何回复，请管理部门尽快处理【最近派发的工单编号：20240111005634，工单内容：市民来电反映:上述地址8号楼地下室有漏水情况，市民与物业反映过多次，物业一直不维修，且市民表示该小区物业指定停车收费标准时未通过业主大会私自指定标准，市民要求投诉物业不作为及乱收费的问题。诉求：请管理部门查处物业不作为及乱收费的问题。】 ==> yes  
2025-05-27 08:24:29,634 ChatBI->     INFO     层级抽取文档： 市民来电反复催单。催单原因：市民称管理部门至今未给予任何回复，市民表示其地板下的电线存在安全隐患。诉求：请管理部门尽快协调处理。【最近派发的工单编号：20240105001063，工单内容：【重新交办，要求：答复要点与实际情况不符，“中心已督促物业对漏水问题进行检修”。市民称物业从未上门进行维修，现已持续一年渗水漏水，导致其地板翘起，该地板底下是电缆线，如后期整个楼栋产生安全隐患问题，由物业全权负责、自行承担。诉求：请管理部门核实并由上级部门处理维修维护事项。】】 ==> yes  
2025-05-27 08:24:29,634 ChatBI->     INFO     层级抽取文档： 市民反映：9月5日临港泥城万达未来城发入伙通知书，要求业主支付12个月的物业费，物业条例明确规定物业费最多只能预收6个月，并且万达物业在临港钻石湾项目已有捐款出逃的先例。诉求：投诉乱收物业费。 ==> yes  
2025-05-27 08:24:29,634 ChatBI->     INFO     层级抽取文档： 市民来电对办理结果不满，市民收到了答复，确实是有理有据，但这是从物业角度给的答复。希望能从街道城管的角度来处理给到回复。【最近派发的工单编号:20231222011930，工单内容:市民来电反映:上述地址装修将后面和南面的消防通道堵住，非他家的院子，严重周边居民生活。诉求：必须把门拆除，不要堵住消防通道。】 ==> yes  
2025-05-27 08:24:29,635 ChatBI->     INFO     层级抽取文档： 市民补充信息：街道，物业承诺小区不能有外来车辆过夜，因停车位紧张，8月28日夜班保安又放外来车辆过夜。【最近派发的工单编号：20240824004478，工单内容：市民反映：小区停车整顿后，车位比趋于合理，但小区保安对停车位管理极不负责，造成个别空出的车位没有车子停进去，业主车辆只能停在车位以外的公共区域，四个保安只有瘦高个的保安认真负责，另外三个不负责（详见附件）。诉求：请管理部门核实情况尽快督促物业制定停车规范，约束业主和物业方。】 ==> yes  
2025-05-27 08:24:29,635 ChatBI->     INFO     层级抽取文档： 市民来电咨询:所属物业拒绝为市民支付水电费，哪个部门可监管，所属地址非上海。 ==> yes  
2025-05-27 08:24:29,635 ChatBI->     INFO     层级抽取文档： 【重新交办，要求：按答复要点告知市民，市民表示答复要点不明确，答复说玻璃在加工中，加工完成将提前与市民联系落实安装时间。诉求：希望管理部门能给到明确的时间节点，什么时候能加工好。最近办结的工单编号：20240415012321，工单内容：市民来电反映:市民表示其要投诉上述地址新金桥物业，其表示此处小区于2023年12月底开始收房交接，其5号的时候开始将收房问题做成表格发给管家，有一项是中窗玻璃内有脏东西，4月13日物业给其回复称给其在第二批落实更换玻璃，让其在等3个月，其对此不认可，诉求：希望管理部门核实后落实4月给其完成更换，（市民要求信息保密 需回复）】 ==> yes  
2025-05-27 08:24:30,026 ChatBI->     INFO     step_scores: ['yes', 'yes', 'yes', 'yes', 'yes', 'yes', 'yes', 'yes', 'no', 'yes']
2025-05-27 08:24:30,026 ChatBI->     INFO     层级抽取文档： 市民来电反映: 市民上述地址的房屋漏水问题，物业明确表示是自用部分，不予使用维修资金，市民表示愿意自己花钱，请物业来修，物业也拒绝。市民表示之前向12345反映维修问题，物业和居委会记恨市民，刁难市民不予办理。诉求：投诉物业和居委会服务态度问题，要求尽快维修，如果不修请物业提供不予修理的合同条款。（需回复，请上级管理部门回复） ==> yes  
2025-05-27 08:24:30,026 ChatBI->     INFO     层级抽取文档： 市民来电反映:投诉以上地址物业停车费乱收费，一天23小时都是按照每小时5元收费的，7:00是一个分界点，过了不管是何时进入停车的就要双倍收费，和物业反映过此问题，但是物业没有整改，诉求：要求全部按照每小时5元收费或者明码标价超过多少小时一次封顶收费多少费用。（市民要求信息保密 无需回复） ==> yes  
2025-05-27 08:24:30,026 ChatBI->     INFO     层级抽取文档： 市民来电反映:上述地址小区要涨价物业费，每个平方要多支付0.3元，市民表示征询流程有问题，市民表示正常应该由业主自行投票后公示，结果现在是楼组长上门确认是否同意后，再放置投票箱，业主根本就没有拿到过选票，故市民认为投票流程有问题，诉求：要求管理部门核实介入给予处理方案。 ==> yes  
2025-05-27 08:24:30,026 ChatBI->     INFO     层级抽取文档： 市民来电反映:上述地址居民存在楼道堆物的情况，7月15日已经张贴了对两户居民要求整改楼道堆物，但是至今为止都没有清理干净，居委会称只是调解邻里矛盾，物业也没有处理，诉求：希望管理部门协调尽快清理楼道。 ==> yes  
2025-05-27 08:24:30,026 ChatBI->     INFO     层级抽取文档： 市民来电反映:市民来电补充信息。到2024年8月4日为止，开发商只维修了一半，剩余一半没有任何处理动作，联系物业就是要市民等待排队，市民不认可，故来电【最近派发的工单编号：20240718018320，工单内容：市民来电反映:6月30日开发商约定交房，但是市民发现很多质量问题，比如墙面不平，墙面发黄，柜子划痕，厨房玻璃门关不上等情况，之后让开发商进行维修，但是开发商一个月了还是没有修，15026457267售后负责人郭先生电话。诉求：希望管理部门督促开发商尽快修复并提供修复截止日期。（需回复）】 ==> yes  
2025-05-27 08:24:30,026 ChatBI->     INFO     层级抽取文档： 市民来电反映:  其是商务楼租户，下水道有问题，物业说是其自己的问题，工作人员跟其拍桌子态度不好，要求投诉物业工作人员。 ==> yes  
2025-05-27 08:24:30,026 ChatBI->     INFO     层级抽取文档： 市民来电反映:其向上述地址小区物业反映房屋漏水问题，小区物业解释是房屋老化，让其自行承担费用。并且所属区域经理还不同意动用维修基金。诉求：希望管理部门核实对物业不作为进行处理。（市民要求信息保密 需回复） ==> yes  
2025-05-27 08:24:30,026 ChatBI->     INFO     层级抽取文档： 【重新交办，要求：按答复市民要点告知市民，市民表示答复市民要点与实际情况明显不符，物业没有做临时的措施，诉求：要求管理部门尽快处理。最近派发的工单编号:20240318004801，工单内容:市民来电反映:其为上述地址居民， 近日家中外墙渗水，联系物业对方表示需要收费才能维修，市民不认可，希望管理部门核实后尽快安排维修并解释（需回复）】 ==> yes  
2025-05-27 08:24:30,026 ChatBI->     INFO     层级抽取文档： 市民补充信息：业主对车位、规划问题多次投诉，相关部门均回复符合当时法规。本项目竣工规划验收证明（沪浦竣(2016)JA31011520164956）中明确验收依据为《中华人民共和国城乡规划法》45条和《上海市城乡规划条例》43条，按条例主管部门需按建设工程规划许可证及其附件附图内容进行现场核验，不符规划条件不得竣工验收。但按项目竣工规划、车位、绿化测绘图，地面车位、车道、绿化与规划核准图均不符，同时验收部门的《现场检查部位标准化核查记录单（竣工验收）》，检查依据文件为规划许可证（2013-FA31011520139209)，检查人员也在备注中注明：绿化、停车位、内部道路与规划许可总图不一... ==> no  
2025-05-27 08:24:30,026 ChatBI->     INFO     层级抽取文档： 市民来电反映:每天早上打扫上述地址的保洁人员未尽责打扫，态度恶劣。市民表示物业有明文告知不要堆放私人物品。保洁还将私人物品堆在市民家门口，达6次。对于门口的垃圾也不打扫干净。楼内居民多次向三原物业（电话：52962795）反映，物业一直未处理。诉求：请管理部门核实对该保洁进行处罚，换掉该保洁。（市民要求信息保密 需回复） ==> yes  
2025-05-27 08:24:30,494 ChatBI->     INFO     step_scores: ['no', 'yes', 'yes', 'no', 'yes', 'yes', 'yes', 'yes', 'yes', 'yes']
2025-05-27 08:24:30,494 ChatBI->     INFO     层级抽取文档： 补充信息：市民表示在没有明确解决问题前，住建委不得进行筑建工验收【最近派发工单编号：20240320019788，工单内容：【投诉】市民来电反映: 上述地址的小区多次反映小区房屋存在质量问题,杨浦区住建委一直没有给到明确的答复,  现在上述小区派的是客服代表与小区居民联系,项目负责人以及上海城建都不出面，市民要投诉杨浦区住建委，诉求: 希望管理部门核实提供项目负责人的信息.(需回复)】 ==> no  
2025-05-27 08:24:30,494 ChatBI->     INFO     层级抽取文档： 市民来电反复催单。催单原因：市民称管理部门至今未给予任何回复，请管理部门尽快处理。【最近派发的工单编号：20240630019357，工单内容：市民来电咨询:上述地址浴室地漏管道漏水，联系物业被告知属于个人部位维修得支付费用，市民表示该部位属于连接总管的对此不认可，诉求：请管理部门核实该部位维修是物业管辖还是个人管辖。】 ==> yes  
2025-05-27 08:24:30,495 ChatBI->     INFO     层级抽取文档： 市民来电补充信息。市民表示目前还没维修，其今天11月4日3:00多回家，又因为打不开门被关在外面，其表示半夜联系物业，物业也不来开门的，这个点也找不到人，要求管理部门尽快维修。（市民要求信息保密需回复）【最近派发的工单编号：20241029044075，工单内容：市民来电反映:10月29日23:30左右上述地址居民楼的大门打不开了，随后市民联系物业电话57742583，但接电人员态度非常恶劣，让市民自己打119开，市民不认可故来电投诉。诉求：希望核实并给予一个说法。（市民要求信息保密 需回复）】 ==> yes  
2025-05-27 08:24:30,495 ChatBI->     INFO     层级抽取文档： 市民来电咨询:其要咨询上述地址所属的居委，请管理部门核实给予回复。 ==> no  
2025-05-27 08:24:30,495 ChatBI->     INFO     层级抽取文档： 市民反复催促，其称管理部门未先行联系其，诉求：烦请尽快为其处理该事。【最近派发的工单编号：20241110023844，工单内容：市民来电反映:市民于10月20日入住了上述地址的公寓房，支付了11546.88元，包含了7000元左右的押金和房屋，并签署了3个月期限的合同，其入住后每天凌晨一二点钟的时候都能够听到噪音，影响到期正常休息，其向公寓管家反映该问题，但是一直没有得到处理。诉求：请管理部门核实处理，市民要求给其把剩余租期的房租和全额押金都退还给其。】 ==> yes  
2025-05-27 08:24:30,495 ChatBI->     INFO     层级抽取文档： 市民来电反映:其下水道堵了，物业来了已经进行过疏通，说是里面有建筑垃圾，且其房屋还在保质期内，要联系开发商进行处理，让市民一直等消息，至今问题还没有得到解决。现在其已经十几天无法正常用水，影响其生活。该处开发商为万达。诉求：请管理部门核实，要求开发商尽快维修。 ==> yes  
2025-05-27 08:24:30,495 ChatBI->     INFO     层级抽取文档： 市民来电反复催单。催单原因：市民称物业解决不了问题，业委会也要休息，其和楼下邻居都已经4天没有洗澡了，没办法用水，要求5月26日必须解决该问题，要求区政府派人尽快到现场处理。（需回复）【最近派发的工单编号：20240525013615，工单内容：市民来电反映:上述地址原本住了2名老人。老人刚做完心脏手术，计划2024年5月27日出院回家。但该处家中厨房的污水管存在堵塞情况，无法正常排水。老人回来后将影响生活。现居民不清楚具体堵塞区域在哪里，物业上门没有处理好。现物业表示先进行打洞。但施工中断，物业表示遇到人员阻挠，无法顺利施工。现该处家中没有设置阀门，无法想其他楼层一样关上管子。市民觉得... ==> yes  
2025-05-27 08:24:30,495 ChatBI->     INFO     层级抽取文档： 市民来电反复催单。催单原因：市民称管理部门至今未给予任何回复，请管理部门尽快处理。【最近派发的工单编号：20240916009428，工单内容：市民来电反映:其是上述地址的居民，家中和车库共用一堵墙。自从车库房顶翻新后，下过暴雨后就渗水渗到家里屋顶角落的瓷砖上，报修后物业也一直没有采取措施。9月15日晚上又开始渗水，台风天时还在严重渗水。诉求：请物业尽快修复渗水。】 ==> yes  
2025-05-27 08:24:30,495 ChatBI->     INFO     层级抽取文档： 市民来电反映:市民是上述地址的租客，其在该小区居住很多年了，近期刚刚换物业，市民年底前由于公司团建不在上海，凌晨回到上海之后次日一早就前往了物业交停车费，但是物业要求其把之前几天逾期的停车费补上，市民不认可，之后就回老家过年了，再次回到上海，物业又让其要重新排队才能交停车费，但是以前的物业都是正常可以交的，诉求：请管理部门让其顺利缴纳停车费。 ==> yes  
2025-05-27 08:24:30,495 ChatBI->     INFO     层级抽取文档： 市民来电对办理结果不满,市民告知：周三的时候物业联系市民告知过了保修期，不属于他们管是开发商的问题，并且告知市民如果找不到人他们可以帮助找人，但是费用需要业主承担，市民表示不接受，市民表示外墙和内墙的门框墙面脱落，是因为偷工减料造成的，不应该由业主承担，希望管理部门再次介入处理。【最近派发的工单编号:20241129005698，工单内容:市民来电反映:其属于上述地址居民，市民房屋外墙靠近门这边的墙面开裂，物业上门看了表示是开发商偷工减料没有注入水泥导致的，物业那边说是过了质保期不给维修。诉求：市民要求投诉该处的物业并协调解决墙面开裂问题（需回复）】 ==> yes  
2025-05-27 08:24:30,909 ChatBI->     INFO     step_scores: ['yes', 'yes', 'yes', 'yes', 'yes', 'yes', 'yes', 'yes', 'yes', 'yes']
2025-05-27 08:24:30,909 ChatBI->     INFO     层级抽取文档： 市民来电反映:上述小区里有绿化中种菜现象，市民表示该小区是老校区，本来绿化就少，近几年很多都将绿化破坏了，自己进行种菜，市民表示该小区物业不管事，诉求：请管理部门核实遏制种菜行为。（市民要求信息保密 无需回复） ==> yes  
2025-05-27 08:24:30,909 ChatBI->     INFO     层级抽取文档： 市民反映：阳明花园二期二阶段6栋新房于2023年7月延期交付，开发商为上海侨福外高桥置业有限公司。根据双方合同约定，新房交付2年内开发商对小区有维保义务。当前各楼栋内存在过道瓷砖破损、地面脏污无法消除、装饰金属条生锈、消防栓玻璃缺失等问题，业主提报物业后，物业告知开发商拒绝维保。业主屋内存在地板熏黑、瓷砖破损、卫生间恶臭等问题，反馈开发商后告知无法解决或无材料可替换，部分小问题上门人员为按次收费的第三方平台人员，非开发商维保单位人员。诉求：要求管理部门督促开发商履行合同承诺，依法提供新房维保服务，并出具包括修复时间、修复标准、承担费用、未履约惩罚条款等必要信息的书面盖章文件。（市民要求信... ==> yes  
2025-05-27 08:24:30,909 ChatBI->     INFO     层级抽取文档： 市民来电反映:上述地址小区不允许外来车辆进入，但是市民发现有其他车辆可以随意进出，而5月4日15:30左右市民的车辆却不允许进入小区，并且该处物业好像是使用个人二维码进行停车费收费，诉求：请管理部门给到合理解释。 ==> yes  
2025-05-27 08:24:30,909 ChatBI->     INFO     层级抽取文档： 市民来电反映:市民是上述地址居民，该处在2023年9月就发现家中卫生间污水管漏水，当时物业查看后表示是11楼居民家中马桶移位导致漏水，之后11楼居民表示不使用。2024年7月又出现漏水情况，物业把吊顶打开后表示需要楼上居民做防水，8月15日又出现漏水，楼上居民表示是公共管道的问题，物业表示是楼上居民的问题。物业名称：延吉物业。诉求：投诉物业经理不作为，要求回复。（需回复） ==> yes  
2025-05-27 08:24:30,910 ChatBI->     INFO     层级抽取文档： 市民来电反映:市民来电补充信息。小区物业联系其告知解决不了停车位的事情，请管理部门督促物业尽快解决问题。【最近派发的工单编号：20240330009365，工单内容：【重新交办，告知市民答复要点，答复要点与实际情况不符合，管理部门根本没有和其联系过，要求告知何时能解决问题，要求给予明确时间，何时能有空车位。（需回复）最近办结的工单编号:，工单内容:重复交办，要求：答复要点与实际情况不符，物业姓顾的经理，曾承诺说将车位给到市民，诉求：要求管理部门给其车位。】】 ==> yes  
2025-05-27 08:24:30,910 ChatBI->     INFO     层级抽取文档： 市民来电反映相同事项。【最近派发的工单编号：  20240326006027，工单内容：市民来电反映:上述地址有居民私自接了水管到其家里水表，其联系供水公司，对方表示水表后的是物业管，其联系物业，物业来看过也不管，市民表示很不满，市民诉求：投诉物业不管居民私自接水管问题并要求街道来核实处理解决。】 ==> yes  
2025-05-27 08:24:30,910 ChatBI->     INFO     层级抽取文档： 【重新交办,要求：按答复要点告知市民,市民表示答复要点不明确,市民表示物业联系市民表示不归其管理了，其已重新提交流程，市民不认可，表示这是形式主义的答复。市民需要的是具体修缮的时间并尽快修缮。诉求：请管理部门核实告知具体修缮时间并尽快修缮。最近办结的工单编号:20241110008092，工单内容:市民来电反映:上述小区的房顶因历史原因，导致房顶漏水问题一直没有解决，其邻居说反映过居委和12345也没看到实质的处理，咨询过物业，物业告知还在走流程，至今反映一个多月了，一名未告知具体修缮时间。诉求：希望管理部门核实并尽快加速修缮流程的审批。】 ==> yes  
2025-05-27 08:24:30,910 ChatBI->     INFO     层级抽取文档： 市民来电反映:小区前面草坪全部拦住了，其拨打物业电话表示不归他们管，诉求：告知要做什么项目。 ==> yes  
2025-05-27 08:24:30,910 ChatBI->     INFO     层级抽取文档： 市民来电补充信息。市民补充信息内容为。1、所属居委或物业，告知称对方愿意赔偿，需面对面洽谈。市民对此不满，认为1、既然对方愿意赔，便不需要洽谈，故市民认为对方并不愿意赔偿。2、至今仍在漏水。3、8月6日9:00开会要有效果。【最近派发的工单编号：20240802001449，工单内容：重新交办，要求：答复要点与事实不符，实际对方不愿意赔偿，居委包庇违法者，处事不公，故继续投诉。工单内容：市民来电反映:其是上述楼房102的居民，楼上202的居民存在漏水至市民家的情况，影响居民生后，市民表示不要楼上居民赔偿，物业已经查看过维修费用要8500元。现诉求希望居委会协调楼上202室与物业，让物业维... ==> yes  
2025-05-27 08:24:30,910 ChatBI->     INFO     层级抽取文档： 市民反映：703外墙空调总管漏水，水滴声非常大，扰民程度明显，作为603彻夜无法休息。6月13日已联系物业，物业只说会处理，到今无任何进度和反馈。半夜想自己去处理，但楼层高，距离管道远，差点坠楼。只能再联系物业，说等6月17日再看用什么方案，联系居委会，就说会转告物业。诉求：希望督促物业尽快落实。（市民要求信息保密，需要回复） ==> yes  
2025-05-27 08:24:31,413 ChatBI->     INFO     step_scores: ['yes', 'yes', 'no', 'no', 'yes', 'no', 'no', 'yes', 'yes', 'yes']
2025-05-27 08:24:31,413 ChatBI->     INFO     层级抽取文档： 【重新交办，要求：按答复市民要点告知市民，市民表示前件答复市民要点不符，11月13日到现场查看地板没有铺设，厨房间与卫生间根本没有施工，门业没有安装好，地板没有安装踢脚线，墙面也没有粉刷，客厅也没有任何施工迹象，14日联系物业管家反映，25号进行催促，没有任何信息，12月7日再次联系管家催促，管家称与原来一样，门套还未安装与市民看到差不多，故市民对此不认可，诉求：请管理部门核实并要求继续处理市民反映的工程质量与拖拉事宜及告知（需回复）。最近办结的工单编号：20241019007019，工单内容：【重新交办,要求：按答复要点告知市民,市民表示答复要点不明确,房屋返修至今没有完成，市民9月中... ==> yes  
2025-05-27 08:24:31,413 ChatBI->     INFO     层级抽取文档： 市民反映：1，原先售卖时说的人车分离，近日却通知地面上多了10个临时车位，违背人车分流承诺，且与此前政府控制性规划不符，占用绿化和消防高地。2，不同意居委会入驻本小区，购房合同中物业用房为业委会和物业使用，开发商擅自将楼栋承诺给居委会使用，损害业主权益。3，不同意在会所开设私厨，对小区环境有显著负面影响（详见附件）。诉求：投诉开发商擅自改动小区用地。 ==> yes  
2025-05-27 08:24:31,413 ChatBI->     INFO     层级抽取文档： 【重新交办,要求：按答复要点告知市民,市民表示答复要点不明确，管理部门只是告知尽快处理，但是没有具体的时间和计划，且该开发商目前濒临倒闭状态，迟迟没有进展。诉求：请管理给到具体的修缮时间和方案。（市民要求信息保密 需回复）
最近办结的工单编号:20241012042456，工单内容:市民来电反映:2023年10月份上述地址房屋刚刚交房，目前还在保修期内，市民现要投诉该小区的开发商，一个月前的台风导致小区里多处漏水，每次答应来修，一个月了都没有人来维修，且经常不回电话不回信息，诉求：投诉该小区开发商，要求尽快处理。（市民要求信息保密 需回复）】 ==> no  
2025-05-27 08:24:31,413 ChatBI->     INFO     层级抽取文档： 市民来电反映:上述地址有存在楼道堆物现象，最近一直存在，希望管理部门核实并尽快清理（市民要求信息保密 需回复） ==> no  
2025-05-27 08:24:31,413 ChatBI->     INFO     层级抽取文档： 市民来电反映:12月30日市民到物业去缴纳2022-2023年的物业费，但物业表示其2021年的物业费也未查询到缴纳记录，市民表示其先将22、23年的付掉，21年存在争议暂时不付，而物业表示必须3年一起付，否则拒收其付款，而之后物业就在其门口张贴催缴通知，市民对此不满。诉求：请管理部门核实，要求对此情况给予合理解释。 ==> yes  
2025-05-27 08:24:31,413 ChatBI->     INFO     层级抽取文档： 市民来电反复催单。催单原因：市民称管理部门至今未给予任何回复，目前已经超期了未办结，请管理部门尽快处理。【最近派发的工单编号：20240314012138，工单内容：市民来电反映:其购买了上述地址的期房，开放商为上坤置业有限公司，目前项目张贴公告，告知目前进入停工状态，还有1个月到购房合同上的毛坯房交付时间。市民担心会烂尾，其有向相关部门反映过，后被告房管部门告知，关于在建工程建设进度等情况建议进一步咨询区建管委，故来电希望能转区建管委经办，并告知具体工程建设进度。】 ==> no  
2025-05-27 08:24:31,413 ChatBI->     INFO     层级抽取文档： 【重新交办，要求：按答复市民要点告知市民，市民表示前件答复市民要点不明确，对方给的上海物资（集团）总公司地址电话也找不到联系不上了。希望给到还有什么其他办法解决。最近办结的工单编号：20231114019354，工单内容：重新交办，要求：按答复市民要点告知市民，答复要点与实际情况不符。市民表示之前对方告知功能没有恢复，但是恢复后也要上海市金属材料公司一站出面，对方告知该公司在的。市民表示其通过工商等各种查询，该公司已经没有了，诉求：请管理部门核实后解决办不了房卡问题。上述地址是其爷爷以前单位（上海市金属材料公司一站）分的房子，使用权房卡的名字改成奶奶的名字了，其目前要将房子变更到个人名下... ==> no  
2025-05-27 08:24:31,414 ChatBI->     INFO     层级抽取文档： 市民来电反复催单。催单原因：希望管理部门尽快处理。【最近派发的工单编号：20240606006769，工单内容：【重新交办，已按答复要点告知市民，市民表示答复要点与实际情况不符，市民表示楼道告知是高空抛物后才张贴的，高空抛物现象依然存在，无改善，居委工作人员电瓶车在门口充电，其有拍摄的照片，市民要求街道领导尽快核实处理。最近办结的工单号：20240521010942，工单内容：市民来电反映:黄浦区打浦路303弄24号小区居委管理混乱，小区有高空抛物现象，向居委反映，居委不到现场核实，只敷衍表示知道了，周末再次去居委反映，工作人员自顾自玩游戏，不接待其，居委办公室还有电瓶车充电现象，市民要... ==> yes  
2025-05-27 08:24:31,414 ChatBI->     INFO     层级抽取文档： 市民来电反映:上述地址小区停车费收取115元/天，该情况存在半个月，市民要求租赁车位被小区告知需要提供房产证、行驶证、身份证、租赁房屋的合同等相关证明，市民认为不合理，诉求:要求投诉上述地址物业乱收停车费。 ==> yes  
2025-05-27 08:24:31,414 ChatBI->     INFO     层级抽取文档： 市民补充信息：7月24日住建部召集物业，派出所和居委会开会，针对车库发霉这件事，对方已经发出整改通知单，因为现在还是开发商在负责，但是对方又不能直接对接开发商，所以只能给压力到物业。实际上开发商与物业本是一家公司。姓名，温凤如。【最近派发的工单编号：20240724015408，工单内容：中环静秋月的地下车库屋顶长期发霉发潮，地面有积水，严重损害业主的身心健康。2年保修结束以后，要如何解决地下车库潮湿发霉的问题，开发商能拖则拖，不作为。诉求：请解决地下车库发霉潮湿的问题。（市民要求信息保密，需要回复）】 ==> yes  
2025-05-27 08:24:31,852 ChatBI->     INFO     step_scores: ['yes', 'yes', 'yes', 'no', 'yes', 'no', 'no', 'yes', 'yes', 'yes']
2025-05-27 08:24:31,853 ChatBI->     INFO     层级抽取文档： 【重新交办，要点，答复要点与实际情况不符，市民告知该房屋已出租，租住人去物业办理非消防通道停车事宜，被告知租住不同权，业主优先，无法办理，市民不认可。诉求：请管理部门协调无停车位停车问题。最近办结的工单编号:20231211026629，工单内容:其购买房子已经4年，但是现在小区无法停车，诉求：希望居委会房办街道核实物业对于小区停车问题，并要求解决其在小区停车问题，让其可以正常停车，如果没有停车位，希望告知具体理由。（需回复）】 ==> yes  
2025-05-27 08:24:31,853 ChatBI->     INFO     层级抽取文档： 市民补充信息：现物业和街道拿出很多法规表示该收费是合规的，市民不认可表示为何同样是业主收费差这么多，希望上级部门尽快核实并给到说法【最近派发的工单编号：20240305024942，工单内容：市民来电反映:殷行一村，业主包月停车的价格不同，有100元一个月也有300元一个月的，小区没有固定停车位，本身就是先到先停，诉求：希望一视同仁设置停车收费。（信息保密 需回复）】 ==> yes  
2025-05-27 08:24:31,853 ChatBI->     INFO     层级抽取文档： 市民来电反复催单。催单原因：市民称街道联系表示会催办、施工单位也联系过，物业经理表示会恢复。但市民1月1日下楼查看发现不但没有恢复还在继续施工，绿化面积还在减少。请管理部门尽快处理。【最近派发的工单编号：20231230018428，工单内容：市民来电反映:上述小区管道改造，目前施工已经结束但39号楼下绿化没有全部恢复有部分被改建成道路。诉求：希望管理部门核实恢复因施工被破坏的绿化。】 ==> yes  
2025-05-27 08:24:31,853 ChatBI->     INFO     层级抽取文档： 重复来电：咨询处理进程。【最近办结的工单号：20240920002317，工单内容：重新交办，要求：答复要点不明确，市民不清楚具体符合那条规范文件，还有8月5日出的交付证，8月3日开始交付流程，市民不清楚是否符合交付流程，根据闵行2019年24号文件，住宅面积为254068.44平米，差额是如何产生的。诉求：请管理部门核实并予以明确答复市民。（需回复）】 ==> no  
2025-05-27 08:24:31,853 ChatBI->     INFO     层级抽取文档： 市民来电反映:因2024年8月11日下雨，物业雨水管坏掉，导致其家中有漏水现象，以及4、5楼也有漏水现象，其于16:00左右接到上述地址居委会沈主任的电话通知房子漏水，要求其前往居委会，其到居委会后拨打沈主任电话以及值班人员拨打电话也联系不到沈主任，16:45分左右其使用居委会电话再次拨打主任电话，沈主任接到后其询问是否前往居委会，沈主任说休息无法前往。诉求：请管理部门尽快与其联系并且要求前往现场。 ==> yes  
2025-05-27 08:24:31,853 ChatBI->     INFO     层级抽取文档： 市民来电反复催单。催单原因：市民称管理部门至今未给予任何回复，请管理部门尽快处理。【最近派发的工单编号：20231205012683，工单内容：市民来电反映:上述地址房屋2020年12月31日交房，该房屋是精装修的，市民2021年1月初因精装修存在质量问题，向开发商报修，市民称开发商至今没有维修好，耽误市民出租房屋，故来电，开发商名称：上海华泓尚隆房地产开发有限公司。诉求：希望管理部门督促开发商尽快维修解决精装修的质量问题。（需回复）】 ==> no  
2025-05-27 08:24:31,853 ChatBI->     INFO     层级抽取文档： 市民来电反映:上述地址的居委会不作为。其小区业委会的筹办组，快要组办一年了，至今没有组织过业委大会，也从来不为小区居民解决问题。市民认为居委会存在不作为。诉求：请管理部门尽快查处居委的不作为。
 ==> no  
2025-05-27 08:24:31,853 ChatBI->     INFO     层级抽取文档： 市民反映：其是该小区业主（三证合一），长停停车办理不了，物业经理回复现在车多车位紧张，只能每天按临停车受理。可小区管理松散到处停的都是外来车辆，因为该小区停车便宜，周围车都停该小区，正常业主的权益得不到受理，物业态度恶劣、推诿责任，管理混乱。诉求：希望管理部门协调解决停车位问题。 ==> yes  
2025-05-27 08:24:31,853 ChatBI->     INFO     层级抽取文档： 市民来电反映:上述地址小区大门两侧的商铺门口上街沿上面的人行道被该小区物业围起来并设置收取停车费的停车闸口，该请款已经持续5年，认为物业将人行道圈起来收停车费的行为不合理，诉求：投诉上述地址物业将小区外面的人行道圈起来收停车费。 ==> yes  
2025-05-27 08:24:31,853 ChatBI->     INFO     层级抽取文档： 市民来电咨询:上述地址虽然是商户楼但是市民告知其想要安装宽带但是物业不让其安装，市民告知如果要安装宽带必须安装物业指定的，不然就不给安装，市民对此表示不满。诉求：请管理部门督促给到解释 ==> yes  
2025-05-27 08:24:32,252 ChatBI->     INFO     step_scores: ['yes', 'yes', 'yes', 'yes', 'no', 'yes', 'no', 'yes', 'yes', 'no']
2025-05-27 08:24:32,252 ChatBI->     INFO     层级抽取文档： 市民来电反映:市民的车辆停在小区内，其6月8日小区的树枝掉下来砸到其车辆的车头，导致车棚凹陷进去了。市民向物业反映，物业告知只管收取停车费，其他的不管，市民不认可。诉求：请管理部门协调，要求协商解决方案。（市民希望管理部门6月8日联系回复）（市民要求信息保密 需回复） ==> yes  
2025-05-27 08:24:32,253 ChatBI->     INFO     层级抽取文档： 市民来电反复催单。催单原因：市民称管理部门至今未给予任何回复，请管理部门尽快处理。希望2、3内答复市民【最近派发的工单编号：20240402016680，工单内容：市民来电反映:其是上述小区居民，需要装修房屋。物业告知从4月1日开始，建筑垃圾清运费按箱子收费，每个箱子500元。市民房屋建筑面积68平方，需要6个箱子。诉求：希望管理部门核实，物业收费是否合理，是否有相应的收费规定。】 ==> yes  
2025-05-27 08:24:32,253 ChatBI->     INFO     层级抽取文档： 市民来电反映:上述地址2楼外墙上的污水管堵住了，导致污水溢出。该污水不断流淌至市民的空调外机及外墙包括窗户上。市民表示该问题有2年了，市民持续和物业沟通过。但物业均表示不能操作。且物业态度非常恶劣。实际没有解决。诉求：请管理部门尽快核实并要求物业修复该问题。 ==> yes  
2025-05-27 08:24:32,253 ChatBI->     INFO     层级抽取文档： 市民来电反映:上述地址市民是该小区内的租客。市民拿着房东的拆迁协议等去办理小区的停车位，物业表示需要市民车辆和房屋房产信息所属姓名一致才可以办理。小区内地面车位收费统一是150元/月，如办理后可以变成60-80元左右/月。市民不认可该物业的处理，这一收费也不合理。诉求：希望管理部门核实后对于该处小区内停车安排不合理的问题进行处理。 ==> yes  
2025-05-27 08:24:32,253 ChatBI->     INFO     层级抽取文档： 【重新交办，要求：按答复市民要点告知市民，市民表示前件答复市民要点不明确，市民表示，其一直希望城管告知，进行处罚中的是哪个公司，是两家公司还是一家，或是个人是否有处罚，究竟处罚了哪几个，如果个人处罚不是城管处理，也请告知。诉求：请管理部门给出明确答复。最近办结的工单编号：20241121002896，工单内容：重新交办,要求：按答复要点告知市民,市民表示答复要点不明确,最近一次得知已经在处罚流程中，其想知道房管局移交的材料涉及哪些内容，如有遗漏部分其可以补充，并且其想知道处罚流程已经到了什么进度了，何时可以完成处罚给到结果，并且10月城管经办人联系其表示需要其电话沟通做一份笔录，但是目前... ==> no  
2025-05-27 08:24:32,253 ChatBI->     INFO     层级抽取文档： 市民反映：小区物业公司未经业委会投票表决通过，擅自安装道匝，并改变车库原交通流线，不合理不合法。且北门两个道匝仅距离5米左右，没有增加车位，也没有改善停车，反而造成小区内车辆出行拥堵混乱，存在安全隐患。（详见附件）诉求：投诉物业违规侵权。 ==> yes  
2025-05-27 08:24:32,253 ChatBI->     INFO     层级抽取文档： 市民补充信息：首创上海崧贤置存在偷工减料、以次充好、整改进度缓慢、缺乏与业主的及时有效沟通等问题，首创以自查为由，拒绝业主进入小区跟进和察看整改情况，要求开发商尽快落实如外立面的裂缝、破损、鼓包等的整改重点项目，并扩大抽检样本。【最近派发的工单编号：20240307001355，工单内容：上述地址处于预看房阶段，业主认为住宅存在外墙面开裂，凸凹不平，随意开孔、局部破损，涂料颜色不均等质量问题，市民表示开发商未尽责整改，称抽检合格，连廊在雨天积水渗水严重，大堂的吸顶灯、信报箱未规范安装。地库地坪高低不平、积水，已施工环氧地坪部分破损、起壳。诉求：请管理部门核实加强监管并对项目进行抽检。（市... ==> no  
2025-05-27 08:24:32,253 ChatBI->     INFO     层级抽取文档： 市民补充信息，1月11日居委、律师和民警表示会去查看监控，但至今还没有任何回复，希望尽快处理。 【最近派发的工单编号：20240103025579，工单内容：市民来电反映:市民告知上述地址小区没有公布维修基金明细，现在却又要对小区电梯大门绿化等进行改建，及市民通过上海物业上看到的对于小区的公共收益与实际不符，只有2万多多元，及小区的业委会都是70多岁的老人，市民都不清楚如何选举出来了，市民诉求：管理部门核实并尽快公布维修基金，公共收益明细，及对小区业委会的选举投票，进行公布。（需回复）】 ==> yes  
2025-05-27 08:24:32,253 ChatBI->     INFO     层级抽取文档： 市民来电反映:其上述地址房屋交房后阳台漏水，物业一直没处理好。该房子2019年交房的还在房屋保修期内，其还在入住。诉求:希望核查要求解决房屋维修质量。 ==> yes  
2025-05-27 08:24:32,253 ChatBI->     INFO     层级抽取文档： 人工 ==> no  
2025-05-27 08:24:32,664 ChatBI->     INFO     step_scores: ['yes', 'yes', 'yes', 'yes', 'yes', 'yes', 'yes', 'yes', 'yes', 'no']
2025-05-27 08:24:32,665 ChatBI->     INFO     层级抽取文档： 市民反映：三林镇城建中心表示安临小区业委会无法负责。诉求：希望管理部门告知这个情况是什么时候开始的，是否有明确证据。 ==> yes  
2025-05-27 08:24:32,665 ChatBI->     INFO     层级抽取文档： 【台风】市民来电反映:2024年9月20日08:50左右其家中严重积水。其向物业报修，物业说没人，但市民称物业坐在办公室里，其认为物业不作为。诉求：请予以修复。 ==> yes  
2025-05-27 08:24:32,665 ChatBI->     INFO     层级抽取文档： 市民来电补充信息。市民补充信息内容为房管工作人员电话联系的号码为39922870，市民补充信息主要是想反映房管工作人员不作为，糊弄人的问题，请管理部门核实处理。【最近派发的工单编号：20240417004290，工单内容：市民来电反映:其为嘉定区塔城路688弄9号101，目前业委会和居委会的投票车停，存在不公平不公正的问题，不是真正的保障一家一户的车位，而是让大家去抢原来就不多的车位，在玩文字游戏，没有保障到大家的利益，还不如干脆就把车位定为流动，诉求：投诉业委会和居委会。】 ==> yes  
2025-05-27 08:24:32,665 ChatBI->     INFO     层级抽取文档： 市民来电反复催单。催单原因：市民称6月20日收到短信，说已经处理了，但实际没有处理，请管理部门尽快处理。【最近派发的工单编号：20240619034744，工单内容：市民来电反映:其是上述地址的居民，市民表示家中屋顶漏水，已经找物业报修，物业查看后表示是楼上502室漏水，但物业称联系不到502室的业主，对方不接电话、不回微信，不肯配合维修，诉求：请管理部门核实，要求尽快协调楼上的业主配合维修。（需要回复）】 ==> yes  
2025-05-27 08:24:32,665 ChatBI->     INFO     层级抽取文档： 市民补充信息：1201室把门铃安装在电梯厅墙面，门铃响，直接影响02室休息。联系人马莉娅。【最近派发的工单编号：20241202045415，工单内容：市民来电反映:上述地址的1201室和1203室住户将楼道内的消防栓堵住，在楼道内堆放顶天立地的鞋柜、铁皮柜、自行车、鱼缸、购物车、1.8*2米的花架、凳子、道具、杠铃、滑板车，楼梯间还堆放了建筑垃圾木板，该情况存在3-5年时间了，反应物业和居委已经贴出整改通知单但是没有整改，诉求:要求管理部门核实清理垃圾、长期管理楼道堆物问题。】 ==> yes  
2025-05-27 08:24:32,665 ChatBI->     INFO     层级抽取文档： 【投诉】市民来电反映:其是上述地址居民，市民称其家外墙有裂缝导致房屋漏水，从2023年9月份开始联系物业，物业表示修不了，找居委会，居委会证实外墙有裂缝，居委会称可以维修，但是没有维修资金，维修资金被三林房管办冻结了不能用，让市民自己找房管办，但是其拨打房管办的电话都是无人接听的，市民不认可，投诉三林房办、居委会不作为，要求尽快给其维修。（需回复） ==> yes  
2025-05-27 08:24:32,665 ChatBI->     INFO     层级抽取文档： 市民反映：小区的地下车库并没有对全体业主开放，显失公平，现在停在地下车库的车辆并没有买下车位，但是小区目前的口径是只有早些年入住小区的业主才可以停在地下车库，后面入住的业主需要等前面停在地下车库的业主退出后才能进去，市民认为违反物权法。最近小区的47号门口刚发生电瓶车爆燃，致使停在电瓶车旁的机动车烧毁的事件，停在地面的车主很担心会波及自己的车辆，诉求：要求小区向全体业主开放地下车库。（市民要求信息保密，无需回复） ==> yes  
2025-05-27 08:24:32,665 ChatBI->     INFO     层级抽取文档： 市民来电反复催单。催单原因：市民称找师傅来检查过漏水原因，师傅说是屋顶上垃圾太多了将下水管堵住了，自行无法清理掉屋顶的大件垃圾，师傅让市民找物业来清理屋顶的垃圾，但物业不帮忙，说只要是雨天屋顶有积水是正常的。市民表示现在屋顶渗水已经蔓延到其家中墙壁里了，墙内有电线，存在安全隐患。诉求：希望物业尽快派人来帮其将屋顶垃圾清除掉。【最近派发的工单编号：20240711030065，工单内容：市民来电反映:市民是上述地址的居民，市民家是顶楼，因顶楼有很多垃圾把下水管道堵塞了，造成市民房屋屋顶积水向下渗水，渗水已经影响到市民楼下的居民。市民向物业报修，物业表示是市民家中窗户有洞要市民修补好洞再去疏... ==> yes  
2025-05-27 08:24:32,665 ChatBI->     INFO     层级抽取文档： 市民来电补充信息。业委会联系称，小区三千户业主，停车费涨价问题已经收到了2000多户居民的选票支持，可投票存在问题，大部分投票的业主都是没有车辆的，并且不知道是不是存在待签票问题，故来电要求上级部门介入处理回复【最近派发的工单编号：20240403033971，工单内容：市民来电反映:其反映上述地址小区物业没经过业主和业委会同意随意涨停车费。2024年4月3日市民开车发现停车费从原来每小时5元涨到10元。市民表示涨停车费没看到告知书，也没经过业委会的同意。（其表示物业名称等信息不清楚）诉求：请管理部门核实物业行为是否合法，进行处理并给其合理解释。（市民要求信息保密 需回复）】 ==> yes  
2025-05-27 08:24:32,665 ChatBI->     INFO     层级抽取文档： 【重新交办,要求：按答复要点告知市民,市民表示答复要点和实际情况不相符，市民收到了回复但是迟迟没有施工队联系何时修缮。诉求：请管理部门落实现场处理。（需回复）最近办结的工单编号:20240311010400，工单内容:【投诉】市民来电反映:投诉市住建委，市民多次反映上述地址房屋质量问题，从7月至今没有处理维修， 认为管理部门工作不作为，市民表示上述地址楼盘质量差，质疑如何通过住建委的质量审批许可，故来电投诉，诉求：请管理部门核实给予说法。】 ==> no  
2025-05-27 08:24:33,085 ChatBI->     INFO     step_scores: ['yes', 'yes', 'no', 'yes', 'yes', 'yes', 'yes', 'no', 'yes', 'yes']
2025-05-27 08:24:33,085 ChatBI->     INFO     层级抽取文档： 市民反映相同事项。【最近派发的工单编号：20240909006911，工单内容：【商家地址/名称:未提供,时间:2024/05/2216:10:00,涉及金额:未提供】我是中铁虹桥逸都的业主，小区正面临严峻的新房质量及安全问题，请转派单建管委处理。我特向政府12345平台强烈ts中铁置业：1、小区连廊设计存在重大安全隐患。其高度虽符合《民用建筑设计通则》第6.6.3条规定的栏杆高度标准，但未按该条款中“住宅、托儿所、幼儿园、中小学及少年儿童专用活动场所的栏杆必须采用防止少年儿童攀登的构造”规定采取防止儿童攀登构造。小区采用水泥墙加铁栏杆结构，此结构发生的儿童坠落案例比比皆是。作为家长，我... ==> yes  
2025-05-27 08:24:33,085 ChatBI->     INFO     层级抽取文档： 市民反映：小区盛行“固定车位”的现象由来已久，这些并非产权的车位却被默认成“固定车位”，居然还可以租给租客，转让给邻居，留给住在隔壁小区的子女停，却不准“三证合一”的业主去停，哪怕空着也不准停，停了反而会被要求挪车位。复瑞物业明知道这种现象由来已久，却不从中制止，还明确对表示，今后要继续按这个违法违纪的制度管理，导致了真正的业主无车位可停，业主权益受到严重侵害。诉求：投诉复瑞物业。 ==> yes  
2025-05-27 08:24:33,085 ChatBI->     INFO     层级抽取文档： 市民来电咨询:商铺装修，到城管备案，问城管信息。 ==> no  
2025-05-27 08:24:33,085 ChatBI->     INFO     层级抽取文档： 市民来电反映:其是上述地址业主，上次台风已经导致房屋漏水，物业也没来得及修。诉求：希望管理部门帮助尽快维修房屋漏水。 ==> yes  
2025-05-27 08:24:33,085 ChatBI->     INFO     层级抽取文档： 市民来电反映:上述地址一下雨房屋就漏水，市民向物业报修。物业不维修。不作为。诉求：投诉物业不作为。（市民要求信息保密 需回复） ==> yes  
2025-05-27 08:24:33,085 ChatBI->     INFO     层级抽取文档： 市民反映相同事项。【最近派发的工单编号：20240909022344，工单内容：【商家地址/名称:未提供,时间:2024/05/2216:10:00,涉及金额:未提供】我是中铁虹桥逸都的业主，小区正面临严峻的新房质量及安全问题，请转派单建管委处理。我特向政府12345平台强烈ts中铁置业：1、小区连廊设计存在重大安全隐患。其高度虽符合《民用建筑设计通则》第6.6.3条规定的栏杆高度标准，但未按该条款中“住宅、托儿所、幼儿园、中小学及少年儿童专用活动场所的栏杆必须采用防止少年儿童攀登的构造”规定采取防止儿童攀登构造。小区采用水泥墙加铁栏杆结构，此结构发生的儿童坠落案例比比皆是。作为家长，我... ==> yes  
2025-05-27 08:24:33,085 ChatBI->     INFO     层级抽取文档： 市民反映：其是小区租户，在物业询问办理车位时，当告知是租户，在小区车位富余的情况下，物业拒绝帮忙办理车位。诉求：要求物业给予办理车位。（市民要求信息保密，需要回复） ==> yes  
2025-05-27 08:24:33,085 ChatBI->     INFO     层级抽取文档： 市民来电补充信息。市民补充信息内容为希望区里领导与其约时间实地查看。【最近派发的工单编号：20240227023015，工单内容：重新交办，要求：答复要点与实际情况不符，告知市民办结答复，市民不认可，表示并未接到过管理部门电话联系，其不愿因拨打答复中的反馈电话，表示应由管理部门出面解决。现改造的楼梯过道正对其房门，影响开门以及个人隐私。诉求：希望管理部门核实给予合理解决方案，最近办结的工单编号:20231027023136工单内容：市民来电反映:其是上述地址的居民，文革期间在院子里建了简易的三层楼公房（占用了103号居民的地皮），做为弄堂改造临时过渡用的房子，最后说是永久性的了，最近在做... ==> no  
2025-05-27 08:24:33,085 ChatBI->     INFO     层级抽取文档： 市民来电反映:其家中墙壁发霉，向物业反映被告知是市民家平日不开窗户通风导致，市民表示并非如此，而是其墙外有污水管，楼上排水位置正好在此，应该是渗水导致。但是现在物业不管。诉求：望管理部门核实要求给予解决方案。（需回复） ==> yes  
2025-05-27 08:24:33,085 ChatBI->     INFO     层级抽取文档： 市民来电反映:询问办理进度，并告知已起诉。【工单号20240328025639，编号：1310106002024032746214485，上海朴运物业服务有限公司，房屋局部装修，装了卫生间存在漏水，一直没有解决问题，联系电话：没有，有合同，诉求：要求重新装。】 ==> yes  
2025-05-27 08:24:33,491 ChatBI->     INFO     step_scores: ['yes', 'yes', 'yes', 'yes', 'yes', 'yes', 'yes', 'yes', 'yes', 'yes']
2025-05-27 08:24:33,491 ChatBI->     INFO     层级抽取文档： 市民反映：公园海德交房已经一个月，问题也有所显现。偌大的地下车库没有干湿分类垃圾桶（详见附件）。4.8一平的物业费，在该地段并不算低，但垃圾分类垃圾桶却不愿意安排，且表达是松江政府的建议。一栋楼居民有上百户，小区不下五栋大楼，为何不能拥有干垃圾桶和湿垃圾桶。诉求：希望管理部门给一个合理的解释，满足居民的卫生需求。 ==> yes  
2025-05-27 08:24:33,491 ChatBI->     INFO     层级抽取文档： 市民来电反映:上述地址美丽家园有外墙和内墙装修，外墙全部拆除，建筑灰尘有一周左右没有清扫，四楼-五楼的通道很多灰尘，五楼走到上全是灰尘，诉求：请管理部门尽快清扫。（需回复） ==> yes  
2025-05-27 08:24:33,491 ChatBI->     INFO     层级抽取文档： 市民补充信息：新江湾城时代花园小区所有地面车位都是公共车位，这些小区公共资源是所有小区业主共享的，但小区物业仍然对少部分业主收取每月多20元停车费而给予公共车位的固定权，这是明显的违反民法典275条的行为。对这个违法情况长期向街道政府反映，街道政府人员给出的暂时方案是要求物业不允许要求任何小区业主车为多出20元的业主车挪车。但是2024年3月11日小区物业反复让一名业主为另一名业主从一个车位上挪车让开，严重损害了被叫挪车业主的法定合法权利，要求整改。【最近派发的工单编号：20240305033629，工单内容：新江湾城时代花园小区自2019年停车方案通过后，明确规定小区业主首辆车享有小区... ==> yes  
2025-05-27 08:24:33,491 ChatBI->     INFO     层级抽取文档： 市民来电反映:以上小区停车费由物业经理私自收取，不提供停车发票，物业经理自己也承认的，但是针对这样的问题一直没有得到处理。诉求：要求相关部门核查小区的停车费收入。 ==> yes  
2025-05-27 08:24:33,492 ChatBI->     INFO     层级抽取文档： 市民来电补充信息。信息内容为管理部门回复市民小区没有“失管”，要求进行业委会换届选举，原来业委会成员的辞职报告被居委会拿走了，要求居委的上级部门回复，诉求：请管理部门尽快给予回复。【最近派发的工单编号：20240429030501，工单内容：市民反映：2024年1月至4月期间，逸仙路3508弄小区业委会全体成员陆续辞职，张华浜居委并未依法对小区托管，也未开展业委会换届工作。目前小区业委会职责无人履行，处于“失管”状态。居委会杨书记，对托管和换届的要求不予答复，反而反复要求业委会书写辞职报告。为小区正常运营，诉求：希望上级督促张华浜社区依法履职。】 ==> yes  
2025-05-27 08:24:33,492 ChatBI->     INFO     层级抽取文档： 市民来电补充信息。市民补充信息内容为下午有人给市民打电话，告知市民物业，上门查看来修，市民表示要是只是无法修理，涂涂料，市民不认可，市民需要详细解决的方案，并告知何时能实施方案，需要物业给到市民解释为何不能把蓝布拿掉。【最近派发的工单编号：20240919045966，工单内容：【台风】市民来电反映:其是上述地址居民，从7月开始向物业反馈漏水问题，物业派人处理了两三次，始终没有修好，原因也没有找到，据其了解每次只是刷防水涂料，根本没用，近期台风下雨，又开始漏水。诉求：找到原因，彻底解决，尽快处理。（需回复）】 ==> yes  
2025-05-27 08:24:33,492 ChatBI->     INFO     层级抽取文档： 市民来电反映:市民来电反复催单。催单原因：市民称管理部门至今未给予任何回复，请管理部门尽快处理。【最近派发的工单编号：20240105019429，工单内容：市民来电反映:上述地址小区租户，之前车辆停在小区里，10元一天，1月5日出门时，保安让其交2030元，告知从2024年1月1日开始实施一辆车停一天80元，但是其并没有收到任何通知，市民表示不合理。诉求：望管理部门核实，恢复停车费10元。（需回复）】 ==> yes  
2025-05-27 08:24:33,492 ChatBI->     INFO     层级抽取文档： 市民来电反映:其的小区属于售后公房，小区物业费免征营业税和增值税的，对于售后公房临时停车费的标准要告知其，要有相关优惠。（需回复） ==> yes  
2025-05-27 08:24:33,492 ChatBI->     INFO     层级抽取文档： 市民来电反映:7月19日晚上车子进入华腾苑，由于道路非常黑，未注意到占用了两个位置，第二天早上起来发现车窗上贴了一张告示，市民无法斯下来，对车子造成损伤，找到物业公司对方态度很强硬不承认有责，市民认为物业的告知方式不合理，诉求：投诉物业服务问题。 ==> yes  
2025-05-27 08:24:33,492 ChatBI->     INFO     层级抽取文档： 【重新交办，要求：答复要点与实际情况不符，市民表示问题没有解决，不是堆物，是有居民在楼道安装鞋柜，影响出行。诉求：希望管理部门核实处理。（市民要求信息保密，无需回复）最近办结的工单编号：20240627001326，工单内容：市民来电反映:上述小区是商品房，每个楼栋楼道内均有堆物现象，物业不作为。诉求：每个楼栋张贴公告，禁止楼道堆物。（市民要求信息保密 无需回复）】 ==> yes  
2025-05-27 08:24:33,927 ChatBI->     INFO     step_scores: ['no', 'yes', 'yes', 'yes', 'yes', 'yes', 'yes', 'yes', 'yes', 'no']
2025-05-27 08:24:33,928 ChatBI->     INFO     层级抽取文档： 市民反映：其是宝正路108弄中企光华雅境（中企珺庭）小区业主，现投诉开发商中华企业在地面铺装施工过程中偷工减料，造成质量低下，维修不断，严重影响业主正常生活。小区于2023年7月底正式交付，2023年国庆开始有较多业主陆续入住，春节前业主大量入住。交付之后小区地砖就已经开始陆续出现松动，开发商辩称集中装修期大车进出频繁所致，虽进行过局部维修更换，但地面铺装的质量问题从未完全解决，甚至更为严重。仅2024年春节后小区地面铺装已经至少大规模维修4次，间隔短，维修时间长，且部分地砖已经开始破损，严重影响业主正常出行和生活（详见附件）。诉求：投诉地面铺装质量问题，要求开发商处理。 ==> no  
2025-05-27 08:24:33,928 ChatBI->     INFO     层级抽取文档： 市民来电反映:上述地址小区物业在未经过业主大会同意的情况下将小区外来车辆停车费提高至10元/小时。诉求：投诉物业乱收停车费。（市民要求信息保密 需回复） ==> yes  
2025-05-27 08:24:33,928 ChatBI->     INFO     层级抽取文档： 【重新交办,要求：答复要点与实际不符，市民要求的是一份调解记录，作为三方沟通的依据，并非所谓的证明，居委主任是在扭曲其诉求，故要求再行处理。最近办结的工单编号:20240102030912，工单内容:市民来电反映:静安区汾西路635弄1号302室业主，和物业经理发生矛盾有争执，2024年1月2日17:15要求居委会为其协调解决问题并要求居委做笔录被拒绝，诉求：需要核实情况给其说法，要居委为其协调处理问题（需回复）】 ==> yes  
2025-05-27 08:24:33,928 ChatBI->     INFO     层级抽取文档： 【台风】市民来电反映:上述地址小区内积水严重，污水粪便都已经反流到1楼的楼道中了，物业电话打不通，严重影响居民正常生活。诉求：请管理部门核实尽快彻底疏通修复。（需回复） ==> yes  
2025-05-27 08:24:33,928 ChatBI->     INFO     层级抽取文档： 市民来电补充信息。市民补充信息内容为其反映后至今无人处理。市民诉求：请管理部门核实后尽快处理。【最近派发的工单编号：20240522006434，工单内容：市民来电反映:松江区洞泾镇沪松公路2871弄洞北小区1号楼301室.302室存在装修破坏承重墙的情况，其表示物业也没有管，诉求：请管理部门核实并要求督促恢复承重墙（市民要求信息保密 无需回复）】 ==> yes  
2025-05-27 08:24:33,928 ChatBI->     INFO     层级抽取文档： 市民来电反映:上述地址，市民房子是2019年拿的，家中漏水已经一年了，物业来进行过里面的维修，但是一直没有得到改善，市民表示这次台风之后很多家都有漏水情况，那就是外墙渗水，市民跟物业进行反馈，物业说是房屋质量问题，需要找开发商。诉求：请管理部门核实彻底解决房屋漏水问题。 ==> yes  
2025-05-27 08:24:33,928 ChatBI->     INFO     层级抽取文档： 市民来电反映:上述地址使用权房，公共区域天井上面的屋顶上，有很多垃圾，虫卵，蚊子，市民向居委反映，要求清扫，居委让其找物业，市民拨打962121，被告知只负责维修，不负责清扫，市民表示属于南房集团管辖，诉求：希望管理部门核实，协调安排清扫（需回复）。 ==> yes  
2025-05-27 08:24:33,928 ChatBI->     INFO     层级抽取文档： 市民来电反映:上述地址物业在小区内进行施工后，没有对绿化做好杀虫工作。导致有蜈蚣经常跑到居民家中。市民向物业反映，物业不作为。诉求：投诉物业不作为。 ==> yes  
2025-05-27 08:24:33,928 ChatBI->     INFO     层级抽取文档： 市民来电补充信息。市民补充信息内容为1月31日其接到管理部门回复，管理部门以小区存在大量此情况，如果处理此户居民，小区其他居民可能有意见，市民对此不认可，这是管理部门不作为的推脱，要求上级部门介入处理【最近派发的工单编号：20240117029935，工单内容：市民来电反映：上述地址居民在进行住宅装修时，在公共的走廊里加装了一扇铁门，侵占了一部分的公共区域，该情况有向居委会反映过，目前已经过去一个多月了，没有任何人过来整治。诉求：希望管理部门尽快派人整治。（市民要求信息保密，需要回复）】 ==> yes  
2025-05-27 08:24:33,928 ChatBI->     INFO     层级抽取文档： 市民反映相同事项。【最近派发的工单编号：20240907031280，工单内容：【商家地址/名称:未提供,时间:2024/05/2216:10:00,涉及金额:未提供】我是中铁虹桥逸都的业主，小区正面临严峻的新房质量及安全问题，我特向政府12345平台强烈ts中铁置业：1、小区连廊设计存在重大安全隐患。其高度虽符合《民用建筑设计通则》第6.6.3条规定的栏杆高度标准，但未按该条款中“住宅、托儿所、幼儿园、中小学及少年儿童专用活动场所的栏杆必须采用防止少年儿童攀登的构造”规定采取防止儿童攀登构造。小区采用水泥墙加铁栏杆结构，此结构发生的儿童坠落案例比比皆是。作为家长，我感到非常担忧，要求紧... ==> no  
2025-05-27 08:24:34,372 ChatBI->     INFO     step_scores: ['no', 'yes', 'no', 'yes', 'no', 'yes', 'no', 'yes', 'yes', 'yes']
2025-05-27 08:24:34,373 ChatBI->     INFO     层级抽取文档： 市民来电补充信息。市民补充信息内容为希望能给市民具体负责该事项的工作人员的联系方式。【最近派发的工单编号：20240408015990，工单内容：【重新交办,要求：按答复要点告知市民,市民表示答复要点与实际不符，市民称其了解到开发商有承认有问题但现在一直回避问题，来电要求公开资料，告知如何获取该资料，要求管理部门实地勘验鉴定。最近办结的工单编号:20240315033261，工单内容:市民来电反映：称其在整理小区内照片时发现小区所有楼房室内大面积使用可燃材料市民表示存在消防隐患，市民诉求：希望管理部门介入检查房屋中的材料是否合规。并且希望检查时有居民同时在场。】 ==> no  
2025-05-27 08:24:34,373 ChatBI->     INFO     层级抽取文档： 市民来电反映:上述地址的物业的何琳在市民反映阳台封窗漏水的问题的时候没有帮助市民处理封阳台的问题，不核实情况也不回复市民，诉求：要求投诉上述地址物业的何琳。 ==> yes  
2025-05-27 08:24:34,373 ChatBI->     INFO     层级抽取文档： 市民来电反映:上述地址居民近期在进行装修，对方把建筑垃圾都堆放在外面不清理，并且围墙里面可能有违建，希望管理部门核实处理整治（市民要求信息保密 无需回复） ==> no  
2025-05-27 08:24:34,373 ChatBI->     INFO     层级抽取文档： 市民来电反映:市民来电补充信息。市民补充信息内容为从22年开始就已经将电梯的款项给到电梯的安装公司，但是不清楚居委会不同，还要求上述居民不知道什么内容的承诺书，3月7日管理部门联系市民仅仅只是告知需要开会，开会的内容管理部门也没有告知，上述地址从3楼开始都是老年人居多。诉求：请管理部门明确告知开会的内容以及尽快督促电梯开工。【最近派发的工单编号：20240228012255，工单内容：】 ==> yes  
2025-05-27 08:24:34,373 ChatBI->     INFO     层级抽取文档： 市民反映：上述地址小区正在进行大修，但是大修施工队把施工材料乱堆放，影响居民出行，施工实施单位是西部集团，诉求：希望管理部门对这种情况进行整改。 ==> no  
2025-05-27 08:24:34,373 ChatBI->     INFO     层级抽取文档： 市民来电补充信息。市民补充信息内容为市民表示9月23日报警三次，警察走了之后该户又在继续施工，现在墙体从外面看上去已经变形了。希望管理部门可以尽快处理要求他们停工。【最近派发的工单编号：20240920029569，工单内容：市民来电反映:上述房屋是六十年代老旧小区，280号是五层楼，304室野蛮施工，楼下多处漏水，墙壁只是有3公分，城管让物业联系三所联动，物业没有联系，墙体也没有恢复，物业图纸缺失，城管要求申请鉴定，但不让对方停工，按程序让对方停工先做监定，现在不让对方十几个小时加班施工，这次9月16日台风，同楼每家都漏水。物业根本来不及维修。9月20日台风天又漏水。诉求：要求住建委阻... ==> yes  
2025-05-27 08:24:34,373 ChatBI->     INFO     层级抽取文档： 市民来电咨询:住宅分类属于一类二类三类的具体标准 ==> no  
2025-05-27 08:24:34,373 ChatBI->     INFO     层级抽取文档： 市民来电反映:上述地址小区南大门小花园内有人晾晒衣物，诉求：希望有关部门督促物业加强管理进行劝阻（需要回复） ==> yes  
2025-05-27 08:24:34,373 ChatBI->     INFO     层级抽取文档： 【重新交办，要求：按答复市民要点告知市民，市民表示前件答复市民要点不符，其根本没有接到任何电话，物业只是放了几个桩桶，没有写着禁止停车标示，业主多次与居委会及物业反映，置之不理，也不设立禁止停车标示，保安玩忽职守，保安引领车辆非法停，保安明知故犯，导致违规停车比原来放桩桶桶还要严重。距离居民窗子不足3米区域内停放了多辆机动车与非机动车，混乱不堪，其有视频为证。其诉求：请管理部门核实并要求继续处理违规停车事宜（需回复）最近办结的工单编号：20240817004040，工单内容：上述小区102厨房间和书房窗台下长期存在不固定时间段的有车辆停放，但该区域没有划停车位，属于违规停放，市民表示整个... ==> yes  
2025-05-27 08:24:34,373 ChatBI->     INFO     层级抽取文档： 市民来电反复催单。催单原因：市民称管理部门至今未给予任何回复，请管理部门尽快处理。【最近派发的工单编号：20240618021375，工单内容：重新交办，要求：按答复要点告知市民，市民表示答复要点不明确，目前只是修了外墙，内墙的问题还没有修，让市民打官司，也没有人理会市民来电反映:希望管理部门再次核实解决。工单内容：:市民来电反映:其是德都路218弄26号601居民，屋顶改造后家里卧室开始漏水，外墙已经帮其做了防水处理，但是内墙之前镇政府告知会帮其处理，恢复原样，但是现在反悔了。不管了。要求管理部门核实协调恢复内墙。需回复】 ==> yes  
2025-05-27 08:24:34,792 ChatBI->     INFO     step_scores: ['yes', 'yes', 'yes', 'no', 'no', 'yes', 'no', 'yes', 'no', 'yes']
2025-05-27 08:24:34,793 ChatBI->     INFO     层级抽取文档： 办理结果不满：对物业诉求整改，第一天非常敷衍，第二天挂业主电话两次，并在业主全程没有任何阴阳怪气和骂人的情况下侮辱业主，要求城北小区物业道歉。补充地址青浦区城北新村水箱附近路灯。市民要求信息保密。【最近派发的工单编号：20240123027595，工单内容：上述地址路灯太亮了，正对着市民的卧室（详见附件）。诉求：降低路灯亮度。】 ==> yes  
2025-05-27 08:24:34,793 ChatBI->     INFO     层级抽取文档： 市民来电反映:其上述小区业委会4月发布了停车规定，皖P2Z320，苏HJN945，赣AWH358，皖KHV795,浙F592CF，鲁Q01AN6，粤RTC893，长时间停在小区内，市民表示外来车辆过夜停车费80元/天，市民表示物业保安可能私自将外来车辆放入小区停车，所收利益归自己所有。导致小区业主的机动车无法停放。诉求：望管理部门核实以上这些车牌是否属于小区三证合一的机动车，监督物业能严格遵守业委会4月1日推出的停车政策。（市民要求信息保密 无需回复） ==> yes  
2025-05-27 08:24:34,793 ChatBI->     INFO     层级抽取文档： 市民来电反映:上述地址从90年开始水泵和电梯一直都没有更换过，每个月都会发生故障，并且还没有人维修，影响正常生活，联系物业，物业也称没有办法，诉求：希望管理部门协调尽快更新。 ==> yes  
2025-05-27 08:24:34,793 ChatBI->     INFO     层级抽取文档： 市民来电反复催单，市民表示城管来电居然称没有违规，市民非常气愤，市民表示对方违反（住宅室内装饰装修管理办法的相关条例），改变了房屋主体结构，市民表示此类改动是要原设计单位批准的，对方根本未向房地产主管部门提出申请，且对方破坏了卫生间厨房间防水层。市民诉求：望相关部门核实尽快让能处理的部门处理。（市民要求需要回复）【最近派发的工单编号：20240110000324，工单内容：【重新交办：要求：答复要点与实际情况不符，市民表示二房东叫朱海东，业主叫杨军，现在在违规装修，将原来的雨水管道切掉换成细的管道，更改了房屋主体结构必须要有相应资质的机构审核通后才能装修的，现在未按规定审核属于违法的。诉... ==> no  
2025-05-27 08:24:34,793 ChatBI->     INFO     层级抽取文档： 市民反映：开发商存在明显的虚假宣传，售房沙盘上明确标注的绿化景观，在实际建设中被替换为下沉广场，且该广场为隔壁商业地块使用，严重侵占住宅用地，严重损害了全小区业主的合法权益。规划局在审批过程中存在明显的不当行为。在住宅用地已出售的情况下，规划局仍然同意了商业图纸的变更，且变更部分直接损害了住宅业主的权益。更为严重的是，规划局对商业建筑侵占住宅用地的情况视而不见，商业建筑距离用地红线的规划退界明显不满足规划条例要求。诉求：投诉杨浦区规划局违规审批。 ==> no  
2025-05-27 08:24:34,793 ChatBI->     INFO     层级抽取文档： 市民来电反映:其是上述小区的居民，该楼栋是一个电梯，于7月26日上午损坏在4楼，市民前往4楼按了紧急通话按钮，没有回应，由于通话按钮是通知保安休息室，而保安一般是在保安亭的。市民向物业保安反映后，于中午修好了，市民于17点回家，发现电梯又坏了，咨询维修人员，维修人员表示没有材料，需要采购材料，市民不认可，表示坏的方式都是钢丝绳坏了，为什么材料不一样。市民于7月27日联系物业，物业表示也不清楚维修日期。市民表示该小区物业和业委会关系微妙，车位由业委会管理，物业有消极怠工现象。诉求：请管理部门督促尽快修复电梯。 ==> yes  
2025-05-27 08:24:34,793 ChatBI->     INFO     层级抽取文档： 市民咨询：上述地址沿街一楼是否属于商铺，是否属于小区配套，如是商铺想租借如何联系。诉求：希望管理部门核实告知。 ==> no  
2025-05-27 08:24:34,793 ChatBI->     INFO     层级抽取文档： 市民来电咨询:2月22日市民的车辆停在上述地址小区内，当天21:00多物业联系让其挪车，有业主称该车位是其的固定车位，市民表示按规定小区地面车位不能设置固定车位，应采取先到先停的方式，诉求：希望管理部门核实，物业的行为是否合规（需回复）。 ==> yes  
2025-05-27 08:24:34,793 ChatBI->     INFO     层级抽取文档： 市民来电咨询:上述地址7月交房的房子承诺是半年内会下发房产证，目前房产证还未下发，该小区已经在卖地下车位了且车位有产权证，诉求：请管理部门核实情况并告知市民买卖车位是否合理。 ==> no  
2025-05-27 08:24:34,793 ChatBI->     INFO     层级抽取文档： 市民来电咨询:其是上述地址业主，其家需要进行装修，其需要房屋结构图，其找到物业咨询，物业称因为年限过久找不到材料，诉求：请管理部门核实并要求告知市民上述地址房子的房屋承重结构图在哪里可以找到（需回复） ==> yes  
2025-05-27 08:24:35,227 ChatBI->     INFO     step_scores: ['no', 'no', 'yes', 'yes', 'no', 'yes', 'yes', 'no', 'yes', 'yes']
2025-05-27 08:24:35,227 ChatBI->     INFO     层级抽取文档： 市民补充信息：诉求人姓名：张天豪，市民称反馈后无人联系其，要求电话告知受理情况和办结情况，质疑青浦住建委+第三方监理海天工程不作为，举报金地管理层及涉嫌违规验收通过的监理部门，开发商：上海鑫京汇房地产开发有限公司，项目编号：023649、预售许可证：青浦房管(2022)预字0000360号，项目编号：023522、预售许可证：青浦房管(2022)预字0000287号，项目做完部分有严重质量问题，出现房梁歪斜、墙体水管破裂及漏水、墙体裂开倾斜等结构性问题，除空调、下水、燃气、门锁、地库入户属合同交付范围，地库等均未完工。【最近派发的工单编号：20241128027672，工单内容：上述地址... ==> no  
2025-05-27 08:24:35,228 ChatBI->     INFO     层级抽取文档： 市民来电反映:其在上述地址房屋中介租了公寓，市民表示入住前中介公司承诺会对公寓进行维修处理，结果市民入住后发现都是需要维修的问题，现在还出现房屋漏水问题，联系中介公司推诿拖延处理还影响市民生活以及工作，故市民投诉该中介公司，要求管理部门介入处理。 ==> no  
2025-05-27 08:24:35,228 ChatBI->     INFO     层级抽取文档： 市民来电补充信息。市民补充信息内容为要求每人派发一把钥匙，希望管理部门核实处理。【最近派发的工单编号：20240913010587，工单内容：市民来电反映:其收到短信，9月13日小区维修基金使用了近13000元，8月26日也有近6000元的支出。物业公示是为了铺2号楼地下车库的楼梯，但该项目消防审核不通过，并没有落实，因此还为此用了19000多元，市民对于维修基金的安全性产生质疑。诉求：请管理部门核实并妥善处理。（市民要求信息保密 无需回复）】 ==> yes  
2025-05-27 08:24:35,228 ChatBI->     INFO     层级抽取文档： 市民来电反映: 上述地址2023年9月交付，市民称7月左右其房屋开裂，主卧三堵墙开裂，楼顶渗水开裂。市民已向物业反映，其表示暂时不需要维修。诉求：投诉上述地址房屋存在质量问题
 ==> yes  
2025-05-27 08:24:35,228 ChatBI->     INFO     层级抽取文档： 市民来电补充信息。市民补充信息内容为：现对方发了一份延期声明，表示因为不可抗力因素交房要延期到七月底，但是具体什么情况没有说明，希望管理部门核实处理该问题【最近派发的工单编号：20240621007684，工单内容：市民来电反映:其购买的上述地址房屋，合同上写明6月20日交房，市民称时间到了房屋没有交，也没有收到延期交房的通知，诉求：请管理部门核实该处房屋交房情况。】 ==> no  
2025-05-27 08:24:35,228 ChatBI->     INFO     层级抽取文档： 市民来电反复催单。催单原因：市民称管理部门至今未给予任何回复，请管理部门尽快处理。【最近派发的工单编号：20240603023215，工单内容：【投诉】市民来电反映:其于前工单编号：20240515008726，告知其只是停车租赁费用做了变更，但其在小区停车位还是没解决。诉求：投诉管理部门不作为，不为民考虑。（市民要求信息保密 需回复）】 ==> yes  
2025-05-27 08:24:35,228 ChatBI->     INFO     层级抽取文档： 市民来电咨询:上述地址房子在走交易流程，但是可以提前装修了，物业没有承重墙的图纸，诉求：请管理部门核实告知，哪里可以获得该房屋承重墙的图纸。（需回复） ==> yes  
2025-05-27 08:24:35,228 ChatBI->     INFO     层级抽取文档： 市民补充信息：9月10日102租户多次破坏绿化，违规增设道路，占用公共空间违规堆放。望有关部门积极处理。【最近派发的工单编号：20240829026435，工单内容：市民反映：上述地址改变住宅性质，违规堆放货物，做仓储使用，人货混住，消防隐患，并有陌生人员上门，对楼道居民有严重安全隐患。诉求：请管理部门核实处理居改非问题。】 ==> no  
2025-05-27 08:24:35,228 ChatBI->     INFO     层级抽取文档： 【重新交办，要求：答复要点与实际情况不符，嘉定区房管局和街道房管部门多次向居民答复2024年四季度维修，现已至四季度末，各部门和开发商随便找一个推脱，无后续计划，无施工方案。诉求：要求再次处理，公示鉴定报告、方案和计划。最近办结的工单编号：20241031034305，工单内容：小区自交房后2年内出现大范围外墙脱落至今，随着时间推移，外墙质量问题更严重，已达到危房程度，物业仅将小区采用警戒线全部拉满，外墙质量问题已严重影响小区的正常使用，严重危及人身、财产安全，要求管理部门主导维修方案和维修计划的推进和落地，维修方案应满足标准，维修时间应按此前承诺的第四季度。(详见附件）诉求：请管理部门... ==> yes  
2025-05-27 08:24:35,228 ChatBI->     INFO     层级抽取文档： 市民来电反映:其为上述地址居民，其楼上302室卫生间一直漏水，该房屋目前委托给自如房屋公司进行管理，市民多次联系该公司及物业，物业表示是该卫生间防水没有做好导致漏水，对方一直不处理，有时半夜洗澡仍在漏水，诉求：希望管理部门核实处理协调沟通处理方案。 ==> yes  
2025-05-27 08:24:35,589 ChatBI->     INFO     step_scores: ['yes', 'yes', 'yes', 'yes', 'yes', 'no', 'yes', 'no', 'yes', 'yes']
2025-05-27 08:24:35,589 ChatBI->     INFO     层级抽取文档： 市民反映：居委会斜对面一户人家底楼违章搭建（详见附件），因为该户年纪大态度强硬，物业不管，对于停车位上的站位设施没有问过居民就擅自处理，好几户居民并没有接到通知，就挪走设施。市民认为要解决一起解决，不能区别对待，再有不提前告知，造成市民的损失希望给与赔偿。诉求：投诉物业、居委不作为。（市民要求信息保密，需要回复） ==> yes  
2025-05-27 08:24:35,590 ChatBI->     INFO     层级抽取文档： 【重新交办：答复要点与实际不符：市民表示管理部门没有联系过市民，乱停车问题没有得到解决，居委会工作人员也找不到。要求管理部门彻底解决停车问题。最近办结工单编号：20240526004104，工单内容：市民来电反映:浦东新区周秀路26弄汇福家园平安里北区内有存在机动车乱停放的现象，此事通过随申拍也反映过几次，也没有得到改善，物业就是让外来车辆进入停放，也不管理，对方车也乱停，目前出现了两辆车并排停放在小区内通道上，致电也不挪车，给小区的住房的车辆出行带来了隐患，现诉求：请管理部门让物业加强小区内的停车管理，并且不要让外来车辆进入小区停放。（市民要求信息保密 需回复）】 ==> yes  
2025-05-27 08:24:35,590 ChatBI->     INFO     层级抽取文档： 市民来电反复催单。催单原因：市民称管理部门至今未给予任何回复，请管理部门尽快处理。【最近派发的工单编号：20241101034359，工单内容：市民来电反映:上述地址在2010年进行美丽家园工程后，楼道内的过道和走廊的窗户每次下雨都会漏水，导致楼道内积水。诉求：希望尽快维修解决。】 ==> yes  
2025-05-27 08:24:35,590 ChatBI->     INFO     层级抽取文档： 市民来电反映:近期家里厨房卫生间漏水，市民向物业反映，物业表示是楼上装修导致，装修公司表示是水管老化导致，诉求：希望尽快帮助其维修，解决漏水问题。 ==> yes  
2025-05-27 08:24:35,590 ChatBI->     INFO     层级抽取文档： 市民来电反映:上述地址小区物业突然宣布3月份开始小区地下车位要出售。市民表示原来小区车位是租赁形式的。市民表示物业公布的车位价格在300000到400000元之间，远高于市民周边同档位小区车位价格。市民希望管理部门能告车位出售价格的依据。诉求：请管理部门协调物业告知市民其制定的小区车位出售价格的依据 ==> yes  
2025-05-27 08:24:35,590 ChatBI->     INFO     层级抽取文档： 市民来电反映相同事项，要求派给浦东应急管理部门。【最近派发的工单编号：20240201005468，工单内容：市民来电反映:上述地址：上海康业建筑装饰工程有限公司，装修总包：浦东新区丹桂路999号D2D4楼装饰装修工程，噪声，化学毒物等职业病危害因素，根据《职业病防治法》第十六条规定：国家建立职业病危害项目申报制度，用人单位工作场所存在职业病目录所列职业病危害因素的，应及时如实向所在地卫生行政部门申报项目，接受监督。诉求：第一、核实上海康业建筑装饰工程有限公司是否完成浦东丹桂路999号D2D4楼装饰装修工程职业病危害项目申报。第二、核实浦东丹桂路999号D2D4楼装饰装修工程是否完成职业... ==> no  
2025-05-27 08:24:35,590 ChatBI->     INFO     层级抽取文档： 市民来电反映:2023年底房子装修好房子，物业收取了5000元的清运垃圾费，现在房子装修结束了，有1700元需要退费，但物业一直不退。物业收费人员姓名：张雪刚。该人员表示已经不在上述物业了，市民联系不上上述地址物业人员。诉求：要求退费。 ==> yes  
2025-05-27 08:24:35,590 ChatBI->     INFO     层级抽取文档： 市民来电咨询:链家业务员将蟑螂扫 ==> no  
2025-05-27 08:24:35,590 ChatBI->     INFO     层级抽取文档： 市民来电反映:近几年停车费一直是一千元一年，但是2024年开始费用变为了150元每月，计算下来是1800元一年，询问物业后对方表示是业委会征询过的规定，但市民表示其并不知道该情况，并且就其了解下来其小区停车收费各有不同，有150元每月也有120元每月也有类似于市民一样交一千元一年，市民表示业委会的成立就不符合规定，诉求：请管理部门核查其业委会的相关要求是否合规。 ==> yes  
2025-05-27 08:24:35,590 ChatBI->     INFO     层级抽取文档： 市民来电反映:小区开了很多门，验收不通过，封闭了门，通过验收后，又破墙开门。外省市小区。 ==> yes  
2025-05-27 08:24:36,008 ChatBI->     INFO     step_scores: ['yes', 'no', 'no', 'yes', 'yes', 'no', 'yes', 'no', 'yes', 'yes']
2025-05-27 08:24:36,008 ChatBI->     INFO     层级抽取文档： 市民来电反映:其小区有600多个车位，前段时间小区出售车位，结果只卖出去140多个，市民认为剩下车位应该按照规定除了物业自持出租，应该用于出租，但实际上只有290个车位被拿出出租，且只能短租，每个月都要重新签订合同，人为造成阻碍，逼迫业主买车位。要求投诉。（市民要求信息保密 需回复） ==> yes  
2025-05-27 08:24:36,008 ChatBI->     INFO     层级抽取文档： 市民反映：【商家地址/名称:虹桥商务区,时间:2024/05/2216:10:00】自3月起虹桥逸都小区业主陆陆续续发现新房从安全、设计、用材、施工、监工等各个方面均存在问题，完全不符合该盘6.2万元/平该有的品质，严重存在降标降本、安全隐患的问题。业主们将大大小小几十项问题提交至开发商处寻求沟通解决，但开发商针对业主关心的核心问题避重就轻。几个月来与开发商的沟通交流困难，开发商每次会议前各种设置阻碍（包括但不限于深夜临时更换场地、无故取消、迟到1小时以上等）；截止到8月18日，甚至直接将约定的线下交流会临时更换为线上开发商单方发布会，禁止业主发言；前期8月10日会议上已经有意整改的核心... ==> no  
2025-05-27 08:24:36,008 ChatBI->     INFO     层级抽取文档： 市民来电补充信息。市民补充信息内容为，其有接到房管局电话，工作人员称会去研究，没有告知其处理时间，但其房子有抵押，垫资公司每天收费，诉求：请管理部门核实并要求尽快给其处理结果及明确解释（需回复）【最近派发的工单编号：20240629021106，工单内容：6月29日其在张杨路房产交易中心办理一套商住两用房的交易，市民称该处房屋在1月的交易价格为107万元，现在的核定价为152万元，市民认为该核定价的标准不合理。诉求：要求管理部门核实后，对核定价的制定标准给予解释。】 ==> no  
2025-05-27 08:24:36,008 ChatBI->     INFO     层级抽取文档： 市民来电补充信息。市民补充信息内容为城管来电告知市民，要联合物业和居委一同上门查看，确定是否违规。请城管、物业和居委尽快联动要求早日整改。【最近派发的工单编号：20240506007701，工单内容：市民来电反映:上述地址居民在装修，把卫生间改成厨房间，房间隔成好多间，诉求：对于装修破坏房屋结构核实整治。（市民要求信息保密 无需回复）】 ==> yes  
2025-05-27 08:24:36,008 ChatBI->     INFO     层级抽取文档： 市民来电反映:自己住上述地址小区，一到下雨天该楼栋入口处有大量积水，且2楼墙面还有渗水，和物业与开发商反馈但一直无果，诉求：要求管理部门尽快解决下雨天楼栋入口处大量积水与2楼墙面渗水问题（信息保密无需回复） ==> yes  
2025-05-27 08:24:36,008 ChatBI->     INFO     层级抽取文档： 市民补充信息：补充地址为白鹤镇程鹤路383弄宝业活力佳苑。该小区精装房的橱柜质量非常差，甲醛超标严重。且空调几乎没有制冷效果。希望管理部门督促宝业开发商尽快整改。【最近派发的工单编号：20240925010472，工单内容：商家地址/名称:未提供,时间:2024/09/2510:19:00,涉及金额:未提供 上海宝延房地产开发有限公司新交付半个月的几百户精装房竟然出现了几乎所有交付房屋漏水问题，开发商数衍维修，暴力维修。厨房的橱柜使用甲醛含量超标的中密度板，墙壁质量让人担忧，空调是卖不掉的超低配置，我们全体业主打算采用网路曝光形式合法维护自身权益。】 ==> no  
2025-05-27 08:24:36,008 ChatBI->     INFO     层级抽取文档： 市民来电反映: 上述地址7月6日开始房顶漏水，但是物业一直找不到漏水点。物业也不愿意请专业公司解决，导致市民生活受到影响，诉求：要求物业找到漏水点并且对于市民的损失进行赔偿，需回复 ==> yes  
2025-05-27 08:24:36,008 ChatBI->     INFO     层级抽取文档： 市民来电补充信息。市民补充信息内容为市民还需要明确房屋开裂维修费用由谁出？市民已多次重复来电，且情绪激烈，请管理部门及时做好处置。【最近派发的工单编号：20240306012948，工单内容：【重新交办，按答复要点告知，市民表示答复要点与实际不符，市民表示问题没有解决，房屋开裂不是他造成的，谁来承担责任也没有说明清楚。诉求：拿出解决方案。（不要电话联系，要求现场实地查看联系解决）最近办结的工单编号：20240227002924，工单内容：重新交办，答复与事实不符，管理部门不肯实地查看，说会商量一下，也没有给予解决方案，40-50吨车还在走，诉求领导到现场查看，给予解决方案。工单内容:重新... ==> no  
2025-05-27 08:24:36,008 ChatBI->     INFO     层级抽取文档： 市民来电反映:上述小区居民在消防通道堆物，严重影响到消防安全。联系过物业，但处理不下来。诉求:希望管理部门帮助，进行整治。 ==> yes  
2025-05-27 08:24:36,009 ChatBI->     INFO     层级抽取文档： 市民来电反映:上述地址的小区宝正物业不给其登记出租的停车位。其表示自己是业主应安排其车位。诉求：请管理部门核实并协调物业给业主登记停车位。（市民要求信息保密 需回复） ==> yes  
2025-05-27 08:24:36,375 ChatBI->     INFO     step_scores: ['no', 'yes', 'no', 'yes', 'yes', 'no', 'yes', 'yes', 'yes', 'no']
2025-05-27 08:24:36,375 ChatBI->     INFO     层级抽取文档： 市民补充信息：楼盘施工进度严重滞后，而同期开盘的其他楼盘均已预看房甚至交房；2024年5月至今，施工进度几乎无变化，工地几乎处于停工状态，业主多次去现场，发现工地没有工人施工；2024年6月、7月家书未更新，经业主投诉后，8月、9月更新家书但大部分内容相同，说明实际无进度；开发商8月份表示室内精装部分已基本完成，实际9月12日仍有大量空调外机放在楼下没有安装，室内厨房、卫生间等大量工作未完成；开发商态度敷衍，在业主努力下目前召开四次座谈会，但无明显进展，开发商现在已经不接电话、不回复消息，几乎处于失联状态。希望管理部门介入，召开三方座谈会，解决当前存在的问题。【最近派发的工单编号：202... ==> no  
2025-05-27 08:24:36,375 ChatBI->     INFO     层级抽取文档： 【重新交办，要求：根据答复市民要点告知市民，市民表示答复要点不明确，市民表示上述地址楼梯口前面排水不畅，严重积水的问题没有解决，严重影响居民生活。4月1日小区刚刚更换了物业公司，要求尽快解决积水问题。最近办结的工单编号:20231218003919，工单内容:市民来电反映:上述地址小区9号楼前的道路路面有明显的高低差、凹凸不平；20号楼前的道路路面也是严重损坏。市民表示导致雨天排水不畅，积水现象十分严重，且现在又是低温天气，会引起路面结冰，引发事故。诉求：望管理部门尽快派人维修路面，解决排水问题。】 ==> yes  
2025-05-27 08:24:36,375 ChatBI->     INFO     层级抽取文档： 市民来电反映:其通过上述地址购买了一套房屋，当时宣传小区大门有一个门头，现在马上交付了发现并没有这个门口只有两根栏杆，围墙也没有专门的，只是用楼栋的一面做为围墙，现在开发商就以资金问题推诿，也没有一个正面解释，诉求：希望管理部门协调查处给予合理说法。 ==> no  
2025-05-27 08:24:36,375 ChatBI->     INFO     层级抽取文档： 市民来电反映:其是上述村里上班，交了两个月停车费，其的车辆沪C转大牌后物业未及时帮助其做车辆信息变更，导致车辆变成了临时车牌，每天要付停车费。诉求：请管理部门核实投诉物业的行为。 ==> yes  
2025-05-27 08:24:36,375 ChatBI->     INFO     层级抽取文档： 市民来电反映: 上述地址小区地下停车库，常年渗水，7年的房屋，和小区物业沟通多次无果。诉求：请管理部门核实，要求物业尽快维修。（需回复） ==> yes  
2025-05-27 08:24:36,375 ChatBI->     INFO     层级抽取文档： 人工服务。 ==> no  
2025-05-27 08:24:36,376 ChatBI->     INFO     层级抽取文档： 市民来电反映:其在上述地址居民，由于油烟机管道漏水导致其家里油烟机坏了，联系过物业，但是物业不维修，诉求：希望管理部门协调尽快帮助维修解决。 ==> yes  
2025-05-27 08:24:36,376 ChatBI->     INFO     层级抽取文档： 市民来电反映:拆迁安置房装修交了1800元垃圾清运费给物业。物业说没收钱，是清运公司收的，清运公司说敲了保温层产生垃圾就要付钱。诉求：请管理部门让物业退钱。（需回复） ==> yes  
2025-05-27 08:24:36,376 ChatBI->     INFO     层级抽取文档： 市民来电反映:市民来电补充信息。市民补充信息内容为房管局联系市民称会尽快安排，查下来维修问题还没有移交给房管局，给到市民一个联保的电话，问题还未解决，要求找部门尽快处理【最近派发的工单编号：20240406002403，工单内容：市民来电反映:上述地址房屋是2023年12月底交付了，房屋内的淋浴器使用时有警报声。市民反馈物业管家，物业管家让市民联系全国联保报修，联系全国联保表示该处还没有验收，需要找工程部。市民再次联系物业，物业不接电话。诉求：请管理部门尽快修复。】 ==> yes  
2025-05-27 08:24:36,376 ChatBI->     INFO     层级抽取文档： 市民来电反映:市民来电补充信息。市民补充信息内容：市民希望寄送材料，希望处理部门回复告知邮寄的地址。【最近派发的工单编号：20240501000201，工单内容：重新交办，要求：答复要点与实际情况不符，市民表示其8楼居民管道根本没有整改好，水仍然排在自己家阳台里， 市民对此不满，诉求：请管理部门继续让其整改（需回复）】 ==> no  
2025-05-27 08:24:36,811 ChatBI->     INFO     step_scores: ['yes', 'yes', 'no', 'no', 'no', 'yes', 'no', 'no', 'yes', 'yes']
2025-05-27 08:24:36,812 ChatBI->     INFO     层级抽取文档： 【重新交办，要求：答复要点与实际情况不符，市民称该地2006年建造后该地是停车场，有划停车位，且管理部门有做过义卖，80多平方米被分作2块，1块是停车场，1块是垃圾房，2020年管理部门才将该地封起来，因是1个物业公司，才将商铺的停车场变为垃圾房，管理部门答复的图纸是居委会的图纸，不是规划部门的图纸，偷换概念，故再次来电投诉。诉求：要求人防部门核实规划部门的图纸，并予以处理。（需回复）最近办结的工单编号:20241014024658... ==> yes  
2025-05-27 08:24:36,812 ChatBI->     INFO     层级抽取文档： 市民反映：因为小区停放非机动车和其他物体占位无人管理，让遵守规则的人不得已采用电瓶车等非机动车或者其他物体占用公共车位，导致纷争不断。要求：1. 集中排查，对随意用非机动车，私桩占用车位的问题进行摸底，详细记录停放的车主，地点时间进行记录 2. 开展整治，对于随意占用公共车位的居民进行劝导教育，并且粘贴警告，要求尽快移走非机动车和私桩，设定时间期限，由物业暂停享受长租车的优惠费率。3.... ==> yes  
2025-05-27 08:24:36,812 ChatBI->     INFO     层级抽取文档： 【重新交办，内容：市民表示答复市民要点不明确，市民有提到地基下挖的问题，管理部门对此没有给出说明。诉求：请管理部门就地基下挖进行查处。（市民要求信息保密 需回复） 最近办结的工单编号:20230911016587，工单内容:市民来电反映:其之前租借了上述地址的房屋，关于该房屋的落地窗，咨询了各个部门是否可以开门，但是都被告知不可以，但是现在其发现该处的落地窗开门了，并且经过了城管的允许，诉求：请管理部门核实处理给予解释】 ==> no  
2025-05-27 08:24:36,812 ChatBI->     INFO     层级抽取文档： 市民来电反复催单。催单原因：市民称管理部门至今未给予任何回复，请管理部门尽快处理。【最近派发的工单编号：20240306018770，工单内容：重新交办，要求：答复要点与实际情况不符，根据答复要点告知，市民表示其是有办理上海市居住证，居住证的地址是在别的村，其是两边都居住的，其表示答复里告知带房东去村里登记，其带着房东去村里登记，将房东的免费停车名额登记在其名下，但是现在村内告知其因居住证地址不在蔡路村无法办理停车免费，并且就算把居住证地址改到蔡路村也需要满足一年，不足一年的情况下还是需要缴费，市民不认可。同时市民表示管理部门有核实过其车辆是停放在围墙内，是房屋范围内，没有占用公共资源，... ==> no  
2025-05-27 08:24:36,812 ChatBI->     INFO     层级抽取文档： 市民来电补充信息。市民补充信息内容为：12月6号公租房公司联系市民，解释内容其认可，其认为和他们没有多少关系，重点是开发商隐瞒客观事实，虚假销售，虚假宣传，涉嫌销售欺诈，现在开发商企图把矛盾导向居民和政府，希望管理部门核实处理。【最近派发的工单编号：20241205023924，工单内容：重新交办，要求：按答复市民要点告知市民，市民表示前件答复市民要点不明确，市民说根本无人主动联系告知处理结果，要求必须主动联系。市民表示答复中说是2022年9月提交的，但其是2022年的12月购房的，开发商不利因素里面没有关于停车位的问题。管理部门的公示文件或者材料在哪里，在哪里进行公示过，市民说公建房的... ==> no  
2025-05-27 08:24:36,812 ChatBI->     INFO     层级抽取文档： 市民来电反映:其是上述地址居民，市民表示厨房间的天花板上有渗水情况，联系物业多次上门都没有处理解决，也不知道具体是何原因，最终工作人员告知要上报物业经理，市民始终都没有联系上物业经理，问题一直得不到解决。诉求：要求尽快解决渗水问题，望管理部门核实协助处理。 ==> yes  
2025-05-27 08:24:36,812 ChatBI->     INFO     层级抽取文档： 【重新交办，要求：答复要点不明确，晨阳路35弄农商银行楼上居民家中水管严重老化濒临裂开，严重影响居民健康和造成家庭及邻居财产安全。反馈后回复无明确处置方案，十分不满意。诉求：请管理部门尽快给予解决方案。最近办结的工单编号：20240717025721，工单内容：重新交办，要求：答复要点与实际情况不符，市民反映：江镇农商银行（晨阳路35弄）楼上家中（1号502室）自来水管老化生锈，随时有断裂可能，迫切需要及时更换维修，但是没有物业，需要专业部门处理。已经反映属地管理部门至今未有处理结果。诉求：请尽快解决告知答复。（市民要求信息保密，需回复）最近办结的工单编号：20240706014589，... ==> no  
2025-05-27 08:24:36,812 ChatBI->     INFO     层级抽取文档： 市民来电反映:上述地址新建商品房原本是3月31日要交房了，但因开发商和总包发生矛盾，导致现在需要延期交付，市民认为开发商和总包的问题不应由业主进行承担，诉求：请管理部门督促尽快交房。 ==> no  
2025-05-27 08:24:36,812 ChatBI->     INFO     层级抽取文档： 市民来电反映:上述地址房屋是新交房屋，现因最后一批房屋还在改造导致第一批交房的房屋外墙玻璃非常脏，居民已经反映到物业要求开发商清理玻璃，但至今都没有处理。诉求：希望管理部门核实并处理解决（需回复） ==> yes  
2025-05-27 08:24:36,812 ChatBI->     INFO     层级抽取文档： 市民来电反复催单。催单原因：市民称管理部门至今未给予任何回复，请管理部门尽快处理。【最近派发的工单编号：20240601022071，工单内容：市民来电反映:6月1日发现上述地址的厨房改成卧室，房屋被隔成4间且均带有独立卫生间间和厨房，诉求：要求管理部门核实整治并要求恢复房屋原始结构。（市民要求信息保密 需回复）】 ==> yes  
2025-05-27 08:24:36,813 ChatBI->     INFO     阈值索引为：4396, 窗口大小为: 100 
2025-05-27 08:24:36,813 ChatBI->     INFO     确定的文档: 4297; 在次确认的文档: 199
2025-05-27 08:24:37,756 ChatBI->     INFO     从199个需再次确认的文档中筛选出的相关文档数量：126
2025-05-27 08:24:37,757 ChatBI->     INFO     示例文档：['市民来电反映:上述地址房屋对外出租，房子只有一个垃圾桶，由于租客较多，很多垃圾都放在桶旁边，收垃圾的人只收桶里的垃圾，现在垃圾越堆越多，臭味大影响居民生活。诉求：请管理部门清理垃圾，协调解决方案', '【重新交办，答复要点与实际情况不符。市民表示先前高空抛物的问题并没有解决，警方来了但是现在还是有人高空抛物，市民认为监管不力，没人处理。诉求：处理高空抛物邻里纠纷。最近办结的工单编号：20241106007085，工单内容：按答复要点告知市民，市民表示其实际已将楼梯间清理干净，不存在未清理问题。诉求：原诉求不变。市民来电反映:上述地址之前由于高空抛物产生居民间的矛盾，警察调解后现贴了道歉信在小区公告栏内，按照规定3-5天就可以摘掉，但现该道歉信贴了一个月，市民对此非常不满，表示反而会引起居民间矛盾，诉求：投诉居委会不作为并要求撤掉道歉信。】', '市民来电反映:市民是一位老人，目前人在家中，上述地址是居民居住地址，在晾晒衣物时由于小区房屋外立面粉刷改造，导致放在窗台的衣服蔬菜全部被污染，要求物业、居委承担责任。市民表示：“如果政府不处理，不为市民清理干净，就把房屋墙壁都砸了，方便自己通行。”诉求：要求管理部门核实，对于其被损毁污染的衣物给予合理的处理方案。', '市民来电反映:其是上述地址居民。其不清楚房屋是否在保修期内。2024年3月29日开始其卫生间有漏水，且有现场有积水。此事联系物业，对方告知要找开发商，但开发商至今未处理。市民诉求：请管理部门核实后督促开发商尽快采取措施进行维修。\n', '【重新交办，交办要求：答复市民要点与事实不符，市民表示两部电梯，经常反复故障，经常关人，物业也不启动征询更换电梯，诉求：希望管理部门协调解决电梯经常故障问题。（市民要求信息保密，需要回复）【最近派发的工单编号:20231225000833，工单内容:市民来电反映：其是上述地址居民，28层层高，共有2部电梯，但2部电梯近今年反复故障，有时候更是2部一同故障，导致居民出行极其不便。反馈物业，物业一直说维修，但几年来一直未有彻底维修好。市民现要求管理部门督促物业对该2部电梯予以全面检修，彻底解决电梯反复故障问题，如明确无法修好，督促物业及时更换电梯（市民要求信息保密，需要回复）。】']
2025-05-27 08:24:37,770 ChatBI->     INFO     没有找到<  >对应的视图
2025-05-27 08:24:37,770 ChatBI->     INFO     sql 语句：SELECT `客户类型`, COUNT(*) AS `数量` FROM shanghai WHERE  `内容描述` IN (:val0, :val1, :val2, :val3, :val4, :val5, :val6, :val7, :val8, :val9, :val10, :val11, :val12, :val13, :val14, :val15, :val16, :val17, :val18, :val19, :val20, :val21, :val22, :val23, :val24, :val25, :val26, :val27, :val28, :val29, :val30, :val31, :val32, :val33, :val34, :val35, :val36, :val37, :val38, :val39, :val40, :val41, :val42, :val43, :val44, :val45, :val46, :val47, :val48, :val49, :val50, :val51, :val52, :val53, :val54, :val55, :val56, :val57, :val58, :val59, :val60, :val61, :val62, :val63, :val64, :val65, :val66, :val67, :val68, :val69, :val70, :val71, :val72, :val73, :val74, :val75, :val76, :val77, :val78, :val79, :val80, :val81, :val82, :val83, :val84, :val85, :val86, :val87, :val88, :val89, :val90, :val91, :val92, :val93, :val94, :val95, :val96, :val97, :val98, :val99, :val100, :val101, :val102, :val103, :val104, :val105, :val106, :val107, :val108, :val109, :val110, :val111, :val112, :val113, :val114, :val115, :val116, :val117, :val118, :val119, :val120, :val121, :val122, :val123, :val124, :val125, :val126, :val127, :val128, :val129, :val130, :val131, :val132, :val133, :val134, :val135, :val136, :val137, :val138, :val139, :val140, :val141, :val142, :val143, :val144, :val145, :val146, :val147, :val148, :val149, :val150, :val151, :val152, :val153, :val154, :val155, :val156, :val157, :val158, :val159, :val160, :val161, :val162, :val163, :val164, :val165, :val166, :val167, :val168, :val169, :val170, :val171, :val172, :val173, :val174, :val175, :val176, :val177, :val178, :val179, :val180, :val181, :val182, :val183, :val184, :val185, :val186, :val187, :val188, :val189, :val190, :val191, :val192, :val193, :val194, :val195, :val196, :val197, :val198, :val199, :val200, :val201, :val202, :val203, :val204, :val205, :val206, :val207, :val208, :val209, :val210, :val211, :val212, :val213, :val214, :val215, :val216, :val217, :val218, :val219, :val220, :val221, :val222, :val223, :val224, :val225, :val226, :val227, :val228, :val229, :val230, :val231, :val232, :val233, :val234, :val235, :val236, :val237, :val238, :val239, :val240, :val241, :val242, :val243, :val244, :val245, :val246, :val247, :val248, :val249, :val250, :val251, :val252, :val253, :val254, :val255, :val256, :val257, :val258, :val259, :val260, :val261, :val262, :val263, :val264, :val265, :val266, :val267, :val268, :val269, :val270, :val271, :val272, :val273, :val274, :val275, :val276, :val277, :val278, :val279, :val280, :val281, :val282, :val283, :val284, :val285, :val286, :val287, :val288, :val289, :val290, :val291, :val292, :val293, :val294, :val295, :val296, :val297, :val298, :val299, :val300, :val301, :val302, :val303, :val304, :val305, :val306, :val307, :val308, :val309, :val310, :val311, :val312, :val313, :val314, :val315, :val316, :val317, :val318, :val319, :val320, :val321, :val322, :val323, :val324, :val325, :val326, :val327, :val328, :val329, :val330, :val331, :val332, :val333, :val334, :val335, :val336, :val337, :val338, :val339, :val340, :val341, :val342, :val343, :val344, :val345, :val346, :val347, :val348, :val349, :val350, :val351, :val352, :val353, :val354, :val355, :val356, :val357, :val358, :val359, :val360, :val361, :val362, :val363, :val364, :val365, :val366, :val367, :val368, :val369, :val370, :val371, :val372, :val373, :val374, :val375, :val376, :val377, :val378, :val379, :val380, :val381, :val382, :val383, :val384, :val385, :val386, :val387, :val388, :val389, :val390, :val391, :val392, :val393, :val394, :val395, :val396, :val397, :val398, :val399, :val400, :val401, :val402, :val403, :val404, :val405, :val406, :val407, :val408, :val409, :val410, :val411, :val412, :val413, :val414, :val415, :val416, :val417, :val418, :val419, :val420, :val421, :val422, :val423, :val424, :val425, :val426, :val427, :val428, :val429, :val430, :val431, :val432, :val433, :val434, :val435, :val436, :val437, :val438, :val439, :val440, :val441, :val442, :val443, :val444, :val445, :val446, :val447, :val448, :val449, :val450, :val451, :val452, :val453, :val454, :val455, :val456, :val457, :val458, :val459, :val460, :val461, :val462, :val463, :val464, :val465, :val466, :val467, :val468, :val469, :val470, :val471, :val472, :val473, :val474, :val475, :val476, :val477, :val478, :val479, :val480, :val481, :val482, :val483, :val484, :val485, :val486, :val487, :val488, :val489, :val490, :val491, :val492, :val493, :val494, :val495, :val496, :val497, :val498, :val499, :val500, :val501, :val502, :val503, :val504, :val505, :val506, :val507, :val508, :val509, :val510, :val511, :val512, :val513, :val514, :val515, :val516, :val517, :val518, :val519, :val520, :val521, :val522, :val523, :val524, :val525, :val526, :val527, :val528, :val529, :val530, :val531, :val532, :val533, :val534, :val535, :val536, :val537, :val538, :val539, :val540, :val541, :val542, :val543, :val544, :val545, :val546, :val547, :val548, :val549, :val550, :val551, :val552, :val553, :val554, :val555, :val556, :val557, :val558, :val559, :val560, :val561, :val562, :val563, :val564, :val565, :val566, :val567, :val568, :val569, :val570, :val571, :val572, :val573, :val574, :val575, :val576, :val577, :val578, :val579, :val580, :val581, :val582, :val583, :val584, :val585, :val586, :val587, :val588, :val589, :val590, :val591, :val592, :val593, :val594, :val595, :val596, :val597, :val598, :val599, :val600, :val601, :val602, :val603, :val604, :val605, :val606, :val607, :val608, :val609, :val610, :val611, :val612, :val613, :val614, :val615, :val616, :val617, :val618, :val619, :val620, :val621, :val622, :val623, :val624, :val625, :val626, :val627, :val628, :val629, :val630, :val631, :val632, :val633, :val634, :val635, :val636, :val637, :val638, :val639, :val640, :val641, :val642, :val643, :val644, :val645, :val646, :val647, :val648, :val649, :val650, :val651, :val652, :val653, :val654, :val655, :val656, :val657, :val658, :val659, :val660, :val661, :val662, :val663, :val664, :val665, :val666, :val667, :val668, :val669, :val670, :val671, :val672, :val673, :val674, :val675, :val676, :val677, :val678, :val679, :val680, :val681, :val682, :val683, :val684, :val685, :val686, :val687, :val688, :val689, :val690, :val691, :val692, :val693, :val694, :val695, :val696, :val697, :val698, :val699, :val700, :val701, :val702, :val703, :val704, :val705, :val706, :val707, :val708, :val709, :val710, :val711, :val712, :val713, :val714, :val715, :val716, :val717, :val718, :val719, :val720, :val721, :val722, :val723, :val724, :val725, :val726, :val727, :val728, :val729, :val730, :val731, :val732, :val733, :val734, :val735, :val736, :val737, :val738, :val739, :val740, :val741, :val742, :val743, :val744, :val745, :val746, :val747, :val748, :val749, :val750, :val751, :val752, :val753, :val754, :val755, :val756, :val757, :val758, :val759, :val760, :val761, :val762, :val763, :val764, :val765, :val766, :val767, :val768, :val769, :val770, :val771, :val772, :val773, :val774, :val775, :val776, :val777, :val778, :val779, :val780, :val781, :val782, :val783, :val784, :val785, :val786, :val787, :val788, :val789, :val790, :val791, :val792, :val793, :val794, :val795, :val796, :val797, :val798, :val799, :val800, :val801, :val802, :val803, :val804, :val805, :val806, :val807, :val808, :val809, :val810, :val811, :val812, :val813, :val814, :val815, :val816, :val817, :val818, :val819, :val820, :val821, :val822, :val823, :val824, :val825, :val826, :val827, :val828, :val829, :val830, :val831, :val832, :val833, :val834, :val835, :val836, :val837, :val838, :val839, :val840, :val841, :val842, :val843, :val844, :val845, :val846, :val847, :val848, :val849, :val850, :val851, :val852, :val853, :val854, :val855, :val856, :val857, :val858, :val859, :val860, :val861, :val862, :val863, :val864, :val865, :val866, :val867, :val868, :val869, :val870, :val871, :val872, :val873, :val874, :val875, :val876, :val877, :val878, :val879, :val880, :val881, :val882, :val883, :val884, :val885, :val886, :val887, :val888, :val889, :val890, :val891, :val892, :val893, :val894, :val895, :val896, :val897, :val898, :val899, :val900, :val901, :val902, :val903, :val904, :val905, :val906, :val907, :val908, :val909, :val910, :val911, :val912, :val913, :val914, :val915, :val916, :val917, :val918, :val919, :val920, :val921, :val922, :val923, :val924, :val925, :val926, :val927, :val928, :val929, :val930, :val931, :val932, :val933, :val934, :val935, :val936, :val937, :val938, :val939, :val940, :val941, :val942, :val943, :val944, :val945, :val946, :val947, :val948, :val949, :val950, :val951, :val952, :val953, :val954, :val955, :val956, :val957, :val958, :val959, :val960, :val961, :val962, :val963, :val964, :val965, :val966, :val967, :val968, :val969, :val970, :val971, :val972, :val973, :val974, :val975, :val976, :val977, :val978, :val979, :val980, :val981, :val982, :val983, :val984, :val985, :val986, :val987, :val988, :val989, :val990, :val991, :val992, :val993, :val994, :val995, :val996, :val997, :val998, :val999, :val1000, :val1001, :val1002, :val1003, :val1004, :val1005, :val1006, :val1007, :val1008, :val1009, :val1010, :val1011, :val1012, :val1013, :val1014, :val1015, :val1016, :val1017, :val1018, :val1019, :val1020, :val1021, :val1022, :val1023, :val1024, :val1025, :val1026, :val1027, :val1028, :val1029, :val1030, :val1031, :val1032, :val1033, :val1034, :val1035, :val1036, :val1037, :val1038, :val1039, :val1040, :val1041, :val1042, :val1043, :val1044, :val1045, :val1046, :val1047, :val1048, :val1049, :val1050, :val1051, :val1052, :val1053, :val1054, :val1055, :val1056, :val1057, :val1058, :val1059, :val1060, :val1061, :val1062, :val1063, :val1064, :val1065, :val1066, :val1067, :val1068, :val1069, :val1070, :val1071, :val1072, :val1073, :val1074, :val1075, :val1076, :val1077, :val1078, :val1079, :val1080, :val1081, :val1082, :val1083, :val1084, :val1085, :val1086, :val1087, :val1088, :val1089, :val1090, :val1091, :val1092, :val1093, :val1094, :val1095, :val1096, :val1097, :val1098, :val1099, :val1100, :val1101, :val1102, :val1103, :val1104, :val1105, :val1106, :val1107, :val1108, :val1109, :val1110, :val1111, :val1112, :val1113, :val1114, :val1115, :val1116, :val1117, :val1118, :val1119, :val1120, :val1121, :val1122, :val1123, :val1124, :val1125, :val1126, :val1127, :val1128, :val1129, :val1130, :val1131, :val1132, :val1133, :val1134, :val1135, :val1136, :val1137, :val1138, :val1139, :val1140, :val1141, :val1142, :val1143, :val1144, :val1145, :val1146, :val1147, :val1148, :val1149, :val1150, :val1151, :val1152, :val1153, :val1154, :val1155, :val1156, :val1157, :val1158, :val1159, :val1160, :val1161, :val1162, :val1163, :val1164, :val1165, :val1166, :val1167, :val1168, :val1169, :val1170, :val1171, :val1172, :val1173, :val1174, :val1175, :val1176, :val1177, :val1178, :val1179, :val1180, :val1181, :val1182, :val1183, :val1184, :val1185, :val1186, :val1187, :val1188, :val1189, :val1190, :val1191, :val1192, :val1193, :val1194, :val1195, :val1196, :val1197, :val1198, :val1199, :val1200, :val1201, :val1202, :val1203, :val1204, :val1205, :val1206, :val1207, :val1208, :val1209, :val1210, :val1211, :val1212, :val1213, :val1214, :val1215, :val1216, :val1217, :val1218, :val1219, :val1220, :val1221, :val1222, :val1223, :val1224, :val1225, :val1226, :val1227, :val1228, :val1229, :val1230, :val1231, :val1232, :val1233, :val1234, :val1235, :val1236, :val1237, :val1238, :val1239, :val1240, :val1241, :val1242, :val1243, :val1244, :val1245, :val1246, :val1247, :val1248, :val1249, :val1250, :val1251, :val1252, :val1253, :val1254, :val1255, :val1256, :val1257, :val1258, :val1259, :val1260, :val1261, :val1262, :val1263, :val1264, :val1265, :val1266, :val1267, :val1268, :val1269, :val1270, :val1271, :val1272, :val1273, :val1274, :val1275, :val1276, :val1277, :val1278, :val1279, :val1280, :val1281, :val1282, :val1283, :val1284, :val1285, :val1286, :val1287, :val1288, :val1289, :val1290, :val1291, :val1292, :val1293, :val1294, :val1295, :val1296, :val1297, :val1298, :val1299, :val1300, :val1301, :val1302, :val1303, :val1304, :val1305, :val1306, :val1307, :val1308, :val1309, :val1310, :val1311, :val1312, :val1313, :val1314, :val1315, :val1316, :val1317, :val1318, :val1319, :val1320, :val1321, :val1322, :val1323, :val1324, :val1325, :val1326, :val1327, :val1328, :val1329, :val1330, :val1331, :val1332, :val1333, :val1334, :val1335, :val1336, :val1337, :val1338, :val1339, :val1340, :val1341, :val1342, :val1343, :val1344, :val1345, :val1346, :val1347, :val1348, :val1349, :val1350, :val1351, :val1352, :val1353, :val1354, :val1355, :val1356, :val1357, :val1358, :val1359, :val1360, :val1361, :val1362, :val1363, :val1364, :val1365, :val1366, :val1367, :val1368, :val1369, :val1370, :val1371, :val1372, :val1373, :val1374, :val1375, :val1376, :val1377, :val1378, :val1379, :val1380, :val1381, :val1382, :val1383, :val1384, :val1385, :val1386, :val1387, :val1388, :val1389, :val1390, :val1391, :val1392, :val1393, :val1394, :val1395, :val1396, :val1397, :val1398, :val1399, :val1400, :val1401, :val1402, :val1403, :val1404, :val1405, :val1406, :val1407, :val1408, :val1409, :val1410, :val1411, :val1412, :val1413, :val1414, :val1415, :val1416, :val1417, :val1418, :val1419, :val1420, :val1421, :val1422, :val1423, :val1424, :val1425, :val1426, :val1427, :val1428, :val1429, :val1430, :val1431, :val1432, :val1433, :val1434, :val1435, :val1436, :val1437, :val1438, :val1439, :val1440, :val1441, :val1442, :val1443, :val1444, :val1445, :val1446, :val1447, :val1448, :val1449, :val1450, :val1451, :val1452, :val1453, :val1454, :val1455, :val1456, :val1457, :val1458, :val1459, :val1460, :val1461, :val1462, :val1463, :val1464, :val1465, :val1466, :val1467, :val1468, :val1469, :val1470, :val1471, :val1472, :val1473, :val1474, :val1475, :val1476, :val1477, :val1478, :val1479, :val1480, :val1481, :val1482, :val1483, :val1484, :val1485, :val1486, :val1487, :val1488, :val1489, :val1490, :val1491, :val1492, :val1493, :val1494, :val1495, :val1496, :val1497, :val1498, :val1499, :val1500, :val1501, :val1502, :val1503, :val1504, :val1505, :val1506, :val1507, :val1508, :val1509, :val1510, :val1511, :val1512, :val1513, :val1514, :val1515, :val1516, :val1517, :val1518, :val1519, :val1520, :val1521, :val1522, :val1523, :val1524, :val1525, :val1526, :val1527, :val1528, :val1529, :val1530, :val1531, :val1532, :val1533, :val1534, :val1535, :val1536, :val1537, :val1538, :val1539, :val1540, :val1541, :val1542, :val1543, :val1544, :val1545, :val1546, :val1547, :val1548, :val1549, :val1550, :val1551, :val1552, :val1553, :val1554, :val1555, :val1556, :val1557, :val1558, :val1559, :val1560, :val1561, :val1562, :val1563, :val1564, :val1565, :val1566, :val1567, :val1568, :val1569, :val1570, :val1571, :val1572, :val1573, :val1574, :val1575, :val1576, :val1577, :val1578, :val1579, :val1580, :val1581, :val1582, :val1583, :val1584, :val1585, :val1586, :val1587, :val1588, :val1589, :val1590, :val1591, :val1592, :val1593, :val1594, :val1595, :val1596, :val1597, :val1598, :val1599, :val1600, :val1601, :val1602, :val1603, :val1604, :val1605, :val1606, :val1607, :val1608, :val1609, :val1610, :val1611, :val1612, :val1613, :val1614, :val1615, :val1616, :val1617, :val1618, :val1619, :val1620, :val1621, :val1622, :val1623, :val1624, :val1625, :val1626, :val1627, :val1628, :val1629, :val1630, :val1631, :val1632, :val1633, :val1634, :val1635, :val1636, :val1637, :val1638, :val1639, :val1640, :val1641, :val1642, :val1643, :val1644, :val1645, :val1646, :val1647, :val1648, :val1649, :val1650, :val1651, :val1652, :val1653, :val1654, :val1655, :val1656, :val1657, :val1658, :val1659, :val1660, :val1661, :val1662, :val1663, :val1664, :val1665, :val1666, :val1667, :val1668, :val1669, :val1670, :val1671, :val1672, :val1673, :val1674, :val1675, :val1676, :val1677, :val1678, :val1679, :val1680, :val1681, :val1682, :val1683, :val1684, :val1685, :val1686, :val1687, :val1688, :val1689, :val1690, :val1691, :val1692, :val1693, :val1694, :val1695, :val1696, :val1697, :val1698, :val1699, :val1700, :val1701, :val1702, :val1703, :val1704, :val1705, :val1706, :val1707, :val1708, :val1709, :val1710, :val1711, :val1712, :val1713, :val1714, :val1715, :val1716, :val1717, :val1718, :val1719, :val1720, :val1721, :val1722, :val1723, :val1724, :val1725, :val1726, :val1727, :val1728, :val1729, :val1730, :val1731, :val1732, :val1733, :val1734, :val1735, :val1736, :val1737, :val1738, :val1739, :val1740, :val1741, :val1742, :val1743, :val1744, :val1745, :val1746, :val1747, :val1748, :val1749, :val1750, :val1751, :val1752, :val1753, :val1754, :val1755, :val1756, :val1757, :val1758, :val1759, :val1760, :val1761, :val1762, :val1763, :val1764, :val1765, :val1766, :val1767, :val1768, :val1769, :val1770, :val1771, :val1772, :val1773, :val1774, :val1775, :val1776, :val1777, :val1778, :val1779, :val1780, :val1781, :val1782, :val1783, :val1784, :val1785, :val1786, :val1787, :val1788, :val1789, :val1790, :val1791, :val1792, :val1793, :val1794, :val1795, :val1796, :val1797, :val1798, :val1799, :val1800, :val1801, :val1802, :val1803, :val1804, :val1805, :val1806, :val1807, :val1808, :val1809, :val1810, :val1811, :val1812, :val1813, :val1814, :val1815, :val1816, :val1817, :val1818, :val1819, :val1820, :val1821, :val1822, :val1823, :val1824, :val1825, :val1826, :val1827, :val1828, :val1829, :val1830, :val1831, :val1832, :val1833, :val1834, :val1835, :val1836, :val1837, :val1838, :val1839, :val1840, :val1841, :val1842, :val1843, :val1844, :val1845, :val1846, :val1847, :val1848, :val1849, :val1850, :val1851, :val1852, :val1853, :val1854, :val1855, :val1856, :val1857, :val1858, :val1859, :val1860, :val1861, :val1862, :val1863, :val1864, :val1865, :val1866, :val1867, :val1868, :val1869, :val1870, :val1871, :val1872, :val1873, :val1874, :val1875, :val1876, :val1877, :val1878, :val1879, :val1880, :val1881, :val1882, :val1883, :val1884, :val1885, :val1886, :val1887, :val1888, :val1889, :val1890, :val1891, :val1892, :val1893, :val1894, :val1895, :val1896, :val1897, :val1898, :val1899, :val1900, :val1901, :val1902, :val1903, :val1904, :val1905, :val1906, :val1907, :val1908, :val1909, :val1910, :val1911, :val1912, :val1913, :val1914, :val1915, :val1916, :val1917, :val1918, :val1919, :val1920, :val1921, :val1922, :val1923, :val1924, :val1925, :val1926, :val1927, :val1928, :val1929, :val1930, :val1931, :val1932, :val1933, :val1934, :val1935, :val1936, :val1937, :val1938, :val1939, :val1940, :val1941, :val1942, :val1943, :val1944, :val1945, :val1946, :val1947, :val1948, :val1949, :val1950, :val1951, :val1952, :val1953, :val1954, :val1955, :val1956, :val1957, :val1958, :val1959, :val1960, :val1961, :val1962, :val1963, :val1964, :val1965, :val1966, :val1967, :val1968, :val1969, :val1970, :val1971, :val1972, :val1973, :val1974, :val1975, :val1976, :val1977, :val1978, :val1979, :val1980, :val1981, :val1982, :val1983, :val1984, :val1985, :val1986, :val1987, :val1988, :val1989, :val1990, :val1991, :val1992, :val1993, :val1994, :val1995, :val1996, :val1997, :val1998, :val1999, :val2000, :val2001, :val2002, :val2003, :val2004, :val2005, :val2006, :val2007, :val2008, :val2009, :val2010, :val2011, :val2012, :val2013, :val2014, :val2015, :val2016, :val2017, :val2018, :val2019, :val2020, :val2021, :val2022, :val2023, :val2024, :val2025, :val2026, :val2027, :val2028, :val2029, :val2030, :val2031, :val2032, :val2033, :val2034, :val2035, :val2036, :val2037, :val2038, :val2039, :val2040, :val2041, :val2042, :val2043, :val2044, :val2045, :val2046, :val2047, :val2048, :val2049, :val2050, :val2051, :val2052, :val2053, :val2054, :val2055, :val2056, :val2057, :val2058, :val2059, :val2060, :val2061, :val2062, :val2063, :val2064, :val2065, :val2066, :val2067, :val2068, :val2069, :val2070, :val2071, :val2072, :val2073, :val2074, :val2075, :val2076, :val2077, :val2078, :val2079, :val2080, :val2081, :val2082, :val2083, :val2084, :val2085, :val2086, :val2087, :val2088, :val2089, :val2090, :val2091, :val2092, :val2093, :val2094, :val2095, :val2096, :val2097, :val2098, :val2099, :val2100, :val2101, :val2102, :val2103, :val2104, :val2105, :val2106, :val2107, :val2108, :val2109, :val2110, :val2111, :val2112, :val2113, :val2114, :val2115, :val2116, :val2117, :val2118, :val2119, :val2120, :val2121, :val2122, :val2123, :val2124, :val2125, :val2126, :val2127, :val2128, :val2129, :val2130, :val2131, :val2132, :val2133, :val2134, :val2135, :val2136, :val2137, :val2138, :val2139, :val2140, :val2141, :val2142, :val2143, :val2144, :val2145, :val2146, :val2147, :val2148, :val2149, :val2150, :val2151, :val2152, :val2153, :val2154, :val2155, :val2156, :val2157, :val2158, :val2159, :val2160, :val2161, :val2162, :val2163, :val2164, :val2165, :val2166, :val2167, :val2168, :val2169, :val2170, :val2171, :val2172, :val2173, :val2174, :val2175, :val2176, :val2177, :val2178, :val2179, :val2180, :val2181, :val2182, :val2183, :val2184, :val2185, :val2186, :val2187, :val2188, :val2189, :val2190, :val2191, :val2192, :val2193, :val2194, :val2195, :val2196, :val2197, :val2198, :val2199, :val2200, :val2201, :val2202, :val2203, :val2204, :val2205, :val2206, :val2207, :val2208, :val2209, :val2210, :val2211, :val2212, :val2213, :val2214, :val2215, :val2216, :val2217, :val2218, :val2219, :val2220, :val2221, :val2222, :val2223, :val2224, :val2225, :val2226, :val2227, :val2228, :val2229, :val2230, :val2231, :val2232, :val2233, :val2234, :val2235, :val2236, :val2237, :val2238, :val2239, :val2240, :val2241, :val2242, :val2243, :val2244, :val2245, :val2246, :val2247, :val2248, :val2249, :val2250, :val2251, :val2252, :val2253, :val2254, :val2255, :val2256, :val2257, :val2258, :val2259, :val2260, :val2261, :val2262, :val2263, :val2264, :val2265, :val2266, :val2267, :val2268, :val2269, :val2270, :val2271, :val2272, :val2273, :val2274, :val2275, :val2276, :val2277, :val2278, :val2279, :val2280, :val2281, :val2282, :val2283, :val2284, :val2285, :val2286, :val2287, :val2288, :val2289, :val2290, :val2291, :val2292, :val2293, :val2294, :val2295, :val2296, :val2297, :val2298, :val2299, :val2300, :val2301, :val2302, :val2303, :val2304, :val2305, :val2306, :val2307, :val2308, :val2309, :val2310, :val2311, :val2312, :val2313, :val2314, :val2315, :val2316, :val2317, :val2318, :val2319, :val2320, :val2321, :val2322, :val2323, :val2324, :val2325, :val2326, :val2327, :val2328, :val2329, :val2330, :val2331, :val2332, :val2333, :val2334, :val2335, :val2336, :val2337, :val2338, :val2339, :val2340, :val2341, :val2342, :val2343, :val2344, :val2345, :val2346, :val2347, :val2348, :val2349, :val2350, :val2351, :val2352, :val2353, :val2354, :val2355, :val2356, :val2357, :val2358, :val2359, :val2360, :val2361, :val2362, :val2363, :val2364, :val2365, :val2366, :val2367, :val2368, :val2369, :val2370, :val2371, :val2372, :val2373, :val2374, :val2375, :val2376, :val2377, :val2378, :val2379, :val2380, :val2381, :val2382, :val2383, :val2384, :val2385, :val2386, :val2387, :val2388, :val2389, :val2390, :val2391, :val2392, :val2393, :val2394, :val2395, :val2396, :val2397, :val2398, :val2399, :val2400, :val2401, :val2402, :val2403, :val2404, :val2405, :val2406, :val2407, :val2408, :val2409, :val2410, :val2411, :val2412, :val2413, :val2414, :val2415, :val2416, :val2417, :val2418, :val2419, :val2420, :val2421, :val2422, :val2423, :val2424, :val2425, :val2426, :val2427, :val2428, :val2429, :val2430, :val2431, :val2432, :val2433, :val2434, :val2435, :val2436, :val2437, :val2438, :val2439, :val2440, :val2441, :val2442, :val2443, :val2444, :val2445, :val2446, :val2447, :val2448, :val2449, :val2450, :val2451, :val2452, :val2453, :val2454, :val2455, :val2456, :val2457, :val2458, :val2459, :val2460, :val2461, :val2462, :val2463, :val2464, :val2465, :val2466, :val2467, :val2468, :val2469, :val2470, :val2471, :val2472, :val2473, :val2474, :val2475, :val2476, :val2477, :val2478, :val2479, :val2480, :val2481, :val2482, :val2483, :val2484, :val2485, :val2486, :val2487, :val2488, :val2489, :val2490, :val2491, :val2492, :val2493, :val2494, :val2495, :val2496, :val2497, :val2498, :val2499, :val2500, :val2501, :val2502, :val2503, :val2504, :val2505, :val2506, :val2507, :val2508, :val2509, :val2510, :val2511, :val2512, :val2513, :val2514, :val2515, :val2516, :val2517, :val2518, :val2519, :val2520, :val2521, :val2522, :val2523, :val2524, :val2525, :val2526, :val2527, :val2528, :val2529, :val2530, :val2531, :val2532, :val2533, :val2534, :val2535, :val2536, :val2537, :val2538, :val2539, :val2540, :val2541, :val2542, :val2543, :val2544, :val2545, :val2546, :val2547, :val2548, :val2549, :val2550, :val2551, :val2552, :val2553, :val2554, :val2555, :val2556, :val2557, :val2558, :val2559, :val2560, :val2561, :val2562, :val2563, :val2564, :val2565, :val2566, :val2567, :val2568, :val2569, :val2570, :val2571, :val2572, :val2573, :val2574, :val2575, :val2576, :val2577, :val2578, :val2579, :val2580, :val2581, :val2582, :val2583, :val2584, :val2585, :val2586, :val2587, :val2588, :val2589, :val2590, :val2591, :val2592, :val2593, :val2594, :val2595, :val2596, :val2597, :val2598, :val2599, :val2600, :val2601, :val2602, :val2603, :val2604, :val2605, :val2606, :val2607, :val2608, :val2609, :val2610, :val2611, :val2612, :val2613, :val2614, :val2615, :val2616, :val2617, :val2618, :val2619, :val2620, :val2621, :val2622, :val2623, :val2624, :val2625, :val2626, :val2627, :val2628, :val2629, :val2630, :val2631, :val2632, :val2633, :val2634, :val2635, :val2636, :val2637, :val2638, :val2639, :val2640, :val2641, :val2642, :val2643, :val2644, :val2645, :val2646, :val2647, :val2648, :val2649, :val2650, :val2651, :val2652, :val2653, :val2654, :val2655, :val2656, :val2657, :val2658, :val2659, :val2660, :val2661, :val2662, :val2663, :val2664, :val2665, :val2666, :val2667, :val2668, :val2669, :val2670, :val2671, :val2672, :val2673, :val2674, :val2675, :val2676, :val2677, :val2678, :val2679, :val2680, :val2681, :val2682, :val2683, :val2684, :val2685, :val2686, :val2687, :val2688, :val2689, :val2690, :val2691, :val2692, :val2693, :val2694, :val2695, :val2696, :val2697, :val2698, :val2699, :val2700, :val2701, :val2702, :val2703, :val2704, :val2705, :val2706, :val2707, :val2708, :val2709, :val2710, :val2711, :val2712, :val2713, :val2714, :val2715, :val2716, :val2717, :val2718, :val2719, :val2720, :val2721, :val2722, :val2723, :val2724, :val2725, :val2726, :val2727, :val2728, :val2729, :val2730, :val2731, :val2732, :val2733, :val2734, :val2735, :val2736, :val2737, :val2738, :val2739, :val2740, :val2741, :val2742, :val2743, :val2744, :val2745, :val2746, :val2747, :val2748, :val2749, :val2750, :val2751, :val2752, :val2753, :val2754, :val2755, :val2756, :val2757, :val2758, :val2759, :val2760, :val2761, :val2762, :val2763, :val2764, :val2765, :val2766, :val2767, :val2768, :val2769, :val2770, :val2771, :val2772, :val2773, :val2774, :val2775, :val2776, :val2777, :val2778, :val2779, :val2780, :val2781, :val2782, :val2783, :val2784, :val2785, :val2786, :val2787, :val2788, :val2789, :val2790, :val2791, :val2792, :val2793, :val2794, :val2795, :val2796, :val2797, :val2798, :val2799, :val2800, :val2801, :val2802, :val2803, :val2804, :val2805, :val2806, :val2807, :val2808, :val2809, :val2810, :val2811, :val2812, :val2813, :val2814, :val2815, :val2816, :val2817, :val2818, :val2819, :val2820, :val2821, :val2822, :val2823, :val2824, :val2825, :val2826, :val2827, :val2828, :val2829, :val2830, :val2831, :val2832, :val2833, :val2834, :val2835, :val2836, :val2837, :val2838, :val2839, :val2840, :val2841, :val2842, :val2843, :val2844, :val2845, :val2846, :val2847, :val2848, :val2849, :val2850, :val2851, :val2852, :val2853, :val2854, :val2855, :val2856, :val2857, :val2858, :val2859, :val2860, :val2861, :val2862, :val2863, :val2864, :val2865, :val2866, :val2867, :val2868, :val2869, :val2870, :val2871, :val2872, :val2873, :val2874, :val2875, :val2876, :val2877, :val2878, :val2879, :val2880, :val2881, :val2882, :val2883, :val2884, :val2885, :val2886, :val2887, :val2888, :val2889, :val2890, :val2891, :val2892, :val2893, :val2894, :val2895, :val2896, :val2897, :val2898, :val2899, :val2900, :val2901, :val2902, :val2903, :val2904, :val2905, :val2906, :val2907, :val2908, :val2909, :val2910, :val2911, :val2912, :val2913, :val2914, :val2915, :val2916, :val2917, :val2918, :val2919, :val2920, :val2921, :val2922, :val2923, :val2924, :val2925, :val2926, :val2927, :val2928, :val2929, :val2930, :val2931, :val2932, :val2933, :val2934, :val2935, :val2936, :val2937, :val2938, :val2939, :val2940, :val2941, :val2942, :val2943, :val2944, :val2945, :val2946, :val2947, :val2948, :val2949, :val2950, :val2951, :val2952, :val2953, :val2954, :val2955, :val2956, :val2957, :val2958, :val2959, :val2960, :val2961, :val2962, :val2963, :val2964, :val2965, :val2966, :val2967, :val2968, :val2969, :val2970, :val2971, :val2972, :val2973, :val2974, :val2975, :val2976, :val2977, :val2978, :val2979, :val2980, :val2981, :val2982, :val2983, :val2984, :val2985, :val2986, :val2987, :val2988, :val2989, :val2990, :val2991, :val2992, :val2993, :val2994, :val2995, :val2996, :val2997, :val2998, :val2999, :val3000, :val3001, :val3002, :val3003, :val3004, :val3005, :val3006, :val3007, :val3008, :val3009, :val3010, :val3011, :val3012, :val3013, :val3014, :val3015, :val3016, :val3017, :val3018, :val3019, :val3020, :val3021, :val3022, :val3023, :val3024, :val3025, :val3026, :val3027, :val3028, :val3029, :val3030, :val3031, :val3032, :val3033, :val3034, :val3035, :val3036, :val3037, :val3038, :val3039, :val3040, :val3041, :val3042, :val3043, :val3044, :val3045, :val3046, :val3047, :val3048, :val3049, :val3050, :val3051, :val3052, :val3053, :val3054, :val3055, :val3056, :val3057, :val3058, :val3059, :val3060, :val3061, :val3062, :val3063, :val3064, :val3065, :val3066, :val3067, :val3068, :val3069, :val3070, :val3071, :val3072, :val3073, :val3074, :val3075, :val3076, :val3077, :val3078, :val3079, :val3080, :val3081, :val3082, :val3083, :val3084, :val3085, :val3086, :val3087, :val3088, :val3089, :val3090, :val3091, :val3092, :val3093, :val3094, :val3095, :val3096, :val3097, :val3098, :val3099, :val3100, :val3101, :val3102, :val3103, :val3104, :val3105, :val3106, :val3107, :val3108, :val3109, :val3110, :val3111, :val3112, :val3113, :val3114, :val3115, :val3116, :val3117, :val3118, :val3119, :val3120, :val3121, :val3122, :val3123, :val3124, :val3125, :val3126, :val3127, :val3128, :val3129, :val3130, :val3131, :val3132, :val3133, :val3134, :val3135, :val3136, :val3137, :val3138, :val3139, :val3140, :val3141, :val3142, :val3143, :val3144, :val3145, :val3146, :val3147, :val3148, :val3149, :val3150, :val3151, :val3152, :val3153, :val3154, :val3155, :val3156, :val3157, :val3158, :val3159, :val3160, :val3161, :val3162, :val3163, :val3164, :val3165, :val3166, :val3167, :val3168, :val3169, :val3170, :val3171, :val3172, :val3173, :val3174, :val3175, :val3176, :val3177, :val3178, :val3179, :val3180, :val3181, :val3182, :val3183, :val3184, :val3185, :val3186, :val3187, :val3188, :val3189, :val3190, :val3191, :val3192, :val3193, :val3194, :val3195, :val3196, :val3197, :val3198, :val3199, :val3200, :val3201, :val3202, :val3203, :val3204, :val3205, :val3206, :val3207, :val3208, :val3209, :val3210, :val3211, :val3212, :val3213, :val3214, :val3215, :val3216, :val3217, :val3218, :val3219, :val3220, :val3221, :val3222, :val3223, :val3224, :val3225, :val3226, :val3227, :val3228, :val3229, :val3230, :val3231, :val3232, :val3233, :val3234, :val3235, :val3236, :val3237, :val3238, :val3239, :val3240, :val3241, :val3242, :val3243, :val3244, :val3245, :val3246, :val3247, :val3248, :val3249, :val3250, :val3251, :val3252, :val3253, :val3254, :val3255, :val3256, :val3257, :val3258, :val3259, :val3260, :val3261, :val3262, :val3263, :val3264, :val3265, :val3266, :val3267, :val3268, :val3269, :val3270, :val3271, :val3272, :val3273, :val3274, :val3275, :val3276, :val3277, :val3278, :val3279, :val3280, :val3281, :val3282, :val3283, :val3284, :val3285, :val3286, :val3287, :val3288, :val3289, :val3290, :val3291, :val3292, :val3293, :val3294, :val3295, :val3296, :val3297, :val3298, :val3299, :val3300, :val3301, :val3302, :val3303, :val3304, :val3305, :val3306, :val3307, :val3308, :val3309, :val3310, :val3311, :val3312, :val3313, :val3314, :val3315, :val3316, :val3317, :val3318, :val3319, :val3320, :val3321, :val3322, :val3323, :val3324, :val3325, :val3326, :val3327, :val3328, :val3329, :val3330, :val3331, :val3332, :val3333, :val3334, :val3335, :val3336, :val3337, :val3338, :val3339, :val3340, :val3341, :val3342, :val3343, :val3344, :val3345, :val3346, :val3347, :val3348, :val3349, :val3350, :val3351, :val3352, :val3353, :val3354, :val3355, :val3356, :val3357, :val3358, :val3359, :val3360, :val3361, :val3362, :val3363, :val3364, :val3365, :val3366, :val3367, :val3368, :val3369, :val3370, :val3371, :val3372, :val3373, :val3374, :val3375, :val3376, :val3377, :val3378, :val3379, :val3380, :val3381, :val3382, :val3383, :val3384, :val3385, :val3386, :val3387, :val3388, :val3389, :val3390, :val3391, :val3392, :val3393, :val3394, :val3395, :val3396, :val3397, :val3398, :val3399, :val3400, :val3401, :val3402, :val3403, :val3404, :val3405, :val3406, :val3407, :val3408, :val3409, :val3410, :val3411, :val3412, :val3413, :val3414, :val3415, :val3416, :val3417, :val3418, :val3419, :val3420, :val3421, :val3422, :val3423, :val3424, :val3425, :val3426, :val3427, :val3428, :val3429, :val3430, :val3431, :val3432, :val3433, :val3434, :val3435, :val3436, :val3437, :val3438, :val3439, :val3440, :val3441, :val3442, :val3443, :val3444, :val3445, :val3446, :val3447, :val3448, :val3449, :val3450, :val3451, :val3452, :val3453, :val3454, :val3455, :val3456, :val3457, :val3458, :val3459, :val3460, :val3461, :val3462, :val3463, :val3464, :val3465, :val3466, :val3467, :val3468, :val3469, :val3470, :val3471, :val3472, :val3473, :val3474, :val3475, :val3476, :val3477, :val3478, :val3479, :val3480, :val3481, :val3482, :val3483, :val3484, :val3485, :val3486, :val3487, :val3488, :val3489, :val3490, :val3491, :val3492, :val3493, :val3494, :val3495, :val3496, :val3497, :val3498, :val3499, :val3500, :val3501, :val3502, :val3503, :val3504, :val3505, :val3506, :val3507, :val3508, :val3509, :val3510, :val3511, :val3512, :val3513, :val3514, :val3515, :val3516, :val3517, :val3518, :val3519, :val3520, :val3521, :val3522, :val3523, :val3524, :val3525, :val3526, :val3527, :val3528, :val3529, :val3530, :val3531, :val3532) AND `工单类型` = '投诉举报类' GROUP BY `客户类型` ORDER BY `数量` DESC LIMIT 5000;
2025-05-27 08:24:38,299 ChatBI->     INFO     websocket发送的数据为：{"sql_gen": "SELECT `客户类型`, COUNT(*) AS `数量` FROM shanghai WHERE `内容描述` LIKE '%物业管理不善%' AND `工单类型` = '投诉举报类' GROUP BY `客户类型` ORDER BY `数量` DESC LIMIT 5000;"}
2025-05-27 08:24:38,300 ChatBI->     INFO     websocket发送的数据为：{"response": [{"客户类型": "个人", "数量": 1728}, {"客户类型": "企业", "数量": 4}]}
2025-05-27 08:24:39,667 ChatBI->     INFO     sql 语句：SELECT * FROM shanghai WHERE  `内容描述` IN (:val0, :val1, :val2, :val3, :val4, :val5, :val6, :val7, :val8, :val9, :val10, :val11, :val12, :val13, :val14, :val15, :val16, :val17, :val18, :val19, :val20, :val21, :val22, :val23, :val24, :val25, :val26, :val27, :val28, :val29, :val30, :val31, :val32, :val33, :val34, :val35, :val36, :val37, :val38, :val39, :val40, :val41, :val42, :val43, :val44, :val45, :val46, :val47, :val48, :val49, :val50, :val51, :val52, :val53, :val54, :val55, :val56, :val57, :val58, :val59, :val60, :val61, :val62, :val63, :val64, :val65, :val66, :val67, :val68, :val69, :val70, :val71, :val72, :val73, :val74, :val75, :val76, :val77, :val78, :val79, :val80, :val81, :val82, :val83, :val84, :val85, :val86, :val87, :val88, :val89, :val90, :val91, :val92, :val93, :val94, :val95, :val96, :val97, :val98, :val99, :val100, :val101, :val102, :val103, :val104, :val105, :val106, :val107, :val108, :val109, :val110, :val111, :val112, :val113, :val114, :val115, :val116, :val117, :val118, :val119, :val120, :val121, :val122, :val123, :val124, :val125, :val126, :val127, :val128, :val129, :val130, :val131, :val132, :val133, :val134, :val135, :val136, :val137, :val138, :val139, :val140, :val141, :val142, :val143, :val144, :val145, :val146, :val147, :val148, :val149, :val150, :val151, :val152, :val153, :val154, :val155, :val156, :val157, :val158, :val159, :val160, :val161, :val162, :val163, :val164, :val165, :val166, :val167, :val168, :val169, :val170, :val171, :val172, :val173, :val174, :val175, :val176, :val177, :val178, :val179, :val180, :val181, :val182, :val183, :val184, :val185, :val186, :val187, :val188, :val189, :val190, :val191, :val192, :val193, :val194, :val195, :val196, :val197, :val198, :val199, :val200, :val201, :val202, :val203, :val204, :val205, :val206, :val207, :val208, :val209, :val210, :val211, :val212, :val213, :val214, :val215, :val216, :val217, :val218, :val219, :val220, :val221, :val222, :val223, :val224, :val225, :val226, :val227, :val228, :val229, :val230, :val231, :val232, :val233, :val234, :val235, :val236, :val237, :val238, :val239, :val240, :val241, :val242, :val243, :val244, :val245, :val246, :val247, :val248, :val249, :val250, :val251, :val252, :val253, :val254, :val255, :val256, :val257, :val258, :val259, :val260, :val261, :val262, :val263, :val264, :val265, :val266, :val267, :val268, :val269, :val270, :val271, :val272, :val273, :val274, :val275, :val276, :val277, :val278, :val279, :val280, :val281, :val282, :val283, :val284, :val285, :val286, :val287, :val288, :val289, :val290, :val291, :val292, :val293, :val294, :val295, :val296, :val297, :val298, :val299, :val300, :val301, :val302, :val303, :val304, :val305, :val306, :val307, :val308, :val309, :val310, :val311, :val312, :val313, :val314, :val315, :val316, :val317, :val318, :val319, :val320, :val321, :val322, :val323, :val324, :val325, :val326, :val327, :val328, :val329, :val330, :val331, :val332, :val333, :val334, :val335, :val336, :val337, :val338, :val339, :val340, :val341, :val342, :val343, :val344, :val345, :val346, :val347, :val348, :val349, :val350, :val351, :val352, :val353, :val354, :val355, :val356, :val357, :val358, :val359, :val360, :val361, :val362, :val363, :val364, :val365, :val366, :val367, :val368, :val369, :val370, :val371, :val372, :val373, :val374, :val375, :val376, :val377, :val378, :val379, :val380, :val381, :val382, :val383, :val384, :val385, :val386, :val387, :val388, :val389, :val390, :val391, :val392, :val393, :val394, :val395, :val396, :val397, :val398, :val399, :val400, :val401, :val402, :val403, :val404, :val405, :val406, :val407, :val408, :val409, :val410, :val411, :val412, :val413, :val414, :val415, :val416, :val417, :val418, :val419, :val420, :val421, :val422, :val423, :val424, :val425, :val426, :val427, :val428, :val429, :val430, :val431, :val432, :val433, :val434, :val435, :val436, :val437, :val438, :val439, :val440, :val441, :val442, :val443, :val444, :val445, :val446, :val447, :val448, :val449, :val450, :val451, :val452, :val453, :val454, :val455, :val456, :val457, :val458, :val459, :val460, :val461, :val462, :val463, :val464, :val465, :val466, :val467, :val468, :val469, :val470, :val471, :val472, :val473, :val474, :val475, :val476, :val477, :val478, :val479, :val480, :val481, :val482, :val483, :val484, :val485, :val486, :val487, :val488, :val489, :val490, :val491, :val492, :val493, :val494, :val495, :val496, :val497, :val498, :val499, :val500, :val501, :val502, :val503, :val504, :val505, :val506, :val507, :val508, :val509, :val510, :val511, :val512, :val513, :val514, :val515, :val516, :val517, :val518, :val519, :val520, :val521, :val522, :val523, :val524, :val525, :val526, :val527, :val528, :val529, :val530, :val531, :val532, :val533, :val534, :val535, :val536, :val537, :val538, :val539, :val540, :val541, :val542, :val543, :val544, :val545, :val546, :val547, :val548, :val549, :val550, :val551, :val552, :val553, :val554, :val555, :val556, :val557, :val558, :val559, :val560, :val561, :val562, :val563, :val564, :val565, :val566, :val567, :val568, :val569, :val570, :val571, :val572, :val573, :val574, :val575, :val576, :val577, :val578, :val579, :val580, :val581, :val582, :val583, :val584, :val585, :val586, :val587, :val588, :val589, :val590, :val591, :val592, :val593, :val594, :val595, :val596, :val597, :val598, :val599, :val600, :val601, :val602, :val603, :val604, :val605, :val606, :val607, :val608, :val609, :val610, :val611, :val612, :val613, :val614, :val615, :val616, :val617, :val618, :val619, :val620, :val621, :val622, :val623, :val624, :val625, :val626, :val627, :val628, :val629, :val630, :val631, :val632, :val633, :val634, :val635, :val636, :val637, :val638, :val639, :val640, :val641, :val642, :val643, :val644, :val645, :val646, :val647, :val648, :val649, :val650, :val651, :val652, :val653, :val654, :val655, :val656, :val657, :val658, :val659, :val660, :val661, :val662, :val663, :val664, :val665, :val666, :val667, :val668, :val669, :val670, :val671, :val672, :val673, :val674, :val675, :val676, :val677, :val678, :val679, :val680, :val681, :val682, :val683, :val684, :val685, :val686, :val687, :val688, :val689, :val690, :val691, :val692, :val693, :val694, :val695, :val696, :val697, :val698, :val699, :val700, :val701, :val702, :val703, :val704, :val705, :val706, :val707, :val708, :val709, :val710, :val711, :val712, :val713, :val714, :val715, :val716, :val717, :val718, :val719, :val720, :val721, :val722, :val723, :val724, :val725, :val726, :val727, :val728, :val729, :val730, :val731, :val732, :val733, :val734, :val735, :val736, :val737, :val738, :val739, :val740, :val741, :val742, :val743, :val744, :val745, :val746, :val747, :val748, :val749, :val750, :val751, :val752, :val753, :val754, :val755, :val756, :val757, :val758, :val759, :val760, :val761, :val762, :val763, :val764, :val765, :val766, :val767, :val768, :val769, :val770, :val771, :val772, :val773, :val774, :val775, :val776, :val777, :val778, :val779, :val780, :val781, :val782, :val783, :val784, :val785, :val786, :val787, :val788, :val789, :val790, :val791, :val792, :val793, :val794, :val795, :val796, :val797, :val798, :val799, :val800, :val801, :val802, :val803, :val804, :val805, :val806, :val807, :val808, :val809, :val810, :val811, :val812, :val813, :val814, :val815, :val816, :val817, :val818, :val819, :val820, :val821, :val822, :val823, :val824, :val825, :val826, :val827, :val828, :val829, :val830, :val831, :val832, :val833, :val834, :val835, :val836, :val837, :val838, :val839, :val840, :val841, :val842, :val843, :val844, :val845, :val846, :val847, :val848, :val849, :val850, :val851, :val852, :val853, :val854, :val855, :val856, :val857, :val858, :val859, :val860, :val861, :val862, :val863, :val864, :val865, :val866, :val867, :val868, :val869, :val870, :val871, :val872, :val873, :val874, :val875, :val876, :val877, :val878, :val879, :val880, :val881, :val882, :val883, :val884, :val885, :val886, :val887, :val888, :val889, :val890, :val891, :val892, :val893, :val894, :val895, :val896, :val897, :val898, :val899, :val900, :val901, :val902, :val903, :val904, :val905, :val906, :val907, :val908, :val909, :val910, :val911, :val912, :val913, :val914, :val915, :val916, :val917, :val918, :val919, :val920, :val921, :val922, :val923, :val924, :val925, :val926, :val927, :val928, :val929, :val930, :val931, :val932, :val933, :val934, :val935, :val936, :val937, :val938, :val939, :val940, :val941, :val942, :val943, :val944, :val945, :val946, :val947, :val948, :val949, :val950, :val951, :val952, :val953, :val954, :val955, :val956, :val957, :val958, :val959, :val960, :val961, :val962, :val963, :val964, :val965, :val966, :val967, :val968, :val969, :val970, :val971, :val972, :val973, :val974, :val975, :val976, :val977, :val978, :val979, :val980, :val981, :val982, :val983, :val984, :val985, :val986, :val987, :val988, :val989, :val990, :val991, :val992, :val993, :val994, :val995, :val996, :val997, :val998, :val999, :val1000, :val1001, :val1002, :val1003, :val1004, :val1005, :val1006, :val1007, :val1008, :val1009, :val1010, :val1011, :val1012, :val1013, :val1014, :val1015, :val1016, :val1017, :val1018, :val1019, :val1020, :val1021, :val1022, :val1023, :val1024, :val1025, :val1026, :val1027, :val1028, :val1029, :val1030, :val1031, :val1032, :val1033, :val1034, :val1035, :val1036, :val1037, :val1038, :val1039, :val1040, :val1041, :val1042, :val1043, :val1044, :val1045, :val1046, :val1047, :val1048, :val1049, :val1050, :val1051, :val1052, :val1053, :val1054, :val1055, :val1056, :val1057, :val1058, :val1059, :val1060, :val1061, :val1062, :val1063, :val1064, :val1065, :val1066, :val1067, :val1068, :val1069, :val1070, :val1071, :val1072, :val1073, :val1074, :val1075, :val1076, :val1077, :val1078, :val1079, :val1080, :val1081, :val1082, :val1083, :val1084, :val1085, :val1086, :val1087, :val1088, :val1089, :val1090, :val1091, :val1092, :val1093, :val1094, :val1095, :val1096, :val1097, :val1098, :val1099, :val1100, :val1101, :val1102, :val1103, :val1104, :val1105, :val1106, :val1107, :val1108, :val1109, :val1110, :val1111, :val1112, :val1113, :val1114, :val1115, :val1116, :val1117, :val1118, :val1119, :val1120, :val1121, :val1122, :val1123, :val1124, :val1125, :val1126, :val1127, :val1128, :val1129, :val1130, :val1131, :val1132, :val1133, :val1134, :val1135, :val1136, :val1137, :val1138, :val1139, :val1140, :val1141, :val1142, :val1143, :val1144, :val1145, :val1146, :val1147, :val1148, :val1149, :val1150, :val1151, :val1152, :val1153, :val1154, :val1155, :val1156, :val1157, :val1158, :val1159, :val1160, :val1161, :val1162, :val1163, :val1164, :val1165, :val1166, :val1167, :val1168, :val1169, :val1170, :val1171, :val1172, :val1173, :val1174, :val1175, :val1176, :val1177, :val1178, :val1179, :val1180, :val1181, :val1182, :val1183, :val1184, :val1185, :val1186, :val1187, :val1188, :val1189, :val1190, :val1191, :val1192, :val1193, :val1194, :val1195, :val1196, :val1197, :val1198, :val1199, :val1200, :val1201, :val1202, :val1203, :val1204, :val1205, :val1206, :val1207, :val1208, :val1209, :val1210, :val1211, :val1212, :val1213, :val1214, :val1215, :val1216, :val1217, :val1218, :val1219, :val1220, :val1221, :val1222, :val1223, :val1224, :val1225, :val1226, :val1227, :val1228, :val1229, :val1230, :val1231, :val1232, :val1233, :val1234, :val1235, :val1236, :val1237, :val1238, :val1239, :val1240, :val1241, :val1242, :val1243, :val1244, :val1245, :val1246, :val1247, :val1248, :val1249, :val1250, :val1251, :val1252, :val1253, :val1254, :val1255, :val1256, :val1257, :val1258, :val1259, :val1260, :val1261, :val1262, :val1263, :val1264, :val1265, :val1266, :val1267, :val1268, :val1269, :val1270, :val1271, :val1272, :val1273, :val1274, :val1275, :val1276, :val1277, :val1278, :val1279, :val1280, :val1281, :val1282, :val1283, :val1284, :val1285, :val1286, :val1287, :val1288, :val1289, :val1290, :val1291, :val1292, :val1293, :val1294, :val1295, :val1296, :val1297, :val1298, :val1299, :val1300, :val1301, :val1302, :val1303, :val1304, :val1305, :val1306, :val1307, :val1308, :val1309, :val1310, :val1311, :val1312, :val1313, :val1314, :val1315, :val1316, :val1317, :val1318, :val1319, :val1320, :val1321, :val1322, :val1323, :val1324, :val1325, :val1326, :val1327, :val1328, :val1329, :val1330, :val1331, :val1332, :val1333, :val1334, :val1335, :val1336, :val1337, :val1338, :val1339, :val1340, :val1341, :val1342, :val1343, :val1344, :val1345, :val1346, :val1347, :val1348, :val1349, :val1350, :val1351, :val1352, :val1353, :val1354, :val1355, :val1356, :val1357, :val1358, :val1359, :val1360, :val1361, :val1362, :val1363, :val1364, :val1365, :val1366, :val1367, :val1368, :val1369, :val1370, :val1371, :val1372, :val1373, :val1374, :val1375, :val1376, :val1377, :val1378, :val1379, :val1380, :val1381, :val1382, :val1383, :val1384, :val1385, :val1386, :val1387, :val1388, :val1389, :val1390, :val1391, :val1392, :val1393, :val1394, :val1395, :val1396, :val1397, :val1398, :val1399, :val1400, :val1401, :val1402, :val1403, :val1404, :val1405, :val1406, :val1407, :val1408, :val1409, :val1410, :val1411, :val1412, :val1413, :val1414, :val1415, :val1416, :val1417, :val1418, :val1419, :val1420, :val1421, :val1422, :val1423, :val1424, :val1425, :val1426, :val1427, :val1428, :val1429, :val1430, :val1431, :val1432, :val1433, :val1434, :val1435, :val1436, :val1437, :val1438, :val1439, :val1440, :val1441, :val1442, :val1443, :val1444, :val1445, :val1446, :val1447, :val1448, :val1449, :val1450, :val1451, :val1452, :val1453, :val1454, :val1455, :val1456, :val1457, :val1458, :val1459, :val1460, :val1461, :val1462, :val1463, :val1464, :val1465, :val1466, :val1467, :val1468, :val1469, :val1470, :val1471, :val1472, :val1473, :val1474, :val1475, :val1476, :val1477, :val1478, :val1479, :val1480, :val1481, :val1482, :val1483, :val1484, :val1485, :val1486, :val1487, :val1488, :val1489, :val1490, :val1491, :val1492, :val1493, :val1494, :val1495, :val1496, :val1497, :val1498, :val1499, :val1500, :val1501, :val1502, :val1503, :val1504, :val1505, :val1506, :val1507, :val1508, :val1509, :val1510, :val1511, :val1512, :val1513, :val1514, :val1515, :val1516, :val1517, :val1518, :val1519, :val1520, :val1521, :val1522, :val1523, :val1524, :val1525, :val1526, :val1527, :val1528, :val1529, :val1530, :val1531, :val1532, :val1533, :val1534, :val1535, :val1536, :val1537, :val1538, :val1539, :val1540, :val1541, :val1542, :val1543, :val1544, :val1545, :val1546, :val1547, :val1548, :val1549, :val1550, :val1551, :val1552, :val1553, :val1554, :val1555, :val1556, :val1557, :val1558, :val1559, :val1560, :val1561, :val1562, :val1563, :val1564, :val1565, :val1566, :val1567, :val1568, :val1569, :val1570, :val1571, :val1572, :val1573, :val1574, :val1575, :val1576, :val1577, :val1578, :val1579, :val1580, :val1581, :val1582, :val1583, :val1584, :val1585, :val1586, :val1587, :val1588, :val1589, :val1590, :val1591, :val1592, :val1593, :val1594, :val1595, :val1596, :val1597, :val1598, :val1599, :val1600, :val1601, :val1602, :val1603, :val1604, :val1605, :val1606, :val1607, :val1608, :val1609, :val1610, :val1611, :val1612, :val1613, :val1614, :val1615, :val1616, :val1617, :val1618, :val1619, :val1620, :val1621, :val1622, :val1623, :val1624, :val1625, :val1626, :val1627, :val1628, :val1629, :val1630, :val1631, :val1632, :val1633, :val1634, :val1635, :val1636, :val1637, :val1638, :val1639, :val1640, :val1641, :val1642, :val1643, :val1644, :val1645, :val1646, :val1647, :val1648, :val1649, :val1650, :val1651, :val1652, :val1653, :val1654, :val1655, :val1656, :val1657, :val1658, :val1659, :val1660, :val1661, :val1662, :val1663, :val1664, :val1665, :val1666, :val1667, :val1668, :val1669, :val1670, :val1671, :val1672, :val1673, :val1674, :val1675, :val1676, :val1677, :val1678, :val1679, :val1680, :val1681, :val1682, :val1683, :val1684, :val1685, :val1686, :val1687, :val1688, :val1689, :val1690, :val1691, :val1692, :val1693, :val1694, :val1695, :val1696, :val1697, :val1698, :val1699, :val1700, :val1701, :val1702, :val1703, :val1704, :val1705, :val1706, :val1707, :val1708, :val1709, :val1710, :val1711, :val1712, :val1713, :val1714, :val1715, :val1716, :val1717, :val1718, :val1719, :val1720, :val1721, :val1722, :val1723, :val1724, :val1725, :val1726, :val1727, :val1728, :val1729, :val1730, :val1731, :val1732, :val1733, :val1734, :val1735, :val1736, :val1737, :val1738, :val1739, :val1740, :val1741, :val1742, :val1743, :val1744, :val1745, :val1746, :val1747, :val1748, :val1749, :val1750, :val1751, :val1752, :val1753, :val1754, :val1755, :val1756, :val1757, :val1758, :val1759, :val1760, :val1761, :val1762, :val1763, :val1764, :val1765, :val1766, :val1767, :val1768, :val1769, :val1770, :val1771, :val1772, :val1773, :val1774, :val1775, :val1776, :val1777, :val1778, :val1779, :val1780, :val1781, :val1782, :val1783, :val1784, :val1785, :val1786, :val1787, :val1788, :val1789, :val1790, :val1791, :val1792, :val1793, :val1794, :val1795, :val1796, :val1797, :val1798, :val1799, :val1800, :val1801, :val1802, :val1803, :val1804, :val1805, :val1806, :val1807, :val1808, :val1809, :val1810, :val1811, :val1812, :val1813, :val1814, :val1815, :val1816, :val1817, :val1818, :val1819, :val1820, :val1821, :val1822, :val1823, :val1824, :val1825, :val1826, :val1827, :val1828, :val1829, :val1830, :val1831, :val1832, :val1833, :val1834, :val1835, :val1836, :val1837, :val1838, :val1839, :val1840, :val1841, :val1842, :val1843, :val1844, :val1845, :val1846, :val1847, :val1848, :val1849, :val1850, :val1851, :val1852, :val1853, :val1854, :val1855, :val1856, :val1857, :val1858, :val1859, :val1860, :val1861, :val1862, :val1863, :val1864, :val1865, :val1866, :val1867, :val1868, :val1869, :val1870, :val1871, :val1872, :val1873, :val1874, :val1875, :val1876, :val1877, :val1878, :val1879, :val1880, :val1881, :val1882, :val1883, :val1884, :val1885, :val1886, :val1887, :val1888, :val1889, :val1890, :val1891, :val1892, :val1893, :val1894, :val1895, :val1896, :val1897, :val1898, :val1899, :val1900, :val1901, :val1902, :val1903, :val1904, :val1905, :val1906, :val1907, :val1908, :val1909, :val1910, :val1911, :val1912, :val1913, :val1914, :val1915, :val1916, :val1917, :val1918, :val1919, :val1920, :val1921, :val1922, :val1923, :val1924, :val1925, :val1926, :val1927, :val1928, :val1929, :val1930, :val1931, :val1932, :val1933, :val1934, :val1935, :val1936, :val1937, :val1938, :val1939, :val1940, :val1941, :val1942, :val1943, :val1944, :val1945, :val1946, :val1947, :val1948, :val1949, :val1950, :val1951, :val1952, :val1953, :val1954, :val1955, :val1956, :val1957, :val1958, :val1959, :val1960, :val1961, :val1962, :val1963, :val1964, :val1965, :val1966, :val1967, :val1968, :val1969, :val1970, :val1971, :val1972, :val1973, :val1974, :val1975, :val1976, :val1977, :val1978, :val1979, :val1980, :val1981, :val1982, :val1983, :val1984, :val1985, :val1986, :val1987, :val1988, :val1989, :val1990, :val1991, :val1992, :val1993, :val1994, :val1995, :val1996, :val1997, :val1998, :val1999, :val2000, :val2001, :val2002, :val2003, :val2004, :val2005, :val2006, :val2007, :val2008, :val2009, :val2010, :val2011, :val2012, :val2013, :val2014, :val2015, :val2016, :val2017, :val2018, :val2019, :val2020, :val2021, :val2022, :val2023, :val2024, :val2025, :val2026, :val2027, :val2028, :val2029, :val2030, :val2031, :val2032, :val2033, :val2034, :val2035, :val2036, :val2037, :val2038, :val2039, :val2040, :val2041, :val2042, :val2043, :val2044, :val2045, :val2046, :val2047, :val2048, :val2049, :val2050, :val2051, :val2052, :val2053, :val2054, :val2055, :val2056, :val2057, :val2058, :val2059, :val2060, :val2061, :val2062, :val2063, :val2064, :val2065, :val2066, :val2067, :val2068, :val2069, :val2070, :val2071, :val2072, :val2073, :val2074, :val2075, :val2076, :val2077, :val2078, :val2079, :val2080, :val2081, :val2082, :val2083, :val2084, :val2085, :val2086, :val2087, :val2088, :val2089, :val2090, :val2091, :val2092, :val2093, :val2094, :val2095, :val2096, :val2097, :val2098, :val2099, :val2100, :val2101, :val2102, :val2103, :val2104, :val2105, :val2106, :val2107, :val2108, :val2109, :val2110, :val2111, :val2112, :val2113, :val2114, :val2115, :val2116, :val2117, :val2118, :val2119, :val2120, :val2121, :val2122, :val2123, :val2124, :val2125, :val2126, :val2127, :val2128, :val2129, :val2130, :val2131, :val2132, :val2133, :val2134, :val2135, :val2136, :val2137, :val2138, :val2139, :val2140, :val2141, :val2142, :val2143, :val2144, :val2145, :val2146, :val2147, :val2148, :val2149, :val2150, :val2151, :val2152, :val2153, :val2154, :val2155, :val2156, :val2157, :val2158, :val2159, :val2160, :val2161, :val2162, :val2163, :val2164, :val2165, :val2166, :val2167, :val2168, :val2169, :val2170, :val2171, :val2172, :val2173, :val2174, :val2175, :val2176, :val2177, :val2178, :val2179, :val2180, :val2181, :val2182, :val2183, :val2184, :val2185, :val2186, :val2187, :val2188, :val2189, :val2190, :val2191, :val2192, :val2193, :val2194, :val2195, :val2196, :val2197, :val2198, :val2199, :val2200, :val2201, :val2202, :val2203, :val2204, :val2205, :val2206, :val2207, :val2208, :val2209, :val2210, :val2211, :val2212, :val2213, :val2214, :val2215, :val2216, :val2217, :val2218, :val2219, :val2220, :val2221, :val2222, :val2223, :val2224, :val2225, :val2226, :val2227, :val2228, :val2229, :val2230, :val2231, :val2232, :val2233, :val2234, :val2235, :val2236, :val2237, :val2238, :val2239, :val2240, :val2241, :val2242, :val2243, :val2244, :val2245, :val2246, :val2247, :val2248, :val2249, :val2250, :val2251, :val2252, :val2253, :val2254, :val2255, :val2256, :val2257, :val2258, :val2259, :val2260, :val2261, :val2262, :val2263, :val2264, :val2265, :val2266, :val2267, :val2268, :val2269, :val2270, :val2271, :val2272, :val2273, :val2274, :val2275, :val2276, :val2277, :val2278, :val2279, :val2280, :val2281, :val2282, :val2283, :val2284, :val2285, :val2286, :val2287, :val2288, :val2289, :val2290, :val2291, :val2292, :val2293, :val2294, :val2295, :val2296, :val2297, :val2298, :val2299, :val2300, :val2301, :val2302, :val2303, :val2304, :val2305, :val2306, :val2307, :val2308, :val2309, :val2310, :val2311, :val2312, :val2313, :val2314, :val2315, :val2316, :val2317, :val2318, :val2319, :val2320, :val2321, :val2322, :val2323, :val2324, :val2325, :val2326, :val2327, :val2328, :val2329, :val2330, :val2331, :val2332, :val2333, :val2334, :val2335, :val2336, :val2337, :val2338, :val2339, :val2340, :val2341, :val2342, :val2343, :val2344, :val2345, :val2346, :val2347, :val2348, :val2349, :val2350, :val2351, :val2352, :val2353, :val2354, :val2355, :val2356, :val2357, :val2358, :val2359, :val2360, :val2361, :val2362, :val2363, :val2364, :val2365, :val2366, :val2367, :val2368, :val2369, :val2370, :val2371, :val2372, :val2373, :val2374, :val2375, :val2376, :val2377, :val2378, :val2379, :val2380, :val2381, :val2382, :val2383, :val2384, :val2385, :val2386, :val2387, :val2388, :val2389, :val2390, :val2391, :val2392, :val2393, :val2394, :val2395, :val2396, :val2397, :val2398, :val2399, :val2400, :val2401, :val2402, :val2403, :val2404, :val2405, :val2406, :val2407, :val2408, :val2409, :val2410, :val2411, :val2412, :val2413, :val2414, :val2415, :val2416, :val2417, :val2418, :val2419, :val2420, :val2421, :val2422, :val2423, :val2424, :val2425, :val2426, :val2427, :val2428, :val2429, :val2430, :val2431, :val2432, :val2433, :val2434, :val2435, :val2436, :val2437, :val2438, :val2439, :val2440, :val2441, :val2442, :val2443, :val2444, :val2445, :val2446, :val2447, :val2448, :val2449, :val2450, :val2451, :val2452, :val2453, :val2454, :val2455, :val2456, :val2457, :val2458, :val2459, :val2460, :val2461, :val2462, :val2463, :val2464, :val2465, :val2466, :val2467, :val2468, :val2469, :val2470, :val2471, :val2472, :val2473, :val2474, :val2475, :val2476, :val2477, :val2478, :val2479, :val2480, :val2481, :val2482, :val2483, :val2484, :val2485, :val2486, :val2487, :val2488, :val2489, :val2490, :val2491, :val2492, :val2493, :val2494, :val2495, :val2496, :val2497, :val2498, :val2499, :val2500, :val2501, :val2502, :val2503, :val2504, :val2505, :val2506, :val2507, :val2508, :val2509, :val2510, :val2511, :val2512, :val2513, :val2514, :val2515, :val2516, :val2517, :val2518, :val2519, :val2520, :val2521, :val2522, :val2523, :val2524, :val2525, :val2526, :val2527, :val2528, :val2529, :val2530, :val2531, :val2532, :val2533, :val2534, :val2535, :val2536, :val2537, :val2538, :val2539, :val2540, :val2541, :val2542, :val2543, :val2544, :val2545, :val2546, :val2547, :val2548, :val2549, :val2550, :val2551, :val2552, :val2553, :val2554, :val2555, :val2556, :val2557, :val2558, :val2559, :val2560, :val2561, :val2562, :val2563, :val2564, :val2565, :val2566, :val2567, :val2568, :val2569, :val2570, :val2571, :val2572, :val2573, :val2574, :val2575, :val2576, :val2577, :val2578, :val2579, :val2580, :val2581, :val2582, :val2583, :val2584, :val2585, :val2586, :val2587, :val2588, :val2589, :val2590, :val2591, :val2592, :val2593, :val2594, :val2595, :val2596, :val2597, :val2598, :val2599, :val2600, :val2601, :val2602, :val2603, :val2604, :val2605, :val2606, :val2607, :val2608, :val2609, :val2610, :val2611, :val2612, :val2613, :val2614, :val2615, :val2616, :val2617, :val2618, :val2619, :val2620, :val2621, :val2622, :val2623, :val2624, :val2625, :val2626, :val2627, :val2628, :val2629, :val2630, :val2631, :val2632, :val2633, :val2634, :val2635, :val2636, :val2637, :val2638, :val2639, :val2640, :val2641, :val2642, :val2643, :val2644, :val2645, :val2646, :val2647, :val2648, :val2649, :val2650, :val2651, :val2652, :val2653, :val2654, :val2655, :val2656, :val2657, :val2658, :val2659, :val2660, :val2661, :val2662, :val2663, :val2664, :val2665, :val2666, :val2667, :val2668, :val2669, :val2670, :val2671, :val2672, :val2673, :val2674, :val2675, :val2676, :val2677, :val2678, :val2679, :val2680, :val2681, :val2682, :val2683, :val2684, :val2685, :val2686, :val2687, :val2688, :val2689, :val2690, :val2691, :val2692, :val2693, :val2694, :val2695, :val2696, :val2697, :val2698, :val2699, :val2700, :val2701, :val2702, :val2703, :val2704, :val2705, :val2706, :val2707, :val2708, :val2709, :val2710, :val2711, :val2712, :val2713, :val2714, :val2715, :val2716, :val2717, :val2718, :val2719, :val2720, :val2721, :val2722, :val2723, :val2724, :val2725, :val2726, :val2727, :val2728, :val2729, :val2730, :val2731, :val2732, :val2733, :val2734, :val2735, :val2736, :val2737, :val2738, :val2739, :val2740, :val2741, :val2742, :val2743, :val2744, :val2745, :val2746, :val2747, :val2748, :val2749, :val2750, :val2751, :val2752, :val2753, :val2754, :val2755, :val2756, :val2757, :val2758, :val2759, :val2760, :val2761, :val2762, :val2763, :val2764, :val2765, :val2766, :val2767, :val2768, :val2769, :val2770, :val2771, :val2772, :val2773, :val2774, :val2775, :val2776, :val2777, :val2778, :val2779, :val2780, :val2781, :val2782, :val2783, :val2784, :val2785, :val2786, :val2787, :val2788, :val2789, :val2790, :val2791, :val2792, :val2793, :val2794, :val2795, :val2796, :val2797, :val2798, :val2799, :val2800, :val2801, :val2802, :val2803, :val2804, :val2805, :val2806, :val2807, :val2808, :val2809, :val2810, :val2811, :val2812, :val2813, :val2814, :val2815, :val2816, :val2817, :val2818, :val2819, :val2820, :val2821, :val2822, :val2823, :val2824, :val2825, :val2826, :val2827, :val2828, :val2829, :val2830, :val2831, :val2832, :val2833, :val2834, :val2835, :val2836, :val2837, :val2838, :val2839, :val2840, :val2841, :val2842, :val2843, :val2844, :val2845, :val2846, :val2847, :val2848, :val2849, :val2850, :val2851, :val2852, :val2853, :val2854, :val2855, :val2856, :val2857, :val2858, :val2859, :val2860, :val2861, :val2862, :val2863, :val2864, :val2865, :val2866, :val2867, :val2868, :val2869, :val2870, :val2871, :val2872, :val2873, :val2874, :val2875, :val2876, :val2877, :val2878, :val2879, :val2880, :val2881, :val2882, :val2883, :val2884, :val2885, :val2886, :val2887, :val2888, :val2889, :val2890, :val2891, :val2892, :val2893, :val2894, :val2895, :val2896, :val2897, :val2898, :val2899, :val2900, :val2901, :val2902, :val2903, :val2904, :val2905, :val2906, :val2907, :val2908, :val2909, :val2910, :val2911, :val2912, :val2913, :val2914, :val2915, :val2916, :val2917, :val2918, :val2919, :val2920, :val2921, :val2922, :val2923, :val2924, :val2925, :val2926, :val2927, :val2928, :val2929, :val2930, :val2931, :val2932, :val2933, :val2934, :val2935, :val2936, :val2937, :val2938, :val2939, :val2940, :val2941, :val2942, :val2943, :val2944, :val2945, :val2946, :val2947, :val2948, :val2949, :val2950, :val2951, :val2952, :val2953, :val2954, :val2955, :val2956, :val2957, :val2958, :val2959, :val2960, :val2961, :val2962, :val2963, :val2964, :val2965, :val2966, :val2967, :val2968, :val2969, :val2970, :val2971, :val2972, :val2973, :val2974, :val2975, :val2976, :val2977, :val2978, :val2979, :val2980, :val2981, :val2982, :val2983, :val2984, :val2985, :val2986, :val2987, :val2988, :val2989, :val2990, :val2991, :val2992, :val2993, :val2994, :val2995, :val2996, :val2997, :val2998, :val2999, :val3000, :val3001, :val3002, :val3003, :val3004, :val3005, :val3006, :val3007, :val3008, :val3009, :val3010, :val3011, :val3012, :val3013, :val3014, :val3015, :val3016, :val3017, :val3018, :val3019, :val3020, :val3021, :val3022, :val3023, :val3024, :val3025, :val3026, :val3027, :val3028, :val3029, :val3030, :val3031, :val3032, :val3033, :val3034, :val3035, :val3036, :val3037, :val3038, :val3039, :val3040, :val3041, :val3042, :val3043, :val3044, :val3045, :val3046, :val3047, :val3048, :val3049, :val3050, :val3051, :val3052, :val3053, :val3054, :val3055, :val3056, :val3057, :val3058, :val3059, :val3060, :val3061, :val3062, :val3063, :val3064, :val3065, :val3066, :val3067, :val3068, :val3069, :val3070, :val3071, :val3072, :val3073, :val3074, :val3075, :val3076, :val3077, :val3078, :val3079, :val3080, :val3081, :val3082, :val3083, :val3084, :val3085, :val3086, :val3087, :val3088, :val3089, :val3090, :val3091, :val3092, :val3093, :val3094, :val3095, :val3096, :val3097, :val3098, :val3099, :val3100, :val3101, :val3102, :val3103, :val3104, :val3105, :val3106, :val3107, :val3108, :val3109, :val3110, :val3111, :val3112, :val3113, :val3114, :val3115, :val3116, :val3117, :val3118, :val3119, :val3120, :val3121, :val3122, :val3123, :val3124, :val3125, :val3126, :val3127, :val3128, :val3129, :val3130, :val3131, :val3132, :val3133, :val3134, :val3135, :val3136, :val3137, :val3138, :val3139, :val3140, :val3141, :val3142, :val3143, :val3144, :val3145, :val3146, :val3147, :val3148, :val3149, :val3150, :val3151, :val3152, :val3153, :val3154, :val3155, :val3156, :val3157, :val3158, :val3159, :val3160, :val3161, :val3162, :val3163, :val3164, :val3165, :val3166, :val3167, :val3168, :val3169, :val3170, :val3171, :val3172, :val3173, :val3174, :val3175, :val3176, :val3177, :val3178, :val3179, :val3180, :val3181, :val3182, :val3183, :val3184, :val3185, :val3186, :val3187, :val3188, :val3189, :val3190, :val3191, :val3192, :val3193, :val3194, :val3195, :val3196, :val3197, :val3198, :val3199, :val3200, :val3201, :val3202, :val3203, :val3204, :val3205, :val3206, :val3207, :val3208, :val3209, :val3210, :val3211, :val3212, :val3213, :val3214, :val3215, :val3216, :val3217, :val3218, :val3219, :val3220, :val3221, :val3222, :val3223, :val3224, :val3225, :val3226, :val3227, :val3228, :val3229, :val3230, :val3231, :val3232, :val3233, :val3234, :val3235, :val3236, :val3237, :val3238, :val3239, :val3240, :val3241, :val3242, :val3243, :val3244, :val3245, :val3246, :val3247, :val3248, :val3249, :val3250, :val3251, :val3252, :val3253, :val3254, :val3255, :val3256, :val3257, :val3258, :val3259, :val3260, :val3261, :val3262, :val3263, :val3264, :val3265, :val3266, :val3267, :val3268, :val3269, :val3270, :val3271, :val3272, :val3273, :val3274, :val3275, :val3276, :val3277, :val3278, :val3279, :val3280, :val3281, :val3282, :val3283, :val3284, :val3285, :val3286, :val3287, :val3288, :val3289, :val3290, :val3291, :val3292, :val3293, :val3294, :val3295, :val3296, :val3297, :val3298, :val3299, :val3300, :val3301, :val3302, :val3303, :val3304, :val3305, :val3306, :val3307, :val3308, :val3309, :val3310, :val3311, :val3312, :val3313, :val3314, :val3315, :val3316, :val3317, :val3318, :val3319, :val3320, :val3321, :val3322, :val3323, :val3324, :val3325, :val3326, :val3327, :val3328, :val3329, :val3330, :val3331, :val3332, :val3333, :val3334, :val3335, :val3336, :val3337, :val3338, :val3339, :val3340, :val3341, :val3342, :val3343, :val3344, :val3345, :val3346, :val3347, :val3348, :val3349, :val3350, :val3351, :val3352, :val3353, :val3354, :val3355, :val3356, :val3357, :val3358, :val3359, :val3360, :val3361, :val3362, :val3363, :val3364, :val3365, :val3366, :val3367, :val3368, :val3369, :val3370, :val3371, :val3372, :val3373, :val3374, :val3375, :val3376, :val3377, :val3378, :val3379, :val3380, :val3381, :val3382, :val3383, :val3384, :val3385, :val3386, :val3387, :val3388, :val3389, :val3390, :val3391, :val3392, :val3393, :val3394, :val3395, :val3396, :val3397, :val3398, :val3399, :val3400, :val3401, :val3402, :val3403, :val3404, :val3405, :val3406, :val3407, :val3408, :val3409, :val3410, :val3411, :val3412, :val3413, :val3414, :val3415, :val3416, :val3417, :val3418, :val3419, :val3420, :val3421, :val3422, :val3423, :val3424, :val3425, :val3426, :val3427, :val3428, :val3429, :val3430, :val3431, :val3432, :val3433, :val3434, :val3435, :val3436, :val3437, :val3438, :val3439, :val3440, :val3441, :val3442, :val3443, :val3444, :val3445, :val3446, :val3447, :val3448, :val3449, :val3450, :val3451, :val3452, :val3453, :val3454, :val3455, :val3456, :val3457, :val3458, :val3459, :val3460, :val3461, :val3462, :val3463, :val3464, :val3465, :val3466, :val3467, :val3468, :val3469, :val3470, :val3471, :val3472, :val3473, :val3474, :val3475, :val3476, :val3477, :val3478, :val3479, :val3480, :val3481, :val3482, :val3483, :val3484, :val3485, :val3486, :val3487, :val3488, :val3489, :val3490, :val3491, :val3492, :val3493, :val3494, :val3495, :val3496, :val3497, :val3498, :val3499, :val3500, :val3501, :val3502, :val3503, :val3504, :val3505, :val3506, :val3507, :val3508, :val3509, :val3510, :val3511, :val3512, :val3513, :val3514, :val3515, :val3516, :val3517, :val3518, :val3519, :val3520, :val3521, :val3522, :val3523, :val3524, :val3525, :val3526, :val3527, :val3528, :val3529, :val3530, :val3531, :val3532) AND `工单类型` = '投诉举报类'
2025-05-27 08:24:45,019 ChatBI->     INFO     websocket发送的数据为：{"result_insight": "这些投诉物业管理不善的工单中，客户类型主要是个人，共有1728个，而企业客户仅有4个。"}
2025-05-27 08:24:47,005 ChatBI->     INFO     websocket发送的数据为：{"result_recommand": {"new_query_1": "这些投诉物业管理不善的工单中，哪个区域的投诉最多？", "new_query_2": "这些投诉物业管理不善的工单中，工单类别分布如何？", "new_query_3": "这些投诉物业管理不善的工单中，处理描述有哪些常见的问题？"}}
2025-05-27 08:24:47,261 ChatBI->     INFO     从199个需再次确认的文档中筛选出的相关文档数量：113
2025-05-27 08:24:47,261 ChatBI->     INFO     示例文档：['市民来电补充信息。市民补充信息内容为12月2日闵行区民生服务热线021962000打市民电话，其未能接听到，请管理部门尽快再次联系。【最近派发的工单编号：20241121028392，工单内容：市民来电反映:其之前在小区内被邻居言语侮辱，其弟弟在小区玩耍时被撞，要求小区物业调取监控，但物业多次以监控坏掉为由不让市民调取监控，物业屡教不改，小区内的监控长期损坏不维修，市民表示上述地址的居委会门口那条路监控永远是坏的，要么就是没有安设监控，小区内的安全无法得到保障，诉求：请管理部门核实，要求尽快添设小区监控设备，并立即维修小区内损坏的监控，避免后续无法调取监控的尴尬现象再次发生】', '【重新交办，按答复要点告知市民,市民表示答复要点与事实不符，对方只是进行了公示，实际之前根本就没有开过业主大会征询过业主的意见，且对方的行为本身违反了市政府的规定，额外在小区道路上开辟出来的车位不能作为固定车位出租使用，且车位登记等都是暗箱操作的。诉求：将额外的停车位改为公共车位让居民自有使用，希望管理部门尽快核实处理。（需要回复）最近办结的工单编号:20240830016405，工单内容:市民来电反映:上述地址是老小区，其小区95%以上的车位都变成了固定车位，最近成立了业委会在公示栏内张贴了业主规约公示，但是里面的条款有违反上海市政府发布的住宅物业相关规定的条例，现在给的方案是老人用老...', '市民来电反映:其是上述地址居民，其表示所住小区有多家居民装修过程中砸了承重墙，导致房子存在安全隐患，市民表示物业知晓不处理。诉求：小区加强管理并对砸承重墙要求整改。（市民要求信息保密 需回复）', '市民来电反映:市民是上述地址的业主，该处原定是9月底交房，但现在由于房屋外墙毛糙，非常不没按，有鼓包；阳台的落水槽没有，需要重新做；房屋开裂等问题都没有处理无法交房，物业和总包互相推脱不处理。市民表示房屋至今都没有交房。诉求：要求投诉，要求对于延期交房问题给予解决方案。（需回复）', '市民反映：小区8号楼2楼有人将杂物堆在楼道口，影响通行。诉求：请管理部门制止楼道堆物现象。（市民要求信息保密，需要回复）']
2025-05-27 08:24:47,276 ChatBI->     INFO     没有找到<  >对应的视图
2025-05-27 08:24:47,276 ChatBI->     INFO     sql 语句：SELECT `诉求地址`, COUNT(*) AS `工单数量` FROM shanghai WHERE `诉求区域` IN ('浦东新区', '闵行区') AND `工单类型` = '投诉举报类' AND  `内容描述` IN (:val0, :val1, :val2, :val3, :val4, :val5, :val6, :val7, :val8, :val9, :val10, :val11, :val12, :val13, :val14, :val15, :val16, :val17, :val18, :val19, :val20, :val21, :val22, :val23, :val24, :val25, :val26, :val27, :val28, :val29, :val30, :val31, :val32, :val33, :val34, :val35, :val36, :val37, :val38, :val39, :val40, :val41, :val42, :val43, :val44, :val45, :val46, :val47, :val48, :val49, :val50, :val51, :val52, :val53, :val54, :val55, :val56, :val57, :val58, :val59, :val60, :val61, :val62, :val63, :val64, :val65, :val66, :val67, :val68, :val69, :val70, :val71, :val72, :val73, :val74, :val75, :val76, :val77, :val78, :val79, :val80, :val81, :val82, :val83, :val84, :val85, :val86, :val87, :val88, :val89, :val90, :val91, :val92, :val93, :val94, :val95, :val96, :val97, :val98, :val99, :val100, :val101, :val102, :val103, :val104, :val105, :val106, :val107, :val108, :val109, :val110, :val111, :val112, :val113, :val114, :val115, :val116, :val117, :val118, :val119, :val120, :val121, :val122, :val123, :val124, :val125, :val126, :val127, :val128, :val129, :val130, :val131, :val132, :val133, :val134, :val135, :val136, :val137, :val138, :val139, :val140, :val141, :val142, :val143, :val144, :val145, :val146, :val147, :val148, :val149, :val150, :val151, :val152, :val153, :val154, :val155, :val156, :val157, :val158, :val159, :val160, :val161, :val162, :val163, :val164, :val165, :val166, :val167, :val168, :val169, :val170, :val171, :val172, :val173, :val174, :val175, :val176, :val177, :val178, :val179, :val180, :val181, :val182, :val183, :val184, :val185, :val186, :val187, :val188, :val189, :val190, :val191, :val192, :val193, :val194, :val195, :val196, :val197, :val198, :val199, :val200, :val201, :val202, :val203, :val204, :val205, :val206, :val207, :val208, :val209, :val210, :val211, :val212, :val213, :val214, :val215, :val216, :val217, :val218, :val219, :val220, :val221, :val222, :val223, :val224, :val225, :val226, :val227, :val228, :val229, :val230, :val231, :val232, :val233, :val234, :val235, :val236, :val237, :val238, :val239, :val240, :val241, :val242, :val243, :val244, :val245, :val246, :val247, :val248, :val249, :val250, :val251, :val252, :val253, :val254, :val255, :val256, :val257, :val258, :val259, :val260, :val261, :val262, :val263, :val264, :val265, :val266, :val267, :val268, :val269, :val270, :val271, :val272, :val273, :val274, :val275, :val276, :val277, :val278, :val279, :val280, :val281, :val282, :val283, :val284, :val285, :val286, :val287, :val288, :val289, :val290, :val291, :val292, :val293, :val294, :val295, :val296, :val297, :val298, :val299, :val300, :val301, :val302, :val303, :val304, :val305, :val306, :val307, :val308, :val309, :val310, :val311, :val312, :val313, :val314, :val315, :val316, :val317, :val318, :val319, :val320, :val321, :val322, :val323, :val324, :val325, :val326, :val327, :val328, :val329, :val330, :val331, :val332, :val333, :val334, :val335, :val336, :val337, :val338, :val339, :val340, :val341, :val342, :val343, :val344, :val345, :val346, :val347, :val348, :val349, :val350, :val351, :val352, :val353, :val354, :val355, :val356, :val357, :val358, :val359, :val360, :val361, :val362, :val363, :val364, :val365, :val366, :val367, :val368, :val369, :val370, :val371, :val372, :val373, :val374, :val375, :val376, :val377, :val378, :val379, :val380, :val381, :val382, :val383, :val384, :val385, :val386, :val387, :val388, :val389, :val390, :val391, :val392, :val393, :val394, :val395, :val396, :val397, :val398, :val399, :val400, :val401, :val402, :val403, :val404, :val405, :val406, :val407, :val408, :val409, :val410, :val411, :val412, :val413, :val414, :val415, :val416, :val417, :val418, :val419, :val420, :val421, :val422, :val423, :val424, :val425, :val426, :val427, :val428, :val429, :val430, :val431, :val432, :val433, :val434, :val435, :val436, :val437, :val438, :val439, :val440, :val441, :val442, :val443, :val444, :val445, :val446, :val447, :val448, :val449, :val450, :val451, :val452, :val453, :val454, :val455, :val456, :val457, :val458, :val459, :val460, :val461, :val462, :val463, :val464, :val465, :val466, :val467, :val468, :val469, :val470, :val471, :val472, :val473, :val474, :val475, :val476, :val477, :val478, :val479, :val480, :val481, :val482, :val483, :val484, :val485, :val486, :val487, :val488, :val489, :val490, :val491, :val492, :val493, :val494, :val495, :val496, :val497, :val498, :val499, :val500, :val501, :val502, :val503, :val504, :val505, :val506, :val507, :val508, :val509, :val510, :val511, :val512, :val513, :val514, :val515, :val516, :val517, :val518, :val519, :val520, :val521, :val522, :val523, :val524, :val525, :val526, :val527, :val528, :val529, :val530, :val531, :val532, :val533, :val534, :val535, :val536, :val537, :val538, :val539, :val540, :val541, :val542, :val543, :val544, :val545, :val546, :val547, :val548, :val549, :val550, :val551, :val552, :val553, :val554, :val555, :val556, :val557, :val558, :val559, :val560, :val561, :val562, :val563, :val564, :val565, :val566, :val567, :val568, :val569, :val570, :val571, :val572, :val573, :val574, :val575, :val576, :val577, :val578, :val579, :val580, :val581, :val582, :val583, :val584, :val585, :val586, :val587, :val588, :val589, :val590, :val591, :val592, :val593, :val594, :val595, :val596, :val597, :val598, :val599, :val600, :val601, :val602, :val603, :val604, :val605, :val606, :val607, :val608, :val609, :val610, :val611, :val612, :val613, :val614, :val615, :val616, :val617, :val618, :val619, :val620, :val621, :val622, :val623, :val624, :val625, :val626, :val627, :val628, :val629, :val630, :val631, :val632, :val633, :val634, :val635, :val636, :val637, :val638, :val639, :val640, :val641, :val642, :val643, :val644, :val645, :val646, :val647, :val648, :val649, :val650, :val651, :val652, :val653, :val654, :val655, :val656, :val657, :val658, :val659, :val660, :val661, :val662, :val663, :val664, :val665, :val666, :val667, :val668, :val669, :val670, :val671, :val672, :val673, :val674, :val675, :val676, :val677, :val678, :val679, :val680, :val681, :val682, :val683, :val684, :val685, :val686, :val687, :val688, :val689, :val690, :val691, :val692, :val693, :val694, :val695, :val696, :val697, :val698, :val699, :val700, :val701, :val702, :val703, :val704, :val705, :val706, :val707, :val708, :val709, :val710, :val711, :val712, :val713, :val714, :val715, :val716, :val717, :val718, :val719, :val720, :val721, :val722, :val723, :val724, :val725, :val726, :val727, :val728, :val729, :val730, :val731, :val732, :val733, :val734, :val735, :val736, :val737, :val738, :val739, :val740, :val741, :val742, :val743, :val744, :val745, :val746, :val747, :val748, :val749, :val750, :val751, :val752, :val753, :val754, :val755, :val756, :val757, :val758, :val759, :val760, :val761, :val762, :val763, :val764, :val765, :val766, :val767, :val768, :val769, :val770, :val771, :val772, :val773, :val774, :val775, :val776, :val777, :val778, :val779, :val780, :val781, :val782, :val783, :val784, :val785, :val786, :val787, :val788, :val789, :val790, :val791, :val792, :val793, :val794, :val795, :val796, :val797, :val798, :val799, :val800, :val801, :val802, :val803, :val804, :val805, :val806, :val807, :val808, :val809, :val810, :val811, :val812, :val813, :val814, :val815, :val816, :val817, :val818, :val819, :val820, :val821, :val822, :val823, :val824, :val825, :val826, :val827, :val828, :val829, :val830, :val831, :val832, :val833, :val834, :val835, :val836, :val837, :val838, :val839, :val840, :val841, :val842, :val843, :val844, :val845, :val846, :val847, :val848, :val849, :val850, :val851, :val852, :val853, :val854, :val855, :val856, :val857, :val858, :val859, :val860, :val861, :val862, :val863, :val864, :val865, :val866, :val867, :val868, :val869, :val870, :val871, :val872, :val873, :val874, :val875, :val876, :val877, :val878, :val879, :val880, :val881, :val882, :val883, :val884, :val885, :val886, :val887, :val888, :val889, :val890, :val891, :val892, :val893, :val894, :val895, :val896, :val897, :val898, :val899, :val900, :val901, :val902, :val903, :val904, :val905, :val906, :val907, :val908, :val909, :val910, :val911, :val912, :val913, :val914, :val915, :val916, :val917, :val918, :val919, :val920, :val921, :val922, :val923, :val924, :val925, :val926, :val927, :val928, :val929, :val930, :val931, :val932, :val933, :val934, :val935, :val936, :val937, :val938, :val939, :val940, :val941, :val942, :val943, :val944, :val945, :val946, :val947, :val948, :val949, :val950, :val951, :val952, :val953, :val954, :val955, :val956, :val957, :val958, :val959, :val960, :val961, :val962, :val963, :val964, :val965, :val966, :val967, :val968, :val969, :val970, :val971, :val972, :val973, :val974, :val975, :val976, :val977, :val978, :val979, :val980, :val981, :val982, :val983, :val984, :val985, :val986, :val987, :val988, :val989, :val990, :val991, :val992, :val993, :val994, :val995, :val996, :val997, :val998, :val999, :val1000, :val1001, :val1002, :val1003, :val1004, :val1005, :val1006, :val1007, :val1008, :val1009, :val1010, :val1011, :val1012, :val1013, :val1014, :val1015, :val1016, :val1017, :val1018, :val1019, :val1020, :val1021, :val1022, :val1023, :val1024, :val1025, :val1026, :val1027, :val1028, :val1029, :val1030, :val1031, :val1032, :val1033, :val1034, :val1035, :val1036, :val1037, :val1038, :val1039, :val1040, :val1041, :val1042, :val1043, :val1044, :val1045, :val1046, :val1047, :val1048, :val1049, :val1050, :val1051, :val1052, :val1053, :val1054, :val1055, :val1056, :val1057, :val1058, :val1059, :val1060, :val1061, :val1062, :val1063, :val1064, :val1065, :val1066, :val1067, :val1068, :val1069, :val1070, :val1071, :val1072, :val1073, :val1074, :val1075, :val1076, :val1077, :val1078, :val1079, :val1080, :val1081, :val1082, :val1083, :val1084, :val1085, :val1086, :val1087, :val1088, :val1089, :val1090, :val1091, :val1092, :val1093, :val1094, :val1095, :val1096, :val1097, :val1098, :val1099, :val1100, :val1101, :val1102, :val1103, :val1104, :val1105, :val1106, :val1107, :val1108, :val1109, :val1110, :val1111, :val1112, :val1113, :val1114, :val1115, :val1116, :val1117, :val1118, :val1119, :val1120, :val1121, :val1122, :val1123, :val1124, :val1125, :val1126, :val1127, :val1128, :val1129, :val1130, :val1131, :val1132, :val1133, :val1134, :val1135, :val1136, :val1137, :val1138, :val1139, :val1140, :val1141, :val1142, :val1143, :val1144, :val1145, :val1146, :val1147, :val1148, :val1149, :val1150, :val1151, :val1152, :val1153, :val1154, :val1155, :val1156, :val1157, :val1158, :val1159, :val1160, :val1161, :val1162, :val1163, :val1164, :val1165, :val1166, :val1167, :val1168, :val1169, :val1170, :val1171, :val1172, :val1173, :val1174, :val1175, :val1176, :val1177, :val1178, :val1179, :val1180, :val1181, :val1182, :val1183, :val1184, :val1185, :val1186, :val1187, :val1188, :val1189, :val1190, :val1191, :val1192, :val1193, :val1194, :val1195, :val1196, :val1197, :val1198, :val1199, :val1200, :val1201, :val1202, :val1203, :val1204, :val1205, :val1206, :val1207, :val1208, :val1209, :val1210, :val1211, :val1212, :val1213, :val1214, :val1215, :val1216, :val1217, :val1218, :val1219, :val1220, :val1221, :val1222, :val1223, :val1224, :val1225, :val1226, :val1227, :val1228, :val1229, :val1230, :val1231, :val1232, :val1233, :val1234, :val1235, :val1236, :val1237, :val1238, :val1239, :val1240, :val1241, :val1242, :val1243, :val1244, :val1245, :val1246, :val1247, :val1248, :val1249, :val1250, :val1251, :val1252, :val1253, :val1254, :val1255, :val1256, :val1257, :val1258, :val1259, :val1260, :val1261, :val1262, :val1263, :val1264, :val1265, :val1266, :val1267, :val1268, :val1269, :val1270, :val1271, :val1272, :val1273, :val1274, :val1275, :val1276, :val1277, :val1278, :val1279, :val1280, :val1281, :val1282, :val1283, :val1284, :val1285, :val1286, :val1287, :val1288, :val1289, :val1290, :val1291, :val1292, :val1293, :val1294, :val1295, :val1296, :val1297, :val1298, :val1299, :val1300, :val1301, :val1302, :val1303, :val1304, :val1305, :val1306, :val1307, :val1308, :val1309, :val1310, :val1311, :val1312, :val1313, :val1314, :val1315, :val1316, :val1317, :val1318, :val1319, :val1320, :val1321, :val1322, :val1323, :val1324, :val1325, :val1326, :val1327, :val1328, :val1329, :val1330, :val1331, :val1332, :val1333, :val1334, :val1335, :val1336, :val1337, :val1338, :val1339, :val1340, :val1341, :val1342, :val1343, :val1344, :val1345, :val1346, :val1347, :val1348, :val1349, :val1350, :val1351, :val1352, :val1353, :val1354, :val1355, :val1356, :val1357, :val1358, :val1359, :val1360, :val1361, :val1362, :val1363, :val1364, :val1365, :val1366, :val1367, :val1368, :val1369, :val1370, :val1371, :val1372, :val1373, :val1374, :val1375, :val1376, :val1377, :val1378, :val1379, :val1380, :val1381, :val1382, :val1383, :val1384, :val1385, :val1386, :val1387, :val1388, :val1389, :val1390, :val1391, :val1392, :val1393, :val1394, :val1395, :val1396, :val1397, :val1398, :val1399, :val1400, :val1401, :val1402, :val1403, :val1404, :val1405, :val1406, :val1407, :val1408, :val1409, :val1410, :val1411, :val1412, :val1413, :val1414, :val1415, :val1416, :val1417, :val1418, :val1419, :val1420, :val1421, :val1422, :val1423, :val1424, :val1425, :val1426, :val1427, :val1428, :val1429, :val1430, :val1431, :val1432, :val1433, :val1434, :val1435, :val1436, :val1437, :val1438, :val1439, :val1440, :val1441, :val1442, :val1443, :val1444, :val1445, :val1446, :val1447, :val1448, :val1449, :val1450, :val1451, :val1452, :val1453, :val1454, :val1455, :val1456, :val1457, :val1458, :val1459, :val1460, :val1461, :val1462, :val1463, :val1464, :val1465, :val1466, :val1467, :val1468, :val1469, :val1470, :val1471, :val1472, :val1473, :val1474, :val1475, :val1476, :val1477, :val1478, :val1479, :val1480, :val1481, :val1482, :val1483, :val1484, :val1485, :val1486, :val1487, :val1488, :val1489, :val1490, :val1491, :val1492, :val1493, :val1494, :val1495, :val1496, :val1497, :val1498, :val1499, :val1500, :val1501, :val1502, :val1503, :val1504, :val1505, :val1506, :val1507, :val1508, :val1509, :val1510, :val1511, :val1512, :val1513, :val1514, :val1515, :val1516, :val1517, :val1518, :val1519, :val1520, :val1521, :val1522, :val1523, :val1524, :val1525, :val1526, :val1527, :val1528, :val1529, :val1530, :val1531, :val1532, :val1533, :val1534, :val1535, :val1536, :val1537, :val1538, :val1539, :val1540, :val1541, :val1542, :val1543, :val1544, :val1545, :val1546, :val1547, :val1548, :val1549, :val1550, :val1551, :val1552, :val1553, :val1554, :val1555, :val1556, :val1557, :val1558, :val1559, :val1560, :val1561, :val1562, :val1563, :val1564, :val1565, :val1566, :val1567, :val1568, :val1569, :val1570, :val1571, :val1572, :val1573, :val1574, :val1575, :val1576, :val1577, :val1578, :val1579, :val1580, :val1581, :val1582, :val1583, :val1584, :val1585, :val1586, :val1587, :val1588, :val1589, :val1590, :val1591, :val1592, :val1593, :val1594, :val1595, :val1596, :val1597, :val1598, :val1599, :val1600, :val1601, :val1602, :val1603, :val1604, :val1605, :val1606, :val1607, :val1608, :val1609, :val1610, :val1611, :val1612, :val1613, :val1614, :val1615, :val1616, :val1617, :val1618, :val1619, :val1620, :val1621, :val1622, :val1623, :val1624, :val1625, :val1626, :val1627, :val1628, :val1629, :val1630, :val1631, :val1632, :val1633, :val1634, :val1635, :val1636, :val1637, :val1638, :val1639, :val1640, :val1641, :val1642, :val1643, :val1644, :val1645, :val1646, :val1647, :val1648, :val1649, :val1650, :val1651, :val1652, :val1653, :val1654, :val1655, :val1656, :val1657, :val1658, :val1659, :val1660, :val1661, :val1662, :val1663, :val1664, :val1665, :val1666, :val1667, :val1668, :val1669, :val1670, :val1671, :val1672, :val1673, :val1674, :val1675, :val1676, :val1677, :val1678, :val1679, :val1680, :val1681, :val1682, :val1683, :val1684, :val1685, :val1686, :val1687, :val1688, :val1689, :val1690, :val1691, :val1692, :val1693, :val1694, :val1695, :val1696, :val1697, :val1698, :val1699, :val1700, :val1701, :val1702, :val1703, :val1704, :val1705, :val1706, :val1707, :val1708, :val1709, :val1710, :val1711, :val1712, :val1713, :val1714, :val1715, :val1716, :val1717, :val1718, :val1719, :val1720, :val1721, :val1722, :val1723, :val1724, :val1725, :val1726, :val1727, :val1728, :val1729, :val1730, :val1731, :val1732, :val1733, :val1734, :val1735, :val1736, :val1737, :val1738, :val1739, :val1740, :val1741, :val1742, :val1743, :val1744, :val1745, :val1746, :val1747, :val1748, :val1749, :val1750, :val1751, :val1752, :val1753, :val1754, :val1755, :val1756, :val1757, :val1758, :val1759, :val1760, :val1761, :val1762, :val1763, :val1764, :val1765, :val1766, :val1767, :val1768, :val1769, :val1770, :val1771, :val1772, :val1773, :val1774, :val1775, :val1776, :val1777, :val1778, :val1779, :val1780, :val1781, :val1782, :val1783, :val1784, :val1785, :val1786, :val1787, :val1788, :val1789, :val1790, :val1791, :val1792, :val1793, :val1794, :val1795, :val1796, :val1797, :val1798, :val1799, :val1800, :val1801, :val1802, :val1803, :val1804, :val1805, :val1806, :val1807, :val1808, :val1809, :val1810, :val1811, :val1812, :val1813, :val1814, :val1815, :val1816, :val1817, :val1818, :val1819, :val1820, :val1821, :val1822, :val1823, :val1824, :val1825, :val1826, :val1827, :val1828, :val1829, :val1830, :val1831, :val1832, :val1833, :val1834, :val1835, :val1836, :val1837, :val1838, :val1839, :val1840, :val1841, :val1842, :val1843, :val1844, :val1845, :val1846, :val1847, :val1848, :val1849, :val1850, :val1851, :val1852, :val1853, :val1854, :val1855, :val1856, :val1857, :val1858, :val1859, :val1860, :val1861, :val1862, :val1863, :val1864, :val1865, :val1866, :val1867, :val1868, :val1869, :val1870, :val1871, :val1872, :val1873, :val1874, :val1875, :val1876, :val1877, :val1878, :val1879, :val1880, :val1881, :val1882, :val1883, :val1884, :val1885, :val1886, :val1887, :val1888, :val1889, :val1890, :val1891, :val1892, :val1893, :val1894, :val1895, :val1896, :val1897, :val1898, :val1899, :val1900, :val1901, :val1902, :val1903, :val1904, :val1905, :val1906, :val1907, :val1908, :val1909, :val1910, :val1911, :val1912, :val1913, :val1914, :val1915, :val1916, :val1917, :val1918, :val1919, :val1920, :val1921, :val1922, :val1923, :val1924, :val1925, :val1926, :val1927, :val1928, :val1929, :val1930, :val1931, :val1932, :val1933, :val1934, :val1935, :val1936, :val1937, :val1938, :val1939, :val1940, :val1941, :val1942, :val1943, :val1944, :val1945, :val1946, :val1947, :val1948, :val1949, :val1950, :val1951, :val1952, :val1953, :val1954, :val1955, :val1956, :val1957, :val1958, :val1959, :val1960, :val1961, :val1962, :val1963, :val1964, :val1965, :val1966, :val1967, :val1968, :val1969, :val1970, :val1971, :val1972, :val1973, :val1974, :val1975, :val1976, :val1977, :val1978, :val1979, :val1980, :val1981, :val1982, :val1983, :val1984, :val1985, :val1986, :val1987, :val1988, :val1989, :val1990, :val1991, :val1992, :val1993, :val1994, :val1995, :val1996, :val1997, :val1998, :val1999, :val2000, :val2001, :val2002, :val2003, :val2004, :val2005, :val2006, :val2007, :val2008, :val2009, :val2010, :val2011, :val2012, :val2013, :val2014, :val2015, :val2016, :val2017, :val2018, :val2019, :val2020, :val2021, :val2022, :val2023, :val2024, :val2025, :val2026, :val2027, :val2028, :val2029, :val2030, :val2031, :val2032, :val2033, :val2034, :val2035, :val2036, :val2037, :val2038, :val2039, :val2040, :val2041, :val2042, :val2043, :val2044, :val2045, :val2046, :val2047, :val2048, :val2049, :val2050, :val2051, :val2052, :val2053, :val2054, :val2055, :val2056, :val2057, :val2058, :val2059, :val2060, :val2061, :val2062, :val2063, :val2064, :val2065, :val2066, :val2067, :val2068, :val2069, :val2070, :val2071, :val2072, :val2073, :val2074, :val2075, :val2076, :val2077, :val2078, :val2079, :val2080, :val2081, :val2082, :val2083, :val2084, :val2085, :val2086, :val2087, :val2088, :val2089, :val2090, :val2091, :val2092, :val2093, :val2094, :val2095, :val2096, :val2097, :val2098, :val2099, :val2100, :val2101, :val2102, :val2103, :val2104, :val2105, :val2106, :val2107, :val2108, :val2109, :val2110, :val2111, :val2112, :val2113, :val2114, :val2115, :val2116, :val2117, :val2118, :val2119, :val2120, :val2121, :val2122, :val2123, :val2124, :val2125, :val2126, :val2127, :val2128, :val2129, :val2130, :val2131, :val2132, :val2133, :val2134, :val2135, :val2136, :val2137, :val2138, :val2139, :val2140, :val2141, :val2142, :val2143, :val2144, :val2145, :val2146, :val2147, :val2148, :val2149, :val2150, :val2151, :val2152, :val2153, :val2154, :val2155, :val2156, :val2157, :val2158, :val2159, :val2160, :val2161, :val2162, :val2163, :val2164, :val2165, :val2166, :val2167, :val2168, :val2169, :val2170, :val2171, :val2172, :val2173, :val2174, :val2175, :val2176, :val2177, :val2178, :val2179, :val2180, :val2181, :val2182, :val2183, :val2184, :val2185, :val2186, :val2187, :val2188, :val2189, :val2190, :val2191, :val2192, :val2193, :val2194, :val2195, :val2196, :val2197, :val2198, :val2199, :val2200, :val2201, :val2202, :val2203, :val2204, :val2205, :val2206, :val2207, :val2208, :val2209, :val2210, :val2211, :val2212, :val2213, :val2214, :val2215, :val2216, :val2217, :val2218, :val2219, :val2220, :val2221, :val2222, :val2223, :val2224, :val2225, :val2226, :val2227, :val2228, :val2229, :val2230, :val2231, :val2232, :val2233, :val2234, :val2235, :val2236, :val2237, :val2238, :val2239, :val2240, :val2241, :val2242, :val2243, :val2244, :val2245, :val2246, :val2247, :val2248, :val2249, :val2250, :val2251, :val2252, :val2253, :val2254, :val2255, :val2256, :val2257, :val2258, :val2259, :val2260, :val2261, :val2262, :val2263, :val2264, :val2265, :val2266, :val2267, :val2268, :val2269, :val2270, :val2271, :val2272, :val2273, :val2274, :val2275, :val2276, :val2277, :val2278, :val2279, :val2280, :val2281, :val2282, :val2283, :val2284, :val2285, :val2286, :val2287, :val2288, :val2289, :val2290, :val2291, :val2292, :val2293, :val2294, :val2295, :val2296, :val2297, :val2298, :val2299, :val2300, :val2301, :val2302, :val2303, :val2304, :val2305, :val2306, :val2307, :val2308, :val2309, :val2310, :val2311, :val2312, :val2313, :val2314, :val2315, :val2316, :val2317, :val2318, :val2319, :val2320, :val2321, :val2322, :val2323, :val2324, :val2325, :val2326, :val2327, :val2328, :val2329, :val2330, :val2331, :val2332, :val2333, :val2334, :val2335, :val2336, :val2337, :val2338, :val2339, :val2340, :val2341, :val2342, :val2343, :val2344, :val2345, :val2346, :val2347, :val2348, :val2349, :val2350, :val2351, :val2352, :val2353, :val2354, :val2355, :val2356, :val2357, :val2358, :val2359, :val2360, :val2361, :val2362, :val2363, :val2364, :val2365, :val2366, :val2367, :val2368, :val2369, :val2370, :val2371, :val2372, :val2373, :val2374, :val2375, :val2376, :val2377, :val2378, :val2379, :val2380, :val2381, :val2382, :val2383, :val2384, :val2385, :val2386, :val2387, :val2388, :val2389, :val2390, :val2391, :val2392, :val2393, :val2394, :val2395, :val2396, :val2397, :val2398, :val2399, :val2400, :val2401, :val2402, :val2403, :val2404, :val2405, :val2406, :val2407, :val2408, :val2409, :val2410, :val2411, :val2412, :val2413, :val2414, :val2415, :val2416, :val2417, :val2418, :val2419, :val2420, :val2421, :val2422, :val2423, :val2424, :val2425, :val2426, :val2427, :val2428, :val2429, :val2430, :val2431, :val2432, :val2433, :val2434, :val2435, :val2436, :val2437, :val2438, :val2439, :val2440, :val2441, :val2442, :val2443, :val2444, :val2445, :val2446, :val2447, :val2448, :val2449, :val2450, :val2451, :val2452, :val2453, :val2454, :val2455, :val2456, :val2457, :val2458, :val2459, :val2460, :val2461, :val2462, :val2463, :val2464, :val2465, :val2466, :val2467, :val2468, :val2469, :val2470, :val2471, :val2472, :val2473, :val2474, :val2475, :val2476, :val2477, :val2478, :val2479, :val2480, :val2481, :val2482, :val2483, :val2484, :val2485, :val2486, :val2487, :val2488, :val2489, :val2490, :val2491, :val2492, :val2493, :val2494, :val2495, :val2496, :val2497, :val2498, :val2499, :val2500, :val2501, :val2502, :val2503, :val2504, :val2505, :val2506, :val2507, :val2508, :val2509, :val2510, :val2511, :val2512, :val2513, :val2514, :val2515, :val2516, :val2517, :val2518, :val2519, :val2520, :val2521, :val2522, :val2523, :val2524, :val2525, :val2526, :val2527, :val2528, :val2529, :val2530, :val2531, :val2532, :val2533, :val2534, :val2535, :val2536, :val2537, :val2538, :val2539, :val2540, :val2541, :val2542, :val2543, :val2544, :val2545, :val2546, :val2547, :val2548, :val2549, :val2550, :val2551, :val2552, :val2553, :val2554, :val2555, :val2556, :val2557, :val2558, :val2559, :val2560, :val2561, :val2562, :val2563, :val2564, :val2565, :val2566, :val2567, :val2568, :val2569, :val2570, :val2571, :val2572, :val2573, :val2574, :val2575, :val2576, :val2577, :val2578, :val2579, :val2580, :val2581, :val2582, :val2583, :val2584, :val2585, :val2586, :val2587, :val2588, :val2589, :val2590, :val2591, :val2592, :val2593, :val2594, :val2595, :val2596, :val2597, :val2598, :val2599, :val2600, :val2601, :val2602, :val2603, :val2604, :val2605, :val2606, :val2607, :val2608, :val2609, :val2610, :val2611, :val2612, :val2613, :val2614, :val2615, :val2616, :val2617, :val2618, :val2619, :val2620, :val2621, :val2622, :val2623, :val2624, :val2625, :val2626, :val2627, :val2628, :val2629, :val2630, :val2631, :val2632, :val2633, :val2634, :val2635, :val2636, :val2637, :val2638, :val2639, :val2640, :val2641, :val2642, :val2643, :val2644, :val2645, :val2646, :val2647, :val2648, :val2649, :val2650, :val2651, :val2652, :val2653, :val2654, :val2655, :val2656, :val2657, :val2658, :val2659, :val2660, :val2661, :val2662, :val2663, :val2664, :val2665, :val2666, :val2667, :val2668, :val2669, :val2670, :val2671, :val2672, :val2673, :val2674, :val2675, :val2676, :val2677, :val2678, :val2679, :val2680, :val2681, :val2682, :val2683, :val2684, :val2685, :val2686, :val2687, :val2688, :val2689, :val2690, :val2691, :val2692, :val2693, :val2694, :val2695, :val2696, :val2697, :val2698, :val2699, :val2700, :val2701, :val2702, :val2703, :val2704, :val2705, :val2706, :val2707, :val2708, :val2709, :val2710, :val2711, :val2712, :val2713, :val2714, :val2715, :val2716, :val2717, :val2718, :val2719, :val2720, :val2721, :val2722, :val2723, :val2724, :val2725, :val2726, :val2727, :val2728, :val2729, :val2730, :val2731, :val2732, :val2733, :val2734, :val2735, :val2736, :val2737, :val2738, :val2739, :val2740, :val2741, :val2742, :val2743, :val2744, :val2745, :val2746, :val2747, :val2748, :val2749, :val2750, :val2751, :val2752, :val2753, :val2754, :val2755, :val2756, :val2757, :val2758, :val2759, :val2760, :val2761, :val2762, :val2763, :val2764, :val2765, :val2766, :val2767, :val2768, :val2769, :val2770, :val2771, :val2772, :val2773, :val2774, :val2775, :val2776, :val2777, :val2778, :val2779, :val2780, :val2781, :val2782, :val2783, :val2784, :val2785, :val2786, :val2787, :val2788, :val2789, :val2790, :val2791, :val2792, :val2793, :val2794, :val2795, :val2796, :val2797, :val2798, :val2799, :val2800, :val2801, :val2802, :val2803, :val2804, :val2805, :val2806, :val2807, :val2808, :val2809, :val2810, :val2811, :val2812, :val2813, :val2814, :val2815, :val2816, :val2817, :val2818, :val2819, :val2820, :val2821, :val2822, :val2823, :val2824, :val2825, :val2826, :val2827, :val2828, :val2829, :val2830, :val2831, :val2832, :val2833, :val2834, :val2835, :val2836, :val2837, :val2838, :val2839, :val2840, :val2841, :val2842, :val2843, :val2844, :val2845, :val2846, :val2847, :val2848, :val2849, :val2850, :val2851, :val2852, :val2853, :val2854, :val2855, :val2856, :val2857, :val2858, :val2859, :val2860, :val2861, :val2862, :val2863, :val2864, :val2865, :val2866, :val2867, :val2868, :val2869, :val2870, :val2871, :val2872, :val2873, :val2874, :val2875, :val2876, :val2877, :val2878, :val2879, :val2880, :val2881, :val2882, :val2883, :val2884, :val2885, :val2886, :val2887, :val2888, :val2889, :val2890, :val2891, :val2892, :val2893, :val2894, :val2895, :val2896, :val2897, :val2898, :val2899, :val2900, :val2901, :val2902, :val2903, :val2904, :val2905, :val2906, :val2907, :val2908, :val2909, :val2910, :val2911, :val2912, :val2913, :val2914, :val2915, :val2916, :val2917, :val2918, :val2919, :val2920, :val2921, :val2922, :val2923, :val2924, :val2925, :val2926, :val2927, :val2928, :val2929, :val2930, :val2931, :val2932, :val2933, :val2934, :val2935, :val2936, :val2937, :val2938, :val2939, :val2940, :val2941, :val2942, :val2943, :val2944, :val2945, :val2946, :val2947, :val2948, :val2949, :val2950, :val2951, :val2952, :val2953, :val2954, :val2955, :val2956, :val2957, :val2958, :val2959, :val2960, :val2961, :val2962, :val2963, :val2964, :val2965, :val2966, :val2967, :val2968, :val2969, :val2970, :val2971, :val2972, :val2973, :val2974, :val2975, :val2976, :val2977, :val2978, :val2979, :val2980, :val2981, :val2982, :val2983, :val2984, :val2985, :val2986, :val2987, :val2988, :val2989, :val2990, :val2991, :val2992, :val2993, :val2994, :val2995, :val2996, :val2997, :val2998, :val2999, :val3000, :val3001, :val3002, :val3003, :val3004, :val3005, :val3006, :val3007, :val3008, :val3009, :val3010, :val3011, :val3012, :val3013, :val3014, :val3015, :val3016, :val3017, :val3018, :val3019, :val3020, :val3021, :val3022, :val3023, :val3024, :val3025, :val3026, :val3027, :val3028, :val3029, :val3030, :val3031, :val3032, :val3033, :val3034, :val3035, :val3036, :val3037, :val3038, :val3039, :val3040, :val3041, :val3042, :val3043, :val3044, :val3045, :val3046, :val3047, :val3048, :val3049, :val3050, :val3051, :val3052, :val3053, :val3054, :val3055, :val3056, :val3057, :val3058, :val3059, :val3060, :val3061, :val3062, :val3063, :val3064, :val3065, :val3066, :val3067, :val3068, :val3069, :val3070, :val3071, :val3072, :val3073, :val3074, :val3075, :val3076, :val3077, :val3078, :val3079, :val3080, :val3081, :val3082, :val3083, :val3084, :val3085, :val3086, :val3087, :val3088, :val3089, :val3090, :val3091, :val3092, :val3093, :val3094, :val3095, :val3096, :val3097, :val3098, :val3099, :val3100, :val3101, :val3102, :val3103, :val3104, :val3105, :val3106, :val3107, :val3108, :val3109, :val3110, :val3111, :val3112, :val3113, :val3114, :val3115, :val3116, :val3117, :val3118, :val3119, :val3120, :val3121, :val3122, :val3123, :val3124, :val3125, :val3126, :val3127, :val3128, :val3129, :val3130, :val3131, :val3132, :val3133, :val3134, :val3135, :val3136, :val3137, :val3138, :val3139, :val3140, :val3141, :val3142, :val3143, :val3144, :val3145, :val3146, :val3147, :val3148, :val3149, :val3150, :val3151, :val3152, :val3153, :val3154, :val3155, :val3156, :val3157, :val3158, :val3159, :val3160, :val3161, :val3162, :val3163, :val3164, :val3165, :val3166, :val3167, :val3168, :val3169, :val3170, :val3171, :val3172, :val3173, :val3174, :val3175, :val3176, :val3177, :val3178, :val3179, :val3180, :val3181, :val3182, :val3183, :val3184, :val3185, :val3186, :val3187, :val3188, :val3189, :val3190, :val3191, :val3192, :val3193, :val3194, :val3195, :val3196, :val3197, :val3198, :val3199, :val3200, :val3201, :val3202, :val3203, :val3204, :val3205, :val3206, :val3207, :val3208, :val3209, :val3210, :val3211, :val3212, :val3213, :val3214, :val3215, :val3216, :val3217, :val3218, :val3219, :val3220, :val3221, :val3222, :val3223, :val3224, :val3225, :val3226, :val3227, :val3228, :val3229, :val3230, :val3231, :val3232, :val3233, :val3234, :val3235, :val3236, :val3237, :val3238, :val3239, :val3240, :val3241, :val3242, :val3243, :val3244, :val3245, :val3246, :val3247, :val3248, :val3249, :val3250, :val3251, :val3252, :val3253, :val3254, :val3255, :val3256, :val3257, :val3258, :val3259, :val3260, :val3261, :val3262, :val3263, :val3264, :val3265, :val3266, :val3267, :val3268, :val3269, :val3270, :val3271, :val3272, :val3273, :val3274, :val3275, :val3276, :val3277, :val3278, :val3279, :val3280, :val3281, :val3282, :val3283, :val3284, :val3285, :val3286, :val3287, :val3288, :val3289, :val3290, :val3291, :val3292, :val3293, :val3294, :val3295, :val3296, :val3297, :val3298, :val3299, :val3300, :val3301, :val3302, :val3303, :val3304, :val3305, :val3306, :val3307, :val3308, :val3309, :val3310, :val3311, :val3312, :val3313, :val3314, :val3315, :val3316, :val3317, :val3318, :val3319, :val3320, :val3321, :val3322, :val3323, :val3324, :val3325, :val3326, :val3327, :val3328, :val3329, :val3330, :val3331, :val3332, :val3333, :val3334, :val3335, :val3336, :val3337, :val3338, :val3339, :val3340, :val3341, :val3342, :val3343, :val3344, :val3345, :val3346, :val3347, :val3348, :val3349, :val3350, :val3351, :val3352, :val3353, :val3354, :val3355, :val3356, :val3357, :val3358, :val3359, :val3360, :val3361, :val3362, :val3363, :val3364, :val3365, :val3366, :val3367, :val3368, :val3369, :val3370, :val3371, :val3372, :val3373, :val3374, :val3375, :val3376, :val3377, :val3378, :val3379, :val3380, :val3381, :val3382, :val3383, :val3384, :val3385, :val3386, :val3387, :val3388, :val3389, :val3390, :val3391, :val3392, :val3393, :val3394, :val3395, :val3396, :val3397, :val3398, :val3399, :val3400, :val3401, :val3402, :val3403, :val3404, :val3405, :val3406, :val3407, :val3408, :val3409, :val3410, :val3411, :val3412, :val3413, :val3414, :val3415, :val3416, :val3417, :val3418, :val3419, :val3420, :val3421, :val3422, :val3423, :val3424, :val3425, :val3426, :val3427, :val3428, :val3429, :val3430, :val3431, :val3432, :val3433, :val3434, :val3435, :val3436, :val3437, :val3438, :val3439, :val3440, :val3441, :val3442, :val3443, :val3444, :val3445, :val3446, :val3447, :val3448, :val3449, :val3450, :val3451, :val3452, :val3453, :val3454, :val3455, :val3456, :val3457, :val3458, :val3459, :val3460, :val3461, :val3462, :val3463, :val3464, :val3465, :val3466, :val3467, :val3468, :val3469, :val3470, :val3471, :val3472, :val3473, :val3474, :val3475, :val3476, :val3477, :val3478, :val3479, :val3480, :val3481, :val3482, :val3483, :val3484, :val3485, :val3486, :val3487, :val3488, :val3489, :val3490, :val3491, :val3492, :val3493, :val3494, :val3495, :val3496, :val3497, :val3498, :val3499, :val3500, :val3501, :val3502, :val3503, :val3504, :val3505, :val3506, :val3507, :val3508, :val3509, :val3510, :val3511, :val3512, :val3513, :val3514, :val3515, :val3516, :val3517, :val3518, :val3519, :val3520, :val3521, :val3522, :val3523, :val3524, :val3525, :val3526, :val3527, :val3528, :val3529, :val3530, :val3531, :val3532, :val3533, :val3534, :val3535, :val3536, :val3537, :val3538, :val3539, :val3540, :val3541, :val3542, :val3543, :val3544, :val3545, :val3546, :val3547, :val3548, :val3549, :val3550, :val3551, :val3552, :val3553, :val3554, :val3555, :val3556, :val3557, :val3558, :val3559, :val3560, :val3561, :val3562, :val3563, :val3564, :val3565, :val3566, :val3567, :val3568, :val3569, :val3570, :val3571, :val3572, :val3573, :val3574, :val3575, :val3576, :val3577, :val3578, :val3579, :val3580, :val3581, :val3582, :val3583, :val3584, :val3585, :val3586, :val3587, :val3588, :val3589, :val3590, :val3591, :val3592, :val3593, :val3594, :val3595, :val3596, :val3597, :val3598, :val3599, :val3600, :val3601, :val3602, :val3603, :val3604, :val3605, :val3606, :val3607, :val3608, :val3609, :val3610, :val3611, :val3612, :val3613, :val3614, :val3615, :val3616, :val3617, :val3618, :val3619, :val3620, :val3621, :val3622, :val3623, :val3624, :val3625, :val3626, :val3627, :val3628, :val3629, :val3630, :val3631, :val3632, :val3633, :val3634, :val3635, :val3636, :val3637, :val3638, :val3639, :val3640, :val3641, :val3642, :val3643, :val3644, :val3645, :val3646, :val3647, :val3648, :val3649, :val3650, :val3651, :val3652, :val3653, :val3654, :val3655, :val3656, :val3657, :val3658, :val3659, :val3660, :val3661, :val3662, :val3663, :val3664, :val3665, :val3666, :val3667, :val3668, :val3669, :val3670, :val3671, :val3672, :val3673, :val3674, :val3675, :val3676, :val3677, :val3678, :val3679, :val3680, :val3681, :val3682, :val3683, :val3684, :val3685, :val3686, :val3687, :val3688, :val3689, :val3690, :val3691, :val3692, :val3693, :val3694, :val3695, :val3696, :val3697, :val3698, :val3699, :val3700, :val3701, :val3702, :val3703, :val3704, :val3705, :val3706, :val3707, :val3708, :val3709, :val3710, :val3711, :val3712, :val3713, :val3714, :val3715, :val3716, :val3717, :val3718, :val3719, :val3720, :val3721, :val3722, :val3723, :val3724, :val3725, :val3726, :val3727, :val3728, :val3729, :val3730, :val3731, :val3732, :val3733, :val3734, :val3735, :val3736, :val3737, :val3738, :val3739, :val3740, :val3741, :val3742, :val3743, :val3744, :val3745, :val3746, :val3747, :val3748, :val3749, :val3750, :val3751, :val3752, :val3753, :val3754, :val3755, :val3756, :val3757, :val3758, :val3759, :val3760, :val3761, :val3762, :val3763, :val3764, :val3765, :val3766, :val3767, :val3768, :val3769, :val3770, :val3771, :val3772, :val3773, :val3774, :val3775, :val3776, :val3777, :val3778, :val3779, :val3780, :val3781, :val3782, :val3783, :val3784, :val3785, :val3786, :val3787, :val3788, :val3789, :val3790, :val3791, :val3792, :val3793, :val3794, :val3795, :val3796, :val3797, :val3798, :val3799, :val3800, :val3801, :val3802, :val3803, :val3804, :val3805, :val3806, :val3807, :val3808, :val3809, :val3810, :val3811, :val3812, :val3813, :val3814, :val3815, :val3816, :val3817, :val3818, :val3819, :val3820, :val3821, :val3822, :val3823, :val3824, :val3825, :val3826, :val3827, :val3828, :val3829, :val3830, :val3831, :val3832, :val3833, :val3834, :val3835, :val3836, :val3837, :val3838, :val3839, :val3840, :val3841, :val3842, :val3843, :val3844, :val3845, :val3846, :val3847, :val3848, :val3849, :val3850, :val3851, :val3852, :val3853, :val3854, :val3855, :val3856, :val3857, :val3858, :val3859, :val3860, :val3861, :val3862, :val3863, :val3864, :val3865, :val3866, :val3867, :val3868, :val3869, :val3870, :val3871, :val3872, :val3873, :val3874, :val3875, :val3876, :val3877, :val3878, :val3879, :val3880, :val3881, :val3882, :val3883, :val3884, :val3885, :val3886, :val3887, :val3888, :val3889, :val3890, :val3891, :val3892, :val3893, :val3894, :val3895, :val3896, :val3897, :val3898, :val3899, :val3900, :val3901, :val3902, :val3903, :val3904, :val3905, :val3906, :val3907, :val3908, :val3909, :val3910, :val3911, :val3912, :val3913, :val3914, :val3915, :val3916, :val3917, :val3918, :val3919, :val3920, :val3921, :val3922, :val3923, :val3924, :val3925, :val3926, :val3927, :val3928, :val3929, :val3930, :val3931, :val3932, :val3933, :val3934, :val3935, :val3936, :val3937, :val3938, :val3939, :val3940, :val3941, :val3942, :val3943, :val3944, :val3945, :val3946, :val3947, :val3948, :val3949, :val3950, :val3951, :val3952, :val3953, :val3954, :val3955, :val3956, :val3957, :val3958, :val3959, :val3960, :val3961, :val3962, :val3963, :val3964, :val3965, :val3966, :val3967, :val3968, :val3969, :val3970, :val3971, :val3972, :val3973, :val3974, :val3975, :val3976, :val3977, :val3978, :val3979, :val3980, :val3981, :val3982, :val3983, :val3984, :val3985, :val3986, :val3987, :val3988, :val3989, :val3990, :val3991, :val3992, :val3993, :val3994, :val3995, :val3996, :val3997, :val3998, :val3999, :val4000, :val4001, :val4002, :val4003, :val4004, :val4005, :val4006, :val4007, :val4008, :val4009, :val4010, :val4011, :val4012, :val4013, :val4014, :val4015, :val4016, :val4017, :val4018, :val4019, :val4020, :val4021, :val4022, :val4023, :val4024, :val4025, :val4026, :val4027, :val4028, :val4029, :val4030, :val4031, :val4032, :val4033, :val4034, :val4035, :val4036, :val4037, :val4038, :val4039, :val4040, :val4041, :val4042, :val4043, :val4044, :val4045, :val4046, :val4047, :val4048, :val4049, :val4050, :val4051, :val4052, :val4053, :val4054, :val4055, :val4056, :val4057, :val4058, :val4059, :val4060, :val4061, :val4062, :val4063, :val4064, :val4065, :val4066, :val4067, :val4068, :val4069, :val4070, :val4071, :val4072, :val4073, :val4074, :val4075, :val4076, :val4077, :val4078, :val4079, :val4080, :val4081, :val4082, :val4083, :val4084, :val4085, :val4086, :val4087, :val4088, :val4089, :val4090, :val4091, :val4092, :val4093, :val4094, :val4095, :val4096, :val4097, :val4098, :val4099, :val4100, :val4101, :val4102, :val4103, :val4104, :val4105, :val4106, :val4107, :val4108, :val4109, :val4110, :val4111, :val4112, :val4113, :val4114, :val4115, :val4116, :val4117, :val4118, :val4119, :val4120, :val4121, :val4122, :val4123, :val4124, :val4125, :val4126, :val4127, :val4128, :val4129, :val4130, :val4131, :val4132, :val4133, :val4134, :val4135, :val4136, :val4137, :val4138, :val4139, :val4140, :val4141, :val4142, :val4143, :val4144, :val4145, :val4146, :val4147, :val4148, :val4149, :val4150, :val4151, :val4152, :val4153, :val4154, :val4155, :val4156, :val4157, :val4158, :val4159, :val4160, :val4161, :val4162, :val4163, :val4164, :val4165, :val4166, :val4167, :val4168, :val4169, :val4170, :val4171, :val4172, :val4173, :val4174, :val4175, :val4176, :val4177, :val4178, :val4179, :val4180, :val4181, :val4182, :val4183, :val4184, :val4185, :val4186, :val4187, :val4188, :val4189, :val4190, :val4191, :val4192, :val4193, :val4194, :val4195, :val4196, :val4197, :val4198, :val4199, :val4200, :val4201, :val4202, :val4203, :val4204, :val4205, :val4206, :val4207, :val4208, :val4209, :val4210, :val4211, :val4212, :val4213, :val4214, :val4215, :val4216, :val4217, :val4218, :val4219, :val4220, :val4221, :val4222, :val4223, :val4224, :val4225, :val4226, :val4227, :val4228, :val4229, :val4230, :val4231, :val4232, :val4233, :val4234, :val4235, :val4236, :val4237, :val4238, :val4239, :val4240, :val4241, :val4242, :val4243, :val4244, :val4245, :val4246, :val4247, :val4248, :val4249, :val4250, :val4251, :val4252, :val4253, :val4254, :val4255, :val4256, :val4257, :val4258, :val4259, :val4260, :val4261, :val4262, :val4263, :val4264, :val4265, :val4266, :val4267, :val4268, :val4269, :val4270, :val4271, :val4272, :val4273, :val4274, :val4275, :val4276, :val4277, :val4278, :val4279, :val4280, :val4281, :val4282, :val4283, :val4284, :val4285, :val4286, :val4287, :val4288, :val4289, :val4290, :val4291, :val4292, :val4293, :val4294, :val4295, :val4296, :val4297, :val4298, :val4299, :val4300, :val4301, :val4302, :val4303, :val4304, :val4305, :val4306, :val4307, :val4308, :val4309, :val4310, :val4311, :val4312, :val4313, :val4314, :val4315, :val4316, :val4317, :val4318, :val4319, :val4320, :val4321, :val4322, :val4323, :val4324, :val4325, :val4326, :val4327, :val4328, :val4329, :val4330, :val4331, :val4332, :val4333, :val4334, :val4335, :val4336, :val4337, :val4338, :val4339, :val4340, :val4341, :val4342, :val4343, :val4344, :val4345, :val4346, :val4347, :val4348, :val4349, :val4350, :val4351, :val4352, :val4353, :val4354, :val4355, :val4356, :val4357, :val4358, :val4359, :val4360, :val4361, :val4362, :val4363, :val4364, :val4365, :val4366, :val4367, :val4368, :val4369, :val4370, :val4371, :val4372, :val4373, :val4374, :val4375, :val4376, :val4377, :val4378, :val4379, :val4380, :val4381, :val4382, :val4383, :val4384, :val4385, :val4386, :val4387, :val4388, :val4389, :val4390, :val4391, :val4392, :val4393, :val4394, :val4395, :val4396, :val4397, :val4398, :val4399, :val4400, :val4401, :val4402, :val4403, :val4404, :val4405, :val4406, :val4407, :val4408, :val4409) GROUP BY `诉求地址` ORDER BY `工单数量` DESC LIMIT 5000;
2025-05-27 08:24:47,709 ChatBI->     INFO     websocket发送的数据为：{"sql_gen": "SELECT `诉求地址`, COUNT(*) AS `工单数量` FROM shanghai WHERE `诉求区域` IN ('浦东新区', '闵行区') AND `工单类型` = '投诉举报类' AND `内容描述` LIKE '%物业管理%' GROUP BY `诉求地址` ORDER BY `工单数量` DESC LIMIT 5000;"}
2025-05-27 08:24:49,900 ChatBI->     INFO     sql 语句：SELECT * FROM shanghai WHERE `诉求区域` IN ('浦东新区', '闵行区') AND `工单类型` = '投诉举报类' AND  `内容描述` IN (:val0, :val1, :val2, :val3, :val4, :val5, :val6, :val7, :val8, :val9, :val10, :val11, :val12, :val13, :val14, :val15, :val16, :val17, :val18, :val19, :val20, :val21, :val22, :val23, :val24, :val25, :val26, :val27, :val28, :val29, :val30, :val31, :val32, :val33, :val34, :val35, :val36, :val37, :val38, :val39, :val40, :val41, :val42, :val43, :val44, :val45, :val46, :val47, :val48, :val49, :val50, :val51, :val52, :val53, :val54, :val55, :val56, :val57, :val58, :val59, :val60, :val61, :val62, :val63, :val64, :val65, :val66, :val67, :val68, :val69, :val70, :val71, :val72, :val73, :val74, :val75, :val76, :val77, :val78, :val79, :val80, :val81, :val82, :val83, :val84, :val85, :val86, :val87, :val88, :val89, :val90, :val91, :val92, :val93, :val94, :val95, :val96, :val97, :val98, :val99, :val100, :val101, :val102, :val103, :val104, :val105, :val106, :val107, :val108, :val109, :val110, :val111, :val112, :val113, :val114, :val115, :val116, :val117, :val118, :val119, :val120, :val121, :val122, :val123, :val124, :val125, :val126, :val127, :val128, :val129, :val130, :val131, :val132, :val133, :val134, :val135, :val136, :val137, :val138, :val139, :val140, :val141, :val142, :val143, :val144, :val145, :val146, :val147, :val148, :val149, :val150, :val151, :val152, :val153, :val154, :val155, :val156, :val157, :val158, :val159, :val160, :val161, :val162, :val163, :val164, :val165, :val166, :val167, :val168, :val169, :val170, :val171, :val172, :val173, :val174, :val175, :val176, :val177, :val178, :val179, :val180, :val181, :val182, :val183, :val184, :val185, :val186, :val187, :val188, :val189, :val190, :val191, :val192, :val193, :val194, :val195, :val196, :val197, :val198, :val199, :val200, :val201, :val202, :val203, :val204, :val205, :val206, :val207, :val208, :val209, :val210, :val211, :val212, :val213, :val214, :val215, :val216, :val217, :val218, :val219, :val220, :val221, :val222, :val223, :val224, :val225, :val226, :val227, :val228, :val229, :val230, :val231, :val232, :val233, :val234, :val235, :val236, :val237, :val238, :val239, :val240, :val241, :val242, :val243, :val244, :val245, :val246, :val247, :val248, :val249, :val250, :val251, :val252, :val253, :val254, :val255, :val256, :val257, :val258, :val259, :val260, :val261, :val262, :val263, :val264, :val265, :val266, :val267, :val268, :val269, :val270, :val271, :val272, :val273, :val274, :val275, :val276, :val277, :val278, :val279, :val280, :val281, :val282, :val283, :val284, :val285, :val286, :val287, :val288, :val289, :val290, :val291, :val292, :val293, :val294, :val295, :val296, :val297, :val298, :val299, :val300, :val301, :val302, :val303, :val304, :val305, :val306, :val307, :val308, :val309, :val310, :val311, :val312, :val313, :val314, :val315, :val316, :val317, :val318, :val319, :val320, :val321, :val322, :val323, :val324, :val325, :val326, :val327, :val328, :val329, :val330, :val331, :val332, :val333, :val334, :val335, :val336, :val337, :val338, :val339, :val340, :val341, :val342, :val343, :val344, :val345, :val346, :val347, :val348, :val349, :val350, :val351, :val352, :val353, :val354, :val355, :val356, :val357, :val358, :val359, :val360, :val361, :val362, :val363, :val364, :val365, :val366, :val367, :val368, :val369, :val370, :val371, :val372, :val373, :val374, :val375, :val376, :val377, :val378, :val379, :val380, :val381, :val382, :val383, :val384, :val385, :val386, :val387, :val388, :val389, :val390, :val391, :val392, :val393, :val394, :val395, :val396, :val397, :val398, :val399, :val400, :val401, :val402, :val403, :val404, :val405, :val406, :val407, :val408, :val409, :val410, :val411, :val412, :val413, :val414, :val415, :val416, :val417, :val418, :val419, :val420, :val421, :val422, :val423, :val424, :val425, :val426, :val427, :val428, :val429, :val430, :val431, :val432, :val433, :val434, :val435, :val436, :val437, :val438, :val439, :val440, :val441, :val442, :val443, :val444, :val445, :val446, :val447, :val448, :val449, :val450, :val451, :val452, :val453, :val454, :val455, :val456, :val457, :val458, :val459, :val460, :val461, :val462, :val463, :val464, :val465, :val466, :val467, :val468, :val469, :val470, :val471, :val472, :val473, :val474, :val475, :val476, :val477, :val478, :val479, :val480, :val481, :val482, :val483, :val484, :val485, :val486, :val487, :val488, :val489, :val490, :val491, :val492, :val493, :val494, :val495, :val496, :val497, :val498, :val499, :val500, :val501, :val502, :val503, :val504, :val505, :val506, :val507, :val508, :val509, :val510, :val511, :val512, :val513, :val514, :val515, :val516, :val517, :val518, :val519, :val520, :val521, :val522, :val523, :val524, :val525, :val526, :val527, :val528, :val529, :val530, :val531, :val532, :val533, :val534, :val535, :val536, :val537, :val538, :val539, :val540, :val541, :val542, :val543, :val544, :val545, :val546, :val547, :val548, :val549, :val550, :val551, :val552, :val553, :val554, :val555, :val556, :val557, :val558, :val559, :val560, :val561, :val562, :val563, :val564, :val565, :val566, :val567, :val568, :val569, :val570, :val571, :val572, :val573, :val574, :val575, :val576, :val577, :val578, :val579, :val580, :val581, :val582, :val583, :val584, :val585, :val586, :val587, :val588, :val589, :val590, :val591, :val592, :val593, :val594, :val595, :val596, :val597, :val598, :val599, :val600, :val601, :val602, :val603, :val604, :val605, :val606, :val607, :val608, :val609, :val610, :val611, :val612, :val613, :val614, :val615, :val616, :val617, :val618, :val619, :val620, :val621, :val622, :val623, :val624, :val625, :val626, :val627, :val628, :val629, :val630, :val631, :val632, :val633, :val634, :val635, :val636, :val637, :val638, :val639, :val640, :val641, :val642, :val643, :val644, :val645, :val646, :val647, :val648, :val649, :val650, :val651, :val652, :val653, :val654, :val655, :val656, :val657, :val658, :val659, :val660, :val661, :val662, :val663, :val664, :val665, :val666, :val667, :val668, :val669, :val670, :val671, :val672, :val673, :val674, :val675, :val676, :val677, :val678, :val679, :val680, :val681, :val682, :val683, :val684, :val685, :val686, :val687, :val688, :val689, :val690, :val691, :val692, :val693, :val694, :val695, :val696, :val697, :val698, :val699, :val700, :val701, :val702, :val703, :val704, :val705, :val706, :val707, :val708, :val709, :val710, :val711, :val712, :val713, :val714, :val715, :val716, :val717, :val718, :val719, :val720, :val721, :val722, :val723, :val724, :val725, :val726, :val727, :val728, :val729, :val730, :val731, :val732, :val733, :val734, :val735, :val736, :val737, :val738, :val739, :val740, :val741, :val742, :val743, :val744, :val745, :val746, :val747, :val748, :val749, :val750, :val751, :val752, :val753, :val754, :val755, :val756, :val757, :val758, :val759, :val760, :val761, :val762, :val763, :val764, :val765, :val766, :val767, :val768, :val769, :val770, :val771, :val772, :val773, :val774, :val775, :val776, :val777, :val778, :val779, :val780, :val781, :val782, :val783, :val784, :val785, :val786, :val787, :val788, :val789, :val790, :val791, :val792, :val793, :val794, :val795, :val796, :val797, :val798, :val799, :val800, :val801, :val802, :val803, :val804, :val805, :val806, :val807, :val808, :val809, :val810, :val811, :val812, :val813, :val814, :val815, :val816, :val817, :val818, :val819, :val820, :val821, :val822, :val823, :val824, :val825, :val826, :val827, :val828, :val829, :val830, :val831, :val832, :val833, :val834, :val835, :val836, :val837, :val838, :val839, :val840, :val841, :val842, :val843, :val844, :val845, :val846, :val847, :val848, :val849, :val850, :val851, :val852, :val853, :val854, :val855, :val856, :val857, :val858, :val859, :val860, :val861, :val862, :val863, :val864, :val865, :val866, :val867, :val868, :val869, :val870, :val871, :val872, :val873, :val874, :val875, :val876, :val877, :val878, :val879, :val880, :val881, :val882, :val883, :val884, :val885, :val886, :val887, :val888, :val889, :val890, :val891, :val892, :val893, :val894, :val895, :val896, :val897, :val898, :val899, :val900, :val901, :val902, :val903, :val904, :val905, :val906, :val907, :val908, :val909, :val910, :val911, :val912, :val913, :val914, :val915, :val916, :val917, :val918, :val919, :val920, :val921, :val922, :val923, :val924, :val925, :val926, :val927, :val928, :val929, :val930, :val931, :val932, :val933, :val934, :val935, :val936, :val937, :val938, :val939, :val940, :val941, :val942, :val943, :val944, :val945, :val946, :val947, :val948, :val949, :val950, :val951, :val952, :val953, :val954, :val955, :val956, :val957, :val958, :val959, :val960, :val961, :val962, :val963, :val964, :val965, :val966, :val967, :val968, :val969, :val970, :val971, :val972, :val973, :val974, :val975, :val976, :val977, :val978, :val979, :val980, :val981, :val982, :val983, :val984, :val985, :val986, :val987, :val988, :val989, :val990, :val991, :val992, :val993, :val994, :val995, :val996, :val997, :val998, :val999, :val1000, :val1001, :val1002, :val1003, :val1004, :val1005, :val1006, :val1007, :val1008, :val1009, :val1010, :val1011, :val1012, :val1013, :val1014, :val1015, :val1016, :val1017, :val1018, :val1019, :val1020, :val1021, :val1022, :val1023, :val1024, :val1025, :val1026, :val1027, :val1028, :val1029, :val1030, :val1031, :val1032, :val1033, :val1034, :val1035, :val1036, :val1037, :val1038, :val1039, :val1040, :val1041, :val1042, :val1043, :val1044, :val1045, :val1046, :val1047, :val1048, :val1049, :val1050, :val1051, :val1052, :val1053, :val1054, :val1055, :val1056, :val1057, :val1058, :val1059, :val1060, :val1061, :val1062, :val1063, :val1064, :val1065, :val1066, :val1067, :val1068, :val1069, :val1070, :val1071, :val1072, :val1073, :val1074, :val1075, :val1076, :val1077, :val1078, :val1079, :val1080, :val1081, :val1082, :val1083, :val1084, :val1085, :val1086, :val1087, :val1088, :val1089, :val1090, :val1091, :val1092, :val1093, :val1094, :val1095, :val1096, :val1097, :val1098, :val1099, :val1100, :val1101, :val1102, :val1103, :val1104, :val1105, :val1106, :val1107, :val1108, :val1109, :val1110, :val1111, :val1112, :val1113, :val1114, :val1115, :val1116, :val1117, :val1118, :val1119, :val1120, :val1121, :val1122, :val1123, :val1124, :val1125, :val1126, :val1127, :val1128, :val1129, :val1130, :val1131, :val1132, :val1133, :val1134, :val1135, :val1136, :val1137, :val1138, :val1139, :val1140, :val1141, :val1142, :val1143, :val1144, :val1145, :val1146, :val1147, :val1148, :val1149, :val1150, :val1151, :val1152, :val1153, :val1154, :val1155, :val1156, :val1157, :val1158, :val1159, :val1160, :val1161, :val1162, :val1163, :val1164, :val1165, :val1166, :val1167, :val1168, :val1169, :val1170, :val1171, :val1172, :val1173, :val1174, :val1175, :val1176, :val1177, :val1178, :val1179, :val1180, :val1181, :val1182, :val1183, :val1184, :val1185, :val1186, :val1187, :val1188, :val1189, :val1190, :val1191, :val1192, :val1193, :val1194, :val1195, :val1196, :val1197, :val1198, :val1199, :val1200, :val1201, :val1202, :val1203, :val1204, :val1205, :val1206, :val1207, :val1208, :val1209, :val1210, :val1211, :val1212, :val1213, :val1214, :val1215, :val1216, :val1217, :val1218, :val1219, :val1220, :val1221, :val1222, :val1223, :val1224, :val1225, :val1226, :val1227, :val1228, :val1229, :val1230, :val1231, :val1232, :val1233, :val1234, :val1235, :val1236, :val1237, :val1238, :val1239, :val1240, :val1241, :val1242, :val1243, :val1244, :val1245, :val1246, :val1247, :val1248, :val1249, :val1250, :val1251, :val1252, :val1253, :val1254, :val1255, :val1256, :val1257, :val1258, :val1259, :val1260, :val1261, :val1262, :val1263, :val1264, :val1265, :val1266, :val1267, :val1268, :val1269, :val1270, :val1271, :val1272, :val1273, :val1274, :val1275, :val1276, :val1277, :val1278, :val1279, :val1280, :val1281, :val1282, :val1283, :val1284, :val1285, :val1286, :val1287, :val1288, :val1289, :val1290, :val1291, :val1292, :val1293, :val1294, :val1295, :val1296, :val1297, :val1298, :val1299, :val1300, :val1301, :val1302, :val1303, :val1304, :val1305, :val1306, :val1307, :val1308, :val1309, :val1310, :val1311, :val1312, :val1313, :val1314, :val1315, :val1316, :val1317, :val1318, :val1319, :val1320, :val1321, :val1322, :val1323, :val1324, :val1325, :val1326, :val1327, :val1328, :val1329, :val1330, :val1331, :val1332, :val1333, :val1334, :val1335, :val1336, :val1337, :val1338, :val1339, :val1340, :val1341, :val1342, :val1343, :val1344, :val1345, :val1346, :val1347, :val1348, :val1349, :val1350, :val1351, :val1352, :val1353, :val1354, :val1355, :val1356, :val1357, :val1358, :val1359, :val1360, :val1361, :val1362, :val1363, :val1364, :val1365, :val1366, :val1367, :val1368, :val1369, :val1370, :val1371, :val1372, :val1373, :val1374, :val1375, :val1376, :val1377, :val1378, :val1379, :val1380, :val1381, :val1382, :val1383, :val1384, :val1385, :val1386, :val1387, :val1388, :val1389, :val1390, :val1391, :val1392, :val1393, :val1394, :val1395, :val1396, :val1397, :val1398, :val1399, :val1400, :val1401, :val1402, :val1403, :val1404, :val1405, :val1406, :val1407, :val1408, :val1409, :val1410, :val1411, :val1412, :val1413, :val1414, :val1415, :val1416, :val1417, :val1418, :val1419, :val1420, :val1421, :val1422, :val1423, :val1424, :val1425, :val1426, :val1427, :val1428, :val1429, :val1430, :val1431, :val1432, :val1433, :val1434, :val1435, :val1436, :val1437, :val1438, :val1439, :val1440, :val1441, :val1442, :val1443, :val1444, :val1445, :val1446, :val1447, :val1448, :val1449, :val1450, :val1451, :val1452, :val1453, :val1454, :val1455, :val1456, :val1457, :val1458, :val1459, :val1460, :val1461, :val1462, :val1463, :val1464, :val1465, :val1466, :val1467, :val1468, :val1469, :val1470, :val1471, :val1472, :val1473, :val1474, :val1475, :val1476, :val1477, :val1478, :val1479, :val1480, :val1481, :val1482, :val1483, :val1484, :val1485, :val1486, :val1487, :val1488, :val1489, :val1490, :val1491, :val1492, :val1493, :val1494, :val1495, :val1496, :val1497, :val1498, :val1499, :val1500, :val1501, :val1502, :val1503, :val1504, :val1505, :val1506, :val1507, :val1508, :val1509, :val1510, :val1511, :val1512, :val1513, :val1514, :val1515, :val1516, :val1517, :val1518, :val1519, :val1520, :val1521, :val1522, :val1523, :val1524, :val1525, :val1526, :val1527, :val1528, :val1529, :val1530, :val1531, :val1532, :val1533, :val1534, :val1535, :val1536, :val1537, :val1538, :val1539, :val1540, :val1541, :val1542, :val1543, :val1544, :val1545, :val1546, :val1547, :val1548, :val1549, :val1550, :val1551, :val1552, :val1553, :val1554, :val1555, :val1556, :val1557, :val1558, :val1559, :val1560, :val1561, :val1562, :val1563, :val1564, :val1565, :val1566, :val1567, :val1568, :val1569, :val1570, :val1571, :val1572, :val1573, :val1574, :val1575, :val1576, :val1577, :val1578, :val1579, :val1580, :val1581, :val1582, :val1583, :val1584, :val1585, :val1586, :val1587, :val1588, :val1589, :val1590, :val1591, :val1592, :val1593, :val1594, :val1595, :val1596, :val1597, :val1598, :val1599, :val1600, :val1601, :val1602, :val1603, :val1604, :val1605, :val1606, :val1607, :val1608, :val1609, :val1610, :val1611, :val1612, :val1613, :val1614, :val1615, :val1616, :val1617, :val1618, :val1619, :val1620, :val1621, :val1622, :val1623, :val1624, :val1625, :val1626, :val1627, :val1628, :val1629, :val1630, :val1631, :val1632, :val1633, :val1634, :val1635, :val1636, :val1637, :val1638, :val1639, :val1640, :val1641, :val1642, :val1643, :val1644, :val1645, :val1646, :val1647, :val1648, :val1649, :val1650, :val1651, :val1652, :val1653, :val1654, :val1655, :val1656, :val1657, :val1658, :val1659, :val1660, :val1661, :val1662, :val1663, :val1664, :val1665, :val1666, :val1667, :val1668, :val1669, :val1670, :val1671, :val1672, :val1673, :val1674, :val1675, :val1676, :val1677, :val1678, :val1679, :val1680, :val1681, :val1682, :val1683, :val1684, :val1685, :val1686, :val1687, :val1688, :val1689, :val1690, :val1691, :val1692, :val1693, :val1694, :val1695, :val1696, :val1697, :val1698, :val1699, :val1700, :val1701, :val1702, :val1703, :val1704, :val1705, :val1706, :val1707, :val1708, :val1709, :val1710, :val1711, :val1712, :val1713, :val1714, :val1715, :val1716, :val1717, :val1718, :val1719, :val1720, :val1721, :val1722, :val1723, :val1724, :val1725, :val1726, :val1727, :val1728, :val1729, :val1730, :val1731, :val1732, :val1733, :val1734, :val1735, :val1736, :val1737, :val1738, :val1739, :val1740, :val1741, :val1742, :val1743, :val1744, :val1745, :val1746, :val1747, :val1748, :val1749, :val1750, :val1751, :val1752, :val1753, :val1754, :val1755, :val1756, :val1757, :val1758, :val1759, :val1760, :val1761, :val1762, :val1763, :val1764, :val1765, :val1766, :val1767, :val1768, :val1769, :val1770, :val1771, :val1772, :val1773, :val1774, :val1775, :val1776, :val1777, :val1778, :val1779, :val1780, :val1781, :val1782, :val1783, :val1784, :val1785, :val1786, :val1787, :val1788, :val1789, :val1790, :val1791, :val1792, :val1793, :val1794, :val1795, :val1796, :val1797, :val1798, :val1799, :val1800, :val1801, :val1802, :val1803, :val1804, :val1805, :val1806, :val1807, :val1808, :val1809, :val1810, :val1811, :val1812, :val1813, :val1814, :val1815, :val1816, :val1817, :val1818, :val1819, :val1820, :val1821, :val1822, :val1823, :val1824, :val1825, :val1826, :val1827, :val1828, :val1829, :val1830, :val1831, :val1832, :val1833, :val1834, :val1835, :val1836, :val1837, :val1838, :val1839, :val1840, :val1841, :val1842, :val1843, :val1844, :val1845, :val1846, :val1847, :val1848, :val1849, :val1850, :val1851, :val1852, :val1853, :val1854, :val1855, :val1856, :val1857, :val1858, :val1859, :val1860, :val1861, :val1862, :val1863, :val1864, :val1865, :val1866, :val1867, :val1868, :val1869, :val1870, :val1871, :val1872, :val1873, :val1874, :val1875, :val1876, :val1877, :val1878, :val1879, :val1880, :val1881, :val1882, :val1883, :val1884, :val1885, :val1886, :val1887, :val1888, :val1889, :val1890, :val1891, :val1892, :val1893, :val1894, :val1895, :val1896, :val1897, :val1898, :val1899, :val1900, :val1901, :val1902, :val1903, :val1904, :val1905, :val1906, :val1907, :val1908, :val1909, :val1910, :val1911, :val1912, :val1913, :val1914, :val1915, :val1916, :val1917, :val1918, :val1919, :val1920, :val1921, :val1922, :val1923, :val1924, :val1925, :val1926, :val1927, :val1928, :val1929, :val1930, :val1931, :val1932, :val1933, :val1934, :val1935, :val1936, :val1937, :val1938, :val1939, :val1940, :val1941, :val1942, :val1943, :val1944, :val1945, :val1946, :val1947, :val1948, :val1949, :val1950, :val1951, :val1952, :val1953, :val1954, :val1955, :val1956, :val1957, :val1958, :val1959, :val1960, :val1961, :val1962, :val1963, :val1964, :val1965, :val1966, :val1967, :val1968, :val1969, :val1970, :val1971, :val1972, :val1973, :val1974, :val1975, :val1976, :val1977, :val1978, :val1979, :val1980, :val1981, :val1982, :val1983, :val1984, :val1985, :val1986, :val1987, :val1988, :val1989, :val1990, :val1991, :val1992, :val1993, :val1994, :val1995, :val1996, :val1997, :val1998, :val1999, :val2000, :val2001, :val2002, :val2003, :val2004, :val2005, :val2006, :val2007, :val2008, :val2009, :val2010, :val2011, :val2012, :val2013, :val2014, :val2015, :val2016, :val2017, :val2018, :val2019, :val2020, :val2021, :val2022, :val2023, :val2024, :val2025, :val2026, :val2027, :val2028, :val2029, :val2030, :val2031, :val2032, :val2033, :val2034, :val2035, :val2036, :val2037, :val2038, :val2039, :val2040, :val2041, :val2042, :val2043, :val2044, :val2045, :val2046, :val2047, :val2048, :val2049, :val2050, :val2051, :val2052, :val2053, :val2054, :val2055, :val2056, :val2057, :val2058, :val2059, :val2060, :val2061, :val2062, :val2063, :val2064, :val2065, :val2066, :val2067, :val2068, :val2069, :val2070, :val2071, :val2072, :val2073, :val2074, :val2075, :val2076, :val2077, :val2078, :val2079, :val2080, :val2081, :val2082, :val2083, :val2084, :val2085, :val2086, :val2087, :val2088, :val2089, :val2090, :val2091, :val2092, :val2093, :val2094, :val2095, :val2096, :val2097, :val2098, :val2099, :val2100, :val2101, :val2102, :val2103, :val2104, :val2105, :val2106, :val2107, :val2108, :val2109, :val2110, :val2111, :val2112, :val2113, :val2114, :val2115, :val2116, :val2117, :val2118, :val2119, :val2120, :val2121, :val2122, :val2123, :val2124, :val2125, :val2126, :val2127, :val2128, :val2129, :val2130, :val2131, :val2132, :val2133, :val2134, :val2135, :val2136, :val2137, :val2138, :val2139, :val2140, :val2141, :val2142, :val2143, :val2144, :val2145, :val2146, :val2147, :val2148, :val2149, :val2150, :val2151, :val2152, :val2153, :val2154, :val2155, :val2156, :val2157, :val2158, :val2159, :val2160, :val2161, :val2162, :val2163, :val2164, :val2165, :val2166, :val2167, :val2168, :val2169, :val2170, :val2171, :val2172, :val2173, :val2174, :val2175, :val2176, :val2177, :val2178, :val2179, :val2180, :val2181, :val2182, :val2183, :val2184, :val2185, :val2186, :val2187, :val2188, :val2189, :val2190, :val2191, :val2192, :val2193, :val2194, :val2195, :val2196, :val2197, :val2198, :val2199, :val2200, :val2201, :val2202, :val2203, :val2204, :val2205, :val2206, :val2207, :val2208, :val2209, :val2210, :val2211, :val2212, :val2213, :val2214, :val2215, :val2216, :val2217, :val2218, :val2219, :val2220, :val2221, :val2222, :val2223, :val2224, :val2225, :val2226, :val2227, :val2228, :val2229, :val2230, :val2231, :val2232, :val2233, :val2234, :val2235, :val2236, :val2237, :val2238, :val2239, :val2240, :val2241, :val2242, :val2243, :val2244, :val2245, :val2246, :val2247, :val2248, :val2249, :val2250, :val2251, :val2252, :val2253, :val2254, :val2255, :val2256, :val2257, :val2258, :val2259, :val2260, :val2261, :val2262, :val2263, :val2264, :val2265, :val2266, :val2267, :val2268, :val2269, :val2270, :val2271, :val2272, :val2273, :val2274, :val2275, :val2276, :val2277, :val2278, :val2279, :val2280, :val2281, :val2282, :val2283, :val2284, :val2285, :val2286, :val2287, :val2288, :val2289, :val2290, :val2291, :val2292, :val2293, :val2294, :val2295, :val2296, :val2297, :val2298, :val2299, :val2300, :val2301, :val2302, :val2303, :val2304, :val2305, :val2306, :val2307, :val2308, :val2309, :val2310, :val2311, :val2312, :val2313, :val2314, :val2315, :val2316, :val2317, :val2318, :val2319, :val2320, :val2321, :val2322, :val2323, :val2324, :val2325, :val2326, :val2327, :val2328, :val2329, :val2330, :val2331, :val2332, :val2333, :val2334, :val2335, :val2336, :val2337, :val2338, :val2339, :val2340, :val2341, :val2342, :val2343, :val2344, :val2345, :val2346, :val2347, :val2348, :val2349, :val2350, :val2351, :val2352, :val2353, :val2354, :val2355, :val2356, :val2357, :val2358, :val2359, :val2360, :val2361, :val2362, :val2363, :val2364, :val2365, :val2366, :val2367, :val2368, :val2369, :val2370, :val2371, :val2372, :val2373, :val2374, :val2375, :val2376, :val2377, :val2378, :val2379, :val2380, :val2381, :val2382, :val2383, :val2384, :val2385, :val2386, :val2387, :val2388, :val2389, :val2390, :val2391, :val2392, :val2393, :val2394, :val2395, :val2396, :val2397, :val2398, :val2399, :val2400, :val2401, :val2402, :val2403, :val2404, :val2405, :val2406, :val2407, :val2408, :val2409, :val2410, :val2411, :val2412, :val2413, :val2414, :val2415, :val2416, :val2417, :val2418, :val2419, :val2420, :val2421, :val2422, :val2423, :val2424, :val2425, :val2426, :val2427, :val2428, :val2429, :val2430, :val2431, :val2432, :val2433, :val2434, :val2435, :val2436, :val2437, :val2438, :val2439, :val2440, :val2441, :val2442, :val2443, :val2444, :val2445, :val2446, :val2447, :val2448, :val2449, :val2450, :val2451, :val2452, :val2453, :val2454, :val2455, :val2456, :val2457, :val2458, :val2459, :val2460, :val2461, :val2462, :val2463, :val2464, :val2465, :val2466, :val2467, :val2468, :val2469, :val2470, :val2471, :val2472, :val2473, :val2474, :val2475, :val2476, :val2477, :val2478, :val2479, :val2480, :val2481, :val2482, :val2483, :val2484, :val2485, :val2486, :val2487, :val2488, :val2489, :val2490, :val2491, :val2492, :val2493, :val2494, :val2495, :val2496, :val2497, :val2498, :val2499, :val2500, :val2501, :val2502, :val2503, :val2504, :val2505, :val2506, :val2507, :val2508, :val2509, :val2510, :val2511, :val2512, :val2513, :val2514, :val2515, :val2516, :val2517, :val2518, :val2519, :val2520, :val2521, :val2522, :val2523, :val2524, :val2525, :val2526, :val2527, :val2528, :val2529, :val2530, :val2531, :val2532, :val2533, :val2534, :val2535, :val2536, :val2537, :val2538, :val2539, :val2540, :val2541, :val2542, :val2543, :val2544, :val2545, :val2546, :val2547, :val2548, :val2549, :val2550, :val2551, :val2552, :val2553, :val2554, :val2555, :val2556, :val2557, :val2558, :val2559, :val2560, :val2561, :val2562, :val2563, :val2564, :val2565, :val2566, :val2567, :val2568, :val2569, :val2570, :val2571, :val2572, :val2573, :val2574, :val2575, :val2576, :val2577, :val2578, :val2579, :val2580, :val2581, :val2582, :val2583, :val2584, :val2585, :val2586, :val2587, :val2588, :val2589, :val2590, :val2591, :val2592, :val2593, :val2594, :val2595, :val2596, :val2597, :val2598, :val2599, :val2600, :val2601, :val2602, :val2603, :val2604, :val2605, :val2606, :val2607, :val2608, :val2609, :val2610, :val2611, :val2612, :val2613, :val2614, :val2615, :val2616, :val2617, :val2618, :val2619, :val2620, :val2621, :val2622, :val2623, :val2624, :val2625, :val2626, :val2627, :val2628, :val2629, :val2630, :val2631, :val2632, :val2633, :val2634, :val2635, :val2636, :val2637, :val2638, :val2639, :val2640, :val2641, :val2642, :val2643, :val2644, :val2645, :val2646, :val2647, :val2648, :val2649, :val2650, :val2651, :val2652, :val2653, :val2654, :val2655, :val2656, :val2657, :val2658, :val2659, :val2660, :val2661, :val2662, :val2663, :val2664, :val2665, :val2666, :val2667, :val2668, :val2669, :val2670, :val2671, :val2672, :val2673, :val2674, :val2675, :val2676, :val2677, :val2678, :val2679, :val2680, :val2681, :val2682, :val2683, :val2684, :val2685, :val2686, :val2687, :val2688, :val2689, :val2690, :val2691, :val2692, :val2693, :val2694, :val2695, :val2696, :val2697, :val2698, :val2699, :val2700, :val2701, :val2702, :val2703, :val2704, :val2705, :val2706, :val2707, :val2708, :val2709, :val2710, :val2711, :val2712, :val2713, :val2714, :val2715, :val2716, :val2717, :val2718, :val2719, :val2720, :val2721, :val2722, :val2723, :val2724, :val2725, :val2726, :val2727, :val2728, :val2729, :val2730, :val2731, :val2732, :val2733, :val2734, :val2735, :val2736, :val2737, :val2738, :val2739, :val2740, :val2741, :val2742, :val2743, :val2744, :val2745, :val2746, :val2747, :val2748, :val2749, :val2750, :val2751, :val2752, :val2753, :val2754, :val2755, :val2756, :val2757, :val2758, :val2759, :val2760, :val2761, :val2762, :val2763, :val2764, :val2765, :val2766, :val2767, :val2768, :val2769, :val2770, :val2771, :val2772, :val2773, :val2774, :val2775, :val2776, :val2777, :val2778, :val2779, :val2780, :val2781, :val2782, :val2783, :val2784, :val2785, :val2786, :val2787, :val2788, :val2789, :val2790, :val2791, :val2792, :val2793, :val2794, :val2795, :val2796, :val2797, :val2798, :val2799, :val2800, :val2801, :val2802, :val2803, :val2804, :val2805, :val2806, :val2807, :val2808, :val2809, :val2810, :val2811, :val2812, :val2813, :val2814, :val2815, :val2816, :val2817, :val2818, :val2819, :val2820, :val2821, :val2822, :val2823, :val2824, :val2825, :val2826, :val2827, :val2828, :val2829, :val2830, :val2831, :val2832, :val2833, :val2834, :val2835, :val2836, :val2837, :val2838, :val2839, :val2840, :val2841, :val2842, :val2843, :val2844, :val2845, :val2846, :val2847, :val2848, :val2849, :val2850, :val2851, :val2852, :val2853, :val2854, :val2855, :val2856, :val2857, :val2858, :val2859, :val2860, :val2861, :val2862, :val2863, :val2864, :val2865, :val2866, :val2867, :val2868, :val2869, :val2870, :val2871, :val2872, :val2873, :val2874, :val2875, :val2876, :val2877, :val2878, :val2879, :val2880, :val2881, :val2882, :val2883, :val2884, :val2885, :val2886, :val2887, :val2888, :val2889, :val2890, :val2891, :val2892, :val2893, :val2894, :val2895, :val2896, :val2897, :val2898, :val2899, :val2900, :val2901, :val2902, :val2903, :val2904, :val2905, :val2906, :val2907, :val2908, :val2909, :val2910, :val2911, :val2912, :val2913, :val2914, :val2915, :val2916, :val2917, :val2918, :val2919, :val2920, :val2921, :val2922, :val2923, :val2924, :val2925, :val2926, :val2927, :val2928, :val2929, :val2930, :val2931, :val2932, :val2933, :val2934, :val2935, :val2936, :val2937, :val2938, :val2939, :val2940, :val2941, :val2942, :val2943, :val2944, :val2945, :val2946, :val2947, :val2948, :val2949, :val2950, :val2951, :val2952, :val2953, :val2954, :val2955, :val2956, :val2957, :val2958, :val2959, :val2960, :val2961, :val2962, :val2963, :val2964, :val2965, :val2966, :val2967, :val2968, :val2969, :val2970, :val2971, :val2972, :val2973, :val2974, :val2975, :val2976, :val2977, :val2978, :val2979, :val2980, :val2981, :val2982, :val2983, :val2984, :val2985, :val2986, :val2987, :val2988, :val2989, :val2990, :val2991, :val2992, :val2993, :val2994, :val2995, :val2996, :val2997, :val2998, :val2999, :val3000, :val3001, :val3002, :val3003, :val3004, :val3005, :val3006, :val3007, :val3008, :val3009, :val3010, :val3011, :val3012, :val3013, :val3014, :val3015, :val3016, :val3017, :val3018, :val3019, :val3020, :val3021, :val3022, :val3023, :val3024, :val3025, :val3026, :val3027, :val3028, :val3029, :val3030, :val3031, :val3032, :val3033, :val3034, :val3035, :val3036, :val3037, :val3038, :val3039, :val3040, :val3041, :val3042, :val3043, :val3044, :val3045, :val3046, :val3047, :val3048, :val3049, :val3050, :val3051, :val3052, :val3053, :val3054, :val3055, :val3056, :val3057, :val3058, :val3059, :val3060, :val3061, :val3062, :val3063, :val3064, :val3065, :val3066, :val3067, :val3068, :val3069, :val3070, :val3071, :val3072, :val3073, :val3074, :val3075, :val3076, :val3077, :val3078, :val3079, :val3080, :val3081, :val3082, :val3083, :val3084, :val3085, :val3086, :val3087, :val3088, :val3089, :val3090, :val3091, :val3092, :val3093, :val3094, :val3095, :val3096, :val3097, :val3098, :val3099, :val3100, :val3101, :val3102, :val3103, :val3104, :val3105, :val3106, :val3107, :val3108, :val3109, :val3110, :val3111, :val3112, :val3113, :val3114, :val3115, :val3116, :val3117, :val3118, :val3119, :val3120, :val3121, :val3122, :val3123, :val3124, :val3125, :val3126, :val3127, :val3128, :val3129, :val3130, :val3131, :val3132, :val3133, :val3134, :val3135, :val3136, :val3137, :val3138, :val3139, :val3140, :val3141, :val3142, :val3143, :val3144, :val3145, :val3146, :val3147, :val3148, :val3149, :val3150, :val3151, :val3152, :val3153, :val3154, :val3155, :val3156, :val3157, :val3158, :val3159, :val3160, :val3161, :val3162, :val3163, :val3164, :val3165, :val3166, :val3167, :val3168, :val3169, :val3170, :val3171, :val3172, :val3173, :val3174, :val3175, :val3176, :val3177, :val3178, :val3179, :val3180, :val3181, :val3182, :val3183, :val3184, :val3185, :val3186, :val3187, :val3188, :val3189, :val3190, :val3191, :val3192, :val3193, :val3194, :val3195, :val3196, :val3197, :val3198, :val3199, :val3200, :val3201, :val3202, :val3203, :val3204, :val3205, :val3206, :val3207, :val3208, :val3209, :val3210, :val3211, :val3212, :val3213, :val3214, :val3215, :val3216, :val3217, :val3218, :val3219, :val3220, :val3221, :val3222, :val3223, :val3224, :val3225, :val3226, :val3227, :val3228, :val3229, :val3230, :val3231, :val3232, :val3233, :val3234, :val3235, :val3236, :val3237, :val3238, :val3239, :val3240, :val3241, :val3242, :val3243, :val3244, :val3245, :val3246, :val3247, :val3248, :val3249, :val3250, :val3251, :val3252, :val3253, :val3254, :val3255, :val3256, :val3257, :val3258, :val3259, :val3260, :val3261, :val3262, :val3263, :val3264, :val3265, :val3266, :val3267, :val3268, :val3269, :val3270, :val3271, :val3272, :val3273, :val3274, :val3275, :val3276, :val3277, :val3278, :val3279, :val3280, :val3281, :val3282, :val3283, :val3284, :val3285, :val3286, :val3287, :val3288, :val3289, :val3290, :val3291, :val3292, :val3293, :val3294, :val3295, :val3296, :val3297, :val3298, :val3299, :val3300, :val3301, :val3302, :val3303, :val3304, :val3305, :val3306, :val3307, :val3308, :val3309, :val3310, :val3311, :val3312, :val3313, :val3314, :val3315, :val3316, :val3317, :val3318, :val3319, :val3320, :val3321, :val3322, :val3323, :val3324, :val3325, :val3326, :val3327, :val3328, :val3329, :val3330, :val3331, :val3332, :val3333, :val3334, :val3335, :val3336, :val3337, :val3338, :val3339, :val3340, :val3341, :val3342, :val3343, :val3344, :val3345, :val3346, :val3347, :val3348, :val3349, :val3350, :val3351, :val3352, :val3353, :val3354, :val3355, :val3356, :val3357, :val3358, :val3359, :val3360, :val3361, :val3362, :val3363, :val3364, :val3365, :val3366, :val3367, :val3368, :val3369, :val3370, :val3371, :val3372, :val3373, :val3374, :val3375, :val3376, :val3377, :val3378, :val3379, :val3380, :val3381, :val3382, :val3383, :val3384, :val3385, :val3386, :val3387, :val3388, :val3389, :val3390, :val3391, :val3392, :val3393, :val3394, :val3395, :val3396, :val3397, :val3398, :val3399, :val3400, :val3401, :val3402, :val3403, :val3404, :val3405, :val3406, :val3407, :val3408, :val3409, :val3410, :val3411, :val3412, :val3413, :val3414, :val3415, :val3416, :val3417, :val3418, :val3419, :val3420, :val3421, :val3422, :val3423, :val3424, :val3425, :val3426, :val3427, :val3428, :val3429, :val3430, :val3431, :val3432, :val3433, :val3434, :val3435, :val3436, :val3437, :val3438, :val3439, :val3440, :val3441, :val3442, :val3443, :val3444, :val3445, :val3446, :val3447, :val3448, :val3449, :val3450, :val3451, :val3452, :val3453, :val3454, :val3455, :val3456, :val3457, :val3458, :val3459, :val3460, :val3461, :val3462, :val3463, :val3464, :val3465, :val3466, :val3467, :val3468, :val3469, :val3470, :val3471, :val3472, :val3473, :val3474, :val3475, :val3476, :val3477, :val3478, :val3479, :val3480, :val3481, :val3482, :val3483, :val3484, :val3485, :val3486, :val3487, :val3488, :val3489, :val3490, :val3491, :val3492, :val3493, :val3494, :val3495, :val3496, :val3497, :val3498, :val3499, :val3500, :val3501, :val3502, :val3503, :val3504, :val3505, :val3506, :val3507, :val3508, :val3509, :val3510, :val3511, :val3512, :val3513, :val3514, :val3515, :val3516, :val3517, :val3518, :val3519, :val3520, :val3521, :val3522, :val3523, :val3524, :val3525, :val3526, :val3527, :val3528, :val3529, :val3530, :val3531, :val3532, :val3533, :val3534, :val3535, :val3536, :val3537, :val3538, :val3539, :val3540, :val3541, :val3542, :val3543, :val3544, :val3545, :val3546, :val3547, :val3548, :val3549, :val3550, :val3551, :val3552, :val3553, :val3554, :val3555, :val3556, :val3557, :val3558, :val3559, :val3560, :val3561, :val3562, :val3563, :val3564, :val3565, :val3566, :val3567, :val3568, :val3569, :val3570, :val3571, :val3572, :val3573, :val3574, :val3575, :val3576, :val3577, :val3578, :val3579, :val3580, :val3581, :val3582, :val3583, :val3584, :val3585, :val3586, :val3587, :val3588, :val3589, :val3590, :val3591, :val3592, :val3593, :val3594, :val3595, :val3596, :val3597, :val3598, :val3599, :val3600, :val3601, :val3602, :val3603, :val3604, :val3605, :val3606, :val3607, :val3608, :val3609, :val3610, :val3611, :val3612, :val3613, :val3614, :val3615, :val3616, :val3617, :val3618, :val3619, :val3620, :val3621, :val3622, :val3623, :val3624, :val3625, :val3626, :val3627, :val3628, :val3629, :val3630, :val3631, :val3632, :val3633, :val3634, :val3635, :val3636, :val3637, :val3638, :val3639, :val3640, :val3641, :val3642, :val3643, :val3644, :val3645, :val3646, :val3647, :val3648, :val3649, :val3650, :val3651, :val3652, :val3653, :val3654, :val3655, :val3656, :val3657, :val3658, :val3659, :val3660, :val3661, :val3662, :val3663, :val3664, :val3665, :val3666, :val3667, :val3668, :val3669, :val3670, :val3671, :val3672, :val3673, :val3674, :val3675, :val3676, :val3677, :val3678, :val3679, :val3680, :val3681, :val3682, :val3683, :val3684, :val3685, :val3686, :val3687, :val3688, :val3689, :val3690, :val3691, :val3692, :val3693, :val3694, :val3695, :val3696, :val3697, :val3698, :val3699, :val3700, :val3701, :val3702, :val3703, :val3704, :val3705, :val3706, :val3707, :val3708, :val3709, :val3710, :val3711, :val3712, :val3713, :val3714, :val3715, :val3716, :val3717, :val3718, :val3719, :val3720, :val3721, :val3722, :val3723, :val3724, :val3725, :val3726, :val3727, :val3728, :val3729, :val3730, :val3731, :val3732, :val3733, :val3734, :val3735, :val3736, :val3737, :val3738, :val3739, :val3740, :val3741, :val3742, :val3743, :val3744, :val3745, :val3746, :val3747, :val3748, :val3749, :val3750, :val3751, :val3752, :val3753, :val3754, :val3755, :val3756, :val3757, :val3758, :val3759, :val3760, :val3761, :val3762, :val3763, :val3764, :val3765, :val3766, :val3767, :val3768, :val3769, :val3770, :val3771, :val3772, :val3773, :val3774, :val3775, :val3776, :val3777, :val3778, :val3779, :val3780, :val3781, :val3782, :val3783, :val3784, :val3785, :val3786, :val3787, :val3788, :val3789, :val3790, :val3791, :val3792, :val3793, :val3794, :val3795, :val3796, :val3797, :val3798, :val3799, :val3800, :val3801, :val3802, :val3803, :val3804, :val3805, :val3806, :val3807, :val3808, :val3809, :val3810, :val3811, :val3812, :val3813, :val3814, :val3815, :val3816, :val3817, :val3818, :val3819, :val3820, :val3821, :val3822, :val3823, :val3824, :val3825, :val3826, :val3827, :val3828, :val3829, :val3830, :val3831, :val3832, :val3833, :val3834, :val3835, :val3836, :val3837, :val3838, :val3839, :val3840, :val3841, :val3842, :val3843, :val3844, :val3845, :val3846, :val3847, :val3848, :val3849, :val3850, :val3851, :val3852, :val3853, :val3854, :val3855, :val3856, :val3857, :val3858, :val3859, :val3860, :val3861, :val3862, :val3863, :val3864, :val3865, :val3866, :val3867, :val3868, :val3869, :val3870, :val3871, :val3872, :val3873, :val3874, :val3875, :val3876, :val3877, :val3878, :val3879, :val3880, :val3881, :val3882, :val3883, :val3884, :val3885, :val3886, :val3887, :val3888, :val3889, :val3890, :val3891, :val3892, :val3893, :val3894, :val3895, :val3896, :val3897, :val3898, :val3899, :val3900, :val3901, :val3902, :val3903, :val3904, :val3905, :val3906, :val3907, :val3908, :val3909, :val3910, :val3911, :val3912, :val3913, :val3914, :val3915, :val3916, :val3917, :val3918, :val3919, :val3920, :val3921, :val3922, :val3923, :val3924, :val3925, :val3926, :val3927, :val3928, :val3929, :val3930, :val3931, :val3932, :val3933, :val3934, :val3935, :val3936, :val3937, :val3938, :val3939, :val3940, :val3941, :val3942, :val3943, :val3944, :val3945, :val3946, :val3947, :val3948, :val3949, :val3950, :val3951, :val3952, :val3953, :val3954, :val3955, :val3956, :val3957, :val3958, :val3959, :val3960, :val3961, :val3962, :val3963, :val3964, :val3965, :val3966, :val3967, :val3968, :val3969, :val3970, :val3971, :val3972, :val3973, :val3974, :val3975, :val3976, :val3977, :val3978, :val3979, :val3980, :val3981, :val3982, :val3983, :val3984, :val3985, :val3986, :val3987, :val3988, :val3989, :val3990, :val3991, :val3992, :val3993, :val3994, :val3995, :val3996, :val3997, :val3998, :val3999, :val4000, :val4001, :val4002, :val4003, :val4004, :val4005, :val4006, :val4007, :val4008, :val4009, :val4010, :val4011, :val4012, :val4013, :val4014, :val4015, :val4016, :val4017, :val4018, :val4019, :val4020, :val4021, :val4022, :val4023, :val4024, :val4025, :val4026, :val4027, :val4028, :val4029, :val4030, :val4031, :val4032, :val4033, :val4034, :val4035, :val4036, :val4037, :val4038, :val4039, :val4040, :val4041, :val4042, :val4043, :val4044, :val4045, :val4046, :val4047, :val4048, :val4049, :val4050, :val4051, :val4052, :val4053, :val4054, :val4055, :val4056, :val4057, :val4058, :val4059, :val4060, :val4061, :val4062, :val4063, :val4064, :val4065, :val4066, :val4067, :val4068, :val4069, :val4070, :val4071, :val4072, :val4073, :val4074, :val4075, :val4076, :val4077, :val4078, :val4079, :val4080, :val4081, :val4082, :val4083, :val4084, :val4085, :val4086, :val4087, :val4088, :val4089, :val4090, :val4091, :val4092, :val4093, :val4094, :val4095, :val4096, :val4097, :val4098, :val4099, :val4100, :val4101, :val4102, :val4103, :val4104, :val4105, :val4106, :val4107, :val4108, :val4109, :val4110, :val4111, :val4112, :val4113, :val4114, :val4115, :val4116, :val4117, :val4118, :val4119, :val4120, :val4121, :val4122, :val4123, :val4124, :val4125, :val4126, :val4127, :val4128, :val4129, :val4130, :val4131, :val4132, :val4133, :val4134, :val4135, :val4136, :val4137, :val4138, :val4139, :val4140, :val4141, :val4142, :val4143, :val4144, :val4145, :val4146, :val4147, :val4148, :val4149, :val4150, :val4151, :val4152, :val4153, :val4154, :val4155, :val4156, :val4157, :val4158, :val4159, :val4160, :val4161, :val4162, :val4163, :val4164, :val4165, :val4166, :val4167, :val4168, :val4169, :val4170, :val4171, :val4172, :val4173, :val4174, :val4175, :val4176, :val4177, :val4178, :val4179, :val4180, :val4181, :val4182, :val4183, :val4184, :val4185, :val4186, :val4187, :val4188, :val4189, :val4190, :val4191, :val4192, :val4193, :val4194, :val4195, :val4196, :val4197, :val4198, :val4199, :val4200, :val4201, :val4202, :val4203, :val4204, :val4205, :val4206, :val4207, :val4208, :val4209, :val4210, :val4211, :val4212, :val4213, :val4214, :val4215, :val4216, :val4217, :val4218, :val4219, :val4220, :val4221, :val4222, :val4223, :val4224, :val4225, :val4226, :val4227, :val4228, :val4229, :val4230, :val4231, :val4232, :val4233, :val4234, :val4235, :val4236, :val4237, :val4238, :val4239, :val4240, :val4241, :val4242, :val4243, :val4244, :val4245, :val4246, :val4247, :val4248, :val4249, :val4250, :val4251, :val4252, :val4253, :val4254, :val4255, :val4256, :val4257, :val4258, :val4259, :val4260, :val4261, :val4262, :val4263, :val4264, :val4265, :val4266, :val4267, :val4268, :val4269, :val4270, :val4271, :val4272, :val4273, :val4274, :val4275, :val4276, :val4277, :val4278, :val4279, :val4280, :val4281, :val4282, :val4283, :val4284, :val4285, :val4286, :val4287, :val4288, :val4289, :val4290, :val4291, :val4292, :val4293, :val4294, :val4295, :val4296, :val4297, :val4298, :val4299, :val4300, :val4301, :val4302, :val4303, :val4304, :val4305, :val4306, :val4307, :val4308, :val4309, :val4310, :val4311, :val4312, :val4313, :val4314, :val4315, :val4316, :val4317, :val4318, :val4319, :val4320, :val4321, :val4322, :val4323, :val4324, :val4325, :val4326, :val4327, :val4328, :val4329, :val4330, :val4331, :val4332, :val4333, :val4334, :val4335, :val4336, :val4337, :val4338, :val4339, :val4340, :val4341, :val4342, :val4343, :val4344, :val4345, :val4346, :val4347, :val4348, :val4349, :val4350, :val4351, :val4352, :val4353, :val4354, :val4355, :val4356, :val4357, :val4358, :val4359, :val4360, :val4361, :val4362, :val4363, :val4364, :val4365, :val4366, :val4367, :val4368, :val4369, :val4370, :val4371, :val4372, :val4373, :val4374, :val4375, :val4376, :val4377, :val4378, :val4379, :val4380, :val4381, :val4382, :val4383, :val4384, :val4385, :val4386, :val4387, :val4388, :val4389, :val4390, :val4391, :val4392, :val4393, :val4394, :val4395, :val4396, :val4397, :val4398, :val4399, :val4400, :val4401, :val4402, :val4403, :val4404, :val4405, :val4406, :val4407, :val4408, :val4409)
2025-05-27 08:24:50,881 ChatBI->     ERROR    Unexpected error occured:Error code: 400 - {'object': 'error', 'message': "This model's maximum context length is 10240 tokens. However, you requested 16267 tokens in the messages, Please reduce the length of the messages.", 'type': 'BadRequestError', 'param': None, 'code': 400}
Traceback (most recent call last):
  File "/data/yfzx/liucd/chatbi_deploy2/chatbi_DB2/apps/app_main_ws.py", line 160, in websocket_endpoint
    result_insight = chat_chain.invoke({ "query": query, "obtain_data": obtain_data})
                     ^^^^^^^^^^^^^^^^^^^^^^^^^^^^^^^^^^^^^^^^^^^^^^^^^^^^^^^^^^^^^^^^
  File "/root/anaconda3/envs/chatbi/lib/python3.12/site-packages/langchain_core/runnables/base.py", line 3034, in invoke
    input = context.run(step.invoke, input, config)
            ^^^^^^^^^^^^^^^^^^^^^^^^^^^^^^^^^^^^^^^
  File "/root/anaconda3/envs/chatbi/lib/python3.12/site-packages/langchain_core/language_models/chat_models.py", line 370, in invoke
    self.generate_prompt(
  File "/root/anaconda3/envs/chatbi/lib/python3.12/site-packages/langchain_core/language_models/chat_models.py", line 947, in generate_prompt
    return self.generate(prompt_messages, stop=stop, callbacks=callbacks, **kwargs)
           ^^^^^^^^^^^^^^^^^^^^^^^^^^^^^^^^^^^^^^^^^^^^^^^^^^^^^^^^^^^^^^^^^^^^^^^^
  File "/root/anaconda3/envs/chatbi/lib/python3.12/site-packages/langchain_core/language_models/chat_models.py", line 766, in generate
    self._generate_with_cache(
  File "/root/anaconda3/envs/chatbi/lib/python3.12/site-packages/langchain_core/language_models/chat_models.py", line 1012, in _generate_with_cache
    result = self._generate(
             ^^^^^^^^^^^^^^^
  File "/root/anaconda3/envs/chatbi/lib/python3.12/site-packages/langchain_openai/chat_models/base.py", line 823, in _generate
    response = self.client.create(**payload)
               ^^^^^^^^^^^^^^^^^^^^^^^^^^^^^
  File "/root/anaconda3/envs/chatbi/lib/python3.12/site-packages/openai/_utils/_utils.py", line 279, in wrapper
    return func(*args, **kwargs)
           ^^^^^^^^^^^^^^^^^^^^^
  File "/root/anaconda3/envs/chatbi/lib/python3.12/site-packages/openai/resources/chat/completions/completions.py", line 879, in create
    return self._post(
           ^^^^^^^^^^^
  File "/root/anaconda3/envs/chatbi/lib/python3.12/site-packages/openai/_base_client.py", line 1296, in post
    return cast(ResponseT, self.request(cast_to, opts, stream=stream, stream_cls=stream_cls))
                           ^^^^^^^^^^^^^^^^^^^^^^^^^^^^^^^^^^^^^^^^^^^^^^^^^^^^^^^^^^^^^^^^^
  File "/root/anaconda3/envs/chatbi/lib/python3.12/site-packages/openai/_base_client.py", line 973, in request
    return self._request(
           ^^^^^^^^^^^^^^
  File "/root/anaconda3/envs/chatbi/lib/python3.12/site-packages/openai/_base_client.py", line 1077, in _request
    raise self._make_status_error_from_response(err.response) from None
openai.BadRequestError: Error code: 400 - {'object': 'error', 'message': "This model's maximum context length is 10240 tokens. However, you requested 16267 tokens in the messages, Please reduce the length of the messages.", 'type': 'BadRequestError', 'param': None, 'code': 400}
2025-05-27 08:27:58,378 ChatBI->     ERROR    Unexpected error occured:(<CloseCode.ABNORMAL_CLOSURE: 1006>, '')
Traceback (most recent call last):
  File "/data/yfzx/liucd/chatbi_deploy2/chatbi_DB2/apps/app_main_ws.py", line 64, in websocket_endpoint
    message = await websocket.receive_text()
              ^^^^^^^^^^^^^^^^^^^^^^^^^^^^^^
  File "/root/anaconda3/envs/chatbi/lib/python3.12/site-packages/starlette/websockets.py", line 119, in receive_text
    self._raise_on_disconnect(message)
  File "/root/anaconda3/envs/chatbi/lib/python3.12/site-packages/starlette/websockets.py", line 113, in _raise_on_disconnect
    raise WebSocketDisconnect(message["code"], message.get("reason"))
starlette.websockets.WebSocketDisconnect: (<CloseCode.ABNORMAL_CLOSURE: 1006>, '')
2025-05-27 08:27:58,381 ChatBI->     ERROR    Unexpected error occured:(<CloseCode.ABNORMAL_CLOSURE: 1006>, '')
Traceback (most recent call last):
  File "/data/yfzx/liucd/chatbi_deploy2/chatbi_DB2/apps/app_main_ws.py", line 64, in websocket_endpoint
    message = await websocket.receive_text()
              ^^^^^^^^^^^^^^^^^^^^^^^^^^^^^^
  File "/root/anaconda3/envs/chatbi/lib/python3.12/site-packages/starlette/websockets.py", line 119, in receive_text
    self._raise_on_disconnect(message)
  File "/root/anaconda3/envs/chatbi/lib/python3.12/site-packages/starlette/websockets.py", line 113, in _raise_on_disconnect
    raise WebSocketDisconnect(message["code"], message.get("reason"))
starlette.websockets.WebSocketDisconnect: (<CloseCode.ABNORMAL_CLOSURE: 1006>, '')
2025-05-27 08:27:58,383 ChatBI->     ERROR    Unexpected error occured:(<CloseCode.ABNORMAL_CLOSURE: 1006>, '')
Traceback (most recent call last):
  File "/data/yfzx/liucd/chatbi_deploy2/chatbi_DB2/apps/app_main_ws.py", line 64, in websocket_endpoint
    message = await websocket.receive_text()
              ^^^^^^^^^^^^^^^^^^^^^^^^^^^^^^
  File "/root/anaconda3/envs/chatbi/lib/python3.12/site-packages/starlette/websockets.py", line 119, in receive_text
    self._raise_on_disconnect(message)
  File "/root/anaconda3/envs/chatbi/lib/python3.12/site-packages/starlette/websockets.py", line 113, in _raise_on_disconnect
    raise WebSocketDisconnect(message["code"], message.get("reason"))
starlette.websockets.WebSocketDisconnect: (<CloseCode.ABNORMAL_CLOSURE: 1006>, '')
2025-05-27 08:51:35,698 ChatBI->     INFO     案例库查询
2025-05-27 08:51:35,741 ChatBI->     INFO     案例库查询结果: ["{'query': '近半年群众经常上报道路积水的路段有哪些?', '目标列': ['诉求地址'], '条件列': {'内容描述': '道路积水', '工单生成时间': '近半年'}}", "{'query': '近1个月台风造成的道路积水影响市民出现的事件有多少起', '目标列': ['内容描述'], '条件列': {'内容描述': '台风造成的道路积水影响市民出现', '工单生成时间': '近1个月'}}", "{'query': '今年道路积水影响了哪些地铁的正常运行', '目标列': ['内容描述'], '条件列': {'内容描述': '道路积水', '工单生成时间': '今年'}}"]
2025-05-27 08:51:37,238 ChatBI->     INFO     schema linking: {'target_columns': ['内容描述'], 'condition_columns': {'内容描述': '道路积水', '工单生成时间': '2024年'}}
2025-05-27 08:51:39,350 ChatBI->     INFO     任务类型: SQL
2025-05-27 08:51:40,884 ChatBI->     INFO     stad sql: SELECT COUNT(*) AS 道路积水数量 FROM shanghai WHERE `内容描述` LIKE '%道路积水%' AND YEAR(`工单生成时间`) = 2024 LIMIT 5000;
2025-05-27 08:51:40,884 ChatBI->     INFO     开始语义分析 ... 
2025-05-27 08:51:40,886 ChatBI->     INFO     非结构化信息为: {"`内容描述` LIKE '%道路积水%'": '道路积水'}
2025-05-27 08:51:41,183 ChatBI->     INFO     道路积水 的命名实体判别： no
2025-05-27 08:51:41,184 ChatBI->     INFO     开始对非结构化文档【粗略】检索
2025-05-27 08:51:41,782 ChatBI->     INFO     检索到的文档总数量为：5000
2025-05-27 08:51:42,085 ChatBI->     INFO     开始对非结构化文档【深度】检索
2025-05-27 08:51:42,353 ChatBI->     INFO     step_scores: ['yes', 'yes', 'yes', 'yes', 'yes', 'yes', 'yes', 'no', 'no', 'no']
2025-05-27 08:51:42,354 ChatBI->     INFO     层级抽取文档： 市民来电反映:上述地址道路积水严重，诉求：请管理部门尽快清理积水 ==> yes  
2025-05-27 08:51:42,354 ChatBI->     INFO     层级抽取文档： 市民来电反映: 上述地址的路面一直有积水，一到下雨天就会积水。平时会好一点，下雨天比较厉害。诉求：尽快清理积水。 ==> yes  
2025-05-27 08:51:42,354 ChatBI->     INFO     层级抽取文档： 市民来电反映:上述地址一下雨机动车道积水。诉求：请管理部门核实进行整治，清理积水。 ==> yes  
2025-05-27 08:51:42,354 ChatBI->     INFO     层级抽取文档： 市民来电反映:上述地址大楼间道路上有污水管损坏，并有水冒出，导致地面有积水。市民诉求：请管理部门核实后尽快采取措施维修。
 ==> yes  
2025-05-27 08:51:42,354 ChatBI->     INFO     层级抽取文档： 市民来电反映:上述地址道路上多处路面积水，对市民通行带来影响。诉求：要求管理部门尽快上门处理。（市民要求信息保密 无需回复） ==> yes  
2025-05-27 08:51:42,354 ChatBI->     INFO     层级抽取文档： 市民来电反映:上述地址路段双向最右侧的机动车道和非机动车道一到下雨天路面就会积水，且非常深，通行非常不便。诉求：请管理部门尽快核实修整。（需回复） ==> yes  
2025-05-27 08:51:42,354 ChatBI->     INFO     层级抽取文档： 市民来电反映:上述地址门口入口街面下水道堵塞，路上有积水，对市民生活带来影响。诉求：要求管理部门尽快上门处理。 ==> yes  
2025-05-27 08:51:42,354 ChatBI->     INFO     层级抽取文档： 市民来电反映:上述道路全长只有100多米，但整个道路都有坑洼现象。上述现象对过往车辆存在安全隐患。市民诉求：请管理部门核实后尽快采取措施进行修复。 ==> no  
2025-05-27 08:51:42,354 ChatBI->     INFO     层级抽取文档： 市民来电反映:上述地址家里目前都是积水，市民表示只要下雨，家里都是会有积水的，雨水倒灌进家里。诉求：希望管理部门核实尽快帮其解决家里雨水倒灌的问题。 ==> no  
2025-05-27 08:51:42,354 ChatBI->     INFO     层级抽取文档： 市民来电反映:浦东新区周浦镇周秀路，青黛路，天雄路，道路规划不合理，造成道路拥堵严重。 ==> no  
2025-05-27 08:51:42,355 ChatBI->     INFO     阈值索引为：140, 窗口大小为: 100 
2025-05-27 08:51:42,355 ChatBI->     INFO     确定的文档: 41; 在次确认的文档: 199
2025-05-27 08:51:46,532 ChatBI->     INFO     从199个需再次确认的文档中筛选出的相关文档数量：136
2025-05-27 08:51:46,532 ChatBI->     INFO     示例文档：['市民来电反映: 上述地址村里之前污水改造后没有设置雨水管道，导致每次遇到下雨都存在严重积水，诉求: 希望管理部门核实增设雨水管道解决积水问题.(需回复)  ', '市民反映：下雨天气，上述地址停车场水漫金山，唯一的2个进站口全是水，深好几厘米，根本无法正常行走，也无人管理。诉求：希望管理部门尽快解决积水问题。（市民要求信息保密，需要回复）', '市民来电反映:上述地址附近路面有的抬高有的没有抬高造成了下雨就会有水坑。诉求：要求一起抬高路面。', '市民来电反复催单。催单原因：市民称管理部门至今未给予任何回复，请管理部门尽快处理。【最近派发的工单编号：20240630017172，工单内容：市民来电反映:上述地址是私房，旁边都是积水，已经进入家里，市民表示无法通行。诉求：希望尽快排水。（需回复）】', '【台风】市民来电反映: 因为台风，9月20日早上发现上述地址积水严重。诉求：请管理部门尽快来帮市民排水。']
2025-05-27 08:51:46,534 ChatBI->     INFO     没有找到<  >对应的视图
2025-05-27 08:51:46,534 ChatBI->     INFO     sql 语句：SELECT COUNT(*) AS 道路积水数量 FROM shanghai WHERE  `内容描述` IN (:val0, :val1, :val2, :val3, :val4, :val5, :val6, :val7, :val8, :val9, :val10, :val11, :val12, :val13, :val14, :val15, :val16, :val17, :val18, :val19, :val20, :val21, :val22, :val23, :val24, :val25, :val26, :val27, :val28, :val29, :val30, :val31, :val32, :val33, :val34, :val35, :val36, :val37, :val38, :val39, :val40, :val41, :val42, :val43, :val44, :val45, :val46, :val47, :val48, :val49, :val50, :val51, :val52, :val53, :val54, :val55, :val56, :val57, :val58, :val59, :val60, :val61, :val62, :val63, :val64, :val65, :val66, :val67, :val68, :val69, :val70, :val71, :val72, :val73, :val74, :val75, :val76, :val77, :val78, :val79, :val80, :val81, :val82, :val83, :val84, :val85, :val86, :val87, :val88, :val89, :val90, :val91, :val92, :val93, :val94, :val95, :val96, :val97, :val98, :val99, :val100, :val101, :val102, :val103, :val104, :val105, :val106, :val107, :val108, :val109, :val110, :val111, :val112, :val113, :val114, :val115, :val116, :val117, :val118, :val119, :val120, :val121, :val122, :val123, :val124, :val125, :val126, :val127, :val128, :val129, :val130, :val131, :val132, :val133, :val134, :val135, :val136, :val137, :val138, :val139, :val140, :val141, :val142, :val143, :val144, :val145, :val146, :val147, :val148, :val149, :val150, :val151, :val152, :val153, :val154, :val155, :val156, :val157, :val158, :val159, :val160, :val161, :val162, :val163, :val164, :val165, :val166, :val167, :val168, :val169, :val170, :val171, :val172, :val173, :val174, :val175, :val176) AND YEAR(`工单生成时间`) = 2024 LIMIT 5000;
2025-05-27 08:51:47,150 ChatBI->     INFO     websocket发送的数据为：{"sql_gen": "SELECT COUNT(*) AS 道路积水数量 FROM shanghai WHERE `内容描述` LIKE '%道路积水%' AND YEAR(`工单生成时间`) = 2024 LIMIT 5000;"}
2025-05-27 08:51:47,151 ChatBI->     INFO     websocket发送的数据为：{"response": [{"道路积水数量": 172}]}
2025-05-27 08:51:47,168 ChatBI->     INFO     sql 语句：SELECT * FROM shanghai WHERE  `内容描述` IN (:val0, :val1, :val2, :val3, :val4, :val5, :val6, :val7, :val8, :val9, :val10, :val11, :val12, :val13, :val14, :val15, :val16, :val17, :val18, :val19, :val20, :val21, :val22, :val23, :val24, :val25, :val26, :val27, :val28, :val29, :val30, :val31, :val32, :val33, :val34, :val35, :val36, :val37, :val38, :val39, :val40, :val41, :val42, :val43, :val44, :val45, :val46, :val47, :val48, :val49, :val50, :val51, :val52, :val53, :val54, :val55, :val56, :val57, :val58, :val59, :val60, :val61, :val62, :val63, :val64, :val65, :val66, :val67, :val68, :val69, :val70, :val71, :val72, :val73, :val74, :val75, :val76, :val77, :val78, :val79, :val80, :val81, :val82, :val83, :val84, :val85, :val86, :val87, :val88, :val89, :val90, :val91, :val92, :val93, :val94, :val95, :val96, :val97, :val98, :val99, :val100, :val101, :val102, :val103, :val104, :val105, :val106, :val107, :val108, :val109, :val110, :val111, :val112, :val113, :val114, :val115, :val116, :val117, :val118, :val119, :val120, :val121, :val122, :val123, :val124, :val125, :val126, :val127, :val128, :val129, :val130, :val131, :val132, :val133, :val134, :val135, :val136, :val137, :val138, :val139, :val140, :val141, :val142, :val143, :val144, :val145, :val146, :val147, :val148, :val149, :val150, :val151, :val152, :val153, :val154, :val155, :val156, :val157, :val158, :val159, :val160, :val161, :val162, :val163, :val164, :val165, :val166, :val167, :val168, :val169, :val170, :val171, :val172, :val173, :val174, :val175, :val176) AND YEAR(`工单生成时间`) = 2024 LIMIT 5000;
2025-05-27 08:51:48,453 ChatBI->     INFO     websocket发送的数据为：{"result_insight": "根据检索到的信息，2024年有172起道路积水事件。"}
2025-05-27 08:51:49,943 ChatBI->     INFO     websocket发送的数据为：{"result_recommand": {"new_query_1": "2024年哪些区域的道路积水次数最多？", "new_query_2": "2024年道路积水事件中，哪些时间段发生频率最高？", "new_query_3": "2024年道路积水事件的处理描述是什么样的？"}}
2025-05-27 08:51:51,712 ChatBI->     INFO     案例库查询
2025-05-27 08:51:51,746 ChatBI->     INFO     案例库查询结果: ["{'query': '近半年群众经常上报道路积水的路段有哪些?', '目标列': ['诉求地址'], '条件列': {'内容描述': '道路积水', '工单生成时间': '近半年'}}", "{'query': '去年哪些小区存在严重的积水问题', '目标列': ['内容描述'], '条件列': {'内容描述': '严重的积水问题', '工单生成时间': '去年'}}", "{'query': '今年道路积水影响了哪些地铁的正常运行', '目标列': ['内容描述'], '条件列': {'内容描述': '道路积水', '工单生成时间': '今年'}}"]
2025-05-27 08:51:52,721 ChatBI->     INFO     schema linking: {'target_columns': ['诉求区域'], 'condition_columns': {'内容描述': '道路积水', '工单生成时间': '2024年'}}
2025-05-27 08:51:54,293 ChatBI->     INFO     任务类型: SQL
2025-05-27 08:51:55,691 ChatBI->     INFO     stad sql: SELECT `诉求区域`, COUNT(*) AS `积水次数` FROM shanghai WHERE `内容描述` LIKE '%道路积水%' AND YEAR(`工单生成时间`) = 2024 GROUP BY `诉求区域` ORDER BY `积水次数` DESC LIMIT 5000;
2025-05-27 08:51:55,691 ChatBI->     INFO     开始语义分析 ... 
2025-05-27 08:51:55,693 ChatBI->     INFO     非结构化信息为: {"`内容描述` LIKE '%道路积水%'": '道路积水'}
2025-05-27 08:51:55,934 ChatBI->     INFO     道路积水 的命名实体判别： no
2025-05-27 08:51:55,936 ChatBI->     INFO     开始对非结构化文档【粗略】检索
2025-05-27 08:51:56,685 ChatBI->     INFO     检索到的文档总数量为：5000
2025-05-27 08:51:56,986 ChatBI->     INFO     开始对非结构化文档【深度】检索
2025-05-27 08:51:57,202 ChatBI->     INFO     step_scores: ['yes', 'yes', 'yes', 'yes', 'yes', 'yes', 'yes', 'no', 'no', 'no']
2025-05-27 08:51:57,202 ChatBI->     INFO     层级抽取文档： 市民来电反映:上述地址道路积水严重，诉求：请管理部门尽快清理积水 ==> yes  
2025-05-27 08:51:57,202 ChatBI->     INFO     层级抽取文档： 市民来电反映: 上述地址的路面一直有积水，一到下雨天就会积水。平时会好一点，下雨天比较厉害。诉求：尽快清理积水。 ==> yes  
2025-05-27 08:51:57,202 ChatBI->     INFO     层级抽取文档： 市民来电反映:上述地址一下雨机动车道积水。诉求：请管理部门核实进行整治，清理积水。 ==> yes  
2025-05-27 08:51:57,202 ChatBI->     INFO     层级抽取文档： 市民来电反映:上述地址大楼间道路上有污水管损坏，并有水冒出，导致地面有积水。市民诉求：请管理部门核实后尽快采取措施维修。
 ==> yes  
2025-05-27 08:51:57,202 ChatBI->     INFO     层级抽取文档： 市民来电反映:上述地址道路上多处路面积水，对市民通行带来影响。诉求：要求管理部门尽快上门处理。（市民要求信息保密 无需回复） ==> yes  
2025-05-27 08:51:57,202 ChatBI->     INFO     层级抽取文档： 市民来电反映:上述地址路段双向最右侧的机动车道和非机动车道一到下雨天路面就会积水，且非常深，通行非常不便。诉求：请管理部门尽快核实修整。（需回复） ==> yes  
2025-05-27 08:51:57,202 ChatBI->     INFO     层级抽取文档： 市民来电反映:上述地址门口入口街面下水道堵塞，路上有积水，对市民生活带来影响。诉求：要求管理部门尽快上门处理。 ==> yes  
2025-05-27 08:51:57,203 ChatBI->     INFO     层级抽取文档： 市民来电反映:上述道路全长只有100多米，但整个道路都有坑洼现象。上述现象对过往车辆存在安全隐患。市民诉求：请管理部门核实后尽快采取措施进行修复。 ==> no  
2025-05-27 08:51:57,203 ChatBI->     INFO     层级抽取文档： 市民来电反映:上述地址家里目前都是积水，市民表示只要下雨，家里都是会有积水的，雨水倒灌进家里。诉求：希望管理部门核实尽快帮其解决家里雨水倒灌的问题。 ==> no  
2025-05-27 08:51:57,203 ChatBI->     INFO     层级抽取文档： 市民来电反映:浦东新区周浦镇周秀路，青黛路，天雄路，道路规划不合理，造成道路拥堵严重。 ==> no  
2025-05-27 08:51:57,203 ChatBI->     INFO     阈值索引为：140, 窗口大小为: 100 
2025-05-27 08:51:57,203 ChatBI->     INFO     确定的文档: 41; 在次确认的文档: 199
2025-05-27 08:51:57,255 ChatBI->     INFO     案例库查询
2025-05-27 08:51:57,281 ChatBI->     INFO     案例库查询结果: ["{'query': '近半年群众经常上报道路积水的路段有哪些?', '目标列': ['诉求地址'], '条件列': {'内容描述': '道路积水', '工单生成时间': '近半年'}}", "{'query': '去年台风造成的道路积水影响市民出现的事件分别涉及哪些地方', '目标列': ['诉求地址'], '条件列': {'内容描述': '台风造成的道路积水影响市民出现', '工单类型': '投诉举报类', '工单生成时间': '去年'}}", "{'query': '今年道路积水影响了哪些地铁的正常运行', '目标列': ['内容描述'], '条件列': {'内容描述': '道路积水', '工单生成时间': '今年'}}"]
2025-05-27 08:51:58,306 ChatBI->     INFO     schema linking: {'target_columns': ['工单生成时间'], 'condition_columns': {'内容描述': '道路积水', '工单生成时间': '2024年'}}
2025-05-27 08:52:00,745 ChatBI->     INFO     从199个需再次确认的文档中筛选出的相关文档数量：135
2025-05-27 08:52:00,746 ChatBI->     INFO     示例文档：['市民来电反映: 上述地址村里之前污水改造后没有设置雨水管道，导致每次遇到下雨都存在严重积水，诉求: 希望管理部门核实增设雨水管道解决积水问题.(需回复)  ', '市民反映：下雨天气，上述地址停车场水漫金山，唯一的2个进站口全是水，深好几厘米，根本无法正常行走，也无人管理。诉求：希望管理部门尽快解决积水问题。（市民要求信息保密，需要回复）', '市民来电反映:上述地址附近路面有的抬高有的没有抬高造成了下雨就会有水坑。诉求：要求一起抬高路面。', '市民来电反复催单。催单原因：市民称管理部门至今未给予任何回复，请管理部门尽快处理。【最近派发的工单编号：20240630017172，工单内容：市民来电反映:上述地址是私房，旁边都是积水，已经进入家里，市民表示无法通行。诉求：希望尽快排水。（需回复）】', '【台风】市民来电反映: 因为台风，9月20日早上发现上述地址积水严重。诉求：请管理部门尽快来帮市民排水。']
2025-05-27 08:52:00,748 ChatBI->     INFO     没有找到<  >对应的视图
2025-05-27 08:52:00,748 ChatBI->     INFO     sql 语句：SELECT `诉求区域`, COUNT(*) AS `积水次数` FROM shanghai WHERE  `内容描述` IN (:val0, :val1, :val2, :val3, :val4, :val5, :val6, :val7, :val8, :val9, :val10, :val11, :val12, :val13, :val14, :val15, :val16, :val17, :val18, :val19, :val20, :val21, :val22, :val23, :val24, :val25, :val26, :val27, :val28, :val29, :val30, :val31, :val32, :val33, :val34, :val35, :val36, :val37, :val38, :val39, :val40, :val41, :val42, :val43, :val44, :val45, :val46, :val47, :val48, :val49, :val50, :val51, :val52, :val53, :val54, :val55, :val56, :val57, :val58, :val59, :val60, :val61, :val62, :val63, :val64, :val65, :val66, :val67, :val68, :val69, :val70, :val71, :val72, :val73, :val74, :val75, :val76, :val77, :val78, :val79, :val80, :val81, :val82, :val83, :val84, :val85, :val86, :val87, :val88, :val89, :val90, :val91, :val92, :val93, :val94, :val95, :val96, :val97, :val98, :val99, :val100, :val101, :val102, :val103, :val104, :val105, :val106, :val107, :val108, :val109, :val110, :val111, :val112, :val113, :val114, :val115, :val116, :val117, :val118, :val119, :val120, :val121, :val122, :val123, :val124, :val125, :val126, :val127, :val128, :val129, :val130, :val131, :val132, :val133, :val134, :val135, :val136, :val137, :val138, :val139, :val140, :val141, :val142, :val143, :val144, :val145, :val146, :val147, :val148, :val149, :val150, :val151, :val152, :val153, :val154, :val155, :val156, :val157, :val158, :val159, :val160, :val161, :val162, :val163, :val164, :val165, :val166, :val167, :val168, :val169, :val170, :val171, :val172, :val173, :val174, :val175) AND YEAR(`工单生成时间`) = 2024 GROUP BY `诉求区域` ORDER BY `积水次数` DESC LIMIT 5000;
2025-05-27 08:52:01,371 ChatBI->     INFO     websocket发送的数据为：{"sql_gen": "SELECT `诉求区域`, COUNT(*) AS `积水次数` FROM shanghai WHERE `内容描述` LIKE '%道路积水%' AND YEAR(`工单生成时间`) = 2024 GROUP BY `诉求区域` ORDER BY `积水次数` DESC LIMIT 5000;"}
2025-05-27 08:52:01,390 ChatBI->     INFO     sql 语句：SELECT * FROM shanghai WHERE  `内容描述` IN (:val0, :val1, :val2, :val3, :val4, :val5, :val6, :val7, :val8, :val9, :val10, :val11, :val12, :val13, :val14, :val15, :val16, :val17, :val18, :val19, :val20, :val21, :val22, :val23, :val24, :val25, :val26, :val27, :val28, :val29, :val30, :val31, :val32, :val33, :val34, :val35, :val36, :val37, :val38, :val39, :val40, :val41, :val42, :val43, :val44, :val45, :val46, :val47, :val48, :val49, :val50, :val51, :val52, :val53, :val54, :val55, :val56, :val57, :val58, :val59, :val60, :val61, :val62, :val63, :val64, :val65, :val66, :val67, :val68, :val69, :val70, :val71, :val72, :val73, :val74, :val75, :val76, :val77, :val78, :val79, :val80, :val81, :val82, :val83, :val84, :val85, :val86, :val87, :val88, :val89, :val90, :val91, :val92, :val93, :val94, :val95, :val96, :val97, :val98, :val99, :val100, :val101, :val102, :val103, :val104, :val105, :val106, :val107, :val108, :val109, :val110, :val111, :val112, :val113, :val114, :val115, :val116, :val117, :val118, :val119, :val120, :val121, :val122, :val123, :val124, :val125, :val126, :val127, :val128, :val129, :val130, :val131, :val132, :val133, :val134, :val135, :val136, :val137, :val138, :val139, :val140, :val141, :val142, :val143, :val144, :val145, :val146, :val147, :val148, :val149, :val150, :val151, :val152, :val153, :val154, :val155, :val156, :val157, :val158, :val159, :val160, :val161, :val162, :val163, :val164, :val165, :val166, :val167, :val168, :val169, :val170, :val171, :val172, :val173, :val174, :val175) AND YEAR(`工单生成时间`) = 2024
2025-05-27 08:52:02,962 ChatBI->     INFO     websocket发送的数据为：{"result_insight": "2024年浦东新区的道路积水次数最多，达到了55次，其次是松江区和奉贤区，分别有18次和13次。"}
2025-05-27 08:52:04,589 ChatBI->     INFO     websocket发送的数据为：{"result_recommand": {"new_query_1": "2024年浦东新区的道路积水具体发生在哪些日期？", "new_query_2": "2024年哪些区域的道路积水次数超过10次？", "new_query_3": "2024年道路积水次数最多的区域，其具体诉求内容是什么？"}}
2025-05-27 08:52:05,642 ChatBI->     INFO     任务类型: SQL
2025-05-27 08:52:07,465 ChatBI->     INFO     stad sql: SELECT DATE_FORMAT(`工单生成时间`, '%Y-%m-%d %H:00:00') AS `时间段`, COUNT(*) AS `发生次数` FROM shanghai WHERE `内容描述` LIKE '%道路积水%' AND YEAR(`工单生成时间`) = 2024 GROUP BY `时间段` ORDER BY `发生次数` DESC LIMIT 5000;
2025-05-27 08:52:07,465 ChatBI->     INFO     开始语义分析 ... 
2025-05-27 08:52:07,468 ChatBI->     INFO     非结构化信息为: {"`内容描述` LIKE '%道路积水%'": '道路积水'}
2025-05-27 08:52:07,721 ChatBI->     INFO     道路积水 的命名实体判别： no
2025-05-27 08:52:07,722 ChatBI->     INFO     开始对非结构化文档【粗略】检索
2025-05-27 08:52:08,243 ChatBI->     INFO     检索到的文档总数量为：5000
2025-05-27 08:52:08,548 ChatBI->     INFO     开始对非结构化文档【深度】检索
2025-05-27 08:52:08,750 ChatBI->     INFO     step_scores: ['yes', 'yes', 'yes', 'yes', 'yes', 'yes', 'yes', 'no', 'no', 'no']
2025-05-27 08:52:08,751 ChatBI->     INFO     层级抽取文档： 市民来电反映:上述地址道路积水严重，诉求：请管理部门尽快清理积水 ==> yes  
2025-05-27 08:52:08,751 ChatBI->     INFO     层级抽取文档： 市民来电反映: 上述地址的路面一直有积水，一到下雨天就会积水。平时会好一点，下雨天比较厉害。诉求：尽快清理积水。 ==> yes  
2025-05-27 08:52:08,751 ChatBI->     INFO     层级抽取文档： 市民来电反映:上述地址一下雨机动车道积水。诉求：请管理部门核实进行整治，清理积水。 ==> yes  
2025-05-27 08:52:08,751 ChatBI->     INFO     层级抽取文档： 市民来电反映:上述地址大楼间道路上有污水管损坏，并有水冒出，导致地面有积水。市民诉求：请管理部门核实后尽快采取措施维修。
 ==> yes  
2025-05-27 08:52:08,751 ChatBI->     INFO     层级抽取文档： 市民来电反映:上述地址道路上多处路面积水，对市民通行带来影响。诉求：要求管理部门尽快上门处理。（市民要求信息保密 无需回复） ==> yes  
2025-05-27 08:52:08,751 ChatBI->     INFO     层级抽取文档： 市民来电反映:上述地址路段双向最右侧的机动车道和非机动车道一到下雨天路面就会积水，且非常深，通行非常不便。诉求：请管理部门尽快核实修整。（需回复） ==> yes  
2025-05-27 08:52:08,751 ChatBI->     INFO     层级抽取文档： 市民来电反映:上述地址门口入口街面下水道堵塞，路上有积水，对市民生活带来影响。诉求：要求管理部门尽快上门处理。 ==> yes  
2025-05-27 08:52:08,751 ChatBI->     INFO     层级抽取文档： 市民来电反映:上述道路全长只有100多米，但整个道路都有坑洼现象。上述现象对过往车辆存在安全隐患。市民诉求：请管理部门核实后尽快采取措施进行修复。 ==> no  
2025-05-27 08:52:08,751 ChatBI->     INFO     层级抽取文档： 市民来电反映:上述地址家里目前都是积水，市民表示只要下雨，家里都是会有积水的，雨水倒灌进家里。诉求：希望管理部门核实尽快帮其解决家里雨水倒灌的问题。 ==> no  
2025-05-27 08:52:08,751 ChatBI->     INFO     层级抽取文档： 市民来电反映:浦东新区周浦镇周秀路，青黛路，天雄路，道路规划不合理，造成道路拥堵严重。 ==> no  
2025-05-27 08:52:08,751 ChatBI->     INFO     阈值索引为：140, 窗口大小为: 100 
2025-05-27 08:52:08,751 ChatBI->     INFO     确定的文档: 41; 在次确认的文档: 199
2025-05-27 08:52:12,175 ChatBI->     INFO     从199个需再次确认的文档中筛选出的相关文档数量：135
2025-05-27 08:52:12,175 ChatBI->     INFO     示例文档：['市民来电反映: 上述地址村里之前污水改造后没有设置雨水管道，导致每次遇到下雨都存在严重积水，诉求: 希望管理部门核实增设雨水管道解决积水问题.(需回复)  ', '市民反映：下雨天气，上述地址停车场水漫金山，唯一的2个进站口全是水，深好几厘米，根本无法正常行走，也无人管理。诉求：希望管理部门尽快解决积水问题。（市民要求信息保密，需要回复）', '市民来电反映:上述地址附近路面有的抬高有的没有抬高造成了下雨就会有水坑。诉求：要求一起抬高路面。', '市民来电反复催单。催单原因：市民称管理部门至今未给予任何回复，请管理部门尽快处理。【最近派发的工单编号：20240630017172，工单内容：市民来电反映:上述地址是私房，旁边都是积水，已经进入家里，市民表示无法通行。诉求：希望尽快排水。（需回复）】', '【台风】市民来电反映: 因为台风，9月20日早上发现上述地址积水严重。诉求：请管理部门尽快来帮市民排水。']
2025-05-27 08:52:12,177 ChatBI->     INFO     没有找到<  >对应的视图
2025-05-27 08:52:12,177 ChatBI->     INFO     sql 语句：SELECT DATE_FORMAT(`工单生成时间`, '%Y-%m-%d %H:00:00') AS `时间段`, COUNT(*) AS `发生次数` FROM shanghai WHERE  `内容描述` IN (:val0, :val1, :val2, :val3, :val4, :val5, :val6, :val7, :val8, :val9, :val10, :val11, :val12, :val13, :val14, :val15, :val16, :val17, :val18, :val19, :val20, :val21, :val22, :val23, :val24, :val25, :val26, :val27, :val28, :val29, :val30, :val31, :val32, :val33, :val34, :val35, :val36, :val37, :val38, :val39, :val40, :val41, :val42, :val43, :val44, :val45, :val46, :val47, :val48, :val49, :val50, :val51, :val52, :val53, :val54, :val55, :val56, :val57, :val58, :val59, :val60, :val61, :val62, :val63, :val64, :val65, :val66, :val67, :val68, :val69, :val70, :val71, :val72, :val73, :val74, :val75, :val76, :val77, :val78, :val79, :val80, :val81, :val82, :val83, :val84, :val85, :val86, :val87, :val88, :val89, :val90, :val91, :val92, :val93, :val94, :val95, :val96, :val97, :val98, :val99, :val100, :val101, :val102, :val103, :val104, :val105, :val106, :val107, :val108, :val109, :val110, :val111, :val112, :val113, :val114, :val115, :val116, :val117, :val118, :val119, :val120, :val121, :val122, :val123, :val124, :val125, :val126, :val127, :val128, :val129, :val130, :val131, :val132, :val133, :val134, :val135, :val136, :val137, :val138, :val139, :val140, :val141, :val142, :val143, :val144, :val145, :val146, :val147, :val148, :val149, :val150, :val151, :val152, :val153, :val154, :val155, :val156, :val157, :val158, :val159, :val160, :val161, :val162, :val163, :val164, :val165, :val166, :val167, :val168, :val169, :val170, :val171, :val172, :val173, :val174, :val175) AND YEAR(`工单生成时间`) = 2024 GROUP BY `时间段` ORDER BY `发生次数` DESC LIMIT 5000;
2025-05-27 08:52:12,794 ChatBI->     INFO     sql 语句：SELECT * FROM shanghai WHERE  `内容描述` IN (:val0, :val1, :val2, :val3, :val4, :val5, :val6, :val7, :val8, :val9, :val10, :val11, :val12, :val13, :val14, :val15, :val16, :val17, :val18, :val19, :val20, :val21, :val22, :val23, :val24, :val25, :val26, :val27, :val28, :val29, :val30, :val31, :val32, :val33, :val34, :val35, :val36, :val37, :val38, :val39, :val40, :val41, :val42, :val43, :val44, :val45, :val46, :val47, :val48, :val49, :val50, :val51, :val52, :val53, :val54, :val55, :val56, :val57, :val58, :val59, :val60, :val61, :val62, :val63, :val64, :val65, :val66, :val67, :val68, :val69, :val70, :val71, :val72, :val73, :val74, :val75, :val76, :val77, :val78, :val79, :val80, :val81, :val82, :val83, :val84, :val85, :val86, :val87, :val88, :val89, :val90, :val91, :val92, :val93, :val94, :val95, :val96, :val97, :val98, :val99, :val100, :val101, :val102, :val103, :val104, :val105, :val106, :val107, :val108, :val109, :val110, :val111, :val112, :val113, :val114, :val115, :val116, :val117, :val118, :val119, :val120, :val121, :val122, :val123, :val124, :val125, :val126, :val127, :val128, :val129, :val130, :val131, :val132, :val133, :val134, :val135, :val136, :val137, :val138, :val139, :val140, :val141, :val142, :val143, :val144, :val145, :val146, :val147, :val148, :val149, :val150, :val151, :val152, :val153, :val154, :val155, :val156, :val157, :val158, :val159, :val160, :val161, :val162, :val163, :val164, :val165, :val166, :val167, :val168, :val169, :val170, :val171, :val172, :val173, :val174, :val175) AND YEAR(`工单生成时间`) = 2024
2025-05-27 08:52:15,589 ChatBI->     INFO     websocket发送的数据为：{"result_insight": "2024年道路积水事件中，2024年9月20日的8:00、9:00和11:00时间段发生频率最高，各发生5次。"}
2025-05-27 08:52:18,372 ChatBI->     INFO     websocket发送的数据为：{"result_recommand": {"new_query_1": "2024年哪些区域的道路积水事件发生频率最高？", "new_query_2": "2024年道路积水事件中，哪些时间段的处理描述最为常见？", "new_query_3": "2024年道路积水事件中，哪些时间段的客户类型占比最高？"}}
2025-05-27 08:52:18,378 ChatBI->     INFO     案例库查询
2025-05-27 08:52:18,409 ChatBI->     INFO     案例库查询结果: ["{'query': '近半年群众经常上报道路积水的路段有哪些?', '目标列': ['诉求地址'], '条件列': {'内容描述': '道路积水', '工单生成时间': '近半年'}}", "{'query': '近1个月台风造成的道路积水影响市民出现的事件有多少起', '目标列': ['内容描述'], '条件列': {'内容描述': '台风造成的道路积水影响市民出现', '工单生成时间': '近1个月'}}", "{'query': '今年道路积水影响了哪些地铁的正常运行', '目标列': ['内容描述'], '条件列': {'内容描述': '道路积水', '工单生成时间': '今年'}}"]
2025-05-27 08:52:19,349 ChatBI->     INFO     schema linking: {'target_columns': ['内容描述'], 'condition_columns': {'内容描述': '道路积水', '工单生成时间': '2024年'}}
2025-05-27 08:52:21,046 ChatBI->     INFO     任务类型: SQL
2025-05-27 08:52:22,144 ChatBI->     INFO     stad sql: SELECT COUNT(*) AS 道路积水数量 FROM shanghai WHERE `内容描述` LIKE '%道路积水%' AND YEAR(`工单生成时间`) = 2024 LIMIT 5000;
2025-05-27 08:52:22,144 ChatBI->     INFO     开始语义分析 ... 
2025-05-27 08:52:22,147 ChatBI->     INFO     非结构化信息为: {"`内容描述` LIKE '%道路积水%'": '道路积水'}
2025-05-27 08:52:22,405 ChatBI->     INFO     道路积水 的命名实体判别： no
2025-05-27 08:52:22,406 ChatBI->     INFO     开始对非结构化文档【粗略】检索
2025-05-27 08:52:23,092 ChatBI->     INFO     检索到的文档总数量为：5000
2025-05-27 08:52:23,387 ChatBI->     INFO     开始对非结构化文档【深度】检索
2025-05-27 08:52:23,600 ChatBI->     INFO     step_scores: ['yes', 'yes', 'yes', 'yes', 'yes', 'yes', 'yes', 'no', 'no', 'no']
2025-05-27 08:52:23,600 ChatBI->     INFO     层级抽取文档： 市民来电反映:上述地址道路积水严重，诉求：请管理部门尽快清理积水 ==> yes  
2025-05-27 08:52:23,600 ChatBI->     INFO     层级抽取文档： 市民来电反映: 上述地址的路面一直有积水，一到下雨天就会积水。平时会好一点，下雨天比较厉害。诉求：尽快清理积水。 ==> yes  
2025-05-27 08:52:23,600 ChatBI->     INFO     层级抽取文档： 市民来电反映:上述地址一下雨机动车道积水。诉求：请管理部门核实进行整治，清理积水。 ==> yes  
2025-05-27 08:52:23,601 ChatBI->     INFO     层级抽取文档： 市民来电反映:上述地址大楼间道路上有污水管损坏，并有水冒出，导致地面有积水。市民诉求：请管理部门核实后尽快采取措施维修。
 ==> yes  
2025-05-27 08:52:23,601 ChatBI->     INFO     层级抽取文档： 市民来电反映:上述地址道路上多处路面积水，对市民通行带来影响。诉求：要求管理部门尽快上门处理。（市民要求信息保密 无需回复） ==> yes  
2025-05-27 08:52:23,601 ChatBI->     INFO     层级抽取文档： 市民来电反映:上述地址路段双向最右侧的机动车道和非机动车道一到下雨天路面就会积水，且非常深，通行非常不便。诉求：请管理部门尽快核实修整。（需回复） ==> yes  
2025-05-27 08:52:23,601 ChatBI->     INFO     层级抽取文档： 市民来电反映:上述地址门口入口街面下水道堵塞，路上有积水，对市民生活带来影响。诉求：要求管理部门尽快上门处理。 ==> yes  
2025-05-27 08:52:23,601 ChatBI->     INFO     层级抽取文档： 市民来电反映:上述道路全长只有100多米，但整个道路都有坑洼现象。上述现象对过往车辆存在安全隐患。市民诉求：请管理部门核实后尽快采取措施进行修复。 ==> no  
2025-05-27 08:52:23,601 ChatBI->     INFO     层级抽取文档： 市民来电反映:上述地址家里目前都是积水，市民表示只要下雨，家里都是会有积水的，雨水倒灌进家里。诉求：希望管理部门核实尽快帮其解决家里雨水倒灌的问题。 ==> no  
2025-05-27 08:52:23,601 ChatBI->     INFO     层级抽取文档： 市民来电反映:浦东新区周浦镇周秀路，青黛路，天雄路，道路规划不合理，造成道路拥堵严重。 ==> no  
2025-05-27 08:52:23,601 ChatBI->     INFO     阈值索引为：140, 窗口大小为: 100 
2025-05-27 08:52:23,601 ChatBI->     INFO     确定的文档: 41; 在次确认的文档: 199
2025-05-27 08:52:25,738 ChatBI->     INFO     从199个需再次确认的文档中筛选出的相关文档数量：135
2025-05-27 08:52:25,738 ChatBI->     INFO     示例文档：['市民来电反映: 上述地址村里之前污水改造后没有设置雨水管道，导致每次遇到下雨都存在严重积水，诉求: 希望管理部门核实增设雨水管道解决积水问题.(需回复)  ', '市民反映：下雨天气，上述地址停车场水漫金山，唯一的2个进站口全是水，深好几厘米，根本无法正常行走，也无人管理。诉求：希望管理部门尽快解决积水问题。（市民要求信息保密，需要回复）', '市民来电反映:上述地址附近路面有的抬高有的没有抬高造成了下雨就会有水坑。诉求：要求一起抬高路面。', '市民来电反复催单。催单原因：市民称管理部门至今未给予任何回复，请管理部门尽快处理。【最近派发的工单编号：20240630017172，工单内容：市民来电反映:上述地址是私房，旁边都是积水，已经进入家里，市民表示无法通行。诉求：希望尽快排水。（需回复）】', '【台风】市民来电反映: 因为台风，9月20日早上发现上述地址积水严重。诉求：请管理部门尽快来帮市民排水。']
2025-05-27 08:52:25,740 ChatBI->     INFO     没有找到<  >对应的视图
2025-05-27 08:52:25,740 ChatBI->     INFO     sql 语句：SELECT COUNT(*) AS 道路积水数量 FROM shanghai WHERE  `内容描述` IN (:val0, :val1, :val2, :val3, :val4, :val5, :val6, :val7, :val8, :val9, :val10, :val11, :val12, :val13, :val14, :val15, :val16, :val17, :val18, :val19, :val20, :val21, :val22, :val23, :val24, :val25, :val26, :val27, :val28, :val29, :val30, :val31, :val32, :val33, :val34, :val35, :val36, :val37, :val38, :val39, :val40, :val41, :val42, :val43, :val44, :val45, :val46, :val47, :val48, :val49, :val50, :val51, :val52, :val53, :val54, :val55, :val56, :val57, :val58, :val59, :val60, :val61, :val62, :val63, :val64, :val65, :val66, :val67, :val68, :val69, :val70, :val71, :val72, :val73, :val74, :val75, :val76, :val77, :val78, :val79, :val80, :val81, :val82, :val83, :val84, :val85, :val86, :val87, :val88, :val89, :val90, :val91, :val92, :val93, :val94, :val95, :val96, :val97, :val98, :val99, :val100, :val101, :val102, :val103, :val104, :val105, :val106, :val107, :val108, :val109, :val110, :val111, :val112, :val113, :val114, :val115, :val116, :val117, :val118, :val119, :val120, :val121, :val122, :val123, :val124, :val125, :val126, :val127, :val128, :val129, :val130, :val131, :val132, :val133, :val134, :val135, :val136, :val137, :val138, :val139, :val140, :val141, :val142, :val143, :val144, :val145, :val146, :val147, :val148, :val149, :val150, :val151, :val152, :val153, :val154, :val155, :val156, :val157, :val158, :val159, :val160, :val161, :val162, :val163, :val164, :val165, :val166, :val167, :val168, :val169, :val170, :val171, :val172, :val173, :val174, :val175) AND YEAR(`工单生成时间`) = 2024 LIMIT 5000;
2025-05-27 08:52:26,331 ChatBI->     INFO     websocket发送的数据为：{"sql_gen": "SELECT COUNT(*) AS 道路积水数量 FROM shanghai WHERE `内容描述` LIKE '%道路积水%' AND YEAR(`工单生成时间`) = 2024 LIMIT 5000;"}
2025-05-27 08:52:26,332 ChatBI->     INFO     websocket发送的数据为：{"response": [{"道路积水数量": 171}]}
2025-05-27 08:52:26,350 ChatBI->     INFO     sql 语句：SELECT * FROM shanghai WHERE  `内容描述` IN (:val0, :val1, :val2, :val3, :val4, :val5, :val6, :val7, :val8, :val9, :val10, :val11, :val12, :val13, :val14, :val15, :val16, :val17, :val18, :val19, :val20, :val21, :val22, :val23, :val24, :val25, :val26, :val27, :val28, :val29, :val30, :val31, :val32, :val33, :val34, :val35, :val36, :val37, :val38, :val39, :val40, :val41, :val42, :val43, :val44, :val45, :val46, :val47, :val48, :val49, :val50, :val51, :val52, :val53, :val54, :val55, :val56, :val57, :val58, :val59, :val60, :val61, :val62, :val63, :val64, :val65, :val66, :val67, :val68, :val69, :val70, :val71, :val72, :val73, :val74, :val75, :val76, :val77, :val78, :val79, :val80, :val81, :val82, :val83, :val84, :val85, :val86, :val87, :val88, :val89, :val90, :val91, :val92, :val93, :val94, :val95, :val96, :val97, :val98, :val99, :val100, :val101, :val102, :val103, :val104, :val105, :val106, :val107, :val108, :val109, :val110, :val111, :val112, :val113, :val114, :val115, :val116, :val117, :val118, :val119, :val120, :val121, :val122, :val123, :val124, :val125, :val126, :val127, :val128, :val129, :val130, :val131, :val132, :val133, :val134, :val135, :val136, :val137, :val138, :val139, :val140, :val141, :val142, :val143, :val144, :val145, :val146, :val147, :val148, :val149, :val150, :val151, :val152, :val153, :val154, :val155, :val156, :val157, :val158, :val159, :val160, :val161, :val162, :val163, :val164, :val165, :val166, :val167, :val168, :val169, :val170, :val171, :val172, :val173, :val174, :val175) AND YEAR(`工单生成时间`) = 2024 LIMIT 5000;
2025-05-27 08:52:27,555 ChatBI->     INFO     websocket发送的数据为：{"result_insight": "根据检索到的信息，2024年有171起道路积水事件。"}
2025-05-27 08:52:29,035 ChatBI->     INFO     websocket发送的数据为：{"result_recommand": {"new_query_1": "2024年哪些区域的道路积水次数最多？", "new_query_2": "2024年道路积水事件中，哪些时间段发生频率最高？", "new_query_3": "2024年道路积水事件的处理描述是什么样的？"}}
2025-05-27 08:52:36,343 ChatBI->     INFO     案例库查询
2025-05-27 08:52:36,375 ChatBI->     INFO     案例库查询结果: ["{'query': '近半年群众经常上报道路积水的路段有哪些?', '目标列': ['诉求地址'], '条件列': {'内容描述': '道路积水', '工单生成时间': '近半年'}}", "{'query': '去年哪些小区存在严重的积水问题', '目标列': ['内容描述'], '条件列': {'内容描述': '严重的积水问题', '工单生成时间': '去年'}}", "{'query': '今年道路积水影响了哪些地铁的正常运行', '目标列': ['内容描述'], '条件列': {'内容描述': '道路积水', '工单生成时间': '今年'}}"]
2025-05-27 08:52:37,314 ChatBI->     INFO     schema linking: {'target_columns': ['诉求区域'], 'condition_columns': {'内容描述': '道路积水', '工单生成时间': '2024年'}}
2025-05-27 08:52:38,889 ChatBI->     INFO     任务类型: SQL
2025-05-27 08:52:40,284 ChatBI->     INFO     stad sql: SELECT `诉求区域`, COUNT(*) AS `积水次数` FROM shanghai WHERE `内容描述` LIKE '%道路积水%' AND YEAR(`工单生成时间`) = 2024 GROUP BY `诉求区域` ORDER BY `积水次数` DESC LIMIT 5000;
2025-05-27 08:52:40,284 ChatBI->     INFO     开始语义分析 ... 
2025-05-27 08:52:40,287 ChatBI->     INFO     非结构化信息为: {"`内容描述` LIKE '%道路积水%'": '道路积水'}
2025-05-27 08:52:40,541 ChatBI->     INFO     道路积水 的命名实体判别： no
2025-05-27 08:52:40,542 ChatBI->     INFO     开始对非结构化文档【粗略】检索
2025-05-27 08:52:41,223 ChatBI->     INFO     检索到的文档总数量为：5000
2025-05-27 08:52:41,542 ChatBI->     INFO     开始对非结构化文档【深度】检索
2025-05-27 08:52:41,723 ChatBI->     INFO     step_scores: ['yes', 'yes', 'yes', 'yes', 'yes', 'yes', 'yes', 'no', 'no', 'no']
2025-05-27 08:52:41,723 ChatBI->     INFO     层级抽取文档： 市民来电反映:上述地址道路积水严重，诉求：请管理部门尽快清理积水 ==> yes  
2025-05-27 08:52:41,723 ChatBI->     INFO     层级抽取文档： 市民来电反映: 上述地址的路面一直有积水，一到下雨天就会积水。平时会好一点，下雨天比较厉害。诉求：尽快清理积水。 ==> yes  
2025-05-27 08:52:41,724 ChatBI->     INFO     层级抽取文档： 市民来电反映:上述地址一下雨机动车道积水。诉求：请管理部门核实进行整治，清理积水。 ==> yes  
2025-05-27 08:52:41,724 ChatBI->     INFO     层级抽取文档： 市民来电反映:上述地址大楼间道路上有污水管损坏，并有水冒出，导致地面有积水。市民诉求：请管理部门核实后尽快采取措施维修。
 ==> yes  
2025-05-27 08:52:41,724 ChatBI->     INFO     层级抽取文档： 市民来电反映:上述地址道路上多处路面积水，对市民通行带来影响。诉求：要求管理部门尽快上门处理。（市民要求信息保密 无需回复） ==> yes  
2025-05-27 08:52:41,724 ChatBI->     INFO     层级抽取文档： 市民来电反映:上述地址路段双向最右侧的机动车道和非机动车道一到下雨天路面就会积水，且非常深，通行非常不便。诉求：请管理部门尽快核实修整。（需回复） ==> yes  
2025-05-27 08:52:41,724 ChatBI->     INFO     层级抽取文档： 市民来电反映:上述地址门口入口街面下水道堵塞，路上有积水，对市民生活带来影响。诉求：要求管理部门尽快上门处理。 ==> yes  
2025-05-27 08:52:41,724 ChatBI->     INFO     层级抽取文档： 市民来电反映:上述道路全长只有100多米，但整个道路都有坑洼现象。上述现象对过往车辆存在安全隐患。市民诉求：请管理部门核实后尽快采取措施进行修复。 ==> no  
2025-05-27 08:52:41,724 ChatBI->     INFO     层级抽取文档： 市民来电反映:上述地址家里目前都是积水，市民表示只要下雨，家里都是会有积水的，雨水倒灌进家里。诉求：希望管理部门核实尽快帮其解决家里雨水倒灌的问题。 ==> no  
2025-05-27 08:52:41,724 ChatBI->     INFO     层级抽取文档： 市民来电反映:浦东新区周浦镇周秀路，青黛路，天雄路，道路规划不合理，造成道路拥堵严重。 ==> no  
2025-05-27 08:52:41,724 ChatBI->     INFO     阈值索引为：140, 窗口大小为: 100 
2025-05-27 08:52:41,724 ChatBI->     INFO     确定的文档: 41; 在次确认的文档: 199
2025-05-27 08:52:43,863 ChatBI->     INFO     从199个需再次确认的文档中筛选出的相关文档数量：135
2025-05-27 08:52:43,863 ChatBI->     INFO     示例文档：['市民来电反映: 上述地址村里之前污水改造后没有设置雨水管道，导致每次遇到下雨都存在严重积水，诉求: 希望管理部门核实增设雨水管道解决积水问题.(需回复)  ', '市民反映：下雨天气，上述地址停车场水漫金山，唯一的2个进站口全是水，深好几厘米，根本无法正常行走，也无人管理。诉求：希望管理部门尽快解决积水问题。（市民要求信息保密，需要回复）', '市民来电反映:上述地址附近路面有的抬高有的没有抬高造成了下雨就会有水坑。诉求：要求一起抬高路面。', '市民来电反复催单。催单原因：市民称管理部门至今未给予任何回复，请管理部门尽快处理。【最近派发的工单编号：20240630017172，工单内容：市民来电反映:上述地址是私房，旁边都是积水，已经进入家里，市民表示无法通行。诉求：希望尽快排水。（需回复）】', '【台风】市民来电反映: 因为台风，9月20日早上发现上述地址积水严重。诉求：请管理部门尽快来帮市民排水。']
2025-05-27 08:52:43,865 ChatBI->     INFO     没有找到<  >对应的视图
2025-05-27 08:52:43,865 ChatBI->     INFO     sql 语句：SELECT `诉求区域`, COUNT(*) AS `积水次数` FROM shanghai WHERE  `内容描述` IN (:val0, :val1, :val2, :val3, :val4, :val5, :val6, :val7, :val8, :val9, :val10, :val11, :val12, :val13, :val14, :val15, :val16, :val17, :val18, :val19, :val20, :val21, :val22, :val23, :val24, :val25, :val26, :val27, :val28, :val29, :val30, :val31, :val32, :val33, :val34, :val35, :val36, :val37, :val38, :val39, :val40, :val41, :val42, :val43, :val44, :val45, :val46, :val47, :val48, :val49, :val50, :val51, :val52, :val53, :val54, :val55, :val56, :val57, :val58, :val59, :val60, :val61, :val62, :val63, :val64, :val65, :val66, :val67, :val68, :val69, :val70, :val71, :val72, :val73, :val74, :val75, :val76, :val77, :val78, :val79, :val80, :val81, :val82, :val83, :val84, :val85, :val86, :val87, :val88, :val89, :val90, :val91, :val92, :val93, :val94, :val95, :val96, :val97, :val98, :val99, :val100, :val101, :val102, :val103, :val104, :val105, :val106, :val107, :val108, :val109, :val110, :val111, :val112, :val113, :val114, :val115, :val116, :val117, :val118, :val119, :val120, :val121, :val122, :val123, :val124, :val125, :val126, :val127, :val128, :val129, :val130, :val131, :val132, :val133, :val134, :val135, :val136, :val137, :val138, :val139, :val140, :val141, :val142, :val143, :val144, :val145, :val146, :val147, :val148, :val149, :val150, :val151, :val152, :val153, :val154, :val155, :val156, :val157, :val158, :val159, :val160, :val161, :val162, :val163, :val164, :val165, :val166, :val167, :val168, :val169, :val170, :val171, :val172, :val173, :val174, :val175) AND YEAR(`工单生成时间`) = 2024 GROUP BY `诉求区域` ORDER BY `积水次数` DESC LIMIT 5000;
2025-05-27 08:52:44,453 ChatBI->     INFO     websocket发送的数据为：{"sql_gen": "SELECT `诉求区域`, COUNT(*) AS `积水次数` FROM shanghai WHERE `内容描述` LIKE '%道路积水%' AND YEAR(`工单生成时间`) = 2024 GROUP BY `诉求区域` ORDER BY `积水次数` DESC LIMIT 5000;"}
2025-05-27 08:52:44,470 ChatBI->     INFO     sql 语句：SELECT * FROM shanghai WHERE  `内容描述` IN (:val0, :val1, :val2, :val3, :val4, :val5, :val6, :val7, :val8, :val9, :val10, :val11, :val12, :val13, :val14, :val15, :val16, :val17, :val18, :val19, :val20, :val21, :val22, :val23, :val24, :val25, :val26, :val27, :val28, :val29, :val30, :val31, :val32, :val33, :val34, :val35, :val36, :val37, :val38, :val39, :val40, :val41, :val42, :val43, :val44, :val45, :val46, :val47, :val48, :val49, :val50, :val51, :val52, :val53, :val54, :val55, :val56, :val57, :val58, :val59, :val60, :val61, :val62, :val63, :val64, :val65, :val66, :val67, :val68, :val69, :val70, :val71, :val72, :val73, :val74, :val75, :val76, :val77, :val78, :val79, :val80, :val81, :val82, :val83, :val84, :val85, :val86, :val87, :val88, :val89, :val90, :val91, :val92, :val93, :val94, :val95, :val96, :val97, :val98, :val99, :val100, :val101, :val102, :val103, :val104, :val105, :val106, :val107, :val108, :val109, :val110, :val111, :val112, :val113, :val114, :val115, :val116, :val117, :val118, :val119, :val120, :val121, :val122, :val123, :val124, :val125, :val126, :val127, :val128, :val129, :val130, :val131, :val132, :val133, :val134, :val135, :val136, :val137, :val138, :val139, :val140, :val141, :val142, :val143, :val144, :val145, :val146, :val147, :val148, :val149, :val150, :val151, :val152, :val153, :val154, :val155, :val156, :val157, :val158, :val159, :val160, :val161, :val162, :val163, :val164, :val165, :val166, :val167, :val168, :val169, :val170, :val171, :val172, :val173, :val174, :val175) AND YEAR(`工单生成时间`) = 2024
2025-05-27 08:52:45,986 ChatBI->     INFO     websocket发送的数据为：{"result_insight": "2024年浦东新区的道路积水次数最多，达到了55次，其次是松江区和奉贤区，分别有18次和13次。"}
2025-05-27 08:52:47,553 ChatBI->     INFO     websocket发送的数据为：{"result_recommand": {"new_query_1": "2024年浦东新区的道路积水具体发生在哪些日期？", "new_query_2": "2024年哪些区域的道路积水次数超过10次？", "new_query_3": "2024年道路积水次数最多的区域，其具体诉求内容是什么？"}}
2025-05-27 08:54:46,348 ChatBI->     ERROR    Unexpected error occured:(<CloseCode.ABNORMAL_CLOSURE: 1006>, '')
Traceback (most recent call last):
  File "/data/yfzx/liucd/chatbi_deploy2/chatbi_DB2/apps/app_main_ws.py", line 64, in websocket_endpoint
    message = await websocket.receive_text()
              ^^^^^^^^^^^^^^^^^^^^^^^^^^^^^^
  File "/root/anaconda3/envs/chatbi/lib/python3.12/site-packages/starlette/websockets.py", line 119, in receive_text
    self._raise_on_disconnect(message)
  File "/root/anaconda3/envs/chatbi/lib/python3.12/site-packages/starlette/websockets.py", line 113, in _raise_on_disconnect
    raise WebSocketDisconnect(message["code"], message.get("reason"))
starlette.websockets.WebSocketDisconnect: (<CloseCode.ABNORMAL_CLOSURE: 1006>, '')
2025-05-27 08:54:48,392 ChatBI->     ERROR    Unexpected error occured:(<CloseCode.ABNORMAL_CLOSURE: 1006>, '')
Traceback (most recent call last):
  File "/data/yfzx/liucd/chatbi_deploy2/chatbi_DB2/apps/app_main_ws.py", line 64, in websocket_endpoint
    message = await websocket.receive_text()
              ^^^^^^^^^^^^^^^^^^^^^^^^^^^^^^
  File "/root/anaconda3/envs/chatbi/lib/python3.12/site-packages/starlette/websockets.py", line 119, in receive_text
    self._raise_on_disconnect(message)
  File "/root/anaconda3/envs/chatbi/lib/python3.12/site-packages/starlette/websockets.py", line 113, in _raise_on_disconnect
    raise WebSocketDisconnect(message["code"], message.get("reason"))
starlette.websockets.WebSocketDisconnect: (<CloseCode.ABNORMAL_CLOSURE: 1006>, '')
2025-05-27 08:54:48,393 ChatBI->     ERROR    Unexpected error occured:(<CloseCode.ABNORMAL_CLOSURE: 1006>, '')
Traceback (most recent call last):
  File "/data/yfzx/liucd/chatbi_deploy2/chatbi_DB2/apps/app_main_ws.py", line 64, in websocket_endpoint
    message = await websocket.receive_text()
              ^^^^^^^^^^^^^^^^^^^^^^^^^^^^^^
  File "/root/anaconda3/envs/chatbi/lib/python3.12/site-packages/starlette/websockets.py", line 119, in receive_text
    self._raise_on_disconnect(message)
  File "/root/anaconda3/envs/chatbi/lib/python3.12/site-packages/starlette/websockets.py", line 113, in _raise_on_disconnect
    raise WebSocketDisconnect(message["code"], message.get("reason"))
starlette.websockets.WebSocketDisconnect: (<CloseCode.ABNORMAL_CLOSURE: 1006>, '')
2025-05-27 08:54:48,395 ChatBI->     ERROR    Unexpected error occured:(<CloseCode.ABNORMAL_CLOSURE: 1006>, '')
Traceback (most recent call last):
  File "/data/yfzx/liucd/chatbi_deploy2/chatbi_DB2/apps/app_main_ws.py", line 64, in websocket_endpoint
    message = await websocket.receive_text()
              ^^^^^^^^^^^^^^^^^^^^^^^^^^^^^^
  File "/root/anaconda3/envs/chatbi/lib/python3.12/site-packages/starlette/websockets.py", line 119, in receive_text
    self._raise_on_disconnect(message)
  File "/root/anaconda3/envs/chatbi/lib/python3.12/site-packages/starlette/websockets.py", line 113, in _raise_on_disconnect
    raise WebSocketDisconnect(message["code"], message.get("reason"))
starlette.websockets.WebSocketDisconnect: (<CloseCode.ABNORMAL_CLOSURE: 1006>, '')
2025-05-27 08:55:01,725 ChatBI->     ERROR    Unexpected error occured:(<CloseCode.ABNORMAL_CLOSURE: 1006>, '')
Traceback (most recent call last):
  File "/data/yfzx/liucd/chatbi_deploy2/chatbi_DB2/apps/app_main_ws.py", line 64, in websocket_endpoint
    message = await websocket.receive_text()
              ^^^^^^^^^^^^^^^^^^^^^^^^^^^^^^
  File "/root/anaconda3/envs/chatbi/lib/python3.12/site-packages/starlette/websockets.py", line 119, in receive_text
    self._raise_on_disconnect(message)
  File "/root/anaconda3/envs/chatbi/lib/python3.12/site-packages/starlette/websockets.py", line 113, in _raise_on_disconnect
    raise WebSocketDisconnect(message["code"], message.get("reason"))
starlette.websockets.WebSocketDisconnect: (<CloseCode.ABNORMAL_CLOSURE: 1006>, '')
2025-05-27 09:00:03,553 ChatBI->     INFO     案例库查询
2025-05-27 09:00:03,594 ChatBI->     INFO     案例库查询结果: ["{'query': '近半年群众经常上报道路积水的路段有哪些?', '目标列': ['诉求地址'], '条件列': {'内容描述': '道路积水', '工单生成时间': '近半年'}}", "{'query': '近1个月台风造成的道路积水影响市民出现的事件有多少起', '目标列': ['内容描述'], '条件列': {'内容描述': '台风造成的道路积水影响市民出现', '工单生成时间': '近1个月'}}", "{'query': '今年道路积水影响了哪些地铁的正常运行', '目标列': ['内容描述'], '条件列': {'内容描述': '道路积水', '工单生成时间': '今年'}}"]
2025-05-27 09:00:04,559 ChatBI->     INFO     schema linking: {'target_columns': ['内容描述'], 'condition_columns': {'内容描述': '道路积水', '工单生成时间': '2024年'}}
2025-05-27 09:00:06,254 ChatBI->     INFO     任务类型: SQL
2025-05-27 09:00:07,366 ChatBI->     INFO     stad sql: SELECT COUNT(*) AS 道路积水数量 FROM shanghai WHERE `内容描述` LIKE '%道路积水%' AND YEAR(`工单生成时间`) = 2024 LIMIT 5000;
2025-05-27 09:00:07,366 ChatBI->     INFO     开始语义分析 ... 
2025-05-27 09:00:07,368 ChatBI->     INFO     非结构化信息为: {"`内容描述` LIKE '%道路积水%'": '道路积水'}
2025-05-27 09:00:07,624 ChatBI->     INFO     道路积水 的命名实体判别： no
2025-05-27 09:00:07,626 ChatBI->     INFO     开始对非结构化文档【粗略】检索
2025-05-27 09:00:08,172 ChatBI->     INFO     检索到的文档总数量为：5000
2025-05-27 09:00:08,473 ChatBI->     INFO     开始对非结构化文档【深度】检索
2025-05-27 09:00:08,674 ChatBI->     INFO     step_scores: ['yes', 'yes', 'yes', 'yes', 'yes', 'yes', 'yes', 'no', 'no', 'no']
2025-05-27 09:00:08,674 ChatBI->     INFO     层级抽取文档： 市民来电反映:上述地址道路积水严重，诉求：请管理部门尽快清理积水 ==> yes  
2025-05-27 09:00:08,674 ChatBI->     INFO     层级抽取文档： 市民来电反映: 上述地址的路面一直有积水，一到下雨天就会积水。平时会好一点，下雨天比较厉害。诉求：尽快清理积水。 ==> yes  
2025-05-27 09:00:08,674 ChatBI->     INFO     层级抽取文档： 市民来电反映:上述地址一下雨机动车道积水。诉求：请管理部门核实进行整治，清理积水。 ==> yes  
2025-05-27 09:00:08,674 ChatBI->     INFO     层级抽取文档： 市民来电反映:上述地址大楼间道路上有污水管损坏，并有水冒出，导致地面有积水。市民诉求：请管理部门核实后尽快采取措施维修。
 ==> yes  
2025-05-27 09:00:08,674 ChatBI->     INFO     层级抽取文档： 市民来电反映:上述地址道路上多处路面积水，对市民通行带来影响。诉求：要求管理部门尽快上门处理。（市民要求信息保密 无需回复） ==> yes  
2025-05-27 09:00:08,674 ChatBI->     INFO     层级抽取文档： 市民来电反映:上述地址路段双向最右侧的机动车道和非机动车道一到下雨天路面就会积水，且非常深，通行非常不便。诉求：请管理部门尽快核实修整。（需回复） ==> yes  
2025-05-27 09:00:08,674 ChatBI->     INFO     层级抽取文档： 市民来电反映:上述地址门口入口街面下水道堵塞，路上有积水，对市民生活带来影响。诉求：要求管理部门尽快上门处理。 ==> yes  
2025-05-27 09:00:08,674 ChatBI->     INFO     层级抽取文档： 市民来电反映:上述道路全长只有100多米，但整个道路都有坑洼现象。上述现象对过往车辆存在安全隐患。市民诉求：请管理部门核实后尽快采取措施进行修复。 ==> no  
2025-05-27 09:00:08,674 ChatBI->     INFO     层级抽取文档： 市民来电反映:上述地址家里目前都是积水，市民表示只要下雨，家里都是会有积水的，雨水倒灌进家里。诉求：希望管理部门核实尽快帮其解决家里雨水倒灌的问题。 ==> no  
2025-05-27 09:00:08,674 ChatBI->     INFO     层级抽取文档： 市民来电反映:浦东新区周浦镇周秀路，青黛路，天雄路，道路规划不合理，造成道路拥堵严重。 ==> no  
2025-05-27 09:00:08,675 ChatBI->     INFO     阈值索引为：140, 窗口大小为: 100 
2025-05-27 09:00:08,675 ChatBI->     INFO     确定的文档: 41; 在次确认的文档: 199
2025-05-27 09:00:11,140 ChatBI->     INFO     从199个需再次确认的文档中筛选出的相关文档数量：135
2025-05-27 09:00:11,140 ChatBI->     INFO     示例文档：['市民来电反映: 上述地址村里之前污水改造后没有设置雨水管道，导致每次遇到下雨都存在严重积水，诉求: 希望管理部门核实增设雨水管道解决积水问题.(需回复)  ', '市民反映：下雨天气，上述地址停车场水漫金山，唯一的2个进站口全是水，深好几厘米，根本无法正常行走，也无人管理。诉求：希望管理部门尽快解决积水问题。（市民要求信息保密，需要回复）', '市民来电反映:上述地址附近路面有的抬高有的没有抬高造成了下雨就会有水坑。诉求：要求一起抬高路面。', '市民来电反复催单。催单原因：市民称管理部门至今未给予任何回复，请管理部门尽快处理。【最近派发的工单编号：20240630017172，工单内容：市民来电反映:上述地址是私房，旁边都是积水，已经进入家里，市民表示无法通行。诉求：希望尽快排水。（需回复）】', '【台风】市民来电反映: 因为台风，9月20日早上发现上述地址积水严重。诉求：请管理部门尽快来帮市民排水。']
2025-05-27 09:00:11,142 ChatBI->     INFO     没有找到<  >对应的视图
2025-05-27 09:00:11,142 ChatBI->     INFO     sql 语句：SELECT COUNT(*) AS 道路积水数量 FROM shanghai WHERE  `内容描述` IN (:val0, :val1, :val2, :val3, :val4, :val5, :val6, :val7, :val8, :val9, :val10, :val11, :val12, :val13, :val14, :val15, :val16, :val17, :val18, :val19, :val20, :val21, :val22, :val23, :val24, :val25, :val26, :val27, :val28, :val29, :val30, :val31, :val32, :val33, :val34, :val35, :val36, :val37, :val38, :val39, :val40, :val41, :val42, :val43, :val44, :val45, :val46, :val47, :val48, :val49, :val50, :val51, :val52, :val53, :val54, :val55, :val56, :val57, :val58, :val59, :val60, :val61, :val62, :val63, :val64, :val65, :val66, :val67, :val68, :val69, :val70, :val71, :val72, :val73, :val74, :val75, :val76, :val77, :val78, :val79, :val80, :val81, :val82, :val83, :val84, :val85, :val86, :val87, :val88, :val89, :val90, :val91, :val92, :val93, :val94, :val95, :val96, :val97, :val98, :val99, :val100, :val101, :val102, :val103, :val104, :val105, :val106, :val107, :val108, :val109, :val110, :val111, :val112, :val113, :val114, :val115, :val116, :val117, :val118, :val119, :val120, :val121, :val122, :val123, :val124, :val125, :val126, :val127, :val128, :val129, :val130, :val131, :val132, :val133, :val134, :val135, :val136, :val137, :val138, :val139, :val140, :val141, :val142, :val143, :val144, :val145, :val146, :val147, :val148, :val149, :val150, :val151, :val152, :val153, :val154, :val155, :val156, :val157, :val158, :val159, :val160, :val161, :val162, :val163, :val164, :val165, :val166, :val167, :val168, :val169, :val170, :val171, :val172, :val173, :val174, :val175) AND YEAR(`工单生成时间`) = 2024 LIMIT 5000;
2025-05-27 09:00:11,750 ChatBI->     INFO     websocket发送的数据为：{"sql_gen": "SELECT COUNT(*) AS 道路积水数量 FROM shanghai WHERE `内容描述` LIKE '%道路积水%' AND YEAR(`工单生成时间`) = 2024 LIMIT 5000;"}
2025-05-27 09:00:11,750 ChatBI->     INFO     websocket发送的数据为：{"response": [{"道路积水数量": 171}]}
2025-05-27 09:00:11,764 ChatBI->     INFO     sql 语句：SELECT * FROM shanghai WHERE  `内容描述` IN (:val0, :val1, :val2, :val3, :val4, :val5, :val6, :val7, :val8, :val9, :val10, :val11, :val12, :val13, :val14, :val15, :val16, :val17, :val18, :val19, :val20, :val21, :val22, :val23, :val24, :val25, :val26, :val27, :val28, :val29, :val30, :val31, :val32, :val33, :val34, :val35, :val36, :val37, :val38, :val39, :val40, :val41, :val42, :val43, :val44, :val45, :val46, :val47, :val48, :val49, :val50, :val51, :val52, :val53, :val54, :val55, :val56, :val57, :val58, :val59, :val60, :val61, :val62, :val63, :val64, :val65, :val66, :val67, :val68, :val69, :val70, :val71, :val72, :val73, :val74, :val75, :val76, :val77, :val78, :val79, :val80, :val81, :val82, :val83, :val84, :val85, :val86, :val87, :val88, :val89, :val90, :val91, :val92, :val93, :val94, :val95, :val96, :val97, :val98, :val99, :val100, :val101, :val102, :val103, :val104, :val105, :val106, :val107, :val108, :val109, :val110, :val111, :val112, :val113, :val114, :val115, :val116, :val117, :val118, :val119, :val120, :val121, :val122, :val123, :val124, :val125, :val126, :val127, :val128, :val129, :val130, :val131, :val132, :val133, :val134, :val135, :val136, :val137, :val138, :val139, :val140, :val141, :val142, :val143, :val144, :val145, :val146, :val147, :val148, :val149, :val150, :val151, :val152, :val153, :val154, :val155, :val156, :val157, :val158, :val159, :val160, :val161, :val162, :val163, :val164, :val165, :val166, :val167, :val168, :val169, :val170, :val171, :val172, :val173, :val174, :val175) AND YEAR(`工单生成时间`) = 2024 LIMIT 5000;
2025-05-27 09:00:12,947 ChatBI->     INFO     websocket发送的数据为：{"result_insight": "根据检索到的信息，2024年有171起道路积水事件。"}
2025-05-27 09:00:14,446 ChatBI->     INFO     websocket发送的数据为：{"result_recommand": {"new_query_1": "2024年哪些区域的道路积水次数最多？", "new_query_2": "2024年道路积水事件中，哪些时间段发生频率最高？", "new_query_3": "2024年道路积水事件的处理描述是什么样的？"}}
2025-05-27 09:02:47,323 ChatBI->     ERROR    Unexpected error occured:(1001, '')
Traceback (most recent call last):
  File "/data/yfzx/liucd/chatbi_deploy2/chatbi_DB2/apps/app_main_ws.py", line 64, in websocket_endpoint
    message = await websocket.receive_text()
              ^^^^^^^^^^^^^^^^^^^^^^^^^^^^^^
  File "/root/anaconda3/envs/chatbi/lib/python3.12/site-packages/starlette/websockets.py", line 119, in receive_text
    self._raise_on_disconnect(message)
  File "/root/anaconda3/envs/chatbi/lib/python3.12/site-packages/starlette/websockets.py", line 113, in _raise_on_disconnect
    raise WebSocketDisconnect(message["code"], message.get("reason"))
starlette.websockets.WebSocketDisconnect: (1001, '')
2025-05-27 09:18:55,775 ChatBI->     ERROR    Unexpected error occured:(1001, '')
Traceback (most recent call last):
  File "/data/yfzx/liucd/chatbi_deploy2/chatbi_DB2/apps/app_main_ws.py", line 64, in websocket_endpoint
    message = await websocket.receive_text()
              ^^^^^^^^^^^^^^^^^^^^^^^^^^^^^^
  File "/root/anaconda3/envs/chatbi/lib/python3.12/site-packages/starlette/websockets.py", line 119, in receive_text
    self._raise_on_disconnect(message)
  File "/root/anaconda3/envs/chatbi/lib/python3.12/site-packages/starlette/websockets.py", line 113, in _raise_on_disconnect
    raise WebSocketDisconnect(message["code"], message.get("reason"))
starlette.websockets.WebSocketDisconnect: (1001, '')
2025-05-27 09:18:55,784 ChatBI->     ERROR    Unexpected error occured:(1001, '')
Traceback (most recent call last):
  File "/data/yfzx/liucd/chatbi_deploy2/chatbi_DB2/apps/app_main_ws.py", line 64, in websocket_endpoint
    message = await websocket.receive_text()
              ^^^^^^^^^^^^^^^^^^^^^^^^^^^^^^
  File "/root/anaconda3/envs/chatbi/lib/python3.12/site-packages/starlette/websockets.py", line 119, in receive_text
    self._raise_on_disconnect(message)
  File "/root/anaconda3/envs/chatbi/lib/python3.12/site-packages/starlette/websockets.py", line 113, in _raise_on_disconnect
    raise WebSocketDisconnect(message["code"], message.get("reason"))
starlette.websockets.WebSocketDisconnect: (1001, '')
2025-05-29 04:30:22,611 ChatBI->     INFO     案例库查询
2025-05-29 04:30:22,661 ChatBI->     INFO     案例库查询结果: ["{'query': '去年上半年收到了多少企业服务类型的工单', '目标列': ['内容描述'], '条件列': {'四级分类': '企业服务', '工单生成时间': '去年上半年'}}", "{'query': '去年上半年企业服务工单里工单类型分别有那些，占比如何', '目标列': ['工单类型'], '条件列': {'四级分类': '企业服务', '工单生成时间': '去年上半年'}}", "{'query': '最近3个月反映的工单里哪些企业存在拖欠工资的行为', '目标列': ['内容描述'], '条件列': {'内容描述': '企业存在拖欠工资的行为', '工单生成时间': '最近3个月'}}"]
2025-05-29 04:30:23,548 ChatBI->     INFO     schema linking: {'target_columns': ['工单生成时间'], 'condition_columns': {'工单生成时间': '2024年1-9月份'}}
2025-05-29 04:30:24,808 ChatBI->     INFO     任务类型: SQL
2025-05-29 04:30:26,725 ChatBI->     INFO     stad sql: SELECT DATE_FORMAT(`工单生成时间`, '%Y-%m') AS `月份`, COUNT(*) AS `工单数量` FROM shanghai WHERE `工单生成时间` >= '2024-01-01' AND `工单生成时间` < '2024-10-01' GROUP BY `月份` ORDER BY `月份` LIMIT 5000;
2025-05-29 04:30:26,725 ChatBI->     INFO     开始语义分析 ... 
2025-05-29 04:30:26,731 ChatBI->     INFO     非结构化信息为: {}
2025-05-29 04:30:26,731 ChatBI->     INFO     没有找到<  >对应的视图
2025-05-29 04:30:26,733 ChatBI->     INFO     websocket发送的数据为：{"sql_gen": "SELECT DATE_FORMAT(`工单生成时间`, '%Y-%m') AS `月份`, COUNT(*) AS `工单数量` FROM shanghai WHERE `工单生成时间` >= '2024-01-01' AND `工单生成时间` < '2024-10-01' GROUP BY `月份` ORDER BY `月份` LIMIT 5000;"}
2025-05-29 04:30:26,733 ChatBI->     INFO     websocket发送的数据为：{"response": [{}]}
2025-05-29 04:31:09,361 ChatBI->     INFO     websocket发送的数据为：{"result_insight": "很抱歉，由于检索到的信息为空，无法提供2024年1-9月份的工单变化趋势总结。请检查数据源或稍后再试。"}
2025-05-29 04:31:10,986 ChatBI->     INFO     websocket发送的数据为：{"result_recommand": {"new_query_1": "2024年1-9月份各区域的工单数量分布情况", "new_query_2": "2024年1-9月份不同工单类别的处理情况", "new_query_3": "2024年1-9月份工单生成时间的分布规律"}}
2025-05-29 04:36:42,195 ChatBI->     ERROR    Unexpected error occured:(<CloseCode.ABNORMAL_CLOSURE: 1006>, '')
Traceback (most recent call last):
  File "/data/yfzx/liucd/chatbi_deploy2/chatbi_DB2/apps/app_main_ws.py", line 64, in websocket_endpoint
    message = await websocket.receive_text()
              ^^^^^^^^^^^^^^^^^^^^^^^^^^^^^^
  File "/root/anaconda3/envs/chatbi/lib/python3.12/site-packages/starlette/websockets.py", line 119, in receive_text
    self._raise_on_disconnect(message)
  File "/root/anaconda3/envs/chatbi/lib/python3.12/site-packages/starlette/websockets.py", line 113, in _raise_on_disconnect
    raise WebSocketDisconnect(message["code"], message.get("reason"))
starlette.websockets.WebSocketDisconnect: (<CloseCode.ABNORMAL_CLOSURE: 1006>, '')
2025-05-29 04:39:50,110 ChatBI->     INFO     案例库查询
2025-05-29 04:39:50,157 ChatBI->     INFO     案例库查询结果: ["{'query': '今年反映上班猝死的事件有多少起', '目标列': ['内容描述'], '条件列': {'内容描述': '上班猝死', '工单生成时间': '今年'}}", "{'query': '今年哪些地方存在上班猝死的事件', '目标列': ['内容描述'], '条件列': {'内容描述': '上班猝死', '工单生成时间': '今年'}}", "{'query': '去年市民投诉过哪些类型的殡葬相关的事件', '目标列': ['内容描述'], '条件列': {'内容描述': '殡葬', '工单类型': '投诉举报类', '工单生成时间': '去年'}}"]
2025-05-29 04:39:51,182 ChatBI->     INFO     schema linking: {'target_columns': ['内容描述'], 'condition_columns': {'内容描述': '扬言自杀', '工单生成时间': '2024年'}}
2025-05-29 04:39:52,631 ChatBI->     INFO     任务类型: SQL
2025-05-29 04:39:53,675 ChatBI->     INFO     stad sql: SELECT `内容描述` FROM shanghai WHERE `内容描述` LIKE '%扬言自杀%' AND YEAR(`工单生成时间`) = 2024 LIMIT 5000;
2025-05-29 04:39:53,675 ChatBI->     INFO     开始语义分析 ... 
2025-05-29 04:39:53,677 ChatBI->     INFO     非结构化信息为: {"`内容描述` LIKE '%扬言自杀%'": '扬言自杀'}
2025-05-29 04:39:53,960 ChatBI->     INFO     扬言自杀 的命名实体判别： no
2025-05-29 04:39:53,962 ChatBI->     INFO     开始对非结构化文档【粗略】检索
2025-05-29 04:39:54,738 ChatBI->     INFO     检索到的文档总数量为：5000
2025-05-29 04:39:55,093 ChatBI->     INFO     开始对非结构化文档【深度】检索
2025-05-29 04:39:55,448 ChatBI->     INFO     step_scores: ['no', 'no', 'yes', 'no', 'no', 'yes', 'no', 'no', 'no', 'yes']
2025-05-29 04:39:55,448 ChatBI->     INFO     层级抽取文档： 市民来电反映:嘉定公安局菊园派出所来电，7月9日派出所接到2通扬言称捅死相关领导的，派出所听不到录音，扬言人电话：15161991086。诉求：希望获取扬言的录音信息。预留的是警察信息，电话也是派出所的直线联系电话。 ==> no  
2025-05-29 04:39:55,448 ChatBI->     INFO     层级抽取文档： 市民来电反映:市民有戒指，被女儿侵占，到上述地址和上海市公安局报案盗窃，但是立案不处理，其家里人还有侵占其财产以及10年前浦东国际机场别人欠15000元，法院判决有问题，表示不肯走法律途径，要求上海市公安部门处理，要求精神赔偿，扬言：自己学化学的，要炸掉哪里，之后各种反党的话，表示人在海南岛，不肯说具体地址，我处已经安抚，市民认可，因涉及扬言，请公安为稳。（11:29工号3662拨打0898110，工号：102受理。） ==> no  
2025-05-29 04:39:55,449 ChatBI->     INFO     层级抽取文档： 市民来电反映:市民为65岁老人，在上述地址租房30年，该房屋的房东长期在日本，因房东对房子的售卖问题与买方起纠纷没有妥善处理，房屋买方就经常骚扰市民，欲将市民赶出此房屋。市民反映到派出所，但长宁区新华派出所不作为，之后更和买方串通一气以各种理由驱赶市民。市民有抑郁症，目前情绪激动，且扬言要死，用汽油烧自己。2024年5月9日17点04分已拨打2022580报警，警员1406已知晓。诉求：投诉长宁区新华派出所不作为，滥用职权，态度差。 ==> yes  
2025-05-29 04:39:55,449 ChatBI->     INFO     层级抽取文档： 骂人 ==> no  
2025-05-29 04:39:55,449 ChatBI->     INFO     层级抽取文档： 市民来电咨询:市民疑似故意小声说话说什么北新泾，不正常表达，后续声称自己不敢说，要害他。 ==> no  
2025-05-29 04:39:55,449 ChatBI->     INFO     层级抽取文档： 市民来电反映:其在杨浦区长阳路555号，市民称其有产后忧郁，现在一个人带孩子，孩子一直哭闹，要求平凉派出所马上到现场来，要不然马上跳楼了，已经安抚，望管理部门做好维稳工作。19:14工号1680外拨22022580，工号861表示直接推送 ==> yes  
2025-05-29 04:39:55,449 ChatBI->     INFO     层级抽取文档： 市民留言留言辱骂。 ==> no  
2025-05-29 04:39:55,449 ChatBI->     INFO     层级抽取文档： 市民来电反映:其一直听到周边有人精神恐吓让其回去，否则要挨刀。 ==> no  
2025-05-29 04:39:55,449 ChatBI->     INFO     层级抽取文档： 撤诉。 ==> no  
2025-05-29 04:39:55,449 ChatBI->     INFO     层级抽取文档： 市民来电反映:上述地址商铺跨门经营将烧烤和修理电瓶车的东西放在人行道上导致路过的行人无法正常通行，该情况存在2天，市民路过的时候和跨门经营的上午起了争执，市民扬言都出来拿刀砍了，要出人命了，要泼硫酸了，别让其做出过激行为，话务员已安抚，市民表示目前正在上述地址，诉求：要求管理部门核实整治跨门经营现象。工号4230于17:30拨打22022580，工号322表示知晓。 ==> yes  
2025-05-29 04:39:55,449 ChatBI->     INFO     阈值索引为：120, 窗口大小为: 100 
2025-05-29 04:39:55,449 ChatBI->     INFO     确定的文档: 21; 在次确认的文档: 199
2025-05-29 04:40:00,817 ChatBI->     INFO     从199个需再次确认的文档中筛选出的相关文档数量：87
2025-05-29 04:40:00,817 ChatBI->     INFO     示例文档：['市民来电反映:其父亲2023年在上述地址国家会展中心对面的工地上做工农民工，目前拖欠80个人共计300多万工资未支付，市民表示3月21日17:00有20人上门索要工资扬言如不支付则从豪盛广场大楼顶楼跳楼。市民目前在上述地址。诉求：要求管理协调帮助讨薪。 2024年3月21日17:16:34工号3830联系22022580工号377受理。', '市民来电反复催单。【最近派发的工单编号：20240204018406，工单内容：市民来电反映:其没有房子住搭的小棚子里，市民表示此次村里发过节费，村书记给其5百元，但市民看到别人拿的过节费比其多，市民心里不舒服故来电反映其很多困难都需要得到帮助解决，否则扬言拉着妈妈一起去跳河。诉求：希望管理部门尽快核实给予其帮助。（2月4日16:26拨打22022580，对方工号330受理。）】', '市民来电补充信息。市民再次扬言，称现在要去死了，让热线再找公安来抓其。其表示该事项本身不需要催单。（18:08 2562拨打 22022580，876知晓）【最近派发的工单编号：20240828036157，工单内容：重新交办，要求：答复要点不明确，表示未告知违章建筑是否可以出租出去，如果不能出租为什么当地监管部门不监管处理。诉求：请管理部门核实尽快清退租户，告知违章建筑是否可以出租出去，处理当地监管部门不监管的问题，另外告知该建筑什么时候拆除。  ...', '市民来电反映:之前向12345反馈医疗纠纷的问题，医调委调解后表示医院拒绝赔偿，沟通过程中市民表示医院拖延那么久，最后还是不赔偿，现在其无法活下去了，大家都不好过。后续做出什么危害咱们上海的事，那我就不管了。询问市民现在在哪里，市民拒绝告知，原本地址：昆山市千灯镇熙岸名郡414栋201室。话务员询问是不是该地址，市民表示马上离开这个地址了。前工单答复清晰明确相同事项不再重复受理。诉求：希望给予维稳。（10:35分 工号4020拨打22022580，工号521受理。10：38工号4020拨打0512110报备，工号：0293受理）', '市民来电反复催单。催单原因：市民称管理部门至今未给予任何回复，请管理部门尽快处理。【最近派发的工单编号：20240711015298，工单内容：市民来电反映:市民是本市户籍，上述地址，无业，55岁，表示现在生活困难，没钱吃饭，也找不到工作，通话中市民表示要枪毙自己（要自杀），话务员已安抚，市民目前在上述地址，诉求：要求政府部门尽快给市民找一份工作。（话务员4234于12:52分拨打22022580，工号377知晓。）】']
2025-05-29 04:40:00,819 ChatBI->     INFO     没有找到<  >对应的视图
2025-05-29 04:40:00,819 ChatBI->     INFO     sql 语句：SELECT `内容描述` FROM shanghai WHERE  `内容描述` IN (:val0, :val1, :val2, :val3, :val4, :val5, :val6, :val7, :val8, :val9, :val10, :val11, :val12, :val13, :val14, :val15, :val16, :val17, :val18, :val19, :val20, :val21, :val22, :val23, :val24, :val25, :val26, :val27, :val28, :val29, :val30, :val31, :val32, :val33, :val34, :val35, :val36, :val37, :val38, :val39, :val40, :val41, :val42, :val43, :val44, :val45, :val46, :val47, :val48, :val49, :val50, :val51, :val52, :val53, :val54, :val55, :val56, :val57, :val58, :val59, :val60, :val61, :val62, :val63, :val64, :val65, :val66, :val67, :val68, :val69, :val70, :val71, :val72, :val73, :val74, :val75, :val76, :val77, :val78, :val79, :val80, :val81, :val82, :val83, :val84, :val85, :val86, :val87, :val88, :val89, :val90, :val91, :val92, :val93, :val94, :val95, :val96, :val97, :val98, :val99, :val100, :val101, :val102, :val103, :val104, :val105, :val106, :val107) AND YEAR(`工单生成时间`) = 2024 LIMIT 5000;
2025-05-29 04:40:01,468 ChatBI->     INFO     websocket发送的数据为：{"sql_gen": "SELECT `内容描述` FROM shanghai WHERE `内容描述` LIKE '%扬言自杀%' AND YEAR(`工单生成时间`) = 2024 LIMIT 5000;"}
2025-05-29 04:40:01,483 ChatBI->     INFO     sql 语句：SELECT * FROM shanghai WHERE  `内容描述` IN (:val0, :val1, :val2, :val3, :val4, :val5, :val6, :val7, :val8, :val9, :val10, :val11, :val12, :val13, :val14, :val15, :val16, :val17, :val18, :val19, :val20, :val21, :val22, :val23, :val24, :val25, :val26, :val27, :val28, :val29, :val30, :val31, :val32, :val33, :val34, :val35, :val36, :val37, :val38, :val39, :val40, :val41, :val42, :val43, :val44, :val45, :val46, :val47, :val48, :val49, :val50, :val51, :val52, :val53, :val54, :val55, :val56, :val57, :val58, :val59, :val60, :val61, :val62, :val63, :val64, :val65, :val66, :val67, :val68, :val69, :val70, :val71, :val72, :val73, :val74, :val75, :val76, :val77, :val78, :val79, :val80, :val81, :val82, :val83, :val84, :val85, :val86, :val87, :val88, :val89, :val90, :val91, :val92, :val93, :val94, :val95, :val96, :val97, :val98, :val99, :val100, :val101, :val102, :val103, :val104, :val105, :val106, :val107) AND YEAR(`工单生成时间`) = 2024 LIMIT 5000;
2025-05-29 04:40:05,832 ChatBI->     INFO     websocket发送的数据为：{"result_insight": "2024年有多起涉及扬言自杀的事件，包括市民因经济纠纷、家庭矛盾、工作压力等原因多次扬言自杀或采取极端行为，要求相关部门进行维稳处理。"}
2025-05-29 04:40:05,949 ChatBI->     ERROR    Unexpected error occured:Error code: 400 - {'object': 'error', 'message': "This model's maximum context length is 10240 tokens. However, you requested 11700 tokens in the messages, Please reduce the length of the messages.", 'type': 'BadRequestError', 'param': None, 'code': 400}
Traceback (most recent call last):
  File "/data/yfzx/liucd/chatbi_deploy2/chatbi_DB2/apps/app_main_ws.py", line 167, in websocket_endpoint
    query_recommands = recommand_chain.invoke({ "query": query, "schema": schema, "obtain_data": obtain_data})
                       ^^^^^^^^^^^^^^^^^^^^^^^^^^^^^^^^^^^^^^^^^^^^^^^^^^^^^^^^^^^^^^^^^^^^^^^^^^^^^^^^^^^^^^^
  File "/root/anaconda3/envs/chatbi/lib/python3.12/site-packages/langchain_core/runnables/base.py", line 3034, in invoke
    input = context.run(step.invoke, input, config)
            ^^^^^^^^^^^^^^^^^^^^^^^^^^^^^^^^^^^^^^^
  File "/root/anaconda3/envs/chatbi/lib/python3.12/site-packages/langchain_core/language_models/chat_models.py", line 370, in invoke
    self.generate_prompt(
  File "/root/anaconda3/envs/chatbi/lib/python3.12/site-packages/langchain_core/language_models/chat_models.py", line 947, in generate_prompt
    return self.generate(prompt_messages, stop=stop, callbacks=callbacks, **kwargs)
           ^^^^^^^^^^^^^^^^^^^^^^^^^^^^^^^^^^^^^^^^^^^^^^^^^^^^^^^^^^^^^^^^^^^^^^^^
  File "/root/anaconda3/envs/chatbi/lib/python3.12/site-packages/langchain_core/language_models/chat_models.py", line 766, in generate
    self._generate_with_cache(
  File "/root/anaconda3/envs/chatbi/lib/python3.12/site-packages/langchain_core/language_models/chat_models.py", line 1012, in _generate_with_cache
    result = self._generate(
             ^^^^^^^^^^^^^^^
  File "/root/anaconda3/envs/chatbi/lib/python3.12/site-packages/langchain_openai/chat_models/base.py", line 823, in _generate
    response = self.client.create(**payload)
               ^^^^^^^^^^^^^^^^^^^^^^^^^^^^^
  File "/root/anaconda3/envs/chatbi/lib/python3.12/site-packages/openai/_utils/_utils.py", line 279, in wrapper
    return func(*args, **kwargs)
           ^^^^^^^^^^^^^^^^^^^^^
  File "/root/anaconda3/envs/chatbi/lib/python3.12/site-packages/openai/resources/chat/completions/completions.py", line 879, in create
    return self._post(
           ^^^^^^^^^^^
  File "/root/anaconda3/envs/chatbi/lib/python3.12/site-packages/openai/_base_client.py", line 1296, in post
    return cast(ResponseT, self.request(cast_to, opts, stream=stream, stream_cls=stream_cls))
                           ^^^^^^^^^^^^^^^^^^^^^^^^^^^^^^^^^^^^^^^^^^^^^^^^^^^^^^^^^^^^^^^^^
  File "/root/anaconda3/envs/chatbi/lib/python3.12/site-packages/openai/_base_client.py", line 973, in request
    return self._request(
           ^^^^^^^^^^^^^^
  File "/root/anaconda3/envs/chatbi/lib/python3.12/site-packages/openai/_base_client.py", line 1077, in _request
    raise self._make_status_error_from_response(err.response) from None
openai.BadRequestError: Error code: 400 - {'object': 'error', 'message': "This model's maximum context length is 10240 tokens. However, you requested 11700 tokens in the messages, Please reduce the length of the messages.", 'type': 'BadRequestError', 'param': None, 'code': 400}
2025-05-29 04:40:24,661 ChatBI->     INFO     案例库查询
2025-05-29 04:40:24,704 ChatBI->     INFO     案例库查询结果: ["{'query': '去年投诉学校的事件有多少起', '目标列': ['内容描述'], '条件列': {'内容描述': '学校', '工单生成时间': '去年', '工单类型': '投诉举报类'}}", "{'query': '今年反映上班猝死的事件有多少起', '目标列': ['内容描述'], '条件列': {'内容描述': '上班猝死', '工单生成时间': '今年'}}", "{'query': '今年哪些地方存在上班猝死的事件', '目标列': ['内容描述'], '条件列': {'内容描述': '上班猝死', '工单生成时间': '今年'}}"]
2025-05-29 04:40:25,722 ChatBI->     INFO     schema linking: {'target_columns': ['内容描述'], 'condition_columns': {'内容描述': '扬言自杀', '工单生成时间': '2024年'}}
2025-05-29 04:40:28,955 ChatBI->     INFO     任务类型: SQL
2025-05-29 04:40:30,075 ChatBI->     INFO     stad sql: SELECT COUNT(*) AS `数量` FROM `shanghai` WHERE `内容描述` LIKE '%扬言自杀%' AND YEAR(`工单生成时间`) = 2024 LIMIT 5000;
2025-05-29 04:40:30,075 ChatBI->     INFO     开始语义分析 ... 
2025-05-29 04:40:30,078 ChatBI->     INFO     非结构化信息为: {"`内容描述` LIKE '%扬言自杀%'": '扬言自杀'}
2025-05-29 04:40:30,351 ChatBI->     INFO     扬言自杀 的命名实体判别： no
2025-05-29 04:40:30,353 ChatBI->     INFO     开始对非结构化文档【粗略】检索
2025-05-29 04:40:30,868 ChatBI->     INFO     检索到的文档总数量为：5000
2025-05-29 04:40:31,174 ChatBI->     INFO     开始对非结构化文档【深度】检索
2025-05-29 04:40:31,360 ChatBI->     INFO     step_scores: ['no', 'no', 'yes', 'no', 'no', 'yes', 'no', 'no', 'no', 'yes']
2025-05-29 04:40:31,360 ChatBI->     INFO     层级抽取文档： 市民来电反映:嘉定公安局菊园派出所来电，7月9日派出所接到2通扬言称捅死相关领导的，派出所听不到录音，扬言人电话：15161991086。诉求：希望获取扬言的录音信息。预留的是警察信息，电话也是派出所的直线联系电话。 ==> no  
2025-05-29 04:40:31,360 ChatBI->     INFO     层级抽取文档： 市民来电反映:市民有戒指，被女儿侵占，到上述地址和上海市公安局报案盗窃，但是立案不处理，其家里人还有侵占其财产以及10年前浦东国际机场别人欠15000元，法院判决有问题，表示不肯走法律途径，要求上海市公安部门处理，要求精神赔偿，扬言：自己学化学的，要炸掉哪里，之后各种反党的话，表示人在海南岛，不肯说具体地址，我处已经安抚，市民认可，因涉及扬言，请公安为稳。（11:29工号3662拨打0898110，工号：102受理。） ==> no  
2025-05-29 04:40:31,360 ChatBI->     INFO     层级抽取文档： 市民来电反映:市民为65岁老人，在上述地址租房30年，该房屋的房东长期在日本，因房东对房子的售卖问题与买方起纠纷没有妥善处理，房屋买方就经常骚扰市民，欲将市民赶出此房屋。市民反映到派出所，但长宁区新华派出所不作为，之后更和买方串通一气以各种理由驱赶市民。市民有抑郁症，目前情绪激动，且扬言要死，用汽油烧自己。2024年5月9日17点04分已拨打2022580报警，警员1406已知晓。诉求：投诉长宁区新华派出所不作为，滥用职权，态度差。 ==> yes  
2025-05-29 04:40:31,361 ChatBI->     INFO     层级抽取文档： 骂人 ==> no  
2025-05-29 04:40:31,361 ChatBI->     INFO     层级抽取文档： 市民来电咨询:市民疑似故意小声说话说什么北新泾，不正常表达，后续声称自己不敢说，要害他。 ==> no  
2025-05-29 04:40:31,361 ChatBI->     INFO     层级抽取文档： 市民来电反映:其在杨浦区长阳路555号，市民称其有产后忧郁，现在一个人带孩子，孩子一直哭闹，要求平凉派出所马上到现场来，要不然马上跳楼了，已经安抚，望管理部门做好维稳工作。19:14工号1680外拨22022580，工号861表示直接推送 ==> yes  
2025-05-29 04:40:31,361 ChatBI->     INFO     层级抽取文档： 市民留言留言辱骂。 ==> no  
2025-05-29 04:40:31,361 ChatBI->     INFO     层级抽取文档： 市民来电反映:其一直听到周边有人精神恐吓让其回去，否则要挨刀。 ==> no  
2025-05-29 04:40:31,361 ChatBI->     INFO     层级抽取文档： 撤诉。 ==> no  
2025-05-29 04:40:31,361 ChatBI->     INFO     层级抽取文档： 市民来电反映:上述地址商铺跨门经营将烧烤和修理电瓶车的东西放在人行道上导致路过的行人无法正常通行，该情况存在2天，市民路过的时候和跨门经营的上午起了争执，市民扬言都出来拿刀砍了，要出人命了，要泼硫酸了，别让其做出过激行为，话务员已安抚，市民表示目前正在上述地址，诉求：要求管理部门核实整治跨门经营现象。工号4230于17:30拨打22022580，工号322表示知晓。 ==> yes  
2025-05-29 04:40:31,361 ChatBI->     INFO     阈值索引为：120, 窗口大小为: 100 
2025-05-29 04:40:31,361 ChatBI->     INFO     确定的文档: 21; 在次确认的文档: 199
2025-05-29 04:40:31,960 ChatBI->     INFO     案例库查询
2025-05-29 04:40:31,987 ChatBI->     INFO     案例库查询结果: ["{'query': '去年涉及税务相关事件有多少工单', '目标列': ['内容描述'], '条件列': {'一级分类': '税务相关', '工单生成时间': '去年'}}", "{'query': '今年市民来投诉被诈骗的工单有多少', '目标列': ['工单类型'], '条件列': {'工单类型': '投诉举报类', '工单生成时间': '今年', '内容描述': '被诈骗'}}", "{'query': '今年反映上班猝死的事件有多少起', '目标列': ['内容描述'], '条件列': {'内容描述': '上班猝死', '工单生成时间': '今年'}}"]
2025-05-29 04:40:32,999 ChatBI->     INFO     schema linking: {'target_columns': ['内容描述'], 'condition_columns': {'内容描述': '扬言自杀', '工单生成时间': '2024年'}}
2025-05-29 04:40:34,733 ChatBI->     INFO     从199个需再次确认的文档中筛选出的相关文档数量：87
2025-05-29 04:40:34,733 ChatBI->     INFO     示例文档：['市民来电反映:其父亲2023年在上述地址国家会展中心对面的工地上做工农民工，目前拖欠80个人共计300多万工资未支付，市民表示3月21日17:00有20人上门索要工资扬言如不支付则从豪盛广场大楼顶楼跳楼。市民目前在上述地址。诉求：要求管理协调帮助讨薪。 2024年3月21日17:16:34工号3830联系22022580工号377受理。', '市民来电反复催单。【最近派发的工单编号：20240204018406，工单内容：市民来电反映:其没有房子住搭的小棚子里，市民表示此次村里发过节费，村书记给其5百元，但市民看到别人拿的过节费比其多，市民心里不舒服故来电反映其很多困难都需要得到帮助解决，否则扬言拉着妈妈一起去跳河。诉求：希望管理部门尽快核实给予其帮助。（2月4日16:26拨打22022580，对方工号330受理。）】', '市民来电补充信息。市民再次扬言，称现在要去死了，让热线再找公安来抓其。其表示该事项本身不需要催单。（18:08 2562拨打 22022580，876知晓）【最近派发的工单编号：20240828036157，工单内容：重新交办，要求：答复要点不明确，表示未告知违章建筑是否可以出租出去，如果不能出租为什么当地监管部门不监管处理。诉求：请管理部门核实尽快清退租户，告知违章建筑是否可以出租出去，处理当地监管部门不监管的问题，另外告知该建筑什么时候拆除。  ...', '市民来电反映:之前向12345反馈医疗纠纷的问题，医调委调解后表示医院拒绝赔偿，沟通过程中市民表示医院拖延那么久，最后还是不赔偿，现在其无法活下去了，大家都不好过。后续做出什么危害咱们上海的事，那我就不管了。询问市民现在在哪里，市民拒绝告知，原本地址：昆山市千灯镇熙岸名郡414栋201室。话务员询问是不是该地址，市民表示马上离开这个地址了。前工单答复清晰明确相同事项不再重复受理。诉求：希望给予维稳。（10:35分 工号4020拨打22022580，工号521受理。10：38工号4020拨打0512110报备，工号：0293受理）', '市民来电反复催单。催单原因：市民称管理部门至今未给予任何回复，请管理部门尽快处理。【最近派发的工单编号：20240711015298，工单内容：市民来电反映:市民是本市户籍，上述地址，无业，55岁，表示现在生活困难，没钱吃饭，也找不到工作，通话中市民表示要枪毙自己（要自杀），话务员已安抚，市民目前在上述地址，诉求：要求政府部门尽快给市民找一份工作。（话务员4234于12:52分拨打22022580，工号377知晓。）】']
2025-05-29 04:40:34,734 ChatBI->     INFO     没有找到<  >对应的视图
2025-05-29 04:40:34,734 ChatBI->     INFO     sql 语句：SELECT COUNT(*) AS `数量` FROM `shanghai` WHERE  `内容描述` IN (:val0, :val1, :val2, :val3, :val4, :val5, :val6, :val7, :val8, :val9, :val10, :val11, :val12, :val13, :val14, :val15, :val16, :val17, :val18, :val19, :val20, :val21, :val22, :val23, :val24, :val25, :val26, :val27, :val28, :val29, :val30, :val31, :val32, :val33, :val34, :val35, :val36, :val37, :val38, :val39, :val40, :val41, :val42, :val43, :val44, :val45, :val46, :val47, :val48, :val49, :val50, :val51, :val52, :val53, :val54, :val55, :val56, :val57, :val58, :val59, :val60, :val61, :val62, :val63, :val64, :val65, :val66, :val67, :val68, :val69, :val70, :val71, :val72, :val73, :val74, :val75, :val76, :val77, :val78, :val79, :val80, :val81, :val82, :val83, :val84, :val85, :val86, :val87, :val88, :val89, :val90, :val91, :val92, :val93, :val94, :val95, :val96, :val97, :val98, :val99, :val100, :val101, :val102, :val103, :val104, :val105, :val106, :val107) AND YEAR(`工单生成时间`) = 2024 LIMIT 5000;
2025-05-29 04:40:35,344 ChatBI->     INFO     websocket发送的数据为：{"sql_gen": "SELECT COUNT(*) AS `数量` FROM `shanghai` WHERE `内容描述` LIKE '%扬言自杀%' AND YEAR(`工单生成时间`) = 2024 LIMIT 5000;"}
2025-05-29 04:40:35,344 ChatBI->     INFO     websocket发送的数据为：{"response": [{"数量": 88}]}
2025-05-29 04:40:35,356 ChatBI->     INFO     sql 语句：SELECT * FROM `shanghai` WHERE  `内容描述` IN (:val0, :val1, :val2, :val3, :val4, :val5, :val6, :val7, :val8, :val9, :val10, :val11, :val12, :val13, :val14, :val15, :val16, :val17, :val18, :val19, :val20, :val21, :val22, :val23, :val24, :val25, :val26, :val27, :val28, :val29, :val30, :val31, :val32, :val33, :val34, :val35, :val36, :val37, :val38, :val39, :val40, :val41, :val42, :val43, :val44, :val45, :val46, :val47, :val48, :val49, :val50, :val51, :val52, :val53, :val54, :val55, :val56, :val57, :val58, :val59, :val60, :val61, :val62, :val63, :val64, :val65, :val66, :val67, :val68, :val69, :val70, :val71, :val72, :val73, :val74, :val75, :val76, :val77, :val78, :val79, :val80, :val81, :val82, :val83, :val84, :val85, :val86, :val87, :val88, :val89, :val90, :val91, :val92, :val93, :val94, :val95, :val96, :val97, :val98, :val99, :val100, :val101, :val102, :val103, :val104, :val105, :val106, :val107) AND YEAR(`工单生成时间`) = 2024 LIMIT 5000;
2025-05-29 04:40:36,592 ChatBI->     INFO     websocket发送的数据为：{"result_insight": "根据检索到的信息，2024年有88条关于扬言自杀的事件。"}
2025-05-29 04:40:38,182 ChatBI->     INFO     websocket发送的数据为：{"result_recommand": {"new_query_1": "2024年扬言自杀事件中，哪些区域发生的最多？", "new_query_2": "2024年扬言自杀事件的处理描述是什么样的？", "new_query_3": "2024年扬言自杀事件中，客户类型分布如何？"}}
2025-05-29 04:40:38,725 ChatBI->     INFO     任务类型: SQL
2025-05-29 04:40:39,853 ChatBI->     INFO     stad sql: SELECT COUNT(*) AS 工单数量 FROM shanghai WHERE `内容描述` LIKE '%扬言自杀%' AND YEAR(`工单生成时间`) = 2024;
2025-05-29 04:40:39,854 ChatBI->     INFO     开始语义分析 ... 
2025-05-29 04:40:39,855 ChatBI->     INFO     非结构化信息为: {"`内容描述` LIKE '%扬言自杀%'": '扬言自杀'}
2025-05-29 04:40:40,167 ChatBI->     INFO     扬言自杀 的命名实体判别： no
2025-05-29 04:40:40,168 ChatBI->     INFO     开始对非结构化文档【粗略】检索
2025-05-29 04:40:40,667 ChatBI->     INFO     检索到的文档总数量为：5000
2025-05-29 04:40:41,008 ChatBI->     INFO     开始对非结构化文档【深度】检索
2025-05-29 04:40:41,202 ChatBI->     INFO     step_scores: ['no', 'no', 'yes', 'no', 'no', 'yes', 'no', 'no', 'no', 'yes']
2025-05-29 04:40:41,202 ChatBI->     INFO     层级抽取文档： 市民来电反映:嘉定公安局菊园派出所来电，7月9日派出所接到2通扬言称捅死相关领导的，派出所听不到录音，扬言人电话：15161991086。诉求：希望获取扬言的录音信息。预留的是警察信息，电话也是派出所的直线联系电话。 ==> no  
2025-05-29 04:40:41,202 ChatBI->     INFO     层级抽取文档： 市民来电反映:市民有戒指，被女儿侵占，到上述地址和上海市公安局报案盗窃，但是立案不处理，其家里人还有侵占其财产以及10年前浦东国际机场别人欠15000元，法院判决有问题，表示不肯走法律途径，要求上海市公安部门处理，要求精神赔偿，扬言：自己学化学的，要炸掉哪里，之后各种反党的话，表示人在海南岛，不肯说具体地址，我处已经安抚，市民认可，因涉及扬言，请公安为稳。（11:29工号3662拨打0898110，工号：102受理。） ==> no  
2025-05-29 04:40:41,202 ChatBI->     INFO     层级抽取文档： 市民来电反映:市民为65岁老人，在上述地址租房30年，该房屋的房东长期在日本，因房东对房子的售卖问题与买方起纠纷没有妥善处理，房屋买方就经常骚扰市民，欲将市民赶出此房屋。市民反映到派出所，但长宁区新华派出所不作为，之后更和买方串通一气以各种理由驱赶市民。市民有抑郁症，目前情绪激动，且扬言要死，用汽油烧自己。2024年5月9日17点04分已拨打2022580报警，警员1406已知晓。诉求：投诉长宁区新华派出所不作为，滥用职权，态度差。 ==> yes  
2025-05-29 04:40:41,202 ChatBI->     INFO     层级抽取文档： 骂人 ==> no  
2025-05-29 04:40:41,202 ChatBI->     INFO     层级抽取文档： 市民来电咨询:市民疑似故意小声说话说什么北新泾，不正常表达，后续声称自己不敢说，要害他。 ==> no  
2025-05-29 04:40:41,203 ChatBI->     INFO     层级抽取文档： 市民来电反映:其在杨浦区长阳路555号，市民称其有产后忧郁，现在一个人带孩子，孩子一直哭闹，要求平凉派出所马上到现场来，要不然马上跳楼了，已经安抚，望管理部门做好维稳工作。19:14工号1680外拨22022580，工号861表示直接推送 ==> yes  
2025-05-29 04:40:41,203 ChatBI->     INFO     层级抽取文档： 市民留言留言辱骂。 ==> no  
2025-05-29 04:40:41,203 ChatBI->     INFO     层级抽取文档： 市民来电反映:其一直听到周边有人精神恐吓让其回去，否则要挨刀。 ==> no  
2025-05-29 04:40:41,203 ChatBI->     INFO     层级抽取文档： 撤诉。 ==> no  
2025-05-29 04:40:41,203 ChatBI->     INFO     层级抽取文档： 市民来电反映:上述地址商铺跨门经营将烧烤和修理电瓶车的东西放在人行道上导致路过的行人无法正常通行，该情况存在2天，市民路过的时候和跨门经营的上午起了争执，市民扬言都出来拿刀砍了，要出人命了，要泼硫酸了，别让其做出过激行为，话务员已安抚，市民表示目前正在上述地址，诉求：要求管理部门核实整治跨门经营现象。工号4230于17:30拨打22022580，工号322表示知晓。 ==> yes  
2025-05-29 04:40:41,203 ChatBI->     INFO     阈值索引为：120, 窗口大小为: 100 
2025-05-29 04:40:41,203 ChatBI->     INFO     确定的文档: 21; 在次确认的文档: 199
2025-05-29 04:40:43,945 ChatBI->     INFO     从199个需再次确认的文档中筛选出的相关文档数量：87
2025-05-29 04:40:43,945 ChatBI->     INFO     示例文档：['市民来电反映:其父亲2023年在上述地址国家会展中心对面的工地上做工农民工，目前拖欠80个人共计300多万工资未支付，市民表示3月21日17:00有20人上门索要工资扬言如不支付则从豪盛广场大楼顶楼跳楼。市民目前在上述地址。诉求：要求管理协调帮助讨薪。 2024年3月21日17:16:34工号3830联系22022580工号377受理。', '市民来电反复催单。【最近派发的工单编号：20240204018406，工单内容：市民来电反映:其没有房子住搭的小棚子里，市民表示此次村里发过节费，村书记给其5百元，但市民看到别人拿的过节费比其多，市民心里不舒服故来电反映其很多困难都需要得到帮助解决，否则扬言拉着妈妈一起去跳河。诉求：希望管理部门尽快核实给予其帮助。（2月4日16:26拨打22022580，对方工号330受理。）】', '市民来电补充信息。市民再次扬言，称现在要去死了，让热线再找公安来抓其。其表示该事项本身不需要催单。（18:08 2562拨打 22022580，876知晓）【最近派发的工单编号：20240828036157，工单内容：重新交办，要求：答复要点不明确，表示未告知违章建筑是否可以出租出去，如果不能出租为什么当地监管部门不监管处理。诉求：请管理部门核实尽快清退租户，告知违章建筑是否可以出租出去，处理当地监管部门不监管的问题，另外告知该建筑什么时候拆除。  ...', '市民来电反映:之前向12345反馈医疗纠纷的问题，医调委调解后表示医院拒绝赔偿，沟通过程中市民表示医院拖延那么久，最后还是不赔偿，现在其无法活下去了，大家都不好过。后续做出什么危害咱们上海的事，那我就不管了。询问市民现在在哪里，市民拒绝告知，原本地址：昆山市千灯镇熙岸名郡414栋201室。话务员询问是不是该地址，市民表示马上离开这个地址了。前工单答复清晰明确相同事项不再重复受理。诉求：希望给予维稳。（10:35分 工号4020拨打22022580，工号521受理。10：38工号4020拨打0512110报备，工号：0293受理）', '市民来电反复催单。催单原因：市民称管理部门至今未给予任何回复，请管理部门尽快处理。【最近派发的工单编号：20240711015298，工单内容：市民来电反映:市民是本市户籍，上述地址，无业，55岁，表示现在生活困难，没钱吃饭，也找不到工作，通话中市民表示要枪毙自己（要自杀），话务员已安抚，市民目前在上述地址，诉求：要求政府部门尽快给市民找一份工作。（话务员4234于12:52分拨打22022580，工号377知晓。）】']
2025-05-29 04:40:43,947 ChatBI->     INFO     没有找到<  >对应的视图
2025-05-29 04:40:43,947 ChatBI->     INFO     sql 语句：SELECT COUNT(*) AS 工单数量 FROM shanghai WHERE  `内容描述` IN (:val0, :val1, :val2, :val3, :val4, :val5, :val6, :val7, :val8, :val9, :val10, :val11, :val12, :val13, :val14, :val15, :val16, :val17, :val18, :val19, :val20, :val21, :val22, :val23, :val24, :val25, :val26, :val27, :val28, :val29, :val30, :val31, :val32, :val33, :val34, :val35, :val36, :val37, :val38, :val39, :val40, :val41, :val42, :val43, :val44, :val45, :val46, :val47, :val48, :val49, :val50, :val51, :val52, :val53, :val54, :val55, :val56, :val57, :val58, :val59, :val60, :val61, :val62, :val63, :val64, :val65, :val66, :val67, :val68, :val69, :val70, :val71, :val72, :val73, :val74, :val75, :val76, :val77, :val78, :val79, :val80, :val81, :val82, :val83, :val84, :val85, :val86, :val87, :val88, :val89, :val90, :val91, :val92, :val93, :val94, :val95, :val96, :val97, :val98, :val99, :val100, :val101, :val102, :val103, :val104, :val105, :val106, :val107) AND YEAR(`工单生成时间`) = 2024;
2025-05-29 04:40:44,526 ChatBI->     INFO     websocket发送的数据为：{"sql_gen": "SELECT COUNT(*) AS 工单数量 FROM shanghai WHERE `内容描述` LIKE '%扬言自杀%' AND YEAR(`工单生成时间`) = 2024;"}
2025-05-29 04:40:44,527 ChatBI->     INFO     websocket发送的数据为：{"response": [{"工单数量": 88}]}
2025-05-29 04:40:44,540 ChatBI->     INFO     sql 语句：SELECT * FROM shanghai WHERE  `内容描述` IN (:val0, :val1, :val2, :val3, :val4, :val5, :val6, :val7, :val8, :val9, :val10, :val11, :val12, :val13, :val14, :val15, :val16, :val17, :val18, :val19, :val20, :val21, :val22, :val23, :val24, :val25, :val26, :val27, :val28, :val29, :val30, :val31, :val32, :val33, :val34, :val35, :val36, :val37, :val38, :val39, :val40, :val41, :val42, :val43, :val44, :val45, :val46, :val47, :val48, :val49, :val50, :val51, :val52, :val53, :val54, :val55, :val56, :val57, :val58, :val59, :val60, :val61, :val62, :val63, :val64, :val65, :val66, :val67, :val68, :val69, :val70, :val71, :val72, :val73, :val74, :val75, :val76, :val77, :val78, :val79, :val80, :val81, :val82, :val83, :val84, :val85, :val86, :val87, :val88, :val89, :val90, :val91, :val92, :val93, :val94, :val95, :val96, :val97, :val98, :val99, :val100, :val101, :val102, :val103, :val104, :val105, :val106, :val107) AND YEAR(`工单生成时间`) = 2024;
2025-05-29 04:40:45,676 ChatBI->     INFO     websocket发送的数据为：{"result_insight": "2024年有88件工单涉及扬言自杀的事件。"}
2025-05-29 04:40:47,457 ChatBI->     INFO     websocket发送的数据为：{"result_recommand": {"new_query_1": "2024年扬言自杀的事件中，哪些区域的工单数量最多？", "new_query_2": "2024年扬言自杀的事件中，工单的处理描述是什么样的？", "new_query_3": "2024年扬言自杀的事件中，客户类型分布如何？"}}
2025-05-29 04:42:47,631 ChatBI->     INFO     案例库查询
2025-05-29 04:42:47,674 ChatBI->     INFO     案例库查询结果: ["{'query': '今年市民来投诉被诈骗的工单有多少', '目标列': ['工单类型'], '条件列': {'工单类型': '投诉举报类', '工单生成时间': '今年', '内容描述': '被诈骗'}}", "{'query': '今年反映上班猝死的事件有多少起', '目标列': ['内容描述'], '条件列': {'内容描述': '上班猝死', '工单生成时间': '今年'}}", "{'query': '今年哪些地方存在上班猝死的事件', '目标列': ['内容描述'], '条件列': {'内容描述': '上班猝死', '工单生成时间': '今年'}}"]
2025-05-29 04:42:48,703 ChatBI->     INFO     schema linking: {'target_columns': ['诉求区域'], 'condition_columns': {'内容描述': '扬言自杀', '工单生成时间': '2024年'}}
2025-05-29 04:42:49,493 ChatBI->     INFO     案例库查询
2025-05-29 04:42:49,526 ChatBI->     INFO     案例库查询结果: ["{'query': '1年内有多少表扬相关的工单', '目标列': ['内容描述'], '条件列': {'内容描述': '表扬相关', '工单生成时间': '1年内'}}", "{'query': '台风相关的工单主要诉求有哪些事件', '目标列': ['内容描述'], '条件列': {'内容描述': '台风相关'}}", "{'query': '去年紧急的工单一般都是在反映什么事件', '目标列': ['内容描述'], '条件列': {'工单类别': '紧急', '工单生成时间': '去年'}}"]
2025-05-29 04:42:50,591 ChatBI->     INFO     schema linking: {'target_columns': ['处理描述'], 'condition_columns': {'内容描述': '扬言自杀', '工单生成时间': '2024年'}}
2025-05-29 04:42:51,065 ChatBI->     INFO     任务类型: SQL
2025-05-29 04:42:52,603 ChatBI->     INFO     stad sql: SELECT `诉求区域`, COUNT(*) AS `工单数量` FROM shanghai WHERE `内容描述` LIKE '%扬言自杀%' AND YEAR(`工单生成时间`) = 2024 GROUP BY `诉求区域` ORDER BY `工单数量` DESC LIMIT 5000;
2025-05-29 04:42:52,603 ChatBI->     INFO     开始语义分析 ... 
2025-05-29 04:42:52,605 ChatBI->     INFO     非结构化信息为: {"`内容描述` LIKE '%扬言自杀%'": '扬言自杀'}
2025-05-29 04:42:52,854 ChatBI->     INFO     扬言自杀 的命名实体判别： no
2025-05-29 04:42:52,856 ChatBI->     INFO     开始对非结构化文档【粗略】检索
2025-05-29 04:42:53,402 ChatBI->     INFO     检索到的文档总数量为：5000
2025-05-29 04:42:53,700 ChatBI->     INFO     开始对非结构化文档【深度】检索
2025-05-29 04:42:54,142 ChatBI->     INFO     step_scores: ['no', 'no', 'yes', 'no', 'no', 'yes', 'no', 'no', 'no', 'yes']
2025-05-29 04:42:54,143 ChatBI->     INFO     层级抽取文档： 市民来电反映:嘉定公安局菊园派出所来电，7月9日派出所接到2通扬言称捅死相关领导的，派出所听不到录音，扬言人电话：15161991086。诉求：希望获取扬言的录音信息。预留的是警察信息，电话也是派出所的直线联系电话。 ==> no  
2025-05-29 04:42:54,143 ChatBI->     INFO     层级抽取文档： 市民来电反映:市民有戒指，被女儿侵占，到上述地址和上海市公安局报案盗窃，但是立案不处理，其家里人还有侵占其财产以及10年前浦东国际机场别人欠15000元，法院判决有问题，表示不肯走法律途径，要求上海市公安部门处理，要求精神赔偿，扬言：自己学化学的，要炸掉哪里，之后各种反党的话，表示人在海南岛，不肯说具体地址，我处已经安抚，市民认可，因涉及扬言，请公安为稳。（11:29工号3662拨打0898110，工号：102受理。） ==> no  
2025-05-29 04:42:54,143 ChatBI->     INFO     层级抽取文档： 市民来电反映:市民为65岁老人，在上述地址租房30年，该房屋的房东长期在日本，因房东对房子的售卖问题与买方起纠纷没有妥善处理，房屋买方就经常骚扰市民，欲将市民赶出此房屋。市民反映到派出所，但长宁区新华派出所不作为，之后更和买方串通一气以各种理由驱赶市民。市民有抑郁症，目前情绪激动，且扬言要死，用汽油烧自己。2024年5月9日17点04分已拨打2022580报警，警员1406已知晓。诉求：投诉长宁区新华派出所不作为，滥用职权，态度差。 ==> yes  
2025-05-29 04:42:54,143 ChatBI->     INFO     层级抽取文档： 骂人 ==> no  
2025-05-29 04:42:54,143 ChatBI->     INFO     层级抽取文档： 市民来电咨询:市民疑似故意小声说话说什么北新泾，不正常表达，后续声称自己不敢说，要害他。 ==> no  
2025-05-29 04:42:54,143 ChatBI->     INFO     层级抽取文档： 市民来电反映:其在杨浦区长阳路555号，市民称其有产后忧郁，现在一个人带孩子，孩子一直哭闹，要求平凉派出所马上到现场来，要不然马上跳楼了，已经安抚，望管理部门做好维稳工作。19:14工号1680外拨22022580，工号861表示直接推送 ==> yes  
2025-05-29 04:42:54,143 ChatBI->     INFO     层级抽取文档： 市民留言留言辱骂。 ==> no  
2025-05-29 04:42:54,143 ChatBI->     INFO     层级抽取文档： 市民来电反映:其一直听到周边有人精神恐吓让其回去，否则要挨刀。 ==> no  
2025-05-29 04:42:54,143 ChatBI->     INFO     层级抽取文档： 撤诉。 ==> no  
2025-05-29 04:42:54,143 ChatBI->     INFO     层级抽取文档： 市民来电反映:上述地址商铺跨门经营将烧烤和修理电瓶车的东西放在人行道上导致路过的行人无法正常通行，该情况存在2天，市民路过的时候和跨门经营的上午起了争执，市民扬言都出来拿刀砍了，要出人命了，要泼硫酸了，别让其做出过激行为，话务员已安抚，市民表示目前正在上述地址，诉求：要求管理部门核实整治跨门经营现象。工号4230于17:30拨打22022580，工号322表示知晓。 ==> yes  
2025-05-29 04:42:54,143 ChatBI->     INFO     阈值索引为：120, 窗口大小为: 100 
2025-05-29 04:42:54,143 ChatBI->     INFO     确定的文档: 21; 在次确认的文档: 199
2025-05-29 04:42:55,667 ChatBI->     INFO     任务类型: SQL
2025-05-29 04:42:56,946 ChatBI->     INFO     stad sql: SELECT `处理描述` FROM shanghai WHERE `内容描述` LIKE '%扬言自杀%' AND YEAR(`工单生成时间`) = 2024 LIMIT 5000;
2025-05-29 04:42:56,946 ChatBI->     INFO     开始语义分析 ... 
2025-05-29 04:42:56,949 ChatBI->     INFO     非结构化信息为: {"`内容描述` LIKE '%扬言自杀%'": '扬言自杀'}
2025-05-29 04:42:57,204 ChatBI->     INFO     扬言自杀 的命名实体判别： no
2025-05-29 04:42:57,205 ChatBI->     INFO     开始对非结构化文档【粗略】检索
2025-05-29 04:42:57,691 ChatBI->     INFO     检索到的文档总数量为：5000
2025-05-29 04:42:58,184 ChatBI->     INFO     开始对非结构化文档【深度】检索
2025-05-29 04:42:58,385 ChatBI->     INFO     step_scores: ['no', 'no', 'yes', 'no', 'no', 'yes', 'no', 'no', 'no', 'yes']
2025-05-29 04:42:58,385 ChatBI->     INFO     层级抽取文档： 市民来电反映:嘉定公安局菊园派出所来电，7月9日派出所接到2通扬言称捅死相关领导的，派出所听不到录音，扬言人电话：15161991086。诉求：希望获取扬言的录音信息。预留的是警察信息，电话也是派出所的直线联系电话。 ==> no  
2025-05-29 04:42:58,385 ChatBI->     INFO     层级抽取文档： 市民来电反映:市民有戒指，被女儿侵占，到上述地址和上海市公安局报案盗窃，但是立案不处理，其家里人还有侵占其财产以及10年前浦东国际机场别人欠15000元，法院判决有问题，表示不肯走法律途径，要求上海市公安部门处理，要求精神赔偿，扬言：自己学化学的，要炸掉哪里，之后各种反党的话，表示人在海南岛，不肯说具体地址，我处已经安抚，市民认可，因涉及扬言，请公安为稳。（11:29工号3662拨打0898110，工号：102受理。） ==> no  
2025-05-29 04:42:58,385 ChatBI->     INFO     层级抽取文档： 市民来电反映:市民为65岁老人，在上述地址租房30年，该房屋的房东长期在日本，因房东对房子的售卖问题与买方起纠纷没有妥善处理，房屋买方就经常骚扰市民，欲将市民赶出此房屋。市民反映到派出所，但长宁区新华派出所不作为，之后更和买方串通一气以各种理由驱赶市民。市民有抑郁症，目前情绪激动，且扬言要死，用汽油烧自己。2024年5月9日17点04分已拨打2022580报警，警员1406已知晓。诉求：投诉长宁区新华派出所不作为，滥用职权，态度差。 ==> yes  
2025-05-29 04:42:58,385 ChatBI->     INFO     层级抽取文档： 骂人 ==> no  
2025-05-29 04:42:58,385 ChatBI->     INFO     层级抽取文档： 市民来电咨询:市民疑似故意小声说话说什么北新泾，不正常表达，后续声称自己不敢说，要害他。 ==> no  
2025-05-29 04:42:58,385 ChatBI->     INFO     层级抽取文档： 市民来电反映:其在杨浦区长阳路555号，市民称其有产后忧郁，现在一个人带孩子，孩子一直哭闹，要求平凉派出所马上到现场来，要不然马上跳楼了，已经安抚，望管理部门做好维稳工作。19:14工号1680外拨22022580，工号861表示直接推送 ==> yes  
2025-05-29 04:42:58,385 ChatBI->     INFO     层级抽取文档： 市民留言留言辱骂。 ==> no  
2025-05-29 04:42:58,385 ChatBI->     INFO     层级抽取文档： 市民来电反映:其一直听到周边有人精神恐吓让其回去，否则要挨刀。 ==> no  
2025-05-29 04:42:58,385 ChatBI->     INFO     层级抽取文档： 撤诉。 ==> no  
2025-05-29 04:42:58,385 ChatBI->     INFO     层级抽取文档： 市民来电反映:上述地址商铺跨门经营将烧烤和修理电瓶车的东西放在人行道上导致路过的行人无法正常通行，该情况存在2天，市民路过的时候和跨门经营的上午起了争执，市民扬言都出来拿刀砍了，要出人命了，要泼硫酸了，别让其做出过激行为，话务员已安抚，市民表示目前正在上述地址，诉求：要求管理部门核实整治跨门经营现象。工号4230于17:30拨打22022580，工号322表示知晓。 ==> yes  
2025-05-29 04:42:58,385 ChatBI->     INFO     阈值索引为：120, 窗口大小为: 100 
2025-05-29 04:42:58,385 ChatBI->     INFO     确定的文档: 21; 在次确认的文档: 199
2025-05-29 04:42:59,684 ChatBI->     INFO     案例库查询
2025-05-29 04:42:59,717 ChatBI->     INFO     案例库查询结果: ["{'query': '今年市民来投诉被诈骗的工单有多少', '目标列': ['工单类型'], '条件列': {'工单类型': '投诉举报类', '工单生成时间': '今年', '内容描述': '被诈骗'}}", "{'query': '今年反映上班猝死的事件有多少起', '目标列': ['内容描述'], '条件列': {'内容描述': '上班猝死', '工单生成时间': '今年'}}", "{'query': '今年哪些地方存在上班猝死的事件', '目标列': ['内容描述'], '条件列': {'内容描述': '上班猝死', '工单生成时间': '今年'}}"]
2025-05-29 04:43:00,667 ChatBI->     INFO     schema linking: {'target_columns': ['诉求区域'], 'condition_columns': {'内容描述': '扬言自杀', '工单生成时间': '2024年'}}
2025-05-29 04:43:00,673 ChatBI->     INFO     从199个需再次确认的文档中筛选出的相关文档数量：87
2025-05-29 04:43:00,673 ChatBI->     INFO     示例文档：['市民来电反映:其父亲2023年在上述地址国家会展中心对面的工地上做工农民工，目前拖欠80个人共计300多万工资未支付，市民表示3月21日17:00有20人上门索要工资扬言如不支付则从豪盛广场大楼顶楼跳楼。市民目前在上述地址。诉求：要求管理协调帮助讨薪。 2024年3月21日17:16:34工号3830联系22022580工号377受理。', '市民来电反复催单。【最近派发的工单编号：20240204018406，工单内容：市民来电反映:其没有房子住搭的小棚子里，市民表示此次村里发过节费，村书记给其5百元，但市民看到别人拿的过节费比其多，市民心里不舒服故来电反映其很多困难都需要得到帮助解决，否则扬言拉着妈妈一起去跳河。诉求：希望管理部门尽快核实给予其帮助。（2月4日16:26拨打22022580，对方工号330受理。）】', '市民来电补充信息。市民再次扬言，称现在要去死了，让热线再找公安来抓其。其表示该事项本身不需要催单。（18:08 2562拨打 22022580，876知晓）【最近派发的工单编号：20240828036157，工单内容：重新交办，要求：答复要点不明确，表示未告知违章建筑是否可以出租出去，如果不能出租为什么当地监管部门不监管处理。诉求：请管理部门核实尽快清退租户，告知违章建筑是否可以出租出去，处理当地监管部门不监管的问题，另外告知该建筑什么时候拆除。  ...', '市民来电反映:之前向12345反馈医疗纠纷的问题，医调委调解后表示医院拒绝赔偿，沟通过程中市民表示医院拖延那么久，最后还是不赔偿，现在其无法活下去了，大家都不好过。后续做出什么危害咱们上海的事，那我就不管了。询问市民现在在哪里，市民拒绝告知，原本地址：昆山市千灯镇熙岸名郡414栋201室。话务员询问是不是该地址，市民表示马上离开这个地址了。前工单答复清晰明确相同事项不再重复受理。诉求：希望给予维稳。（10:35分 工号4020拨打22022580，工号521受理。10：38工号4020拨打0512110报备，工号：0293受理）', '市民来电反复催单。催单原因：市民称管理部门至今未给予任何回复，请管理部门尽快处理。【最近派发的工单编号：20240711015298，工单内容：市民来电反映:市民是本市户籍，上述地址，无业，55岁，表示现在生活困难，没钱吃饭，也找不到工作，通话中市民表示要枪毙自己（要自杀），话务员已安抚，市民目前在上述地址，诉求：要求政府部门尽快给市民找一份工作。（话务员4234于12:52分拨打22022580，工号377知晓。）】']
2025-05-29 04:43:00,732 ChatBI->     INFO     没有找到<  >对应的视图
2025-05-29 04:43:00,733 ChatBI->     INFO     sql 语句：SELECT `诉求区域`, COUNT(*) AS `工单数量` FROM shanghai WHERE  `内容描述` IN (:val0, :val1, :val2, :val3, :val4, :val5, :val6, :val7, :val8, :val9, :val10, :val11, :val12, :val13, :val14, :val15, :val16, :val17, :val18, :val19, :val20, :val21, :val22, :val23, :val24, :val25, :val26, :val27, :val28, :val29, :val30, :val31, :val32, :val33, :val34, :val35, :val36, :val37, :val38, :val39, :val40, :val41, :val42, :val43, :val44, :val45, :val46, :val47, :val48, :val49, :val50, :val51, :val52, :val53, :val54, :val55, :val56, :val57, :val58, :val59, :val60, :val61, :val62, :val63, :val64, :val65, :val66, :val67, :val68, :val69, :val70, :val71, :val72, :val73, :val74, :val75, :val76, :val77, :val78, :val79, :val80, :val81, :val82, :val83, :val84, :val85, :val86, :val87, :val88, :val89, :val90, :val91, :val92, :val93, :val94, :val95, :val96, :val97, :val98, :val99, :val100, :val101, :val102, :val103, :val104, :val105, :val106, :val107) AND YEAR(`工单生成时间`) = 2024 GROUP BY `诉求区域` ORDER BY `工单数量` DESC LIMIT 5000;
2025-05-29 04:43:01,354 ChatBI->     INFO     websocket发送的数据为：{"sql_gen": "SELECT `诉求区域`, COUNT(*) AS `工单数量` FROM shanghai WHERE `内容描述` LIKE '%扬言自杀%' AND YEAR(`工单生成时间`) = 2024 GROUP BY `诉求区域` ORDER BY `工单数量` DESC LIMIT 5000;"}
2025-05-29 04:43:01,370 ChatBI->     INFO     sql 语句：SELECT * FROM shanghai WHERE  `内容描述` IN (:val0, :val1, :val2, :val3, :val4, :val5, :val6, :val7, :val8, :val9, :val10, :val11, :val12, :val13, :val14, :val15, :val16, :val17, :val18, :val19, :val20, :val21, :val22, :val23, :val24, :val25, :val26, :val27, :val28, :val29, :val30, :val31, :val32, :val33, :val34, :val35, :val36, :val37, :val38, :val39, :val40, :val41, :val42, :val43, :val44, :val45, :val46, :val47, :val48, :val49, :val50, :val51, :val52, :val53, :val54, :val55, :val56, :val57, :val58, :val59, :val60, :val61, :val62, :val63, :val64, :val65, :val66, :val67, :val68, :val69, :val70, :val71, :val72, :val73, :val74, :val75, :val76, :val77, :val78, :val79, :val80, :val81, :val82, :val83, :val84, :val85, :val86, :val87, :val88, :val89, :val90, :val91, :val92, :val93, :val94, :val95, :val96, :val97, :val98, :val99, :val100, :val101, :val102, :val103, :val104, :val105, :val106, :val107) AND YEAR(`工单生成时间`) = 2024
2025-05-29 04:43:02,823 ChatBI->     INFO     websocket发送的数据为：{"result_insight": "2024年扬言自杀事件中，本市的工单数量最多，共有31单，其次是浦东新区，有10单。"}
2025-05-29 04:43:04,873 ChatBI->     INFO     websocket发送的数据为：{"result_recommand": {"new_query_1": "2024年扬言自杀的事件中，浦东新区的工单详细内容是什么？", "new_query_2": "2024年扬言自杀的事件中，哪些区域的工单处理描述中提到了匿名工单？", "new_query_3": "2024年扬言自杀的事件中，哪些区域的工单属于求助类？"}}
2025-05-29 04:43:06,356 ChatBI->     INFO     从199个需再次确认的文档中筛选出的相关文档数量：87
2025-05-29 04:43:06,356 ChatBI->     INFO     示例文档：['市民来电反映:其父亲2023年在上述地址国家会展中心对面的工地上做工农民工，目前拖欠80个人共计300多万工资未支付，市民表示3月21日17:00有20人上门索要工资扬言如不支付则从豪盛广场大楼顶楼跳楼。市民目前在上述地址。诉求：要求管理协调帮助讨薪。 2024年3月21日17:16:34工号3830联系22022580工号377受理。', '市民来电反复催单。【最近派发的工单编号：20240204018406，工单内容：市民来电反映:其没有房子住搭的小棚子里，市民表示此次村里发过节费，村书记给其5百元，但市民看到别人拿的过节费比其多，市民心里不舒服故来电反映其很多困难都需要得到帮助解决，否则扬言拉着妈妈一起去跳河。诉求：希望管理部门尽快核实给予其帮助。（2月4日16:26拨打22022580，对方工号330受理。）】', '市民来电补充信息。市民再次扬言，称现在要去死了，让热线再找公安来抓其。其表示该事项本身不需要催单。（18:08 2562拨打 22022580，876知晓）【最近派发的工单编号：20240828036157，工单内容：重新交办，要求：答复要点不明确，表示未告知违章建筑是否可以出租出去，如果不能出租为什么当地监管部门不监管处理。诉求：请管理部门核实尽快清退租户，告知违章建筑是否可以出租出去，处理当地监管部门不监管的问题，另外告知该建筑什么时候拆除。  ...', '市民来电反映:之前向12345反馈医疗纠纷的问题，医调委调解后表示医院拒绝赔偿，沟通过程中市民表示医院拖延那么久，最后还是不赔偿，现在其无法活下去了，大家都不好过。后续做出什么危害咱们上海的事，那我就不管了。询问市民现在在哪里，市民拒绝告知，原本地址：昆山市千灯镇熙岸名郡414栋201室。话务员询问是不是该地址，市民表示马上离开这个地址了。前工单答复清晰明确相同事项不再重复受理。诉求：希望给予维稳。（10:35分 工号4020拨打22022580，工号521受理。10：38工号4020拨打0512110报备，工号：0293受理）', '市民来电反复催单。催单原因：市民称管理部门至今未给予任何回复，请管理部门尽快处理。【最近派发的工单编号：20240711015298，工单内容：市民来电反映:市民是本市户籍，上述地址，无业，55岁，表示现在生活困难，没钱吃饭，也找不到工作，通话中市民表示要枪毙自己（要自杀），话务员已安抚，市民目前在上述地址，诉求：要求政府部门尽快给市民找一份工作。（话务员4234于12:52分拨打22022580，工号377知晓。）】']
2025-05-29 04:43:06,358 ChatBI->     INFO     没有找到<  >对应的视图
2025-05-29 04:43:06,358 ChatBI->     INFO     sql 语句：SELECT `处理描述` FROM shanghai WHERE  `内容描述` IN (:val0, :val1, :val2, :val3, :val4, :val5, :val6, :val7, :val8, :val9, :val10, :val11, :val12, :val13, :val14, :val15, :val16, :val17, :val18, :val19, :val20, :val21, :val22, :val23, :val24, :val25, :val26, :val27, :val28, :val29, :val30, :val31, :val32, :val33, :val34, :val35, :val36, :val37, :val38, :val39, :val40, :val41, :val42, :val43, :val44, :val45, :val46, :val47, :val48, :val49, :val50, :val51, :val52, :val53, :val54, :val55, :val56, :val57, :val58, :val59, :val60, :val61, :val62, :val63, :val64, :val65, :val66, :val67, :val68, :val69, :val70, :val71, :val72, :val73, :val74, :val75, :val76, :val77, :val78, :val79, :val80, :val81, :val82, :val83, :val84, :val85, :val86, :val87, :val88, :val89, :val90, :val91, :val92, :val93, :val94, :val95, :val96, :val97, :val98, :val99, :val100, :val101, :val102, :val103, :val104, :val105, :val106, :val107) AND YEAR(`工单生成时间`) = 2024 LIMIT 5000;
2025-05-29 04:43:06,967 ChatBI->     INFO     websocket发送的数据为：{"sql_gen": "SELECT `处理描述` FROM shanghai WHERE `内容描述` LIKE '%扬言自杀%' AND YEAR(`工单生成时间`) = 2024 LIMIT 5000;"}
2025-05-29 04:43:06,983 ChatBI->     INFO     sql 语句：SELECT * FROM shanghai WHERE  `内容描述` IN (:val0, :val1, :val2, :val3, :val4, :val5, :val6, :val7, :val8, :val9, :val10, :val11, :val12, :val13, :val14, :val15, :val16, :val17, :val18, :val19, :val20, :val21, :val22, :val23, :val24, :val25, :val26, :val27, :val28, :val29, :val30, :val31, :val32, :val33, :val34, :val35, :val36, :val37, :val38, :val39, :val40, :val41, :val42, :val43, :val44, :val45, :val46, :val47, :val48, :val49, :val50, :val51, :val52, :val53, :val54, :val55, :val56, :val57, :val58, :val59, :val60, :val61, :val62, :val63, :val64, :val65, :val66, :val67, :val68, :val69, :val70, :val71, :val72, :val73, :val74, :val75, :val76, :val77, :val78, :val79, :val80, :val81, :val82, :val83, :val84, :val85, :val86, :val87, :val88, :val89, :val90, :val91, :val92, :val93, :val94, :val95, :val96, :val97, :val98, :val99, :val100, :val101, :val102, :val103, :val104, :val105, :val106, :val107) AND YEAR(`工单生成时间`) = 2024 LIMIT 5000;
2025-05-29 04:43:10,076 ChatBI->     INFO     websocket发送的数据为：{"result_insight": "2024年扬言自杀事件的工单处理描述包括拨打110报警、公安部门介入处理、安抚情绪、归档等步骤。多个案例显示，警方和相关部门迅速响应，采取措施确保安全，并对事件进行归档处理。"}
2025-05-29 04:43:13,275 ChatBI->     INFO     websocket发送的数据为：{"result_recommand": {"new_query_1": "2024年扬言自杀的事件中，哪些工单是由公安部门处理的？", "new_query_2": "2024年扬言自杀的事件中，处理描述中提到的民警姓名有哪些？", "new_query_3": "2024年扬言自杀的事件中，哪些工单的处理结果是归档？"}}
2025-05-29 04:43:13,758 ChatBI->     INFO     任务类型: SQL
2025-05-29 04:43:15,203 ChatBI->     INFO     stad sql: SELECT `诉求区域`, COUNT(*) AS `工单数量` FROM shanghai WHERE `内容描述` LIKE '%扬言自杀%' AND YEAR(`工单生成时间`) = 2024 GROUP BY `诉求区域` ORDER BY `工单数量` DESC LIMIT 5000;
2025-05-29 04:43:15,204 ChatBI->     INFO     开始语义分析 ... 
2025-05-29 04:43:15,205 ChatBI->     INFO     非结构化信息为: {"`内容描述` LIKE '%扬言自杀%'": '扬言自杀'}
2025-05-29 04:43:15,454 ChatBI->     INFO     扬言自杀 的命名实体判别： no
2025-05-29 04:43:15,455 ChatBI->     INFO     开始对非结构化文档【粗略】检索
2025-05-29 04:43:15,964 ChatBI->     INFO     检索到的文档总数量为：5000
2025-05-29 04:43:16,264 ChatBI->     INFO     开始对非结构化文档【深度】检索
2025-05-29 04:43:16,489 ChatBI->     INFO     step_scores: ['no', 'no', 'yes', 'no', 'no', 'yes', 'no', 'no', 'no', 'yes']
2025-05-29 04:43:16,489 ChatBI->     INFO     层级抽取文档： 市民来电反映:嘉定公安局菊园派出所来电，7月9日派出所接到2通扬言称捅死相关领导的，派出所听不到录音，扬言人电话：15161991086。诉求：希望获取扬言的录音信息。预留的是警察信息，电话也是派出所的直线联系电话。 ==> no  
2025-05-29 04:43:16,489 ChatBI->     INFO     层级抽取文档： 市民来电反映:市民有戒指，被女儿侵占，到上述地址和上海市公安局报案盗窃，但是立案不处理，其家里人还有侵占其财产以及10年前浦东国际机场别人欠15000元，法院判决有问题，表示不肯走法律途径，要求上海市公安部门处理，要求精神赔偿，扬言：自己学化学的，要炸掉哪里，之后各种反党的话，表示人在海南岛，不肯说具体地址，我处已经安抚，市民认可，因涉及扬言，请公安为稳。（11:29工号3662拨打0898110，工号：102受理。） ==> no  
2025-05-29 04:43:16,489 ChatBI->     INFO     层级抽取文档： 市民来电反映:市民为65岁老人，在上述地址租房30年，该房屋的房东长期在日本，因房东对房子的售卖问题与买方起纠纷没有妥善处理，房屋买方就经常骚扰市民，欲将市民赶出此房屋。市民反映到派出所，但长宁区新华派出所不作为，之后更和买方串通一气以各种理由驱赶市民。市民有抑郁症，目前情绪激动，且扬言要死，用汽油烧自己。2024年5月9日17点04分已拨打2022580报警，警员1406已知晓。诉求：投诉长宁区新华派出所不作为，滥用职权，态度差。 ==> yes  
2025-05-29 04:43:16,489 ChatBI->     INFO     层级抽取文档： 骂人 ==> no  
2025-05-29 04:43:16,489 ChatBI->     INFO     层级抽取文档： 市民来电咨询:市民疑似故意小声说话说什么北新泾，不正常表达，后续声称自己不敢说，要害他。 ==> no  
2025-05-29 04:43:16,489 ChatBI->     INFO     层级抽取文档： 市民来电反映:其在杨浦区长阳路555号，市民称其有产后忧郁，现在一个人带孩子，孩子一直哭闹，要求平凉派出所马上到现场来，要不然马上跳楼了，已经安抚，望管理部门做好维稳工作。19:14工号1680外拨22022580，工号861表示直接推送 ==> yes  
2025-05-29 04:43:16,489 ChatBI->     INFO     层级抽取文档： 市民留言留言辱骂。 ==> no  
2025-05-29 04:43:16,489 ChatBI->     INFO     层级抽取文档： 市民来电反映:其一直听到周边有人精神恐吓让其回去，否则要挨刀。 ==> no  
2025-05-29 04:43:16,489 ChatBI->     INFO     层级抽取文档： 撤诉。 ==> no  
2025-05-29 04:43:16,489 ChatBI->     INFO     层级抽取文档： 市民来电反映:上述地址商铺跨门经营将烧烤和修理电瓶车的东西放在人行道上导致路过的行人无法正常通行，该情况存在2天，市民路过的时候和跨门经营的上午起了争执，市民扬言都出来拿刀砍了，要出人命了，要泼硫酸了，别让其做出过激行为，话务员已安抚，市民表示目前正在上述地址，诉求：要求管理部门核实整治跨门经营现象。工号4230于17:30拨打22022580，工号322表示知晓。 ==> yes  
2025-05-29 04:43:16,489 ChatBI->     INFO     阈值索引为：120, 窗口大小为: 100 
2025-05-29 04:43:16,490 ChatBI->     INFO     确定的文档: 21; 在次确认的文档: 199
2025-05-29 04:43:19,205 ChatBI->     INFO     从199个需再次确认的文档中筛选出的相关文档数量：87
2025-05-29 04:43:19,206 ChatBI->     INFO     示例文档：['市民来电反映:其父亲2023年在上述地址国家会展中心对面的工地上做工农民工，目前拖欠80个人共计300多万工资未支付，市民表示3月21日17:00有20人上门索要工资扬言如不支付则从豪盛广场大楼顶楼跳楼。市民目前在上述地址。诉求：要求管理协调帮助讨薪。 2024年3月21日17:16:34工号3830联系22022580工号377受理。', '市民来电反复催单。【最近派发的工单编号：20240204018406，工单内容：市民来电反映:其没有房子住搭的小棚子里，市民表示此次村里发过节费，村书记给其5百元，但市民看到别人拿的过节费比其多，市民心里不舒服故来电反映其很多困难都需要得到帮助解决，否则扬言拉着妈妈一起去跳河。诉求：希望管理部门尽快核实给予其帮助。（2月4日16:26拨打22022580，对方工号330受理。）】', '市民来电补充信息。市民再次扬言，称现在要去死了，让热线再找公安来抓其。其表示该事项本身不需要催单。（18:08 2562拨打 22022580，876知晓）【最近派发的工单编号：20240828036157，工单内容：重新交办，要求：答复要点不明确，表示未告知违章建筑是否可以出租出去，如果不能出租为什么当地监管部门不监管处理。诉求：请管理部门核实尽快清退租户，告知违章建筑是否可以出租出去，处理当地监管部门不监管的问题，另外告知该建筑什么时候拆除。  ...', '市民来电反映:之前向12345反馈医疗纠纷的问题，医调委调解后表示医院拒绝赔偿，沟通过程中市民表示医院拖延那么久，最后还是不赔偿，现在其无法活下去了，大家都不好过。后续做出什么危害咱们上海的事，那我就不管了。询问市民现在在哪里，市民拒绝告知，原本地址：昆山市千灯镇熙岸名郡414栋201室。话务员询问是不是该地址，市民表示马上离开这个地址了。前工单答复清晰明确相同事项不再重复受理。诉求：希望给予维稳。（10:35分 工号4020拨打22022580，工号521受理。10：38工号4020拨打0512110报备，工号：0293受理）', '市民来电反复催单。催单原因：市民称管理部门至今未给予任何回复，请管理部门尽快处理。【最近派发的工单编号：20240711015298，工单内容：市民来电反映:市民是本市户籍，上述地址，无业，55岁，表示现在生活困难，没钱吃饭，也找不到工作，通话中市民表示要枪毙自己（要自杀），话务员已安抚，市民目前在上述地址，诉求：要求政府部门尽快给市民找一份工作。（话务员4234于12:52分拨打22022580，工号377知晓。）】']
2025-05-29 04:43:19,208 ChatBI->     INFO     没有找到<  >对应的视图
2025-05-29 04:43:19,208 ChatBI->     INFO     sql 语句：SELECT `诉求区域`, COUNT(*) AS `工单数量` FROM shanghai WHERE  `内容描述` IN (:val0, :val1, :val2, :val3, :val4, :val5, :val6, :val7, :val8, :val9, :val10, :val11, :val12, :val13, :val14, :val15, :val16, :val17, :val18, :val19, :val20, :val21, :val22, :val23, :val24, :val25, :val26, :val27, :val28, :val29, :val30, :val31, :val32, :val33, :val34, :val35, :val36, :val37, :val38, :val39, :val40, :val41, :val42, :val43, :val44, :val45, :val46, :val47, :val48, :val49, :val50, :val51, :val52, :val53, :val54, :val55, :val56, :val57, :val58, :val59, :val60, :val61, :val62, :val63, :val64, :val65, :val66, :val67, :val68, :val69, :val70, :val71, :val72, :val73, :val74, :val75, :val76, :val77, :val78, :val79, :val80, :val81, :val82, :val83, :val84, :val85, :val86, :val87, :val88, :val89, :val90, :val91, :val92, :val93, :val94, :val95, :val96, :val97, :val98, :val99, :val100, :val101, :val102, :val103, :val104, :val105, :val106, :val107) AND YEAR(`工单生成时间`) = 2024 GROUP BY `诉求区域` ORDER BY `工单数量` DESC LIMIT 5000;
2025-05-29 04:43:19,801 ChatBI->     INFO     websocket发送的数据为：{"sql_gen": "SELECT `诉求区域`, COUNT(*) AS `工单数量` FROM shanghai WHERE `内容描述` LIKE '%扬言自杀%' AND YEAR(`工单生成时间`) = 2024 GROUP BY `诉求区域` ORDER BY `工单数量` DESC LIMIT 5000;"}
2025-05-29 04:43:19,817 ChatBI->     INFO     sql 语句：SELECT * FROM shanghai WHERE  `内容描述` IN (:val0, :val1, :val2, :val3, :val4, :val5, :val6, :val7, :val8, :val9, :val10, :val11, :val12, :val13, :val14, :val15, :val16, :val17, :val18, :val19, :val20, :val21, :val22, :val23, :val24, :val25, :val26, :val27, :val28, :val29, :val30, :val31, :val32, :val33, :val34, :val35, :val36, :val37, :val38, :val39, :val40, :val41, :val42, :val43, :val44, :val45, :val46, :val47, :val48, :val49, :val50, :val51, :val52, :val53, :val54, :val55, :val56, :val57, :val58, :val59, :val60, :val61, :val62, :val63, :val64, :val65, :val66, :val67, :val68, :val69, :val70, :val71, :val72, :val73, :val74, :val75, :val76, :val77, :val78, :val79, :val80, :val81, :val82, :val83, :val84, :val85, :val86, :val87, :val88, :val89, :val90, :val91, :val92, :val93, :val94, :val95, :val96, :val97, :val98, :val99, :val100, :val101, :val102, :val103, :val104, :val105, :val106, :val107) AND YEAR(`工单生成时间`) = 2024
2025-05-29 04:43:21,228 ChatBI->     INFO     websocket发送的数据为：{"result_insight": "2024年扬言自杀事件中，本市的工单数量最多，共有31单，其次是浦东新区，有10单。"}
2025-05-29 04:43:23,603 ChatBI->     INFO     websocket发送的数据为：{"result_recommand": {"new_query_1": "2024年扬言自杀的事件中，浦东新区的工单详细内容是什么？", "new_query_2": "2024年扬言自杀的事件中，哪些区域的工单处理描述中提到了'反复催单'？", "new_query_3": "2024年扬言自杀的事件中，哪些区域的工单是由'市文化旅游局'主办的？"}}
2025-05-29 04:57:16,328 ChatBI->     ERROR    Unexpected error occured:(<CloseCode.ABNORMAL_CLOSURE: 1006>, '')
Traceback (most recent call last):
  File "/data/yfzx/liucd/chatbi_deploy2/chatbi_DB2/apps/app_main_ws.py", line 64, in websocket_endpoint
    message = await websocket.receive_text()
              ^^^^^^^^^^^^^^^^^^^^^^^^^^^^^^
  File "/root/anaconda3/envs/chatbi/lib/python3.12/site-packages/starlette/websockets.py", line 119, in receive_text
    self._raise_on_disconnect(message)
  File "/root/anaconda3/envs/chatbi/lib/python3.12/site-packages/starlette/websockets.py", line 113, in _raise_on_disconnect
    raise WebSocketDisconnect(message["code"], message.get("reason"))
starlette.websockets.WebSocketDisconnect: (<CloseCode.ABNORMAL_CLOSURE: 1006>, '')
2025-05-29 04:57:27,741 ChatBI->     ERROR    Unexpected error occured:(<CloseCode.ABNORMAL_CLOSURE: 1006>, '')
Traceback (most recent call last):
  File "/data/yfzx/liucd/chatbi_deploy2/chatbi_DB2/apps/app_main_ws.py", line 64, in websocket_endpoint
    message = await websocket.receive_text()
              ^^^^^^^^^^^^^^^^^^^^^^^^^^^^^^
  File "/root/anaconda3/envs/chatbi/lib/python3.12/site-packages/starlette/websockets.py", line 119, in receive_text
    self._raise_on_disconnect(message)
  File "/root/anaconda3/envs/chatbi/lib/python3.12/site-packages/starlette/websockets.py", line 113, in _raise_on_disconnect
    raise WebSocketDisconnect(message["code"], message.get("reason"))
starlette.websockets.WebSocketDisconnect: (<CloseCode.ABNORMAL_CLOSURE: 1006>, '')
2025-05-29 04:57:27,746 ChatBI->     ERROR    Unexpected error occured:(<CloseCode.ABNORMAL_CLOSURE: 1006>, '')
Traceback (most recent call last):
  File "/data/yfzx/liucd/chatbi_deploy2/chatbi_DB2/apps/app_main_ws.py", line 64, in websocket_endpoint
    message = await websocket.receive_text()
              ^^^^^^^^^^^^^^^^^^^^^^^^^^^^^^
  File "/root/anaconda3/envs/chatbi/lib/python3.12/site-packages/starlette/websockets.py", line 119, in receive_text
    self._raise_on_disconnect(message)
  File "/root/anaconda3/envs/chatbi/lib/python3.12/site-packages/starlette/websockets.py", line 113, in _raise_on_disconnect
    raise WebSocketDisconnect(message["code"], message.get("reason"))
starlette.websockets.WebSocketDisconnect: (<CloseCode.ABNORMAL_CLOSURE: 1006>, '')
2025-05-29 04:57:27,764 ChatBI->     ERROR    Unexpected error occured:(<CloseCode.ABNORMAL_CLOSURE: 1006>, '')
Traceback (most recent call last):
  File "/data/yfzx/liucd/chatbi_deploy2/chatbi_DB2/apps/app_main_ws.py", line 64, in websocket_endpoint
    message = await websocket.receive_text()
              ^^^^^^^^^^^^^^^^^^^^^^^^^^^^^^
  File "/root/anaconda3/envs/chatbi/lib/python3.12/site-packages/starlette/websockets.py", line 119, in receive_text
    self._raise_on_disconnect(message)
  File "/root/anaconda3/envs/chatbi/lib/python3.12/site-packages/starlette/websockets.py", line 113, in _raise_on_disconnect
    raise WebSocketDisconnect(message["code"], message.get("reason"))
starlette.websockets.WebSocketDisconnect: (<CloseCode.ABNORMAL_CLOSURE: 1006>, '')
2025-05-29 04:57:28,904 ChatBI->     ERROR    Unexpected error occured:(<CloseCode.ABNORMAL_CLOSURE: 1006>, '')
Traceback (most recent call last):
  File "/data/yfzx/liucd/chatbi_deploy2/chatbi_DB2/apps/app_main_ws.py", line 64, in websocket_endpoint
    message = await websocket.receive_text()
              ^^^^^^^^^^^^^^^^^^^^^^^^^^^^^^
  File "/root/anaconda3/envs/chatbi/lib/python3.12/site-packages/starlette/websockets.py", line 119, in receive_text
    self._raise_on_disconnect(message)
  File "/root/anaconda3/envs/chatbi/lib/python3.12/site-packages/starlette/websockets.py", line 113, in _raise_on_disconnect
    raise WebSocketDisconnect(message["code"], message.get("reason"))
starlette.websockets.WebSocketDisconnect: (<CloseCode.ABNORMAL_CLOSURE: 1006>, '')
2025-06-02 03:51:48,334 ChatBI->     INFO     案例库查询
2025-06-02 03:51:48,385 ChatBI->     INFO     案例库查询结果: ["{'query': '近期收到的物业举报的事件有多少起', '目标列': ['内容描述'], '条件列': {'工单生成时间': '近期', '工单类型': '投诉举报类', '三级分类': '物业'}}", "{'query': '最近半年与台风相关的诉求工单有多少条', '目标列': ['内容描述'], '条件列': {'内容描述': '台风相关诉求', '工单生成时间': '最近半年'}}", "{'query': '最近十个月小区垃圾投诉的数量是多少', '目标列': ['内容描述'], '条件列': {'内容描述': '小区垃圾', '工单类型': '投诉举报类', '工单生成时间': '最近十个月'}}"]
2025-06-02 03:51:49,319 ChatBI->     INFO     schema linking: {'target_columns': ['工单编号'], 'condition_columns': {}}
2025-06-02 03:51:50,712 ChatBI->     INFO     任务类型: SQL
2025-06-02 03:51:51,451 ChatBI->     INFO     stad sql: SELECT COUNT(`工单编号`) AS `数据总数` FROM `shanghai` LIMIT 5000;
2025-06-02 03:51:51,451 ChatBI->     INFO     开始语义分析 ... 
2025-06-02 03:51:51,453 ChatBI->     INFO     非结构化信息为: {}
2025-06-02 03:51:51,453 ChatBI->     INFO     没有找到<  >对应的视图
2025-06-02 03:51:51,456 ChatBI->     INFO     websocket发送的数据为：{"sql_gen": "SELECT COUNT(`工单编号`) AS `数据总数` FROM `shanghai` LIMIT 5000;"}
2025-06-02 03:51:51,456 ChatBI->     INFO     websocket发送的数据为：{"response": [{}]}
2025-06-02 03:51:53,341 ChatBI->     INFO     websocket发送的数据为：{"result_insight": "很抱歉，根据检索到的信息，无法确定用户查询的数据条数。请提供更多的上下文或详细信息以便进一步帮助您。"}
2025-06-02 03:51:55,008 ChatBI->     INFO     websocket发送的数据为：{"result_recommand": {"new_query_1": "请问这些数据中，工单类别为'紧急'的有多少条？", "new_query_2": "这些数据中，诉求区域在'闵行区'的工单数量是多少？", "new_query_3": "请问这些数据中，客户类型为'企业'的工单数量是多少？"}}
2025-06-02 04:02:20,975 ChatBI->     ERROR    Unexpected error occured:(1012, None)
Traceback (most recent call last):
  File "/data/yfzx/liucd/chatbi_deploy2/chatbi_DB2/apps/app_main_ws.py", line 64, in websocket_endpoint
    message = await websocket.receive_text()
              ^^^^^^^^^^^^^^^^^^^^^^^^^^^^^^
  File "/root/anaconda3/envs/chatbi/lib/python3.12/site-packages/starlette/websockets.py", line 119, in receive_text
    self._raise_on_disconnect(message)
  File "/root/anaconda3/envs/chatbi/lib/python3.12/site-packages/starlette/websockets.py", line 113, in _raise_on_disconnect
    raise WebSocketDisconnect(message["code"], message.get("reason"))
starlette.websockets.WebSocketDisconnect: (1012, None)
