2025-05-15 08:40:24,822 ChatBI->     INFO     schema linking: {'target_columns': ['工匠介绍'], 'condition_columns': {'工匠介绍': '毕业院校'}}
2025-05-15 08:40:25,112 ChatBI->     INFO     
2025-05-15 08:40:25,123 ChatBI->     INFO     你
2025-05-15 08:40:25,135 ChatBI->     INFO     希望
2025-05-15 08:40:25,146 ChatBI->     INFO     了解
2025-05-15 08:40:25,158 ChatBI->     INFO     工匠
2025-05-15 08:40:25,170 ChatBI->     INFO     们的
2025-05-15 08:40:25,186 ChatBI->     INFO     毕业
2025-05-15 08:40:25,203 ChatBI->     INFO     院校
2025-05-15 08:40:25,220 ChatBI->     INFO     有哪些
2025-05-15 08:40:25,237 ChatBI->     INFO     。
2025-05-15 08:40:25,254 ChatBI->     INFO     但是
2025-05-15 08:40:25,271 ChatBI->     INFO     ，
2025-05-15 08:40:25,288 ChatBI->     INFO     根据
2025-05-15 08:40:25,305 ChatBI->     INFO     提供的
2025-05-15 08:40:25,322 ChatBI->     INFO     schema
2025-05-15 08:40:25,339 ChatBI->     INFO     信息
2025-05-15 08:40:25,356 ChatBI->     INFO     ，
2025-05-15 08:40:25,373 ChatBI->     INFO     数据库
2025-05-15 08:40:25,390 ChatBI->     INFO     中
2025-05-15 08:40:25,407 ChatBI->     INFO     并没有
2025-05-15 08:40:25,424 ChatBI->     INFO     包含
2025-05-15 08:40:25,441 ChatBI->     INFO     任何
2025-05-15 08:40:25,459 ChatBI->     INFO     关于
2025-05-15 08:40:25,475 ChatBI->     INFO     工匠
2025-05-15 08:40:25,492 ChatBI->     INFO     毕业
2025-05-15 08:40:25,509 ChatBI->     INFO     院校
2025-05-15 08:40:25,527 ChatBI->     INFO     的信息
2025-05-15 08:40:25,543 ChatBI->     INFO     。
2025-05-15 08:40:25,560 ChatBI->     INFO     因此
2025-05-15 08:40:25,577 ChatBI->     INFO     ，
2025-05-15 08:40:25,594 ChatBI->     INFO     无法
2025-05-15 08:40:25,611 ChatBI->     INFO     直接
2025-05-15 08:40:25,628 ChatBI->     INFO     从
2025-05-15 08:40:25,645 ChatBI->     INFO     现有
2025-05-15 08:40:25,662 ChatBI->     INFO     数据
2025-05-15 08:40:25,680 ChatBI->     INFO     中
2025-05-15 08:40:25,696 ChatBI->     INFO     获取
2025-05-15 08:40:25,713 ChatBI->     INFO     所需
2025-05-15 08:40:25,730 ChatBI->     INFO     信息
2025-05-15 08:40:25,748 ChatBI->     INFO     。


2025-05-15 08:40:25,764 ChatBI->     INFO     如果
2025-05-15 08:40:25,781 ChatBI->     INFO     需要
2025-05-15 08:40:25,798 ChatBI->     INFO     获取
2025-05-15 08:40:25,816 ChatBI->     INFO     工匠
2025-05-15 08:40:25,833 ChatBI->     INFO     们的
2025-05-15 08:40:25,851 ChatBI->     INFO     毕业
2025-05-15 08:40:25,871 ChatBI->     INFO     院校
2025-05-15 08:40:25,886 ChatBI->     INFO     ，
2025-05-15 08:40:25,904 ChatBI->     INFO     可能
2025-05-15 08:40:25,921 ChatBI->     INFO     需要
2025-05-15 08:40:25,938 ChatBI->     INFO     扩展
2025-05-15 08:40:25,955 ChatBI->     INFO     数据库
2025-05-15 08:40:25,972 ChatBI->     INFO     表
2025-05-15 08:40:25,989 ChatBI->     INFO     结构
2025-05-15 08:40:26,006 ChatBI->     INFO     ，
2025-05-15 08:40:26,023 ChatBI->     INFO     添加
2025-05-15 08:40:26,040 ChatBI->     INFO     一个
2025-05-15 08:40:26,057 ChatBI->     INFO     字段
2025-05-15 08:40:26,074 ChatBI->     INFO     来
2025-05-15 08:40:26,091 ChatBI->     INFO     记录
2025-05-15 08:40:26,108 ChatBI->     INFO     工匠
2025-05-15 08:40:26,125 ChatBI->     INFO     的
2025-05-15 08:40:26,142 ChatBI->     INFO     毕业
2025-05-15 08:40:26,159 ChatBI->     INFO     院校
2025-05-15 08:40:26,176 ChatBI->     INFO     信息
2025-05-15 08:40:26,193 ChatBI->     INFO     ，
2025-05-15 08:40:26,210 ChatBI->     INFO     或者
2025-05-15 08:40:26,227 ChatBI->     INFO     从
2025-05-15 08:40:26,244 ChatBI->     INFO     其他
2025-05-15 08:40:26,262 ChatBI->     INFO     数据
2025-05-15 08:40:26,278 ChatBI->     INFO     源
2025-05-15 08:40:26,295 ChatBI->     INFO     获取
2025-05-15 08:40:26,312 ChatBI->     INFO     这些
2025-05-15 08:40:26,329 ChatBI->     INFO     信息
2025-05-15 08:40:26,347 ChatBI->     INFO     。


2025-05-15 08:40:26,363 ChatBI->     INFO     DONE
2025-05-15 08:40:26,382 ChatBI->     INFO     
2025-05-15 08:40:26,833 ChatBI->     INFO     任务类型: 内容抽取
2025-05-15 08:40:27,402 ChatBI->     INFO     过滤表达式： ; 查询问题： 毕业院校
2025-05-15 08:40:27,405 ChatBI->     INFO     开始对非结构化文档【粗略】检索
2025-05-15 08:40:27,625 ChatBI->     INFO     检索到的文档总数量为：500
2025-05-15 08:40:27,658 ChatBI->     INFO     开始对非结构化文档【深度】检索
2025-05-15 08:40:28,341 ChatBI->     INFO     step_scores: ['yes', 'no', 'yes', 'yes', 'no', 'yes', 'yes', 'no', 'yes', 'no', 'no', 'no', 'no', 'no', 'no', 'no', 'no', 'no', 'no', 'no']
2025-05-15 08:40:28,341 ChatBI->     INFO     层级抽取文档： 毕道伟，清华大学毕业后投身核电事业，致力于智慧核电领域创新研究，主持国家科技重大专项课题2项，掌握多项关键技术。他主持制定我国首个核电IEC国际标准及世界首个核电人工智能应用国际标准，在国际标准化领域取得历史性突破，创造"中国速度"。在"绽放杯"大赛中获全国三等奖，荣获"上海核电"品牌贡献奖，获2021上海城市数字化转型"智慧工匠"称号。参与制定2项能源行业标准，主持完成2项国家标准，获发明专利授权7项。他推动智慧核电国际化发展，受邀参加ITU、IAEA等重要会议并作报告，为提升我国国际影响力作出突出贡献。 ==> yes  
2025-05-15 08:40:28,342 ChatBI->     INFO     层级抽取文档： 金德华，作为企业设备电气系统的资深维护和技术专家，长期致力于设备改造与专用设备研制工作。他曾获得市维修电工技能大赛第一名和全国"振兴杯"大赛第五名，并培养多名青年技能人才。他主持研制的大型螺旋成排弯管机填补国内空白，泵水监控系统获国家专利。此外，他还发表近二十篇技术论文，并担任多所高职院校特聘教师，为行业技术发展作出重要贡献。 ==> no  
2025-05-15 08:40:28,342 ChatBI->     INFO     层级抽取文档： 王俊席博士，毕业于上海交通大学，主要研究低碳燃料发动机关键技术。他发表了50余篇论文，申请专利20余项，主持20余项核心技术研发，累计经费四千万元。作为主要负责人，他还参与国家"863"计划项目。他成功开发了柴油发动机电控系统及多种汽车通信协议系统，应用于300万台套柴油机。自主研发的国六天然气汽车发动机电控系统达国际先进水平，成本仅为进口系统一半，实现30万台套销售。他开发了24个系列天然气发动机产品，获整车配套公告100个以上。他还完成了甲醇、氢气及双燃料发动机控制系统研发，应用于多个系列发动机。王俊席博士曾获嘉定工匠、上海市五一劳动奖章等荣誉称号，为我国动力产业高质量发展做出重要贡献。 ==> yes  
2025-05-15 08:40:28,342 ChatBI->     INFO     层级抽取文档： 吕名礼，中国农业大学毕业，华维节水科技集团股份有限公司创始人、董事长，被誉为中国智慧灌溉领域的领军者。他主持参与了多个国家级科研项目，带领团队研发多项国际先进水平的技术产品，获授权专利37件，打破了国外技术垄断。在其领导下，公司荣获多项国家级及省级荣誉，成为农业产业化上海市重点龙头企业。吕名礼入选国家“万人计划”领军人才，享受国务院特殊津贴，兼任多所院校导师及社会职务，积极推动行业技术发展与创新。 ==> yes  
2025-05-15 08:40:28,342 ChatBI->     INFO     层级抽取文档： 李嵩，现任上海商务数码图像技术有限公司高级工程师，长期致力于艺术品复制及石窟寺数字化保护工作。在校期间对摄影有着浓厚兴趣的李嵩，毕业后进入上海商务数码图像技术有限公司，师从传统印刷工艺名师，潜心钻研数码印刷复制工艺。凭借对专业的执着追求和精湛的技术实力，其制作的复制品往往令客户难以分辨真伪。2011年，李嵩成功完成新疆龟兹石窟克孜尔第17窟壁画的高清数字化工作。面对这一极具挑战性的项目，他充分发挥专业优势，创新性地将印刷专业知识与实际应用相结合，自主研发并搭建仿真实验场地，反复测试各类扫描设备及技术方案。最终，在两个月内高质量完成了图像采集、拼接和校色等全部工序。为使数字成果最大化发挥作... ==> no  
2025-05-15 08:40:28,342 ChatBI->     INFO     层级抽取文档： 常静，茶艺师、评茶员、制茶师一级，高级考评员及裁判员，毕业于南京艺术学院。她是上海市一山一味茶业有限公司、静心轩茶行、静园茶文化传播有限公司创始人，并发起成立了上海市长宁区茶叶学会并担任理事长。常静每年举办20余期茶业专业培训，培养了大量评茶员、茶艺师和制茶师等技术人才。她在茶艺技能培训、茶业赛事组织等领域具有突出特长，并荣获第一届全国职业技能竞赛茶艺项目银奖，培养了16人次在全国性茶业竞赛中获奖。常静还参与制定普洱茶专业审评标准，并实施"茗香沪上"饮茶健康科普项目。她先后获得全国技术能手、上海市技术能手、上海市五一劳动奖章及上海市长宁区首席技师等多项荣誉。 ==> yes  
2025-05-15 08:40:28,342 ChatBI->     INFO     层级抽取文档： 高金明，毕业于河北唐山陶瓷技校，后进入唐山第一瓷厂工作，历任多项职务，长期致力于陶瓷工艺技术改造和管理。他曾主持新建年产300万件高级骨质瓷生产线，并参与新产品研发，设计开发数百个新产品。在G20产品赶制期间，他坚守一线，解决技术难题，全身心投入工作。他的努力为玛戈隆特骨瓷和国家争光，获得高度评价。 ==> yes  
2025-05-15 08:40:28,342 ChatBI->     INFO     层级抽取文档： 阮毅，现为上海市商贸旅游学校"双师型"教师，从事艺术设计教育工作20余年，荣获全国技术能手、上海市先进工作者等多项荣誉称号。她在动画制作领域造诣深厚，作品多次在全国评比中获奖，业内专家亓鑫辉评价其作品"用真功夫做动画"。教学方面，她自主开发课件荣获全国一等奖，主编多部市级精品课程教材，在各类教学竞赛中屡获特等奖。创办"米格学生创意工作室"以来，培养500余名数字媒体艺术设计人才，指导学生在全国技能大赛中连续五届摘得金牌。她多次荣获全国职业院校技能大赛金牌教师、上海市技能星光计划金牌指导教师等称号，是上海市唯一获此殊荣的教师。阮毅现为上海市名师培育工作室主持人，疫情期间积极开发中小学生职业... ==> no  
2025-05-15 08:40:28,342 ChatBI->     INFO     层级抽取文档： 李跃雄，副主任药师、执业药师，现任上海上药神象健康药业有限公司副总经理、全国参茸产品标准化技术委员会委员。1989年毕业于上海中医药大学中药系，师从孔庆蕃先生，1994年获首批继承人出师证书。他参与编写《参茸的鉴别和应用》，主持起草多项国家标准并发表多篇学术论文。主持完成国家部委级项目，获上海中医药科技二等奖，助力"神象品牌"获上海市著名商标和中国驰名商标称号。他培养参茸鉴定技艺传承人，为中医药事业传承发展作出贡献。 ==> yes  
2025-05-15 08:40:28,342 ChatBI->     INFO     层级抽取文档： 官林星，长期致力于盾构隧道设计研究领域。师从朱合华院士，赴早稻田大学深造，获博士学位。学成归国后，加入上海市政总院，投身工程设计一线，将结构设计理论与具体隧道设计相结合。&#10;&#10;在盾构隧道技术攻关方面，官林星解决了深覆土、大断面、高内压条件下圆形盾构隧道的结构受力分析、设计及防水等关键技术难题，参与了周家嘴路越江隧道和苏州河深层调蓄系统工程等重大项目的设计工作。&#10;&#10;在异形隧道设计领域，他带领团队研发了大断面矩形盾构法隧道成套建造技术，填补了国内该领域的空白。创新性地优化了矩形顶管工艺，拓宽了矩形顶管隧道的应用范围。&#10;&#10;其研究成果在多个城市地下隧... ==> no  
2025-05-15 08:40:28,342 ChatBI->     INFO     层级抽取文档： 王长亮同志,作为公安部刑技青年人才和上海刑侦文检专业人才,长期从事公安刑事技术工作,累计检验鉴定各类案件4000余件,参与侦破重大特大案件近千起,其专业鉴定意见为案件侦破和诉讼提供了重要技术支撑。 he担任中国刑事科学技术协会文检专业委员会委员、文检鉴定公安部重点实验室学术委员会委员（兼任客座研究员），并入选上海市文检司法鉴定专家委员会专家，在疑难笔迹检验、高仿真印章印文鉴别、变造（污损）文件分析及朱墨时序鉴别等领域具有深厚的专业造诣。 王长亮同志创新提出了《朱墨时序鉴别典型特征图谱》和同源性检验理论，并在高仿真印章印文检验鉴定方法上取得重要突破。... ==> no  
2025-05-15 08:40:28,342 ChatBI->     INFO     层级抽取文档： 高鸣，上海第二工业大学工程训练中心工会主席、机加工教研室主任，共产党员。扎根教学三十余载，技艺精湛，获数控车工、数控技术应用技师、数控机床操作调整工高级技师证书及考评员资格。2020年获评“浦东工匠”。他积极推进课程思政建设，培养学生成为具有责任意识和追求卓越精神的新时代工匠，指导学生多次在工程训练综合能力竞赛中获奖。他还参与编写上海市职业培训教材，年均培训250余名学生，鉴定合格率高出全市平均水平20%。科研领域，他获得发明专利及多项实用新型专利和软件著作权，为社会和教育事业作出突出贡献。 ==> no  
2025-05-15 08:40:28,342 ChatBI->     INFO     层级抽取文档： 侯怀书，长期致力于无损检测技术研究与应用，首创分散聚焦超声检测技术和弱刚性超声直接耦合探伤技术，并开发专用超声探头，实现多项技术突破，打破了国外垄断。他带领团队在多项技术领域取得创新成果，包括冶金复合管缺陷检测、焊缝免打磨探伤和薄壁焊管快速探伤，显著提升国内相关行业技术水平和产品质量。作为技术带头人，他主持多个国家级和省部级科研项目，获授权发明专利12项，主持制定国家标准6项，获国家科技进步二等奖、中国专利优秀奖等多项荣誉。在人才培养方面，他培养研究生28名，开展专业技术培训，为行业输送大量人才，获全国首届复合材料优秀人才奖。 ==> no  
2025-05-15 08:40:28,342 ChatBI->     INFO     层级抽取文档： 杨志刚，从事建筑声学设计工作26年，主持400多个项目，参与国家大剧院舞美基地、杭州大剧院等重要工程设计。他主持完成《剧院和音乐厅音质参量的现场检测分析和评价研究》，主编《音乐厅建筑声学设计标准》，并发表50篇专业文章。杨志刚还参与编制多项行业规范，担任多家学会委员，是我国建筑声学领域领军人才。 ==> no  
2025-05-15 08:40:28,343 ChatBI->     INFO     层级抽取文档： 于圣青，著名兽医学家，日本国立山口大学预防兽医学博士，美国国立卫生研究院博士后。现任中国农业科学院上海兽医研究所研究员、博导、首席科学家，长期主持科技部"863"课题、国家重点研发计划等重大科研任务，取得显著成果。发表论文200余篇，其中SCI论文105篇，获授权国家发明专利15项，省部级奖励5项。培养博士后3名、博士6名、硕士45名，指导优秀硕士论文1篇。成功研制鸭传染性浆膜炎三价灭活疫苗和鸡滑液囊支原体ELISA抗体检测试剂盒，成果转化金额达700万元。 ==> no  
2025-05-15 08:40:28,343 ChatBI->     INFO     层级抽取文档： 黄阮明，深耕电网规划领域21年，长期奋战在电网规划仿真一线，专注于电网规划建设、电力系统仿真建模和新能源发电并网等关键技术。他曾参与"十二五"至"十四五"上海（华东）电网发展规划编制，并主持多项重大工程设计，包括淮南-浙北-练塘交流特高压示范工程和复奉特高压直流工程。作为国家电网公司仿真中心首批建设者，他自主研发智能化规划仿真计算软件，获得多项软件著作权和发明专利，为公司节约资金2000余万元。他主持国家自然科学基金项目20余项，带领团队在优化电网结构和供电可靠性方面取得突破，累计节约投资近百亿元。他创建"黄阮明职工创新成长工作室"，培养优秀电网规划技术队伍，带领团队荣获上海市科技进步二... ==> no  
2025-05-15 08:40:28,343 ChatBI->     INFO     层级抽取文档： 徐宁，作为装配式建筑领域的专家，致力于推动装配式混凝土建筑的设计施工一体化技术创新。他主持或参与了多项国家级科研课题，开发了装配式建筑智能建造成套新技术，提出了"非等同现浇"设计理论和"少规格、多组合"拆分技术，解决了装配式建筑发展的关键问题，达到国际先进水平。他在全国推广BIM正向设计技术，提升了装配式建筑的施工效率和质量。徐宁获上海市青年拔尖人才、宝山工匠等多项荣誉，发表论文24篇，授权专利22项，主持制定ISO国际标准1项，科研成果累计创造超过2000万经济效益。 ==> no  
2025-05-15 08:40:28,343 ChatBI->     INFO     层级抽取文档： 梁晨，从事公安刑事技术工作十七年，2020年获正高级警务技术任职资格，2016年受聘为中国医药工业研究总院药物分析专业硕士研究生导师，擅长毒物毒品检验鉴定。&#10;&#10;她承办10000余起检验鉴定案件，在新型毒品检验鉴定领域具有深厚造诣，成功破获复旦投毒案。主持发布中国公共安全行业标准4项，主持科研项目《毒品及新精神活性物质标准品研制及应用》获公安部科学技术奖一等奖，6项技术获国家发明专利。在国际核心期刊发表论文30余篇，2018年起带领团队承担重要食品安全保卫工作，荣立个人二等功。 ==> no  
2025-05-15 08:40:28,343 ChatBI->     INFO     层级抽取文档： 盛林峰，长期从事超高层和超大型复杂钢结构工程焊接及工艺研究，参与世博轴阳光谷、广州塔、上海中心大厦等重大工程。他首创国内建筑钢结构焊接领域机器人技术运用，填补国内空白并取得显著效益。&#10;&#10;盛林峰获发明专利10项、省部级以上科技奖项3项。师承钢结构大师吴欣之，培养20多名焊接人才，多人获"上海市三八红旗手"等荣誉。他研发多项国际领先创新成果，推动建筑施工行业智能化、数字化发展。 ==> no  
2025-05-15 08:40:28,343 ChatBI->     INFO     层级抽取文档： 翁建和，中式烹饪领域享有盛誉的专家，三十余载从业生涯中荣获国务院“政府特殊津贴”、“上海市劳动模范”、“全国五一劳动奖章”、“中国烹饪大师”等多项殊荣。他精通上海菜，旁通苏、锡、甬、川、粤等菜系，尤擅冷菜制作，出版了《上海名厨新菜》等专业书籍，并多次担任重要烹饪比赛评委和裁判员。作为国家级考评员和高级讲师，他致力于中华美食文化的传承与推广，培养了大批青年厨师。翁建和以“做烹饪追求意境，让美食展示艺术”为座右铭，长期投身烹饪教育与职业技能提升工作。 ==> no  
2025-05-15 08:40:28,343 ChatBI->     INFO     阈值索引为：45, 窗口大小为: 20 
2025-05-15 08:40:28,343 ChatBI->     INFO     确定的文档: 26; 在次确认的文档: 39
2025-05-15 08:40:29,683 ChatBI->     INFO     从39个需再次确认的文档中筛选出的相关文档数量：14
2025-05-15 08:40:29,683 ChatBI->     INFO     示例文档：['陈徐奇，上海海派珐琅金银器第四代传承人，硕士研究生，毕业于莫斯科国立工艺美术科学院。在莫斯科学习和工作期间，师从米哈洛夫，参与金属古董修复和研究。回国后，加入上海老凤祥，师从余士渭大师，致力于珐琅艺术的创新与传承，融合海派文化与当代审美，提升制作技艺。其作品多次参展并被莫斯科国立工艺美术科学院收藏。现任上海老凤祥珐琅艺术有限公司技术骨干，参与创建上海市非遗项目"上海海派金银珐琅器技艺"等级考核制度，获国家人社部和中国轻工联合会审核通过。', '徐振华，毕业于上海交通大学机械工程及自动化专业，具有丰富的机器人研发与创新经验。他曾任FANUC机器人公司及GM泛亚汽车研发中心高级研发工程师，后两次成功创业，研发了多款具有国际领先水平的康复机器人与外骨骼机器人，获得多项发明专利及国际大奖。2018年，他创立上海傲鲨智能科技有限公司，专注于外骨骼机器人研发与产业化应用，产品已服务于煤矿、机场、电力等行业，有效提升劳动效率并预防工伤。公司正在研发民用外骨骼产品，助力居家老人复健与生活辅助。徐振华致力于推动智能机器人技术的广泛应用，使其更好服务于社会与大众。', '彭辉，高级工程师，毕业于武汉科技大学。长期致力于无机非金属材料及施工工艺研发，现任冬奥会国家雪车雪橇中心赛道项目负责人。研发不定型耐材配方，获企业工法4项；创新热态在线修补技术，创造2000万元效益。带领团队研发国内首套智能湿法喷涂装置及工艺，获部级工法1项、科技成果3项。在冬奥赛道建设中，攻克曲面喷射成型等关键技术，打破国外垄断，获6项专利，团队获"全国工人先锋号"。制定喷射混凝土施工标准，项目通过国际认证，节约专利费2000万元，填补国内空白。', '潘阿锁，南京工程学院机械设计制造及其自动化专业毕业，现任上海爱登堡电梯集团研发部部长。凭借优异表现，他从普通技术员成长为集团产品开发技术带头人，获得工程师任职资格，主持参与多项电梯研发项目，涵盖无机房电梯、高速电梯等领域。他累计获得授权专利15项，其中发明专利3项，参与制定团体标准1项，培育带教新人15名。潘阿锁主导开发的电梯控制系统实现了全生命周期数据管理，提升设备安全性和使用寿命。他带领团队成功研发10m/s超高速电梯，打破国外垄断，为高层建筑设计提供解决方案。其创新成果每年创造千万元经济效益，推动电梯行业技术进步。', '朱熙华先生，出生于上海，毕业于上海戏剧学院舞美系舞台设计专业，现为上海造币有限公司工艺美术师，兼任中国币章专业委员会委员等职。他被誉为中国钱币设计领域的“标王”，已完成超过100个面的纪念币设计雕刻工作。作品涵盖中国抗日战争胜利70周年、熊猫币发行35周年等重大题材。2010年，其设计作品获两项国家外观设计专利。国际上，他连续四年获“克劳斯世界硬币大赛”最佳金银币奖提名，并多次获得中国印钞造币总公司设计大奖。朱熙华先生曾荣获“中国印钞造币行业劳动模范”、上海“轻工工匠”等荣誉称号，被誉为中国钱币设计领域的领军人物和行业楷模。']
2025-05-15 08:40:30,247 ChatBI->     INFO     抽取的关键词列表为：['毕业院校']
2025-05-15 08:40:30,247 ChatBI->     INFO     关键词json输出格式 --> {"毕业院校": "<抽取毕业院校信息>"}
2025-05-15 08:40:31,939 ChatBI->     INFO     websocket发送的数据为：{"response": [{"毕业院校": "上海交通大学", "数量": 4}, {"毕业院校": "清华大学", "数量": 2}, {"毕业院校": "上海出版印刷高等专科学校", "数量": 2}, {"毕业院校": "河北唐山陶瓷技校", "数量": 1}, {"毕业院校": "东南大学", "数量": 1}, {"毕业院校": "内蒙古轻工业职业学院", "数量": 1}, {"毕业院校": "四川大学", "数量": 1}, {"毕业院校": "上海戏剧学院舞美系舞台设计专业", "数量": 1}, {"毕业院校": "山东工艺美术学院壁画系", "数量": 1}, {"毕业院校": "中国刑警学院", "数量": 1}, {"毕业院校": "上海旅专", "数量": 1}, {"毕业院校": "浙江农业大学园艺系", "数量": 1}, {"毕业院校": "上海中医药大学中药系", "数量": 1}, {"毕业院校": "南京工程学院", "数量": 1}, {"毕业院校": "武汉科技大学", "数量": 1}, {"毕业院校": "上海应用技术大学", "数量": 1}, {"毕业院校": "中国农业大学", "数量": 1}, {"毕业院校": "北京理工大学", "数量": 1}, {"毕业院校": "中国药科大学", "数量": 1}, {"毕业院校": "南京航空航天大学", "数量": 1}, {"毕业院校": "同济大学测绘工程专业", "数量": 1}, {"毕业院校": "模具专业", "数量": 1}, {"毕业院校": "武汉测绘科技大学, 上海海事大学", "数量": 1}, {"毕业院校": "中国地质大学（北京）物探系", "数量": 1}, {"毕业院校": "南京艺术学院", "数量": 1}, {"毕业院校": "莫斯科国立工艺美术科学院", "数量": 1}, {"毕业院校": "上海复旦大学", "数量": 1}, {"毕业院校": "博士研究生毕业", "数量": 1}, {"毕业院校": "同济大学", "数量": 1}, {"毕业院校": "河海大学结构工程专业", "数量": 1}, {"毕业院校": "上海大学材料系", "数量": 1}, {"毕业院校": "博士毕业", "数量": 1}, {"毕业院校": "加拿大麦吉尔大学", "数量": 1}]}
2025-05-15 08:40:31,939 ChatBI->     INFO     websocket发送的数据为：{"data_detail": [{}]}
2025-05-15 08:40:32,664 ChatBI->     INFO     websocket发送的数据为：{"result_insight": "工匠们的毕业院校多样，包括上海交通大学、清华大学等知名学府，以及一些专业性较强的学校如上海出版印刷高等专科学校、河北唐山陶瓷技校等。"}
2025-05-15 08:40:33,963 ChatBI->     INFO     websocket发送的数据为：{"result_recommand": {"new_query_1": "哪些工匠毕业于上海交通大学？", "new_query_2": "有多少工匠的毕业院校是清华大学？", "new_query_3": "除了河北唐山陶瓷技校，还有哪些技校或职业学院培养了大国工匠？"}}
2025-05-15 08:41:35,493 ChatBI->     INFO     schema linking: {'target_columns': ['工作单位'], 'condition_columns': {'年龄': '大于50岁'}}
2025-05-15 08:41:35,775 ChatBI->     INFO     
2025-05-15 08:41:35,787 ChatBI->     INFO     你
2025-05-15 08:41:35,799 ChatBI->     INFO     希望
2025-05-15 08:41:35,811 ChatBI->     INFO     了解
2025-05-15 08:41:35,825 ChatBI->     INFO     年龄
2025-05-15 08:41:35,841 ChatBI->     INFO     大于
2025-05-15 08:41:35,859 ChatBI->     INFO     5
2025-05-15 08:41:35,876 ChatBI->     INFO     0
2025-05-15 08:41:35,892 ChatBI->     INFO     岁的
2025-05-15 08:41:35,910 ChatBI->     INFO     上海
2025-05-15 08:41:35,926 ChatBI->     INFO     工匠
2025-05-15 08:41:35,944 ChatBI->     INFO     的
2025-05-15 08:41:35,961 ChatBI->     INFO     毕业
2025-05-15 08:41:35,978 ChatBI->     INFO     院校
2025-05-15 08:41:35,994 ChatBI->     INFO     有哪些
2025-05-15 08:41:36,012 ChatBI->     INFO     。
2025-05-15 08:41:36,029 ChatBI->     INFO     这是一个
2025-05-15 08:41:36,046 ChatBI->     INFO     查询
2025-05-15 08:41:36,063 ChatBI->     INFO     特定
2025-05-15 08:41:36,080 ChatBI->     INFO     条件
2025-05-15 08:41:36,097 ChatBI->     INFO     下的
2025-05-15 08:41:36,114 ChatBI->     INFO     详细
2025-05-15 08:41:36,131 ChatBI->     INFO     信息
2025-05-15 08:41:36,148 ChatBI->     INFO     的问题
2025-05-15 08:41:36,165 ChatBI->     INFO     。
2025-05-15 08:41:36,182 ChatBI->     INFO     需要
2025-05-15 08:41:36,199 ChatBI->     INFO     将
2025-05-15 08:41:36,216 ChatBI->     INFO     年龄
2025-05-15 08:41:36,233 ChatBI->     INFO     设
2025-05-15 08:41:36,250 ChatBI->     INFO     为
2025-05-15 08:41:36,267 ChatBI->     INFO     条件
2025-05-15 08:41:36,284 ChatBI->     INFO     字段
2025-05-15 08:41:36,301 ChatBI->     INFO     ，
2025-05-15 08:41:36,318 ChatBI->     INFO     限定
2025-05-15 08:41:36,335 ChatBI->     INFO     年龄
2025-05-15 08:41:36,352 ChatBI->     INFO     大于
2025-05-15 08:41:36,369 ChatBI->     INFO     5
2025-05-15 08:41:36,387 ChatBI->     INFO     0
2025-05-15 08:41:36,403 ChatBI->     INFO     岁
2025-05-15 08:41:36,420 ChatBI->     INFO     ；
2025-05-15 08:41:36,437 ChatBI->     INFO     将
2025-05-15 08:41:36,455 ChatBI->     INFO     区
2025-05-15 08:41:36,472 ChatBI->     INFO     局
2025-05-15 08:41:36,489 ChatBI->     INFO     、
2025-05-15 08:41:36,506 ChatBI->     INFO     姓名
2025-05-15 08:41:36,523 ChatBI->     INFO     、
2025-05-15 08:41:36,541 ChatBI->     INFO     工作
2025-05-15 08:41:36,557 ChatBI->     INFO     单位
2025-05-15 08:41:36,577 ChatBI->     INFO     、
2025-05-15 08:41:36,597 ChatBI->     INFO     工
2025-05-15 08:41:36,615 ChatBI->     INFO     种
2025-05-15 08:41:36,634 ChatBI->     INFO     或
2025-05-15 08:41:36,655 ChatBI->     INFO     工作
2025-05-15 08:41:36,674 ChatBI->     INFO     头
2025-05-15 08:41:36,695 ChatBI->     INFO     衔
2025-05-15 08:41:36,715 ChatBI->     INFO     、
2025-05-15 08:41:36,736 ChatBI->     INFO     领域
2025-05-15 08:41:36,756 ChatBI->     INFO     、
2025-05-15 08:41:36,776 ChatBI->     INFO     行业
2025-05-15 08:41:36,797 ChatBI->     INFO     、
2025-05-15 08:41:36,820 ChatBI->     INFO     工匠
2025-05-15 08:41:36,840 ChatBI->     INFO     介绍
2025-05-15 08:41:36,861 ChatBI->     INFO     设
2025-05-15 08:41:36,881 ChatBI->     INFO     为
2025-05-15 08:41:36,902 ChatBI->     INFO     维度
2025-05-15 08:41:36,922 ChatBI->     INFO     字段
2025-05-15 08:41:36,942 ChatBI->     INFO     ，
2025-05-15 08:41:36,964 ChatBI->     INFO     以
2025-05-15 08:41:36,984 ChatBI->     INFO     获取
2025-05-15 08:41:37,005 ChatBI->     INFO     更多
2025-05-15 08:41:37,027 ChatBI->     INFO     关于
2025-05-15 08:41:37,047 ChatBI->     INFO     工匠
2025-05-15 08:41:37,068 ChatBI->     INFO     的信息
2025-05-15 08:41:37,089 ChatBI->     INFO     。
2025-05-15 08:41:37,111 ChatBI->     INFO     但
2025-05-15 08:41:37,129 ChatBI->     INFO     根据
2025-05-15 08:41:37,146 ChatBI->     INFO     提供的
2025-05-15 08:41:37,163 ChatBI->     INFO     schema
2025-05-15 08:41:37,180 ChatBI->     INFO     信息
2025-05-15 08:41:37,197 ChatBI->     INFO     ，
2025-05-15 08:41:37,214 ChatBI->     INFO     没有
2025-05-15 08:41:37,231 ChatBI->     INFO     直接
2025-05-15 08:41:37,248 ChatBI->     INFO     与
2025-05-15 08:41:37,265 ChatBI->     INFO     毕业
2025-05-15 08:41:37,282 ChatBI->     INFO     院校
2025-05-15 08:41:37,299 ChatBI->     INFO     相关的
2025-05-15 08:41:37,316 ChatBI->     INFO     字段
2025-05-15 08:41:37,333 ChatBI->     INFO     。
2025-05-15 08:41:37,351 ChatBI->     INFO     因此
2025-05-15 08:41:37,368 ChatBI->     INFO     ，
2025-05-15 08:41:37,385 ChatBI->     INFO     可以
2025-05-15 08:41:37,402 ChatBI->     INFO     推测
2025-05-15 08:41:37,418 ChatBI->     INFO     问题
2025-05-15 08:41:37,435 ChatBI->     INFO     可能
2025-05-15 08:41:37,453 ChatBI->     INFO     需要
2025-05-15 08:41:37,470 ChatBI->     INFO     进一步
2025-05-15 08:41:37,487 ChatBI->     INFO     澄清
2025-05-15 08:41:37,505 ChatBI->     INFO     或
2025-05-15 08:41:37,521 ChatBI->     INFO     补充
2025-05-15 08:41:37,537 ChatBI->     INFO     相关
2025-05-15 08:41:37,555 ChatBI->     INFO     字段
2025-05-15 08:41:37,572 ChatBI->     INFO     信息
2025-05-15 08:41:37,589 ChatBI->     INFO     。


2025-05-15 08:41:37,606 ChatBI->     INFO     根据
2025-05-15 08:41:37,623 ChatBI->     INFO     现有
2025-05-15 08:41:37,640 ChatBI->     INFO     信息
2025-05-15 08:41:37,657 ChatBI->     INFO     ，
2025-05-15 08:41:37,674 ChatBI->     INFO     输出
2025-05-15 08:41:37,690 ChatBI->     INFO     解读
2025-05-15 08:41:37,708 ChatBI->     INFO     如下
2025-05-15 08:41:37,725 ChatBI->     INFO     ：


2025-05-15 08:41:37,742 ChatBI->     INFO     -
2025-05-15 08:41:37,758 ChatBI->     INFO      
2025-05-15 08:41:37,776 ChatBI->     INFO     问题
2025-05-15 08:41:37,793 ChatBI->     INFO     说明
2025-05-15 08:41:37,811 ChatBI->     INFO     ：
2025-05-15 08:41:37,828 ChatBI->     INFO     你
2025-05-15 08:41:37,845 ChatBI->     INFO     希望
2025-05-15 08:41:37,862 ChatBI->     INFO     了解
2025-05-15 08:41:37,879 ChatBI->     INFO     年龄
2025-05-15 08:41:37,896 ChatBI->     INFO     大于
2025-05-15 08:41:37,913 ChatBI->     INFO     5
2025-05-15 08:41:37,930 ChatBI->     INFO     0
2025-05-15 08:41:37,947 ChatBI->     INFO     岁的
2025-05-15 08:41:37,964 ChatBI->     INFO     上海
2025-05-15 08:41:37,981 ChatBI->     INFO     工匠
2025-05-15 08:41:37,998 ChatBI->     INFO     的
2025-05-15 08:41:38,015 ChatBI->     INFO     毕业
2025-05-15 08:41:38,032 ChatBI->     INFO     院校
2025-05-15 08:41:38,049 ChatBI->     INFO     有哪些
2025-05-15 08:41:38,066 ChatBI->     INFO     。

2025-05-15 08:41:38,083 ChatBI->     INFO     -
2025-05-15 08:41:38,100 ChatBI->     INFO      字
2025-05-15 08:41:38,117 ChatBI->     INFO     段
2025-05-15 08:41:38,134 ChatBI->     INFO     说明
2025-05-15 08:41:38,151 ChatBI->     INFO     ：

2025-05-15 08:41:38,168 ChatBI->     INFO      
2025-05-15 08:41:38,185 ChatBI->     INFO      -
2025-05-15 08:41:38,202 ChatBI->     INFO     
2025-05-15 08:41:38,219 ChatBI->     INFO      年
2025-05-15 08:41:38,236 ChatBI->     INFO     龄
2025-05-15 08:41:38,253 ChatBI->     INFO     ：
2025-05-15 08:41:38,270 ChatBI->     INFO     作为
2025-05-15 08:41:38,287 ChatBI->     INFO     条件
2025-05-15 08:41:38,304 ChatBI->     INFO     字段
2025-05-15 08:41:38,321 ChatBI->     INFO     ，
2025-05-15 08:41:38,338 ChatBI->     INFO     限定
2025-05-15 08:41:38,355 ChatBI->     INFO     年龄
2025-05-15 08:41:38,373 ChatBI->     INFO     大于
2025-05-15 08:41:38,389 ChatBI->     INFO     5
2025-05-15 08:41:38,407 ChatBI->     INFO     0
2025-05-15 08:41:38,423 ChatBI->     INFO     岁
2025-05-15 08:41:38,440 ChatBI->     INFO     。

2025-05-15 08:41:38,457 ChatBI->     INFO      
2025-05-15 08:41:38,475 ChatBI->     INFO      -
2025-05-15 08:41:38,491 ChatBI->     INFO     
2025-05-15 08:41:38,508 ChatBI->     INFO      区
2025-05-15 08:41:38,526 ChatBI->     INFO     局
2025-05-15 08:41:38,542 ChatBI->     INFO     、
2025-05-15 08:41:38,560 ChatBI->     INFO     姓名
2025-05-15 08:41:38,577 ChatBI->     INFO     、
2025-05-15 08:41:38,594 ChatBI->     INFO     工作
2025-05-15 08:41:38,610 ChatBI->     INFO     单位
2025-05-15 08:41:38,628 ChatBI->     INFO     、
2025-05-15 08:41:38,644 ChatBI->     INFO     工
2025-05-15 08:41:38,662 ChatBI->     INFO     种
2025-05-15 08:41:38,679 ChatBI->     INFO     或
2025-05-15 08:41:38,696 ChatBI->     INFO     工作
2025-05-15 08:41:38,712 ChatBI->     INFO     头
2025-05-15 08:41:38,730 ChatBI->     INFO     衔
2025-05-15 08:41:38,747 ChatBI->     INFO     、
2025-05-15 08:41:38,764 ChatBI->     INFO     领域
2025-05-15 08:41:38,781 ChatBI->     INFO     、
2025-05-15 08:41:38,798 ChatBI->     INFO     行业
2025-05-15 08:41:38,815 ChatBI->     INFO     、
2025-05-15 08:41:38,832 ChatBI->     INFO     工匠
2025-05-15 08:41:38,849 ChatBI->     INFO     介绍
2025-05-15 08:41:38,866 ChatBI->     INFO     ：
2025-05-15 08:41:38,883 ChatBI->     INFO     作为
2025-05-15 08:41:38,900 ChatBI->     INFO     维度
2025-05-15 08:41:38,917 ChatBI->     INFO     字段
2025-05-15 08:41:38,934 ChatBI->     INFO     ，
2025-05-15 08:41:38,951 ChatBI->     INFO     用于
2025-05-15 08:41:38,968 ChatBI->     INFO     描述
2025-05-15 08:41:38,985 ChatBI->     INFO     工匠
2025-05-15 08:41:39,002 ChatBI->     INFO     的
2025-05-15 08:41:39,019 ChatBI->     INFO     详细
2025-05-15 08:41:39,038 ChatBI->     INFO     信息
2025-05-15 08:41:39,055 ChatBI->     INFO     ，
2025-05-15 08:41:39,072 ChatBI->     INFO     但
2025-05-15 08:41:39,090 ChatBI->     INFO     这些
2025-05-15 08:41:39,106 ChatBI->     INFO     字段
2025-05-15 08:41:39,124 ChatBI->     INFO     中
2025-05-15 08:41:39,141 ChatBI->     INFO     没有
2025-05-15 08:41:39,157 ChatBI->     INFO     直接
2025-05-15 08:41:39,175 ChatBI->     INFO     包含
2025-05-15 08:41:39,192 ChatBI->     INFO     毕业
2025-05-15 08:41:39,208 ChatBI->     INFO     院校
2025-05-15 08:41:39,226 ChatBI->     INFO     的信息
2025-05-15 08:41:39,243 ChatBI->     INFO     。


2025-05-15 08:41:39,260 ChatBI->     INFO     DONE
2025-05-15 08:41:39,278 ChatBI->     INFO     
2025-05-15 08:41:39,299 ChatBI->     INFO     任务类型: SQL
2025-05-15 08:41:40,309 ChatBI->     INFO     stad sql: SELECT DISTINCT `工作单位` FROM gjw WHERE `年龄` > 50 LIMIT 10;
2025-05-15 08:41:40,319 ChatBI->     INFO     非结构化信息为: {}
2025-05-15 08:41:40,319 ChatBI->     INFO     没有找到<  >对应的视图
2025-05-15 08:41:40,466 ChatBI->     INFO     websocket发送的数据为：{"sql_gen": "SELECT DISTINCT `工作单位` FROM gjw WHERE `年龄` > 50 LIMIT 10;"}
2025-05-15 08:41:40,466 ChatBI->     INFO     websocket发送的数据为：{"response": [{"工作单位": "上海供春陶业有限公司"}, {"工作单位": "上海优爱宝机器人技术有限公司"}, {"工作单位": "玛戈隆特骨瓷(上海)有限公司"}, {"工作单位": "上海高桥捷派克石化工程建设有限公司"}, {"工作单位": "上海市徐汇区牙病防治所"}, {"工作单位": "上海徐房房屋维急修中心"}, {"工作单位": "上海幼狮汽车销售服务有限公司"}, {"工作单位": "上海英雄金笔厂"}, {"工作单位": "普陀区房屋维修应急中心"}, {"工作单位": "上海尤埃建筑设计有限公司"}]}
2025-05-15 08:41:40,536 ChatBI->     INFO     websocket发送的数据为：{"data_detail": [{"编号": 20250311001, "年份": 2016, "区局": "浦东新区", "姓名": "蒋国兴", "年龄": 60, "姓名拼音": "Jiang3-Guo2-Xing1", "性别": "男", "工作单位": "上海供春陶业有限公司", "工种或工作头衔": "陶艺师", "领域": "文化", "行业": "工艺美术", "工匠介绍": "蒋国兴，全国劳动模范、全国五一劳动奖章获得者，享受国务院政府特殊津贴专家。他荣获“民进全国社会服务工作先进个人”“上海市十大职工科技创新英才”“上海市首席技师”等称号，其工作室被命名为“上海市技能大师工作室”并获“全国工人先锋号”。在彩陶技艺领域，他突破多项传统工艺难题，开创具有海派特色的“沪上彩陶”技艺，并发明陶瓷壁挂，被联合国教科文组织国际陶艺学会命名为“蒋国兴”。其作品应用于上海东方艺术中心、上海世博园等重要建筑，获国家专利45项。他还将彩陶技艺用于古建筑修复，解决世界性难题。此外，他热衷技艺传承，培养多名徒弟，参与国际展览和学术研究，出版专著并撰写多篇论文，为陶瓷文化发展作出突出贡献。"}, {"编号": 20250311002, "年份": 2016, "区局": "浦东新区", "姓名": "朱海鸿", "年龄": 52, "姓名拼音": "Zhu1-Hai3-Hong2", "性别": "男", "工作单位": "上海优爱宝机器人技术有限公司", "工种或工作头衔": "机器人研发设计", "领域": "智能机器人", "行业": "高端装备", "工匠介绍": "朱海鸿，国内机器人领域杰出代表，拥有国际领先的机器人设计理念和技术。他曾在国内外知名机构从事机器人研发工作十余年，专注机器人控制理论与技术方法研究，参与完成多项大型项目，拥有国际国内发明专利9项，发表学术报告及文章11篇。2005年赴美创立Sentrinsic有限责任公司，后回国创办上海优爱宝智能机器人科技股份有限公司，带领团队开发出SCARA和Delta工业机器人、浮球矩阵等产品，赢得业界广泛关注。作为技术总监，朱海鸿博士以身作则，坚持学习，善于分享，致力于解决核心技术难题，将领先技术与管理经验带回祖国，在优爱宝平台上实现理想。"}, {"编号": 20250311003, "年份": 2016, "区局": "浦东新区", "姓名": "高金明", "年龄": 60, "姓名拼音": "Gao1-Jin1-Ming2", "性别": "男", "工作单位": "玛戈隆特骨瓷(上海)有限公司", "工种或工作头衔": "造型研发", "领域": "文化", "行业": "工艺美术", "工匠介绍": "高金明，毕业于河北唐山陶瓷技校，后进入唐山第一瓷厂工作，历任多项职务，长期致力于陶瓷工艺技术改造和管理。他曾主持新建年产300万件高级骨质瓷生产线，并参与新产品研发，设计开发数百个新产品。在G20产品赶制期间，他坚守一线，解决技术难题，全身心投入工作。他的努力为玛戈隆特骨瓷和国家争光，获得高度评价。"}, {"编号": 20250311004, "年份": 2016, "区局": "浦东新区", "姓名": "杨震", "年龄": 55, "姓名拼音": "Yang2-Zhen4", "性别": "男", "工作单位": "上海高桥捷派克石化工程建设有限公司", "工种或工作头衔": "维修钳工", "领域": "高端装备", "行业": "高端装备", "工匠介绍": "杨震，上海高桥捷派克石化工程建设有限公司维修钳工，是设备修理、技术创新和团队培养领域的杰出代表。他成功修复了多台复杂设备，自制多种专用工具，并通过技术改造为公司节省大量成本。杨震培养了多名优秀技能人才，带领团队荣获“工人先锋号”称号。他以“铁人”般的工作作风和强烈责任感，获得全国五一劳动奖章和全国技术能手等多项荣誉，是新时代工匠精神的典范。"}, {"编号": 20250311005, "年份": 2016, "区局": "徐汇区", "姓名": "徐培成", "年龄": 68, "姓名拼音": "Xu2-Pei2-Cheng2", "性别": "男", "工作单位": "上海市徐汇区牙病防治所", "工种或工作头衔": "医生", "领域": "卫生", "行业": "医药卫生", "工匠介绍": "徐培成，上海市徐汇区牙病防治所所长，主任医师，享受国务院特殊津贴专家。他是中华口腔医学会多个专业委员会常委或委员，主编多部医学专著，并发表科研论文20余篇。他荣获上海医学科技三等奖、上海市科技进步三等奖等多项奖项，主编的科普著作和科教片广受好评。作为医院管理者，他将全院纳入ISO管理，并筹建高水平口腔专科医院。他先后获得上海市十大工人发明家、上海市劳动模范、全国五一劳动奖章、全国劳动模范等荣誉称号，2008年任北京奥运火炬手。徐培成在医学专业、学科建设和医院管理方面均取得了卓越成就。"}, {"编号": 20250311006, "年份": 2016, "区局": "徐汇区", "姓名": "王海斌", "年龄": 53, "姓名拼音": "Wang2-Hai3-Bin1", "性别": "男", "工作单位": "上海徐房房屋维急修中心", "工种或工作头衔": "水电", "领域": "居民服务", "行业": "物业", "工匠介绍": "王海斌，现任上海徐房房屋维急修中心党支部书记、主任，并兼任徐汇区劳模协会会长。作为资深工匠，他从基层水电维修工做起，成长为行业领军人才，并入选上海首批房管行业领军人才培养计划。他带领团队承担徐汇区3040万平方米居住物业的应急维修任务，2010年被授予\"全国劳动模范\"称号。他依托\"王海斌劳模创新工作室\"，研究房屋水电设备疑难杂症，总结\"判、听、看、探、定\"五步工作法，荣获\"上海市职工先进操作法优秀成果奖\"。他还创新节水型屋顶水箱清洗操作方法，获上海市物业管理行业\"金点子\"创新成果入围奖，并推动\"互联网+\"技术应用，研发\"宅维修\"APP，提升维修效率75%。他培养了1名上海市劳动模范、2名..."}, {"编号": 20250311008, "年份": 2016, "区局": "长宁区", "姓名": "陶巍", "年龄": 70, "姓名拼音": "Tao2-Wei1", "性别": "男", "工作单位": "上海幼狮汽车销售服务有限公司", "工种或工作头衔": "汽车修理师", "领域": "汽修服务", "行业": "汽车", "工匠介绍": "陶巍，长期致力于汽车维修技术理论的研究与应用，积极推广国际化汽车维修理念，开拓现代汽车维修领域的技术创新，倡导汽车运用性文化工程，填补了多项维修技术空白，为改善中国进口汽车维修难题做出了突出贡献。他先后获得\"中外名人、世界优秀人才证书\"，享受国务院特殊津贴、上海市政府特殊津贴，并荣获上海市优秀技师、优秀高级考评员、国家级汽车维修技能大师、上海市汽车维修首席大师、上海市劳模、新长征突击手、技术能手等荣誉称号。2013年被授予全国消费维权楷模称号，2013—2014年度及2015年度均荣获\"最美消费维权人物\"称号。他还作为总统座车的紧急修理值班技师，成功排除了克林顿总统专车故障，修复过日本天..."}, {"编号": 20250311009, "年份": 2016, "区局": "普陀区", "姓名": "刘根敏", "年龄": 56, "姓名拼音": "Liu2-Gen1-Min3", "性别": "男", "工作单位": "上海英雄金笔厂", "工种或工作头衔": "技工", "领域": "金笔制作", "行业": "工艺美术", "工匠介绍": "刘根敏,作为模具工艺领域的技术骨干,凭借勤学苦练和踏实工作,掌握了设备维修、模具调试与修理等核心技能,并总结出独特的工作方法。他所在的部门负责钢笔笔尖的第一道工序,其造型及质量直接影响整个钢笔笔尖的品质。在厂部和车间领导的支持下,他对部分设备零部件进行了优化改进,使操作更加便捷,有效提升了产品品质和生产效率。&#10;&#10;在加工高精度笔尖时,误差要求严格控制在几丝之内,尤其是金笔尖的加工难度更大。1997年,在香港回归纪念金笔尖的生产过程中,他遇到了商标打制偏差的问题。经过反复改进,他设计出多功能模板,成功将商标打制误差降至最低。&#10;&#10;在香港回归金笔尖试制阶段,笔尖腰..."}, {"编号": 20250311010, "年份": 2016, "区局": "普陀区", "姓名": "黄卫国", "年龄": 66, "姓名拼音": "Huang2-Wei4-Guo2", "性别": "男", "工作单位": "普陀区房屋维修应急中心", "工种或工作头衔": "水电工", "领域": "居民服务", "行业": "物业", "工匠介绍": "黄卫国，市劳动模范，资深水电工。从业三十余年，秉持\"把平凡的事做好就不平凡\"的理念，在水电维修领域深耕细作。他通过结对拜师学艺活动，将丰富实践经验传授给年轻员工，发挥劳模示范引领作用。在工作中，他善于解决实际问题，展现精湛技术。例如，他用其他材料制作销子成功修复老式虹吸水箱，解决装修施工遗留问题，保障业主利益。他定期组织技术培训，培养技能过硬的维修队伍，传承徐虎精神，为企业培养大批技术骨干。黄卫国以实际行动诠释劳模责任，用精湛技术和无私奉献赢得广泛认可。"}, {"编号": 20250311011, "年份": 2016, "区局": "杨浦区", "姓名": "施泽凇", "年龄": 53, "姓名拼音": "Shi1-Ze2-Song1", "性别": "男", "工作单位": "上海尤埃建筑设计有限公司", "工种或工作头衔": "建筑设计师", "领域": "土地混合利用", "行业": "建筑", "工匠介绍": "施泽凇，国家一级注册建筑师，高级建筑师，拥有20余年从业经历，参与并负责多个复杂、大体量建筑项目的设计与管理。作为核心成员，他参与设计的上海翡丽云邸项目获\"上海绿色建筑贡献（项目）奖\"，虹桥世界中心项目获中国地产设计大奖优秀奖，绿地黄埔滨江项目获国际房地产高层商办建筑项目奖项。施泽凇以卓越的设计理念、创新思维和专业实践在建筑领域享有盛誉。"}]}
2025-05-15 08:41:41,061 ChatBI->     INFO     websocket发送的数据为：{"result_insight": "根据查询，年龄大于50岁的上海工匠主要就职于多家公司，但提供的信息中未具体提及他们的毕业院校。"}
2025-05-15 08:41:42,466 ChatBI->     INFO     websocket发送的数据为：{"result_recommand": {"new_query_1": "年龄大于50岁的上海工匠的工作单位分布情况如何？", "new_query_2": "年龄大于50岁的上海工匠的工种或工作头衔有哪些？", "new_query_3": "年龄大于50岁的上海工匠所属的行业有哪些？"}}
2025-05-15 08:42:28,097 ChatBI->     INFO     schema linking: {'target_columns': ['工匠介绍'], 'condition_columns': {'年龄': '大于50岁'}}
2025-05-15 08:42:28,375 ChatBI->     INFO     
2025-05-15 08:42:28,387 ChatBI->     INFO     你
2025-05-15 08:42:28,399 ChatBI->     INFO     希望
2025-05-15 08:42:28,411 ChatBI->     INFO     了解
2025-05-15 08:42:28,424 ChatBI->     INFO     年龄
2025-05-15 08:42:28,440 ChatBI->     INFO     大于
2025-05-15 08:42:28,458 ChatBI->     INFO     5
2025-05-15 08:42:28,475 ChatBI->     INFO     0
2025-05-15 08:42:28,492 ChatBI->     INFO     岁的
2025-05-15 08:42:28,510 ChatBI->     INFO     上海
2025-05-15 08:42:28,526 ChatBI->     INFO     工匠
2025-05-15 08:42:28,543 ChatBI->     INFO     的
2025-05-15 08:42:28,560 ChatBI->     INFO     毕业
2025-05-15 08:42:28,577 ChatBI->     INFO     院校
2025-05-15 08:42:28,595 ChatBI->     INFO     有哪些
2025-05-15 08:42:28,611 ChatBI->     INFO     ，
2025-05-15 08:42:28,628 ChatBI->     INFO     从
2025-05-15 08:42:28,645 ChatBI->     INFO     工匠
2025-05-15 08:42:28,663 ChatBI->     INFO     介绍
2025-05-15 08:42:28,680 ChatBI->     INFO     里
2025-05-15 08:42:28,696 ChatBI->     INFO     查找
2025-05-15 08:42:28,713 ChatBI->     INFO     。
2025-05-15 08:42:28,730 ChatBI->     INFO     这是一个
2025-05-15 08:42:28,748 ChatBI->     INFO     筛选
2025-05-15 08:42:28,765 ChatBI->     INFO     和
2025-05-15 08:42:28,781 ChatBI->     INFO     提取
2025-05-15 08:42:28,799 ChatBI->     INFO     信息
2025-05-15 08:42:28,816 ChatBI->     INFO     的问题
2025-05-15 08:42:28,833 ChatBI->     INFO     。
2025-05-15 08:42:28,850 ChatBI->     INFO     具体
2025-05-15 08:42:28,867 ChatBI->     INFO     来说
2025-05-15 08:42:28,884 ChatBI->     INFO     ，
2025-05-15 08:42:28,901 ChatBI->     INFO     需要
2025-05-15 08:42:28,918 ChatBI->     INFO     将
2025-05-15 08:42:28,935 ChatBI->     INFO     年龄
2025-05-15 08:42:28,952 ChatBI->     INFO     设
2025-05-15 08:42:28,969 ChatBI->     INFO     为
2025-05-15 08:42:28,986 ChatBI->     INFO     条件
2025-05-15 08:42:29,003 ChatBI->     INFO     字段
2025-05-15 08:42:29,020 ChatBI->     INFO     ，
2025-05-15 08:42:29,037 ChatBI->     INFO     筛选
2025-05-15 08:42:29,054 ChatBI->     INFO     出
2025-05-15 08:42:29,071 ChatBI->     INFO     年龄
2025-05-15 08:42:29,088 ChatBI->     INFO     大于
2025-05-15 08:42:29,105 ChatBI->     INFO     5
2025-05-15 08:42:29,122 ChatBI->     INFO     0
2025-05-15 08:42:29,139 ChatBI->     INFO     岁的
2025-05-15 08:42:29,160 ChatBI->     INFO     上海
2025-05-15 08:42:29,173 ChatBI->     INFO     工匠
2025-05-15 08:42:29,190 ChatBI->     INFO     ；
2025-05-15 08:42:29,208 ChatBI->     INFO     然后
2025-05-15 08:42:29,224 ChatBI->     INFO     从
2025-05-15 08:42:29,241 ChatBI->     INFO     工匠
2025-05-15 08:42:29,258 ChatBI->     INFO     介绍
2025-05-15 08:42:29,275 ChatBI->     INFO     中
2025-05-15 08:42:29,292 ChatBI->     INFO     提取
2025-05-15 08:42:29,310 ChatBI->     INFO     出
2025-05-15 08:42:29,327 ChatBI->     INFO     这些
2025-05-15 08:42:29,343 ChatBI->     INFO     工匠
2025-05-15 08:42:29,360 ChatBI->     INFO     的
2025-05-15 08:42:29,377 ChatBI->     INFO     毕业
2025-05-15 08:42:29,394 ChatBI->     INFO     院校
2025-05-15 08:42:29,412 ChatBI->     INFO     信息
2025-05-15 08:42:29,429 ChatBI->     INFO     。


2025-05-15 08:42:29,445 ChatBI->     INFO     -
2025-05-15 08:42:29,463 ChatBI->     INFO      **
2025-05-15 08:42:29,479 ChatBI->     INFO     问题
2025-05-15 08:42:29,496 ChatBI->     INFO     说明
2025-05-15 08:42:29,514 ChatBI->     INFO     **
2025-05-15 08:42:29,530 ChatBI->     INFO     ：
2025-05-15 08:42:29,547 ChatBI->     INFO     筛选
2025-05-15 08:42:29,564 ChatBI->     INFO     年龄
2025-05-15 08:42:29,582 ChatBI->     INFO     大于
2025-05-15 08:42:29,598 ChatBI->     INFO     5
2025-05-15 08:42:29,616 ChatBI->     INFO     0
2025-05-15 08:42:29,633 ChatBI->     INFO     岁的
2025-05-15 08:42:29,650 ChatBI->     INFO     上海
2025-05-15 08:42:29,667 ChatBI->     INFO     工匠
2025-05-15 08:42:29,684 ChatBI->     INFO     ，并
2025-05-15 08:42:29,701 ChatBI->     INFO     从
2025-05-15 08:42:29,718 ChatBI->     INFO     工匠
2025-05-15 08:42:29,735 ChatBI->     INFO     介绍
2025-05-15 08:42:29,752 ChatBI->     INFO     中
2025-05-15 08:42:29,769 ChatBI->     INFO     提取
2025-05-15 08:42:29,786 ChatBI->     INFO     他们的
2025-05-15 08:42:29,803 ChatBI->     INFO     毕业
2025-05-15 08:42:29,820 ChatBI->     INFO     院校
2025-05-15 08:42:29,837 ChatBI->     INFO     信息
2025-05-15 08:42:29,854 ChatBI->     INFO     。

2025-05-15 08:42:29,871 ChatBI->     INFO     -
2025-05-15 08:42:29,888 ChatBI->     INFO      **
2025-05-15 08:42:29,905 ChatBI->     INFO     字段
2025-05-15 08:42:29,922 ChatBI->     INFO     说明
2025-05-15 08:42:29,939 ChatBI->     INFO     **
2025-05-15 08:42:29,956 ChatBI->     INFO     ：

2025-05-15 08:42:29,973 ChatBI->     INFO      
2025-05-15 08:42:29,990 ChatBI->     INFO      -
2025-05-15 08:42:30,007 ChatBI->     INFO      **
2025-05-15 08:42:30,024 ChatBI->     INFO     年龄
2025-05-15 08:42:30,041 ChatBI->     INFO     **
2025-05-15 08:42:30,058 ChatBI->     INFO     ：
2025-05-15 08:42:30,075 ChatBI->     INFO     条件
2025-05-15 08:42:30,092 ChatBI->     INFO     字段
2025-05-15 08:42:30,109 ChatBI->     INFO     ，
2025-05-15 08:42:30,126 ChatBI->     INFO     筛选
2025-05-15 08:42:30,143 ChatBI->     INFO     年龄
2025-05-15 08:42:30,160 ChatBI->     INFO     大于
2025-05-15 08:42:30,177 ChatBI->     INFO     5
2025-05-15 08:42:30,194 ChatBI->     INFO     0
2025-05-15 08:42:30,211 ChatBI->     INFO     岁的
2025-05-15 08:42:30,229 ChatBI->     INFO     工匠
2025-05-15 08:42:30,246 ChatBI->     INFO     。

2025-05-15 08:42:30,263 ChatBI->     INFO      
2025-05-15 08:42:30,280 ChatBI->     INFO      -
2025-05-15 08:42:30,297 ChatBI->     INFO      **
2025-05-15 08:42:30,314 ChatBI->     INFO     工匠
2025-05-15 08:42:30,330 ChatBI->     INFO     介绍
2025-05-15 08:42:30,348 ChatBI->     INFO     **
2025-05-15 08:42:30,365 ChatBI->     INFO     ：
2025-05-15 08:42:30,382 ChatBI->     INFO     指标
2025-05-15 08:42:30,399 ChatBI->     INFO     字段
2025-05-15 08:42:30,416 ChatBI->     INFO     ，
2025-05-15 08:42:30,433 ChatBI->     INFO     从
2025-05-15 08:42:30,450 ChatBI->     INFO     该
2025-05-15 08:42:30,467 ChatBI->     INFO     字段
2025-05-15 08:42:30,484 ChatBI->     INFO     中
2025-05-15 08:42:30,501 ChatBI->     INFO     提取
2025-05-15 08:42:30,518 ChatBI->     INFO     毕业
2025-05-15 08:42:30,535 ChatBI->     INFO     院校
2025-05-15 08:42:30,552 ChatBI->     INFO     信息
2025-05-15 08:42:30,569 ChatBI->     INFO     。


2025-05-15 08:42:30,586 ChatBI->     INFO     DONE
2025-05-15 08:42:30,604 ChatBI->     INFO     
2025-05-15 08:42:31,066 ChatBI->     INFO     任务类型: 内容抽取
2025-05-15 08:42:31,066 ChatBI->     INFO     过滤表达式： ; 查询问题： 
2025-05-15 08:42:31,068 ChatBI->     INFO     开始对非结构化文档【粗略】检索
2025-05-15 08:42:31,175 ChatBI->     INFO     检索到的文档总数量为：500
2025-05-15 08:42:31,202 ChatBI->     INFO     开始对非结构化文档【深度】检索
2025-05-15 08:42:31,826 ChatBI->     INFO     抽取的关键词列表为：['上海工匠的毕业院校']
2025-05-15 08:42:31,826 ChatBI->     INFO     关键词json输出格式 --> {"上海工匠的毕业院校": "<抽取上海工匠的毕业院校信息>"}
2025-05-15 08:42:51,270 ChatBI->     INFO     websocket发送的数据为：{"response": [{"上海工匠的毕业院校": "无", "数量": 352}, {"上海工匠的毕业院校": "复旦大学", "数量": 9}, {"上海工匠的毕业院校": "null", "数量": 6}, {"上海工匠的毕业院校": "上海交通大学", "数量": 3}, {"上海工匠的毕业院校": "上海大学", "数量": 2}, {"上海工匠的毕业院校": "同济大学", "数量": 2}, {"上海工匠的毕业院校": "上海出版印刷高等专科学校", "数量": 2}, {"上海工匠的毕业院校": "上海中医药大学", "数量": 2}, {"上海工匠的毕业院校": "上海工艺美术职业学院", "数量": 2}, {"上海工匠的毕业院校": "河北唐山陶瓷技校", "数量": 1}, {"上海工匠的毕业院校": "西安工业大学", "数量": 1}, {"上海工匠的毕业院校": "技校", "数量": 1}, {"上海工匠的毕业院校": "上海航天控制技术研究所", "数量": 1}, {"上海工匠的毕业院校": "上海美术电影专修学校", "数量": 1}, {"上海工匠的毕业院校": "东南大学", "数量": 1}, {"上海工匠的毕业院校": "上海市中医药大学", "数量": 1}, {"上海工匠的毕业院校": "上海立信会计专科学校", "数量": 1}, {"上海工匠的毕业院校": "上海同济大学", "数量": 1}, {"上海工匠的毕业院校": "机械专业中专学历，经济管理专业大专学历", "数量": 1}, {"上海工匠的毕业院校": "内蒙古轻工业职业学院", "数量": 1}, {"上海工匠的毕业院校": "四川大学", "数量": 1}, {"上海工匠的毕业院校": "大江职校", "数量": 1}, {"上海工匠的毕业院校": "上海技校", "数量": 1}, {"上海工匠的毕业院校": "上海戏剧学院舞美系舞台设计专业", "数量": 1}, {"上海工匠的毕业院校": "清华大学", "数量": 1}, {"上海工匠的毕业院校": "食品专业大专", "数量": 1}, {"上海工匠的毕业院校": "大专学历", "数量": 1}, {"上海工匠的毕业院校": "山东工艺美术学院壁画系", "数量": 1}, {"上海工匠的毕业院校": "上海现代食品职业技术学校", "数量": 1}, {"上海工匠的毕业院校": "上海视觉艺术学院", "数量": 1}, {"上海工匠的毕业院校": "上海市质量监督检验技术研究院", "数量": 1}, {"上海工匠的毕业院校": "中国刑警学院", "数量": 1}, {"上海工匠的毕业院校": "上海旅专", "数量": 1}, {"上海工匠的毕业院校": "上海玉雕厂", "数量": 1}, {"上海工匠的毕业院校": "上海艺术品雕刻四厂", "数量": 1}, {"上海工匠的毕业院校": "中国科学院上海光学精密机械研究所", "数量": 1}, {"上海工匠的毕业院校": "浙江农业大学园艺系", "数量": 1}, {"上海工匠的毕业院校": "上海中医药大学中药系", "数量": 1}, {"上海工匠的毕业院校": "工学硕士", "数量": 1}, {"上海工匠的毕业院校": "上海市舞蹈学校", "数量": 1}, {"上海工匠的毕业院校": "上大美院国画系", "数量": 1}, {"上海工匠的毕业院校": "杨浦职业技术学校", "数量": 1}, {"上海工匠的毕业院校": "上海老凤祥有限公司工业中学", "数量": 1}, {"上海工匠的毕业院校": "南京工程学院", "数量": 1}, {"上海工匠的毕业院校": "上海电气液压气动有限公司", "数量": 1}, {"上海工匠的毕业院校": "武汉科技大学", "数量": 1}, {"上海工匠的毕业院校": "上海音乐学院", "数量": 1}, {"上海工匠的毕业院校": "上海交通大学医学院", "数量": 1}, {"上海工匠的毕业院校": "上海应用技术大学", "数量": 1}, {"上海工匠的毕业院校": "中国美术学院中国画系", "数量": 1}, {"上海工匠的毕业院校": "上海世纪公园", "数量": 1}, {"上海工匠的毕业院校": "材料加工专业硕士", "数量": 1}, {"上海工匠的毕业院校": "中国农业大学", "数量": 1}, {"上海工匠的毕业院校": "北京理工大学", "数量": 1}, {"上海工匠的毕业院校": "EMBA学位", "数量": 1}, {"上海工匠的毕业院校": "广西工学院, 中国纺织大学与香港理工大学", "数量": 1}, {"上海工匠的毕业院校": "中国药科大学", "数量": 1}, {"上海工匠的毕业院校": "南京航空航天大学", "数量": 1}, {"上海工匠的毕业院校": "集美大学", "数量": 1}, {"上海工匠的毕业院校": "同济大学测绘工程专业", "数量": 1}, {"上海工匠的毕业院校": "上海交大", "数量": 1}, {"上海工匠的毕业院校": "河南濮阳的杂技艺术学校", "数量": 1}, {"上海工匠的毕业院校": "日本国立山口大学, 美国国立卫生研究院", "数量": 1}, {"上海工匠的毕业院校": "美国芝加哥花艺学院", "数量": 1}, {"上海工匠的毕业院校": "博士研究生", "数量": 1}, {"上海工匠的毕业院校": "哈尔滨工业大学", "数量": 1}]}
2025-05-15 08:42:51,271 ChatBI->     INFO     websocket发送的数据为：{"data_detail": [{}]}
2025-05-15 08:42:52,059 ChatBI->     INFO     websocket发送的数据为：{"result_insight": "根据检索结果，没有直接提到年龄大于50岁的上海工匠的具体毕业院校信息。不过，上海交通大学、复旦大学等知名学府培养了多位上海工匠。"}
2025-05-15 08:42:53,783 ChatBI->     INFO     websocket发送的数据为：{"result_recommand": {"new_query_1": "年龄大于50岁的上海工匠中，哪些是来自复旦大学的？", "new_query_2": "年龄大于50岁的上海工匠中，有哪些是拥有EMBA学位的？", "new_query_3": "年龄大于50岁的上海工匠中，有哪些是毕业于清华大学的？"}}
2025-05-15 08:48:23,411 ChatBI->     INFO     schema linking: {'target_columns': ['编号'], 'condition_columns': {'工匠介绍': '五一劳动奖章获得者'}}
2025-05-15 08:48:23,692 ChatBI->     INFO     
2025-05-15 08:48:23,704 ChatBI->     INFO     你
2025-05-15 08:48:23,716 ChatBI->     INFO     希望
2025-05-15 08:48:23,728 ChatBI->     INFO     了解
2025-05-15 08:48:23,740 ChatBI->     INFO     获得
2025-05-15 08:48:23,758 ChatBI->     INFO     五一
2025-05-15 08:48:23,775 ChatBI->     INFO     劳动
2025-05-15 08:48:23,792 ChatBI->     INFO     奖
2025-05-15 08:48:23,809 ChatBI->     INFO     章
2025-05-15 08:48:23,826 ChatBI->     INFO     的
2025-05-15 08:48:23,843 ChatBI->     INFO     工匠
2025-05-15 08:48:23,860 ChatBI->     INFO     人数
2025-05-15 08:48:23,877 ChatBI->     INFO     。
2025-05-15 08:48:23,894 ChatBI->     INFO     这是一个
2025-05-15 08:48:23,911 ChatBI->     INFO     统计
2025-05-15 08:48:23,928 ChatBI->     INFO     问题
2025-05-15 08:48:23,945 ChatBI->     INFO     ，
2025-05-15 08:48:23,963 ChatBI->     INFO     需要
2025-05-15 08:48:23,980 ChatBI->     INFO     从
2025-05-15 08:48:23,997 ChatBI->     INFO     数据库
2025-05-15 08:48:24,014 ChatBI->     INFO     中
2025-05-15 08:48:24,031 ChatBI->     INFO     筛选
2025-05-15 08:48:24,048 ChatBI->     INFO     出
2025-05-15 08:48:24,065 ChatBI->     INFO     获得
2025-05-15 08:48:24,082 ChatBI->     INFO     五一
2025-05-15 08:48:24,099 ChatBI->     INFO     劳动
2025-05-15 08:48:24,116 ChatBI->     INFO     奖
2025-05-15 08:48:24,133 ChatBI->     INFO     章
2025-05-15 08:48:24,150 ChatBI->     INFO     的
2025-05-15 08:48:24,167 ChatBI->     INFO     工匠
2025-05-15 08:48:24,184 ChatBI->     INFO     ，并
2025-05-15 08:48:24,201 ChatBI->     INFO     统计
2025-05-15 08:48:24,219 ChatBI->     INFO     其
2025-05-15 08:48:24,235 ChatBI->     INFO     数量
2025-05-15 08:48:24,252 ChatBI->     INFO     。
2025-05-15 08:48:24,269 ChatBI->     INFO     具体
2025-05-15 08:48:24,287 ChatBI->     INFO     来说
2025-05-15 08:48:24,303 ChatBI->     INFO     ，
2025-05-15 08:48:24,320 ChatBI->     INFO     需要
2025-05-15 08:48:24,337 ChatBI->     INFO     将
2025-05-15 08:48:24,355 ChatBI->     INFO     “
2025-05-15 08:48:24,371 ChatBI->     INFO     工匠
2025-05-15 08:48:24,389 ChatBI->     INFO     介绍
2025-05-15 08:48:24,406 ChatBI->     INFO     ”
2025-05-15 08:48:24,422 ChatBI->     INFO     字段
2025-05-15 08:48:24,440 ChatBI->     INFO     设
2025-05-15 08:48:24,457 ChatBI->     INFO     为
2025-05-15 08:48:24,474 ChatBI->     INFO     维度
2025-05-15 08:48:24,490 ChatBI->     INFO     字段
2025-05-15 08:48:24,508 ChatBI->     INFO     ，并
2025-05-15 08:48:24,525 ChatBI->     INFO     在
2025-05-15 08:48:24,542 ChatBI->     INFO     其中
2025-05-15 08:48:24,559 ChatBI->     INFO     查找
2025-05-15 08:48:24,576 ChatBI->     INFO     包含
2025-05-15 08:48:24,593 ChatBI->     INFO     “
2025-05-15 08:48:24,609 ChatBI->     INFO     五一
2025-05-15 08:48:24,627 ChatBI->     INFO     劳动
2025-05-15 08:48:24,644 ChatBI->     INFO     奖
2025-05-15 08:48:24,660 ChatBI->     INFO     章
2025-05-15 08:48:24,678 ChatBI->     INFO     ”的
2025-05-15 08:48:24,695 ChatBI->     INFO     记录
2025-05-15 08:48:24,712 ChatBI->     INFO     。
2025-05-15 08:48:24,729 ChatBI->     INFO     条件
2025-05-15 08:48:24,745 ChatBI->     INFO     字段
2025-05-15 08:48:24,763 ChatBI->     INFO     包括
2025-05-15 08:48:24,780 ChatBI->     INFO     工匠
2025-05-15 08:48:24,797 ChatBI->     INFO     介绍
2025-05-15 08:48:24,814 ChatBI->     INFO     中
2025-05-15 08:48:24,832 ChatBI->     INFO     包含
2025-05-15 08:48:24,849 ChatBI->     INFO     “
2025-05-15 08:48:24,866 ChatBI->     INFO     五一
2025-05-15 08:48:24,884 ChatBI->     INFO     劳动
2025-05-15 08:48:24,901 ChatBI->     INFO     奖
2025-05-15 08:48:24,919 ChatBI->     INFO     章
2025-05-15 08:48:24,936 ChatBI->     INFO     ”。


2025-05-15 08:48:24,953 ChatBI->     INFO     DONE
2025-05-15 08:48:24,970 ChatBI->     INFO     
2025-05-15 08:48:24,984 ChatBI->     INFO     任务类型: SQL
2025-05-15 08:48:26,360 ChatBI->     INFO     stad sql: SELECT COUNT(`编号`) AS `五一劳动奖章获得者数量` FROM gjw WHERE `工匠介绍` LIKE '%五一劳动奖章获得者%' LIMIT 10;
2025-05-15 08:48:26,363 ChatBI->     INFO     非结构化信息为: {"`工匠介绍` LIKE '%五一劳动奖章获得者%'": '五一劳动奖章获得者'}
2025-05-15 08:48:26,906 ChatBI->     INFO     五一劳动奖章获得者 的命名实体判别： no
2025-05-15 08:48:26,907 ChatBI->     INFO     开始对非结构化文档【粗略】检索
2025-05-15 08:48:27,108 ChatBI->     INFO     检索到的文档总数量为：500
2025-05-15 08:48:27,137 ChatBI->     INFO     开始对非结构化文档【深度】检索
2025-05-15 08:48:27,870 ChatBI->     INFO     step_scores: ['yes', 'yes', 'yes', 'yes', 'yes', 'yes', 'yes', 'yes', 'yes', 'no', 'no', 'yes', 'yes', 'no', 'yes', 'no', 'yes', 'yes', 'yes', 'yes']
2025-05-15 08:48:27,870 ChatBI->     INFO     层级抽取文档： 陈建福，上海新长宁集团建筑装饰实业有限公司企业负责人，全国劳动模范、上海市五一劳动奖章获得者。他1982年入职，从普通操作工成长为技能人才，带领团队完成多项优质工程。秉持"做专、做精、做细、做实"的工匠精神，他将职业敬畏、工作执着和产品负责融入工作，在平凡岗位上创造不平凡价值。他的事迹诠释了踏实工作、立足岗位、创先争优的精神，激励着无数从业者在本职上追求卓越。 ==> yes  
2025-05-15 08:48:27,871 ChatBI->     INFO     层级抽取文档： 黄晓俊，作为大国工匠的杰出代表，先后荣获上海市五一劳动奖章、上海市技术能手、城投工匠等多项荣誉称号。他扎根城市污水治理一线，从普通工人成长为复合型污水处理运行工程师，参与了白龙港污水处理厂升级、扩建及提标改造等多项重大工程。面对亚洲最大污水处理系统，他带领团队实施技术改进，形成20余项创新成果，创造经济效益超2000万元，获1项发明专利、7项实用新型专利及4项创新奖项。作为"劳模创新工作室"带头人，他培养了大批行业紧缺技术人才，并在市级竞赛中包揽前三名，展现了行业领先水平。 ==> yes  
2025-05-15 08:48:27,871 ChatBI->     INFO     层级抽取文档： 陈杰，宝钢股份冷轧厂高级技师，宝武集团技能大师，长期致力于激光焊接技术研究。他攻克数十项技术难题，为企业创造超亿元效益，培养创新团队。2009年起，陈杰主导超高强钢薄带材焊接技术突破，打破德日垄断，获上海市科技进步二等奖，推动产品达国内领先、国际先进水平。他拥有63项授权专利，创造1.23亿元效益。曾获上海市五一劳动奖章、劳动模范、全国五一劳动奖章等荣誉，并于2018年获国务院特殊津贴。 ==> yes  
2025-05-15 08:48:27,871 ChatBI->     INFO     层级抽取文档： 李涛涛，中国船舶集团有限公司电焊特级技师，全国五一劳动奖章获得者，全国技术能手，多次获国务院特殊津贴，并任“劳模创新工作室”领衔人。从业近30年来，他潜心钻研焊接技术，攻克多项焊接难题，为公司节约成本500万元，培养中、高级焊接人才千余名。他发明的《一种便携式软轨道摇摆埋弧焊装置及焊接方法》获国家发明专利，发表多篇专业论文，并牵头研究新型深熔弧焊接方法，已获多家船级社认可并在行业内推广应用。 ==> yes  
2025-05-15 08:48:27,871 ChatBI->     INFO     层级抽取文档： 杨恺，中国电信上海公司网信安部网络安全技术专家，先后荣获上海市五一劳动奖章、中国电信集团劳模、上海市经信系统青年岗位能手等多项荣誉。他在网络安全领域表现突出，累计获得20余项竞赛奖项，代表上海参加了第七届全国职工职业技能大赛。他带领团队以赛代练，参与各类安全联赛，在职工"全运会"中取得优异成绩。&#10;&#10;在支撑浦东教育云运维工作中，面对内网DNS攻击，他迅速溯源并开展安全培训，获得客户高度评价。他和团队测试智能门禁门铃产品，发现网络安全问题并发布报告，彰显央企社会责任。他主持上海公司安全评估项目，培养新人，指导年轻员工提升实战技能，带领团队多人获奖。他还担任公司工会公众号小编，... ==> yes  
2025-05-15 08:48:27,871 ChatBI->     INFO     层级抽取文档： 巢平源同志，从事电厂继电保护检修工作27年，首创多项创新技术，发明"交流微小电流生成仪"等装置，推动检修装备与安全水平提升。他获得专利22项，其中发明专利15项，创新成果获第118届巴黎国际发明展金奖等重要奖项。个人先后获评宝钢工人发明家、上海市五一劳动奖章、央企劳模等荣誉称号。以他名字命名的职工创新工作室获宝武集团示范型创新工作室、上海市技能大师工作室评定，培养徒弟9名，均为业务骨干。 ==> yes  
2025-05-15 08:48:27,871 ChatBI->     INFO     层级抽取文档： 薛飞，作为创新工作室领军人物，带领团队攻克多项技术难题，在业内具有重要影响力，先后荣获上海市五一劳动奖章、上海市技术能手、嘉定工匠、上汽工匠等多项殊荣。他技能精湛，在各类技能大赛中累计获得18项奖项；其项目曾获德国大众集团效率优化最佳贡献奖，并被推广至全球工厂。薛飞持续提升专业能力，拥有9个工种的职业资格证书。他在创新方面表现卓越，解决26项进口设备技术难题，获得多项发明荣誉，并拥有授权发明专利20项、实用新型34项、软件著作权5项，为企业创造944.58万元经济效益。薛飞同时注重传承与推广，发表论文37篇，编写教材、录制教学视频70个，培养徒弟累计获得各级技能竞赛奖项16个。 ==> yes  
2025-05-15 08:48:27,871 ChatBI->     INFO     层级抽取文档： 钱平，汽轮机安装领域的杰出代表。从普通技术工人成长为专业工程师和高级技师，参与国内外20多个大型电厂建设，主导多项重大电力工程。扬州第二发电厂等4个项目获"中国建筑工程鲁班奖"，国华徐州发电厂工程获"国家优质工程金奖"。主持4项工法，其中1项达国家级，突破2项关键技术，参与3项发明专利，多次参与国家或行业标准编制。获"江苏省有突出贡献专家"、"中国施工企业管理协会科学技术创新先进个人"、"镇江市五一劳动奖章"等荣誉。培养3名骨干徒弟，热心公益，资助贫困学生，回馈社会。 ==> yes  
2025-05-15 08:48:27,871 ChatBI->     INFO     层级抽取文档： 苏至钒，上海钛米机器人研发总监、上海市五一劳动奖章获得者、人工智能高级工程师，长期致力于医疗服务机器人研发。他带领团队在国内率先实现智能机器人在医院场景的应用，产品覆盖全国400多家三甲医院。新冠疫情期间，其团队研发的消毒机器人支援国内外数百家医院，并获媒体报道和推荐。他主持多项国家级科研项目，获发明专利50余项，为智能机器人技术发展作出重要贡献。 ==> yes  
2025-05-15 08:48:27,871 ChatBI->     INFO     层级抽取文档： 华克勤，作为全国优秀科技工作者、上海市领军人才、三八红旗手标兵及上海市巾帼创新奖获得者，致力于妇科微创术式创新，主持了国际首例腹腔镜下中孕期合并宫颈癌患者保留宫体及胎儿的广泛宫颈切除术，帮助多位宫颈癌患者实现母亲身份。她在妇科肿瘤内分泌治疗及生殖道畸形矫正领域取得国内外领先成果，发表学术论文100余篇（含SCI收录50余篇）。同时，她注重人文关怀，构建新型医患关系，以高尚医德赢得同行及患者信赖，积极参与公益，践行医务工作者的责任与担当。 ==> no  
2025-05-15 08:48:27,871 ChatBI->     INFO     层级抽取文档： 苗俭，上海航天控制技术研究所精密加工中心双工种高级技师，中共党员。从事数控加工中心编程及操作工作21年，参与运载火箭、战术武器和飞船等关键零部件研制生产。作为航天首席技师和苗俭国家级技能大师工作室负责人，她攻克多项技术难关，成功完成本科专业学习。&#10;&#10;苗俭获得多项荣誉：2007年事迹被央视《劳动者之歌》报道，2009年作为全国青年职工代表在纪念五四运动90周年大会上发言。她精通多种CAD/CAM软件，创新编程手段，为航天事业培养大量青年技能人才，在各类竞赛中屡获佳绩。苗俭是航天系统高技能人才杰出代表，展现了刻苦学习、创新进取、拼搏奉献和爱岗敬业的精神。 ==> no  
2025-05-15 08:48:27,872 ChatBI->     INFO     层级抽取文档： 徐亚伟，医学博士，二级教授，主任医师，博导，国务院政府特殊津贴专家，上海市劳动模范，上海市首届十大仁心医师、上海市医务工匠、上海市五一劳动奖章、第二届国之名医、第三届白求恩式好医生提名奖获得者。现任上海市第十人民医院心脏中心主任、同济大学医学院泛血管病研究所所长，国家重点研发计划项目首席科学家。徐亚伟教授精通多种心血管介入治疗技术，擅长急性心肌梗死救治，在房颤冷冻消融、左心耳封堵等领域处于国际领先水平。他创新性开展“一站式手术”和房颤综合闭环管理模式，领导的十院心脏中心被评定为中国胸痛中心示范基地，急性心梗院内死亡率仅为1.32%，达国际一流水平。徐亚伟教授积极推动心脏康复中心建设，主持... ==> yes  
2025-05-15 08:48:27,872 ChatBI->     INFO     层级抽取文档： 常静，茶艺师、评茶员、制茶师一级，高级考评员及裁判员，毕业于南京艺术学院。她是上海市一山一味茶业有限公司、静心轩茶行、静园茶文化传播有限公司创始人，并发起成立了上海市长宁区茶叶学会并担任理事长。常静每年举办20余期茶业专业培训，培养了大量评茶员、茶艺师和制茶师等技术人才。她在茶艺技能培训、茶业赛事组织等领域具有突出特长，并荣获第一届全国职业技能竞赛茶艺项目银奖，培养了16人次在全国性茶业竞赛中获奖。常静还参与制定普洱茶专业审评标准，并实施"茗香沪上"饮茶健康科普项目。她先后获得全国技术能手、上海市技术能手、上海市五一劳动奖章及上海市长宁区首席技师等多项荣誉。 ==> yes  
2025-05-15 08:48:27,872 ChatBI->     INFO     层级抽取文档： 余念，中共党员，中冶宝钢第五分公司装备制造事业部总工程师，“余念冶金机械设备技术创新工作室”带头人。长期致力于装备制造领域技术攻关，在热挤压、锻压等模具制造技术方面具有深厚造诣。主持完成多项科技成果，其中《大型高温合金模具研制与应用》达国际先进水平，《热挤压机挤压筒内衬拆装技术研究与应用》为国内领先。拥有多项专利技术，制定《铸钢钢锭模技术条件》企业标准并完成多项技术研发。先后获得2018年度专项劳动竞赛个人二等功、2019年中冶宝钢第五分公司标兵、2019年中冶宝钢先进个人、2020年中冶宝钢标兵及2023年优秀党员等荣誉。 ==> no  
2025-05-15 08:48:27,872 ChatBI->     INFO     层级抽取文档： 康乐，师承多位业内前辈，精通官府菜、淮扬菜和本帮菜，现任上海新锦江大酒店蓝天旋转餐厅厨师长。他创新研发了板蓝根烤菜、蓝天手打面、金鱼戏燕等特色海派菜肴，并成功完成进博会、建党一百周年观光团等多项重大政治接待任务，荣获"三星级酒店星厨"称号。他将传统食材与现代烹饪手法结合，推出高端鲍鱼大肉粽、上海酥饼等外带美食，获"环球美味卓越大师优秀大厨"称号。其代表作蓝天手打面获"淮海杯"金奖，上海酥饼制作技艺被列为非遗项目。康乐积极履行社会责任，担任连锁餐饮企业总厨顾问，推广二十四节气菜品，并多次组织社区公益厨艺活动，培养数十名优秀厨师，荣获上海市五一劳动奖章。他以"执着、专注、务实、创新"的工匠精... ==> yes  
2025-05-15 08:48:27,872 ChatBI->     INFO     层级抽取文档： 黄轶，中国冶金设备安装技术领域的资深专家，累计完成18万吨设备安装与调试。他获上海市科学技术奖1项、中冶集团科学技术奖2项、中国五矿集团科学技术奖1项、中国安装协会科学技术奖2项、省部级科技成果5项、冶金建设行业部级工法10篇；取得授权发明专利26件、实用新型专利15件，并两次荣获上海市职工先进操作法优秀成果。他创新研发新能源高品质硅钢连退机组核心设备新型安装工艺，在国内首条大型立式连铸机安装中取得重要突破，巩固了中国二十冶行业地位。黄轶同志在国内首创大型烧结机弹性密封滑道直观检测安装法等节能技术，为冶金钢铁行业的可持续发展做出积极贡献。 ==> no  
2025-05-15 08:48:27,872 ChatBI->     INFO     层级抽取文档： 杨颖华，飞机装配特级技师，现任上飞公司ARJ21事业部212工位工段长，被誉为"结构第一枪"。曾服役期间获三等功，退役后扎根生产一线25年，参与ARJ21飞机总装制造，从普通工人成长为特级技师。他全面掌握翼身对接铆装技能，在新支线飞机批产提速中发挥关键作用，成功完成多架试验机中央翼壁板改装等高风险任务。创新设计制孔定位工装，优化高锁螺母拆除工具，研制大部件自动调姿设备，解决中机身机翼对接难题。带领团队解决改装难题5项，完成急难险重任务10余项。先后荣获2023年上海市五一劳动奖章、2021年全国技术能手、2018年大飞机工匠等称号，并于2022年入选第二批中央企业"大国工匠"培养支持计划... ==> yes  
2025-05-15 08:48:27,872 ChatBI->     INFO     层级抽取文档： 张冬伟，作为中国船舶工业的杰出代表，参与了74500吨散货船、110000吨成品油轮、10000箱集装箱船等船舶的建造，并作为首批LNG船殷瓦焊工参与了中国20多条LNG船的建造，创造了多个中国第一、世界第一。他编写了多项实船焊接工艺，参与调试LNG船用TIG焊国产化焊机等设备，并培养了100余名复合型殷瓦焊工，其中多人成为技术骨干或班组长。张冬伟在焊接领域屡获殊荣，包括2006年第二十届中国焊接博览会优秀焊工表演赛一等奖、2012年全国技术能手、2015年享受国务院政府特殊津贴、2017年全国五一劳动奖章等多项荣誉。他以精湛技艺和无私奉献精神，为中国船舶工业高质量发展作出了重要贡献。 ==> yes  
2025-05-15 08:48:27,872 ChatBI->     INFO     层级抽取文档： 张彦，作为一名共产党员和集装箱桥吊操作者，凭借精湛技术和团队协作，七次刷新桥吊单机和船时量作业效率的世界纪录。他创造的每小时196.64自然箱的单机效率至今未被超越。张彦带领团队攻克12项技术难题，其中“新型桥吊节能操作方法”每年为公司节省128万元能源消耗。他总结经验形成“张彦操作法”，并培养了150余名优秀司机。作为上海市劳模创新工作室带头人，张彦在“双吊具边卸边装”新工艺推广中做出重要贡献，提升效率49.25%，显著减少资源投入。他荣获上海市劳动模范、全国五一劳动奖章等多项荣誉，为洋山深水港建设做出突出贡献。 ==> yes  
2025-05-15 08:48:27,872 ChatBI->     INFO     层级抽取文档： 黄红雄，全国劳动模范、全国五一劳动奖章、全国技术能手、上海市杰出技术能手、上海市劳动模范、华谊集团公司首席技师，享受国务院政府特殊津贴。作为轮胎行业核心设备电气检修调试专家，他将钢丝压延机停机率控制在2%以下，设备运行水平国际领先。黄红雄通过技术革新提升设备产能，为企业节约数千万元。他主持的技术改造项目提升了设备生产能力及维修效率。2012年，他革新内衬层压延机卷取方式，贴合精度达98%，获上海市劳动保护绿十字奖优胜奖。他创建国家级技能大师工作室，完成技术攻关课题16项，培养了大批技能人才。黄红雄带领团队为轮胎民族品牌的振兴贡献智慧，践行创新驱动发展战略。 ==> yes  
2025-05-15 08:48:28,572 ChatBI->     INFO     step_scores: ['no', 'no', 'yes', 'no', 'yes', 'yes', 'no', 'no', 'no', 'no', 'no', 'no', 'no', 'no', 'no', 'no', 'no', 'no', 'no', 'no']
2025-05-15 08:48:28,572 ChatBI->     INFO     层级抽取文档： 房敏，全国首位中医推拿学博士，教授，主任医师，博士生导师，岐黄学者，国家“万人计划”教学名师，国家杰出青年科学基金获得者，科技部“973计划”首席科学家，第七批全国老中医药专家学术经验继承指导教师，上海市名中医。他坚守中医推拿临床35年，创新提出"手摸心会"客观化评估方法，创立筋骨病"筋骨失衡，以筋为先"病机学说。主持完成国家杰青项目、行业专项、科技部"973"计划等国家级科研项目，牵头组建长三角推拿专科联盟，荣获国家教学成果一等奖、上海市科技进步一等奖等多项荣誉。 ==> no  
2025-05-15 08:48:28,572 ChatBI->     INFO     层级抽取文档： 李鹃伟，现任上海地铁维护保障有限公司车辆分公司钳工、高级技师、大修厂制动班组长，是全国技能大师工作室带头人。他秉持"干一行、爱一行"的精神，在列车制动系统研究领域不断创新突破，为企业创造显著效益。李鹃伟先后获得上海市劳动模范称号、国务院津贴等多项荣誉，其工作室被评为全国技能大师工作室。他主导的两项先进操作法和八项技术专利累计为企业节约维修成本2248万元，其中"多车型空气弹簧试验设备操作法"被评为上海市先进操作法。李鹃伟始终活跃在车辆检修一线，致力于提升列车行驶安全性和平稳性，展现了新时代工匠的使命担当。 ==> no  
2025-05-15 08:48:28,572 ChatBI->     INFO     层级抽取文档： 杨铁毅，杰出外科医生，深耕医疗领域近30年，秉持"精益求精、追求卓越"的工匠精神，在医疗器械研发和手术技术改良方面成就显著。他成功研发多项医疗设备，获3项国家发明专利和4项实用新型专利，其中"骶髂螺钉导向器"获"十佳最具价值创新设计大奖"并实现成果转化。他优化改良多项手术技术，"四肢微创手术"获浦东新区科技进步一等奖。他还参与公益事业，发起"青苗行动"，完成多例慈善手术，参与颈椎保健活动，普及健康知识。他先后获得浦东新区职工科技创新英才二等奖、"浦东工匠"称号、"浦东工匠创新工作室"和上海市五一劳动奖章等多项荣誉。 ==> yes  
2025-05-15 08:48:28,572 ChatBI->     INFO     层级抽取文档： 张力，现任上海新华医院副院长、心内科支部书记、科主任、心研所副所长，是国家杰出青年科学基金获得者、国家重点研发计划首席科学家，兼任中国医师协会心血管医师分会常务委员、美国心脏病学会专家会员（FACC）。擅长冠状动脉介入诊治及心脏瓣膜病的介入治疗，在CTO-PCI、旋磨术、TAVR等技术领域达国际先进水平。编写多部中国专家共识，推动国产原创三氧化二砷冠脉涂层支架临床应用。主持国家重点研发计划等课题20余项，发表SCI论文60余篇，获教育部科技进步二等奖、中华医学科技奖二等奖等荣誉，并荣获"树兰医学青年奖"等多项个人奖项。 ==> no  
2025-05-15 08:48:28,572 ChatBI->     INFO     层级抽取文档： 朱建华，沪东中华造船（集团）有限公司首席技师，从事船台总装电焊工作二十余年，荣获全国五一劳动奖章、享受政府特殊津贴等荣誉。他担任高级技校首席实习教师，获"金牌教练"称号，编著《船舶电焊工基础工艺学》并通过专家审核，主持研发"CO2自动焊接设备教学模拟机"并申报科研成果。朱建华在学术研究与技术创新方面取得多项成果，包括校译技术开发、编撰操作手册、获优秀论文奖及发明专利。他创新多项焊接技术，成功锁定双相不锈钢焊接工艺参数，为提升焊接质量提供依据。朱建华积极推动特殊材料焊工培训，培养多名优秀焊工，含高级技师魏凤云、李占友等，指导刘鹏鹏等年轻选手屡获焊工技能竞赛佳绩。此外，他参与制定焊接技师评审... ==> yes  
2025-05-15 08:48:28,572 ChatBI->     INFO     层级抽取文档： 夏术阶，中国知名泌尿外科专家，国际首创铥激光前列腺切除术的主创人，技术已纳入中国及欧美泌尿外科诊疗指南，并被《坎贝尔-沃什泌尿外科学》收录。他解决多项前列腺微创难题，制定超大前列腺手术标准，创新术后功能保留，创建修复理论与并发症预防方法，获国际F1000高度评价。在全国范围内推广先进技术，培训医务人员3万余人次，建立多地泌尿外科中心。他培养大批医疗骨干，积极投身公益，推动国产设备研发，降低治疗成本。夏术阶以精湛技术、严谨态度与无私奉献，成为医疗卫生领域的标杆人物，获国家"万人计划"科技创新领军人才、全国卫生系统先进工作者、国之名医、五一劳动奖章等多项荣誉。 ==> yes  
2025-05-15 08:48:28,572 ChatBI->     INFO     层级抽取文档： 汪强，是一名共产党员，长期从事继电保护及变电站调试工作，参与上海地铁、世博会配电站、特高压奉贤换流站及"一带一路"巴西美丽山换流站等国家重点工程的建设。他在专业领域表现突出，主持完成了《变电站主变加压核验方法研究》课题，获上海市电力工程行业协会职工创新竞赛二等奖，并在核心期刊发表学术论文8篇，拥有授权专利4项，参与修订行业标准并主持制定多项调试技术方案。汪强积极践行"工匠精神"，推动技术标准化，参与编写《特高压变压器绕组短路高效油务处理施工工法》，节省成本500余万元，大幅缩短工期。作为国网系统内知名"首席技术专家"，他不仅在技术上精益求精，还发挥传帮带作用，培养青年员工，推动电力工程建... ==> no  
2025-05-15 08:48:28,573 ChatBI->     INFO     层级抽取文档： 刘树，作为杰出的大国工匠，凭借专业的技能和卓越的贡献，先后荣获2011年上港集团先进标兵个人、2012年上海市“技术能手”、2014年上港集团“劳动功臣”、2015年上海市“劳动模范”和全国交通系统“劳动模范”等多项荣誉称号。他于2011年成立“刘树首席技师工作室”，2016年升级为上海市“刘树技能大师工作室”，并总结出《张勇桥吊高效操作法》等实用方法，显著提升作业效率，荣获2014年度上海市职工先进操作法优秀成果奖。他还主导编写《超限箱装卸工艺操作规程》《岸边集装箱桥式起重机规范操作法》等，并制作成视频材料，推广行业应用。此外，他培养了大批高技能人才，以工匠精神为行业输送了大量专业人才。 ==> no  
2025-05-15 08:48:28,573 ChatBI->     INFO     层级抽取文档： 李斌，是宝钢马迹山港的一名高级机械技师，在大型港机设备及输送机组维护方面做出了突出贡献。他带领团队攻克200余项生产难题，创造经济效益超过1.8亿元。李斌创新研发的多极磁辊消磁技术和钢丝输送带无损翻身技术，解决了行业难题，获冶金部科技进步一等奖、法国巴黎国际发明展金奖等荣誉。他拥有国家专利83项，培养了包括全国劳模在内的36名技能人才。李斌先后荣获宝钢工人发明家、上海市劳模等称号。 ==> no  
2025-05-15 08:48:28,573 ChatBI->     INFO     层级抽取文档： 夏总兵，现任上汽通用金桥北厂车身车间专家级激光焊接工程师，兼任“上汽通用机器人创新工作室”首席技师、四地整车维修工匠机运系统分会会长等职。秉持“精于工、匠于心、品于行”的工匠精神，他在机运控制、机器人调试等领域表现突出，掌握多项高精尖技术，获维修电工技师、机器人装调维修技师等多项职业资格认证。他善于创新，成功攻克多项技术难题，如机运系统柔性化存储功能改造，为企业节约成本近300万元。同时，他积极培养人才，编纂专业教材并开发实用性课程，为公司培养了一批优秀技术骨干。 ==> no  
2025-05-15 08:48:28,573 ChatBI->     INFO     层级抽取文档： 梁志荣，一级注册结构工程师、一级注册土木工程师（岩土），现任华建集团领军人才、科技精英及优秀导师，兼任中国土木工程学会土力学及岩土工程分会理事等职。长期从事岩土工程与地下空间工程勘察、设计、检测监测工作，在软土地区地下空间与深基坑安全分析与控制技术等领域处于国际领先水平。主持了100多项国家、省市级标志性工程，获得国家金奖、詹天佑大奖等62项成果奖项，省部级科技进步奖等13项科技成果奖。主持编制26本国家、行业和地方规范标准，拥有授权专利17项，发表论文49篇，主编参编专著9部。为人诚恳谦逊，工作积极踏实，创新能力强，在国内具有较高专业影响力。 ==> no  
2025-05-15 08:48:28,573 ChatBI->     INFO     层级抽取文档： 姜娟，作为新能源发电工程领域的专家，长期致力于陆上风电、海上风电、光伏发电等技术的研发与应用。她主持并参与了多项国家级重点项目的审查与核定，成功解决了多项技术难题，推动了新能源发电技术的国际领先发展。在团队建设中，她培养出一支具备独立项目能力的海上升压站结构团队，并累计培养5名技术骨干，其中一名正在博士后工作站深造。&#10;&#10;姜娟女士获得了众多荣誉，包括三峡集团“三八红旗手”、上海市优秀工程咨询成果一等奖等多项重要奖项。她主持的项目获上海市重点工程实事立功竞赛“优秀团队”称号，参与的“我国首座大型海上风电场关键技术及示范应用”项目获国家科技进步二等奖，为我国新能源事业发展做出了... ==> no  
2025-05-15 08:48:28,573 ChatBI->     INFO     层级抽取文档： 姜红军, 现任首席船舶安全检查官, 全国海事系统劳模先进创新工作室领衔人, 荣获全国优秀安检员、海事工匠等多项荣誉。扎根船舶安检15年, 他创新"点线面链"工作法, 使设备故障率下降三分之一, 并发表论文7篇, 主编《固定式灭火系统检查导则》纳入国际规范。带领团队研发3个VR平台和"CRUISE"检查法, 提升安检效率30%。参与爱达•魔都号试航, 节约企业成本3000余万, 荣获突出贡献奖。国际领域, 他提交20份提案, 深度参与国际标准制定, 在缺陷照片评选中多次获奖。作为行业专家, 带领团队培养骨干人才200余名, 创建实训基地, 开展培训惠及万人次。 ==> no  
2025-05-15 08:48:28,573 ChatBI->     INFO     层级抽取文档： 龚权华，现任新能源公司研发中心高级技术经理，从一名普通测量中级工成长为中国海ukt测量领域顶尖专家。他先后获得"全国交通技术能手"、"上海市技术能手"、"三航工匠"等荣誉称号，并荣获上海市职工发明铜奖1项、局科技进步奖3项，拥有多个发明专利和软件著作权，主持编写了1篇省级工法。他带领团队在北斗系统海洋工程应用、远距离测量信号传输稳定性等方面取得突破，为公司节约成本300余万元。他建立的"海洋工程测量创新工作室"连续4年获评全国质量信得过班组，培养了一大批测量技术人才。2018年，他负责编写的海上风电施工测量教程和考核题库获上海市人社局立项批复。凭借突出贡献，他多次获评公司杰出贡献奖，展现... ==> no  
2025-05-15 08:48:28,573 ChatBI->     INFO     层级抽取文档： 范红健，特级技师，享受国务院特殊津贴，荣获上海市首席技师、中船集团技术能手等多项荣誉。作为“范红健技能大师工作室”领衔人，他在大型船舶发动机零件加工领域攻克多项技术难题，编制完成世界首台WinGD12X92-DF柴油机气缸体工艺程序，并设计出耐高压密封导向套破解深孔偏斜技术瓶颈。他已获发明专利7项、实用新型专利6项，并培养出高级技师和技师20余人，累计为企业节省成本500余万元。同时，他长期致力于技能传授和教育培训工作，累计培养专业技能型学员300余名。 ==> no  
2025-05-15 08:48:28,573 ChatBI->     INFO     层级抽取文档： 蔡先军，作为卫星质量守护者，始终秉持"精测细判啄隐患，国之重器零缺陷"的理念，以精湛的技术和严谨的态度确保卫星零缺陷。他自主研发虚实结合星地实时诊断软件，获国家发明专利授权；创新发射场测控链路方法，打破卫星射前转内电时间最短纪录，获中国安全科技进步奖一等奖。攻克卫星数据异常预警难题，获中国质量技术奖一等奖。他编制的测试细则成为全所样板，培养11名技术骨干。作为"航天啄木鸟"，他筑牢卫星健康防线，同时积极参与航天文化传播工作，多次开展专业培训和经验分享。 ==> no  
2025-05-15 08:48:28,573 ChatBI->     INFO     层级抽取文档： 黄德彪，中建八局耀华地区16-1地块公共租赁住房项目普通工人。他26年前离川来沪，从普通农民工成长为优秀务工者。工作中，他虚心好学，追求施工零误差，多次获用人单位褒奖。2015年起，他担任上海矗鑫建筑工程有限公司耀华16-1项目工会主席及中建八局耀华路项目工会联合会副主席，积极维护工友权益，通过多种途径倾听一线工友诉求，为工友提供全面工会服务。他秉持"为员工办实事"的理念，努力保障工友基本权益，深受工友爱戴。 ==> no  
2025-05-15 08:48:28,573 ChatBI->     INFO     层级抽取文档： 周祖谦，上海第一机床厂有限公司首席技师，荣获“上海市劳动模范”“十佳能工巧匠”等多项殊荣，带领团队获得“工人先锋号”等称号。作为核电设备精密加工专家，他参与华龙一号、四代核电高温堆等国家战略项目，攻克多项技术难题，获国家科技进步特等奖。掌握核级不锈钢深孔加工等核心技术，授权多项专利。倾力育人，培养出高级技师等优秀人才。他以精湛技艺和工匠精神，助力“上海制造”走向世界。 ==> no  
2025-05-15 08:48:28,573 ChatBI->     INFO     层级抽取文档： 李志慧，作为航天科技集团工艺技术带头人和全国技术能手，长期致力于卫星制造与大型卫星装配领域，主持研制了多项国际领先的关键技术，包括卫星图像导航与配准全物理试验系统、大型气浮球轴承设计与测量装配工艺等。他突破了多项核心关键技术，荣获国家技术发明二等奖、国防技术发明一等奖等多项荣誉。李志慧同志还带领团队完成多项国家重大型号研制任务，推动我国风云四号气象卫星技术跻身世界前列，并培养了大批专业技术人才，为我国航天事业做出突出贡献。 ==> no  
2025-05-15 08:48:28,573 ChatBI->     INFO     层级抽取文档： 金德华，作为企业设备电气系统的资深维护和技术专家，长期致力于设备改造与专用设备研制工作。他曾获得市维修电工技能大赛第一名和全国"振兴杯"大赛第五名，并培养多名青年技能人才。他主持研制的大型螺旋成排弯管机填补国内空白，泵水监控系统获国家专利。此外，他还发表近二十篇技术论文，并担任多所高职院校特聘教师，为行业技术发展作出重要贡献。 ==> no  
2025-05-15 08:48:28,573 ChatBI->     INFO     阈值索引为：128, 窗口大小为: 20 
2025-05-15 08:48:28,573 ChatBI->     INFO     确定的文档: 109; 在次确认的文档: 39
2025-05-15 08:48:29,937 ChatBI->     INFO     从39个需再次确认的文档中筛选出的相关文档数量：10
2025-05-15 08:48:29,937 ChatBI->     INFO     示例文档：['夏术阶，中国知名泌尿外科专家，国际首创铥激光前列腺切除术的主创人，技术已纳入中国及欧美泌尿外科诊疗指南，并被《坎贝尔-沃什泌尿外科学》收录。他解决多项前列腺微创难题，制定超大前列腺手术标准，创新术后功能保留，创建修复理论与并发症预防方法，获国际F1000高度评价。在全国范围内推广先进技术，培训医务人员3万余人次，建立多地泌尿外科中心。他培养大批医疗骨干，积极投身公益，推动国产设备研发，降低治疗成本。夏术阶以精湛技术、严谨态度与无私奉献，成为医疗卫生领域的标杆人物，获国家"万人计划"科技创新领军人才、全国卫生系统先进工作者、国之名医、五一劳动奖章等多项荣誉。', '方焯，高级工程师，现任上海药明奥测医疗科技有限公司首席科学官兼首席技术官。她本科就读于华中科技大学少年班，师从骆清铭院士，23岁时获博士学位，研究成果发表于Nature等国际顶级期刊，单篇论文引用超4000次，主持国家及上海市科研项目，申请专利13项。&#10;&#10;在科研与产业化领域，方焯博士带领团队成功开发多项国际领先创新产品，为临床诊疗提供重要支持。她与复旦大学附属儿童医院合作研发全球首创整合诊断产品，建立"中国胆道闭锁协作网"，并在精准用药和神经疾病领域取得突破性成果。&#10;&#10;方焯博士荣获上海市五一劳动奖章、浦江人才、Eli...', '刘颖斌，现任上海交通大学医学院附属新华医院副院长、普外科行政主任、上海市胆道疾病重点实验室主任，荣获教育部长江学者特聘教授、上海市五一劳动奖章、上海市科技精英、第十九届吴杨医学药学奖、药明康德生命化学研究奖学者奖、杨浦区第十批拔尖人才等多项荣誉，并担任美国外科医师学院外籍会员、上海市第八届抗癌协会副理事长、上海市医学会外科分会胆道学组组长等职务。他在肝、胆、胰等恶性肿瘤及腹腔疑难疾病的外科治疗领域具有丰富经验，是国内率先提出“胰头癌全系膜切除”和“三步法胃癌淋巴结清扫策略”的专家，并在胆囊癌的基础及转化医学研究方面取得显著成就。作为学科带头人，他注重人才培养和梯队建设，积极参与公益活动，...', '涂意辉，我国膝关节单髁置换术领域的开拓者之一，2006年在上海率先开展该技术，已完成4000余例手术，手术时间仅需45分钟，切口仅6厘米，保留交叉韧带，效果显著。其主持完成的单髁手术量全球最多，1026例手术零失败，优良率达98%。他发明了三项国际领先技术，发表SCI论文5篇，核心期刊文章28篇，获发明专利16项，主持国家级及市级课题6项。作为同济大学副教授、博士生导师，培养博士3名，举办10期全国微创单髁置换技术培训班，培训进修生280余名。涂意辉先后荣获上海市五一劳动奖章、上海市科学技术奖、上海市康复医学科技奖一等奖等荣誉，并被授予"杨浦工匠"称号。', '谢邦鹏，清华大学博士毕业，现任国网上海浦东供电公司配电运检室副主任，长期扎根基层生产一线。在世博保电、核心区世界一流配电网建设、迪士尼保供电等重大任务中表现突出，获"全国五一劳动奖章""上海市劳动模范""国家电网公司劳动模范"等多项荣誉。&#10;&#10;谢邦鹏在继电保护和配电自动化领域具有深厚技术功底，主持参与了线损管理、无功补偿等十余项创新性科技项目研究，获上海市科技进步三等奖等多项荣誉。他独立研发的"大电流试验万用组合短接工具"等创新成果获多项专利授权并推广应用。同时，他带领团队发表中英文科技论文十余篇，获得发明专利授权9项、实用新型专利授权32项。&#10;&#10;作为劳模宣...']
2025-05-15 08:48:29,939 ChatBI->     INFO     没有找到<  >对应的视图
2025-05-15 08:48:30,087 ChatBI->     INFO     websocket发送的数据为：{"sql_gen": "SELECT COUNT(`编号`) AS `五一劳动奖章获得者数量` FROM gjw WHERE `工匠介绍` LIKE '%五一劳动奖章获得者%' LIMIT 10;"}
2025-05-15 08:48:30,087 ChatBI->     INFO     websocket发送的数据为：{"response": [{"五一劳动奖章获得者数量": 91}]}
2025-05-15 08:48:30,162 ChatBI->     INFO     websocket发送的数据为：{"data_detail": [{"编号": 20250311001, "年份": 2016, "区局": "浦东新区", "姓名": "蒋国兴", "年龄": 60, "姓名拼音": "Jiang3-Guo2-Xing1", "性别": "男", "工作单位": "上海供春陶业有限公司", "工种或工作头衔": "陶艺师", "领域": "文化", "行业": "工艺美术", "工匠介绍": "蒋国兴，全国劳动模范、全国五一劳动奖章获得者，享受国务院政府特殊津贴专家。他荣获“民进全国社会服务工作先进个人”“上海市十大职工科技创新英才”“上海市首席技师”等称号，其工作室被命名为“上海市技能大师工作室”并获“全国工人先锋号”。在彩陶技艺领域，他突破多项传统工艺难题，开创具有海派特色的“沪上彩陶”技艺，并发明陶瓷壁挂，被联合国教科文组织国际陶艺学会命名为“蒋国兴”。其作品应用于上海东方艺术中心、上海世博园等重要建筑，获国家专利45项。他还将彩陶技艺用于古建筑修复，解决世界性难题。此外，他热衷技艺传承，培养多名徒弟，参与国际展览和学术研究，出版专著并撰写多篇论文，为陶瓷文化发展作出突出贡献。"}, {"编号": 20250311004, "年份": 2016, "区局": "浦东新区", "姓名": "杨震", "年龄": 55, "姓名拼音": "Yang2-Zhen4", "性别": "男", "工作单位": "上海高桥捷派克石化工程建设有限公司", "工种或工作头衔": "维修钳工", "领域": "高端装备", "行业": "高端装备", "工匠介绍": "杨震，上海高桥捷派克石化工程建设有限公司维修钳工，是设备修理、技术创新和团队培养领域的杰出代表。他成功修复了多台复杂设备，自制多种专用工具，并通过技术改造为公司节省大量成本。杨震培养了多名优秀技能人才，带领团队荣获“工人先锋号”称号。他以“铁人”般的工作作风和强烈责任感，获得全国五一劳动奖章和全国技术能手等多项荣誉，是新时代工匠精神的典范。"}, {"编号": 20250311010, "年份": 2016, "区局": "普陀区", "姓名": "黄卫国", "年龄": 66, "姓名拼音": "Huang2-Wei4-Guo2", "性别": "男", "工作单位": "普陀区房屋维修应急中心", "工种或工作头衔": "水电工", "领域": "居民服务", "行业": "物业", "工匠介绍": "黄卫国，市劳动模范，资深水电工。从业三十余年，秉持\"把平凡的事做好就不平凡\"的理念，在水电维修领域深耕细作。他通过结对拜师学艺活动，将丰富实践经验传授给年轻员工，发挥劳模示范引领作用。在工作中，他善于解决实际问题，展现精湛技术。例如，他用其他材料制作销子成功修复老式虹吸水箱，解决装修施工遗留问题，保障业主利益。他定期组织技术培训，培养技能过硬的维修队伍，传承徐虎精神，为企业培养大批技术骨干。黄卫国以实际行动诠释劳模责任，用精湛技术和无私奉献赢得广泛认可。"}, {"编号": 20250311032, "年份": 2016, "区局": "机电", "姓名": "俞建民", "年龄": 68, "姓名拼音": "Yu2-Jian4-Min2", "性别": "男", "工作单位": "上海三菱电梯有限公司", "工种或工作头衔": "电梯安装调试工", "领域": "高端装备", "行业": "机电", "工匠介绍": "俞建民，上海三菱电梯有限公司安装人员，从事电梯安装工作42年。他主持或参与完成了上海中心、金茂大厦等多地超高层建筑与重点工程的电梯安装工作。在电梯安装领域不断钻研，创新多项超高速电梯及大跨度扶梯安装工艺，主持编制国内首个超高层建筑电梯无脚手架安装工艺，解决技术难题并填补领域空白。作为公司安装部重大项目主管，带领团队攻克技术难关，提升项目推进效率。2014年被评为首席技师并成立工作室，同年获\"上海市工人先锋号\"称号，2016年获上海市五一劳动奖章。"}, {"编号": 20250311036, "年份": 2016, "区局": "纺织", "姓名": "龚杜弟", "年龄": 59, "姓名拼音": "Gong1-Du4-Di4", "性别": "男", "工作单位": "上海汽车地毯总厂有限公司", "工种或工作头衔": "高级技术", "领域": "文化", "行业": "纺织服装", "工匠介绍": "龚杜弟，上海汽车地毯总厂有限公司总工程师、教授级高工，全国五一劳动奖章获得者、上海市劳动模范。他主持研发的轿车行李箱地毯聚氨酯喷涂设备流水线填补国内空白，SFS填充成型隔音垫生产线设计为公司节约数千万元引进费用。带领团队成功开发宝马5系脚垫，创新多项工艺，获五项国家发明专利和两项实用新型专利，并获2016年上海市优秀发明奖金奖。其宝马轿车衣帽架全球首创侧向双弧冲切封边结构垄断产品技术，获德国专家好评。"}, {"编号": 20250311042, "年份": 2016, "区局": "宝武", "姓名": "王康健", "年龄": 69, "姓名拼音": "Wang2-Kang1-Jian4", "性别": "男", "工作单位": "宝钢股份冷轧厂", "工种或工作头衔": "冷轧技能专家", "领域": "高端装备", "行业": "钢铁冶金", "工匠介绍": "王康健，是我国轧钢领域的高级技师与技能专家，宝钢第一代主操作工。他从宝钢冷轧一期建设起，参与了各期发展，成长为分厂副厂长并担任多家机构要职。他享有国务院特殊津贴，曾获全国\"五一\"劳动奖章、中华技能大奖等多项荣誉。扎根一线40余年，他解决设备疑难杂症350余项，改进操作工艺150余项，主导科研项目25项，拥有121项专利，并多次获得国家科技进步奖等重要奖项。以他命名的技能大师工作室在推动创新方面发挥了重要作用，培养了多名优秀人才，为宝钢冷轧领域达到行业领先地位作出重要贡献。"}, {"编号": 20250311047, "年份": 2016, "区局": "航天局", "姓名": "苗俭", "年龄": 48, "姓名拼音": "Miao2-Jian3", "性别": "女", "工作单位": "上海航天控制技术研究所", "工种或工作头衔": "数控", "领域": "空间信息", "行业": "航天", "工匠介绍": "苗俭，上海航天控制技术研究所精密加工中心双工种高级技师，中共党员。从事数控加工中心编程及操作工作21年，参与运载火箭、战术武器和飞船等关键零部件研制生产。作为航天首席技师和苗俭国家级技能大师工作室负责人，她攻克多项技术难关，成功完成本科专业学习。&#10;&#10;苗俭获得多项荣誉：2007年事迹被央视《劳动者之歌》报道，2009年作为全国青年职工代表在纪念五四运动90周年大会上发言。她精通多种CAD/CAM软件，创新编程手段，为航天事业培养大量青年技能人才，在各类竞赛中屡获佳绩。苗俭是航天系统高技能人才杰出代表，展现了刻苦学习、创新进取、拼搏奉献和爱岗敬业的精神。"}, {"编号": 20250311048, "年份": 2016, "区局": "船舶", "姓名": "张翼飞", "年龄": 68, "姓名拼音": "Zhang1-Yi4-Fei1", "性别": "男", "工作单位": "沪东中华造船（集团）有限公司", "工种或工作头衔": "船舶电焊", "领域": "船舶建造", "行业": "船舶", "工匠介绍": "张翼飞，沪东中华造船（集团）有限公司首席技师、集团公司首席技师，全国技术能手称号获得者，\"张翼飞劳模创新工作室\"创始人。他培养了5名全国技术能手和4名省部级劳动模范，带领团队攻克多项焊接技术难题，成功研发双相不锈钢焊接工艺、单电源双丝自动埋弧焊等多项关键技术。他主持制定了泵塔氩弧焊/CO2混合焊工艺标准，推动了焊接机器人的应用。张翼飞还主编了《船厂焊工操作手册》并发表了多篇专业论文，其中两项成果获上海市专利发明。他获得\"中华技能大奖\"\"全国五一劳动奖章\"等多项荣誉，为船舶工业发展作出了突出贡献。"}, {"编号": 20250311049, "年份": 2016, "区局": "船舶", "姓名": "陈志农", "年龄": 67, "姓名拼音": "Chen2-Zhi4-Nong2", "性别": "男", "工作单位": "江南造船（集团）有限责任公司", "工种或工作头衔": "船舶钳工", "领域": "船舶建造", "行业": "船舶", "工匠介绍": "陈志农，是江南造船集团总装部的一名船舶钳工高级技师，从事船舶轮机安装及设备调试工作已有38年。他荣获了中国船舶公司劳动模范、上海市劳动模范、全国技术能手、上海市首席技师、上海市十大工人发明家等多项荣誉称号。近十年来，他以\"努力奉献，不断创新\"为座右铭，在创新和发明方面取得了显著成就，先后获得10项国家专利，填补了多项国内技术空白，并撰写了多篇中国海军科技报告。2012年，以他名字命名的国家级技能大师工作室正式成立，为培养更多优秀技术人才做出了贡献。"}, {"编号": 20250311051, "年份": 2016, "区局": "汽车", "姓名": "徐小平", "年龄": 64, "姓名拼音": "Xu2-Xiao3-Ping2", "性别": "男", "工作单位": "上汽集团大众汽车有限公司", "工种或工作头衔": "高级工程师", "领域": "汽车", "行业": "汽车", "工匠介绍": "徐小平，现任上汽大众汽车有限公司发动机厂维修部门高级经理、党支部书记，是杰出的产业工人代表。他荣获“上海市劳动模范”、“上海市十大工人发明家”、“全国五一劳动奖章”、“中国机械工业技能大师”等称号，并连续三届获得“全国劳动模范”称号，同时是“全国创先争优优秀共产党员”。徐小平以其勤奋好学、善于思考、敬业钻研和勇于创新的精神，带领团队突破技术垄断，推动设备精细化自主维修，创造数以亿计的经济效益，并为企业贡献十几项发明专利。作为新时代产业工人的杰出代表，他在平凡岗位上创造了不凡业绩，为企业发展和社会进步作出重要贡献。"}]}
2025-05-15 08:48:30,412 ChatBI->     INFO     websocket发送的数据为：{"result_insight": "五一劳动奖章的获得者共有91人。"}
2025-05-15 08:48:31,859 ChatBI->     INFO     websocket发送的数据为：{"result_recommand": {"new_query_1": "哪些区局或行业有最多的一线五一劳动奖章获得者？", "new_query_2": "获得五一劳动奖章的工匠中，性别分布情况如何？", "new_query_3": "获得五一劳动奖章的工匠中，年龄最大的是哪位？"}}
2025-05-15 08:50:26,188 ChatBI->     INFO     schema linking: {'target_columns': ['编号'], 'condition_columns': {'工匠介绍': '带领团队攻克多项焊接技术难题'}}
2025-05-15 08:50:26,468 ChatBI->     INFO     
2025-05-15 08:50:26,479 ChatBI->     INFO     你
2025-05-15 08:50:26,491 ChatBI->     INFO     希望
2025-05-15 08:50:26,503 ChatBI->     INFO     了解
2025-05-15 08:50:26,516 ChatBI->     INFO     带领
2025-05-15 08:50:26,533 ChatBI->     INFO     团队
2025-05-15 08:50:26,550 ChatBI->     INFO     攻克
2025-05-15 08:50:26,567 ChatBI->     INFO     多项
2025-05-15 08:50:26,584 ChatBI->     INFO     焊接
2025-05-15 08:50:26,601 ChatBI->     INFO     技术
2025-05-15 08:50:26,618 ChatBI->     INFO     难题
2025-05-15 08:50:26,635 ChatBI->     INFO     的
2025-05-15 08:50:26,652 ChatBI->     INFO     上海
2025-05-15 08:50:26,670 ChatBI->     INFO     工匠
2025-05-15 08:50:26,686 ChatBI->     INFO     有多少
2025-05-15 08:50:26,703 ChatBI->     INFO     人
2025-05-15 08:50:26,720 ChatBI->     INFO     。
2025-05-15 08:50:26,737 ChatBI->     INFO     这是一个
2025-05-15 08:50:26,755 ChatBI->     INFO     统计
2025-05-15 08:50:26,772 ChatBI->     INFO     问题
2025-05-15 08:50:26,789 ChatBI->     INFO     ，
2025-05-15 08:50:26,806 ChatBI->     INFO     需要
2025-05-15 08:50:26,822 ChatBI->     INFO     筛选
2025-05-15 08:50:26,840 ChatBI->     INFO     出
2025-05-15 08:50:26,857 ChatBI->     INFO     符合
2025-05-15 08:50:26,874 ChatBI->     INFO     特定
2025-05-15 08:50:26,891 ChatBI->     INFO     条件
2025-05-15 08:50:26,908 ChatBI->     INFO     的
2025-05-15 08:50:26,925 ChatBI->     INFO     工匠
2025-05-15 08:50:26,942 ChatBI->     INFO     人数
2025-05-15 08:50:26,959 ChatBI->     INFO     。
2025-05-15 08:50:26,976 ChatBI->     INFO     根据
2025-05-15 08:50:26,993 ChatBI->     INFO     提供的
2025-05-15 08:50:27,010 ChatBI->     INFO     信息
2025-05-15 08:50:27,027 ChatBI->     INFO     ，
2025-05-15 08:50:27,044 ChatBI->     INFO     可以
2025-05-15 08:50:27,061 ChatBI->     INFO     将
2025-05-15 08:50:27,078 ChatBI->     INFO     “
2025-05-15 08:50:27,095 ChatBI->     INFO     带领
2025-05-15 08:50:27,112 ChatBI->     INFO     团队
2025-05-15 08:50:27,129 ChatBI->     INFO     攻克
2025-05-15 08:50:27,146 ChatBI->     INFO     多项
2025-05-15 08:50:27,163 ChatBI->     INFO     焊接
2025-05-15 08:50:27,180 ChatBI->     INFO     技术
2025-05-15 08:50:27,198 ChatBI->     INFO     难题
2025-05-15 08:50:27,215 ChatBI->     INFO     ”
2025-05-15 08:50:27,232 ChatBI->     INFO     作为
2025-05-15 08:50:27,249 ChatBI->     INFO     关键
2025-05-15 08:50:27,266 ChatBI->     INFO     条件
2025-05-15 08:50:27,283 ChatBI->     INFO     ，
2025-05-15 08:50:27,300 ChatBI->     INFO     通过
2025-05-15 08:50:27,317 ChatBI->     INFO     “
2025-05-15 08:50:27,334 ChatBI->     INFO     工匠
2025-05-15 08:50:27,351 ChatBI->     INFO     介绍
2025-05-15 08:50:27,368 ChatBI->     INFO     ”
2025-05-15 08:50:27,385 ChatBI->     INFO     字段
2025-05-15 08:50:27,402 ChatBI->     INFO     来
2025-05-15 08:50:27,419 ChatBI->     INFO     查找
2025-05-15 08:50:27,436 ChatBI->     INFO     相关信息
2025-05-15 08:50:27,453 ChatBI->     INFO     。
2025-05-15 08:50:27,470 ChatBI->     INFO     同时
2025-05-15 08:50:27,487 ChatBI->     INFO     ，
2025-05-15 08:50:27,504 ChatBI->     INFO     需要
2025-05-15 08:50:27,521 ChatBI->     INFO     确保
2025-05-15 08:50:27,538 ChatBI->     INFO     这些
2025-05-15 08:50:27,555 ChatBI->     INFO     工匠
2025-05-15 08:50:27,572 ChatBI->     INFO     属于
2025-05-15 08:50:27,590 ChatBI->     INFO     上海
2025-05-15 08:50:27,607 ChatBI->     INFO     工会
2025-05-15 08:50:27,623 ChatBI->     INFO     。


2025-05-15 08:50:27,640 ChatBI->     INFO     具体
2025-05-15 08:50:27,658 ChatBI->     INFO     来说
2025-05-15 08:50:27,675 ChatBI->     INFO     ，
2025-05-15 08:50:27,692 ChatBI->     INFO     需要
2025-05-15 08:50:27,709 ChatBI->     INFO     将
2025-05-15 08:50:27,725 ChatBI->     INFO     “
2025-05-15 08:50:27,742 ChatBI->     INFO     工匠
2025-05-15 08:50:27,760 ChatBI->     INFO     介绍
2025-05-15 08:50:27,777 ChatBI->     INFO     ”
2025-05-15 08:50:27,794 ChatBI->     INFO     字段
2025-05-15 08:50:27,811 ChatBI->     INFO     设
2025-05-15 08:50:27,828 ChatBI->     INFO     为
2025-05-15 08:50:27,845 ChatBI->     INFO     维度
2025-05-15 08:50:27,863 ChatBI->     INFO     字段
2025-05-15 08:50:27,880 ChatBI->     INFO     ，并
2025-05-15 08:50:27,897 ChatBI->     INFO     统计
2025-05-15 08:50:27,913 ChatBI->     INFO     其中
2025-05-15 08:50:27,931 ChatBI->     INFO     包含
2025-05-15 08:50:27,948 ChatBI->     INFO     “
2025-05-15 08:50:27,965 ChatBI->     INFO     带领
2025-05-15 08:50:27,981 ChatBI->     INFO     团队
2025-05-15 08:50:27,999 ChatBI->     INFO     攻克
2025-05-15 08:50:28,016 ChatBI->     INFO     多项
2025-05-15 08:50:28,033 ChatBI->     INFO     焊接
2025-05-15 08:50:28,050 ChatBI->     INFO     技术
2025-05-15 08:50:28,067 ChatBI->     INFO     难题
2025-05-15 08:50:28,084 ChatBI->     INFO     ”的
2025-05-15 08:50:28,101 ChatBI->     INFO     记录
2025-05-15 08:50:28,118 ChatBI->     INFO     数
2025-05-15 08:50:28,135 ChatBI->     INFO     。
2025-05-15 08:50:28,152 ChatBI->     INFO     条件
2025-05-15 08:50:28,169 ChatBI->     INFO     字段
2025-05-15 08:50:28,186 ChatBI->     INFO     包括
2025-05-15 08:50:28,203 ChatBI->     INFO     “
2025-05-15 08:50:28,220 ChatBI->     INFO     区
2025-05-15 08:50:28,237 ChatBI->     INFO     局
2025-05-15 08:50:28,254 ChatBI->     INFO     ”
2025-05-15 08:50:28,271 ChatBI->     INFO     字段
2025-05-15 08:50:28,288 ChatBI->     INFO     ，
2025-05-15 08:50:28,305 ChatBI->     INFO     确保
2025-05-15 08:50:28,322 ChatBI->     INFO     查询
2025-05-15 08:50:28,339 ChatBI->     INFO     结果
2025-05-15 08:50:28,356 ChatBI->     INFO     限定
2025-05-15 08:50:28,374 ChatBI->     INFO     在上海
2025-05-15 08:50:28,391 ChatBI->     INFO     工会
2025-05-15 08:50:28,408 ChatBI->     INFO     范围内
2025-05-15 08:50:28,425 ChatBI->     INFO     。


2025-05-15 08:50:28,442 ChatBI->     INFO     DONE
2025-05-15 08:50:28,460 ChatBI->     INFO     
2025-05-15 08:50:28,475 ChatBI->     INFO     任务类型: SQL
2025-05-15 08:50:29,735 ChatBI->     INFO     stad sql: SELECT COUNT(`编号`) AS `数量` FROM gjw WHERE `工匠介绍` LIKE '%带领团队攻克多项焊接技术难题%' LIMIT 10;
2025-05-15 08:50:29,737 ChatBI->     INFO     非结构化信息为: {"`工匠介绍` LIKE '%带领团队攻克多项焊接技术难题%'": '带领团队攻克多项焊接技术难题'}
2025-05-15 08:50:30,285 ChatBI->     INFO     带领团队攻克多项焊接技术难题 的命名实体判别： no
2025-05-15 08:50:30,286 ChatBI->     INFO     开始对非结构化文档【粗略】检索
2025-05-15 08:50:30,498 ChatBI->     INFO     检索到的文档总数量为：500
2025-05-15 08:50:30,526 ChatBI->     INFO     开始对非结构化文档【深度】检索
2025-05-15 08:50:31,281 ChatBI->     INFO     step_scores: ['yes', 'yes', 'yes', 'no', 'no', 'yes', 'no', 'no', 'no', 'no', 'yes', 'no', 'yes', 'no', 'no', 'yes', 'no', 'no', 'no', 'no']
2025-05-15 08:50:31,281 ChatBI->     INFO     层级抽取文档： 李勇，上海外高桥造船有限公司电焊班组长，扎根造船一线20余年，秉持“国轮国造”理念，致力于船舶制造技术攻关。他曾获“全国技术能手”“上海市劳模模范”“上海市首席技师”等多项荣誉。他全面掌握船舶电焊技术，练就过硬焊接技能，带领团队攻克多项关键技术难题，发表多篇论文并获得七项专利，培养焊工超千名，为公司创造显著经济效益。在“海洋石油981”超深水钻井平台、国内首艘超大型集装箱船等重点工程中，他成功解决多项焊接难题，探伤合格率均达98%以上，为企业节约资金数百万元。李勇以“敢于担当、追求极致、勇创一流”的精神诠释了新时代工匠的使命与担当。 ==> yes  
2025-05-15 08:50:31,281 ChatBI->     INFO     层级抽取文档： 王忠平，焊接专家，从事焊接工作34年，参与了多型船舶及重大工程的焊接任务，攻克多项技术难题。他创新CO2焊单面衬垫焊技术，提升焊接质量，编写《船舶电焊工》教材并开展培训，技术论文多次获奖。王忠平获多项荣誉，包括上海市技术能手、全国技术能手、国务院特殊津贴等，并主持船舶焊接质量攻关工作，为船舶工业发展作出突出贡献。 ==> yes  
2025-05-15 08:50:31,282 ChatBI->     INFO     层级抽取文档： 陈杰，宝钢股份冷轧厂高级技师，宝武集团技能大师，长期致力于激光焊接技术研究。他攻克数十项技术难题，为企业创造超亿元效益，培养创新团队。2009年起，陈杰主导超高强钢薄带材焊接技术突破，打破德日垄断，获上海市科技进步二等奖，推动产品达国内领先、国际先进水平。他拥有63项授权专利，创造1.23亿元效益。曾获上海市五一劳动奖章、劳动模范、全国五一劳动奖章等荣誉，并于2018年获国务院特殊津贴。 ==> yes  
2025-05-15 08:50:31,282 ChatBI->     INFO     层级抽取文档： 夏总兵，现任上汽通用金桥北厂车身车间专家级激光焊接工程师，兼任“上汽通用机器人创新工作室”首席技师、四地整车维修工匠机运系统分会会长等职。秉持“精于工、匠于心、品于行”的工匠精神，他在机运控制、机器人调试等领域表现突出，掌握多项高精尖技术，获维修电工技师、机器人装调维修技师等多项职业资格认证。他善于创新，成功攻克多项技术难题，如机运系统柔性化存储功能改造，为企业节约成本近300万元。同时，他积极培养人才，编纂专业教材并开发实用性课程，为公司培养了一批优秀技术骨干。 ==> no  
2025-05-15 08:50:31,282 ChatBI->     INFO     层级抽取文档： 魏钧，焊接技术专家，自2007年加入振华重工以来，凭借精湛技艺和不懈努力，先后取得焊工技师资格及中国CCS6GR、英国6GR、美国ASME等国际权威认证。他在2013年乌克兰BENARDOS杯国际焊工大赛中荣获"最佳焊件优秀选手"称号及唯一国际焊工证书。作为公司唯一精通氩弧焊、手工焊和CO2气体保护焊三项技能的电焊工，魏钧带领团队出色完成美国钢桥、港珠澳大桥等多项重大项目焊接任务，焊接检测合格率达100%。他每年为公司创造效益超300万美元，并通过"魏钧劳模工作室"和兼职讲师身份培养高技能人才，为中国制造2025战略贡献力量。 ==> no  
2025-05-15 08:50:31,282 ChatBI->     INFO     层级抽取文档： 赵黎明，上海锅炉厂有限公司首席技师，国家级"赵黎明技能大师焊接技术工作室"负责人。从业三十余年，主持完成"HRSG余热锅炉T91材料管座全氩焊接"等十多项焊接技术攻关，获多项国家专利授权与技术成果奖。发表多篇技术论文，其中7篇入选《技术工人先进操作法选编》。推广"左右手氩弧焊"等绝技，显著提升焊接质量。培养高级技师4名，焊接高技能人才100余名，指导学员多次在全国焊接比赛中获奖，并组织多项先进操作法推广活动。 ==> yes  
2025-05-15 08:50:31,282 ChatBI->     INFO     层级抽取文档： 吉志勇，高级技师、宝钢技能专家，长期扎根检修事业部基层一线，潜心钻研冶金电机优化改造及工装夹具设计。他主持完成多项重大科研攻关项目，获中国宝武技术创新重大成果奖工人奖。首创突破国外技术壁垒的专有技术，其中《电机断轴不焊接接轴技术》救活上百台电机。累计创造直接经济效益超5000万元，获国家授权专利37项，其中发明专利9项，研究成果获上海市科技进步二等奖等多项大奖。他以"传帮带"为己任，在创新工作室培养专业人才，带动团队申报专利71项，创造经济效益超9000万元，获上海市劳模创新工作室称号。目前，他带领团队开展《基于手机APP与互联网的旋转设备智能对中仪》研发，致力于推动传统工艺技术升级。 ==> no  
2025-05-15 08:50:31,282 ChatBI->     INFO     层级抽取文档： 杨庆华，国网上海市电力公司检修公司输电运检中心专业工程师、高级技师，享受国务院政府特殊津贴。他长期从事输电线路工作，带领团队出色完成了抗冰抢险、奥运保电、世博工程等重大工程，在400天内完成400基铁塔改造，攻克多项交直流特高压带电作业难题。他设计的高空防坠落装置等创新设备获国家专利并广泛应用。由他领衔的"输电技术创新工作室"攻克多项技术难关，累计创造经济效益超10亿元。该工作室于2014年被授予"全国示范性劳模创新工作室"称号。 ==> no  
2025-05-15 08:50:31,282 ChatBI->     INFO     层级抽取文档： 张勇，作为优秀的工匠，始终秉持创新思维，成功破解传统除尘滤料技术难题，研发高效除尘滤料，实现国产替代进口。他带领团队攻克“防护型灭菌过滤网”项目，核心技术达国际领先水平，申请国际发明专利并获《科学技术成果项目》A等级评定。其团队申请国家专利122项，授权70项，其中张勇个人申请专利83项，授权47项，并获多项全国性评选金银铜奖。其创新能力和技术水平在业内享有盛誉。 ==> no  
2025-05-15 08:50:31,282 ChatBI->     INFO     层级抽取文档： 阚宝春，现为上海电气上重碾磨特装设备有限公司二金工车间加工一组组长及“阚宝春首席技师工作室”带头人。先后四次获评上海电气首席技师，现为终身首席技师。他带领团队攻克多项技术难关，提出的《老“英国桥铣”在新需求下的铣头改进》项目获2018年度机电工会合理化建议一等奖并取得实用新型专利。阚宝春培养了约10名技术骨干，使其实现“一岗多能”，增强企业核心竞争力。他个人荣获上海市劳动模范、闵行当代工匠、机械工业百名工匠、中国重型机械行业大工匠等多项荣誉。其团队获工人先锋号、李斌式班组标杆等称号，并两次获上海电气职工优秀合理化建议奖。 ==> no  
2025-05-15 08:50:31,282 ChatBI->     INFO     层级抽取文档： 皋利利，作为电装与微组装工艺技术专家，长期致力于航天制造领域技术攻关。她在电装与微组装领域主持完成20余项关键工艺技术攻关，主持论证并建成多条数字化生产线，带领团队实现多项技术突破。发表专业论文10余篇，获发明专利授权11项。破解了筛选后散料元器件自动供料等关键技术难题，创新复杂特殊元器件焊接工艺和组装技术，主持完善电装技术标准体系。在相控阵天控组件装焊难题上取得突破，推动国内微带天线阵面组装技术水平领先，生产效率和产品合格率显著提升。作为上海航天技术研究院电装专业带头人，培养了高级技师、技师、高级工、工程师等专业人才，为行业技术发展做出重要贡献。 ==> yes  
2025-05-15 08:50:31,282 ChatBI->     INFO     层级抽取文档： 戴 渊，现任上海飞机制造有限公司钣金制造车间首席技师，国家级技能大师工作室领衔人。自1988年入职以来，参与了中美麦道合作项目、波音转包生产、ARJ21支线飞机及C919客机等多项钣金零件制造工作。在ARJ21及C919项目中，攻克了多项技术难题，制定《铝锂合金的成形》规范，获得两项技术革新奖、一项科技进步三等奖，并成功申报两项专利。作为工作室带头人，他推动群策群力工作，提升提案效率，并通过"五位一体"培养模式，累计培训1800余人次，培养出多名高技能人才，形成梯队。他培养八名徒弟，晋升多人为高级工或技师，并编写近9万字专业教材，为钣金制造领域人才发展做出重要贡献。 ==> no  
2025-05-15 08:50:31,283 ChatBI->     INFO     层级抽取文档： 刘霞，从事汽轮机零部件焊接工艺技术工作三十余年，长期致力于技术攻关和工艺研发。她成功攻克"华龙一号"百万核电汽轮机超大型低压焊接转子等关键技术难题，开发出具有自主知识产权、国际领先的高效窄间隙焊接工艺技术，打破了国外技术垄断，推动了相关技术的产业化应用。她创立上海电气首个女劳模创新工作室，培养出两名在职博士和三名工程硕士，为企业发展做出了突出贡献。 ==> yes  
2025-05-15 08:50:31,283 ChatBI->     INFO     层级抽取文档： 沈蔚松,作为我国航天器总装生产的技能大师，长期奋战在航天产品总装一线，参与了长征系列火箭、载人航天工程、探月工程等国家重大专项，解决了多项关键技术难题。他主导的便携式蓄压器配气台、伺服机构调测装置等创新成果大幅提升了发射任务成功率，并攻克了可重复使用火箭栅格舵系统等多项装配技术难题。沈蔚松拥有1项发明专利和6项实用新型专利，先后获中国航天科技集团公司航天贡献奖、载人航天突出贡献奖等多项荣誉，并被授予"闵行当代工匠"称号，作为首席技师获批建立技能大师工作室。他培养了一支高水平的航天总装技能团队，为我国航天事业作出了突出贡献。 ==> no  
2025-05-15 08:50:31,283 ChatBI->     INFO     层级抽取文档： 王红，是宝钢股份厚板事业部一线工人，拥有宝武高级技师、电气维护工程师等职称，扎根生产一线20余年，参与多项国家使命类产品生产供应任务。他擅长攻克华龙核电、中俄东线等国家重点工程急需的高精度用钢生产核心技术难题，累计申请专利50项，其中发明专利39项，认定技术秘密54项，多次在国内外发明展中获奖。其"高精度5米厚板加热关键技术创新与应用"项目获2022年度上海市科技进步奖二等奖，授权专利"一种用于中厚板初轧机导卫装置上的位移检测器结构"在国内多家钢厂推广应用。作为宝钢员工创新活动指导志愿者和兼职内训师，他培养了20余名高技能人才，为技术传承和岗位创新作出积极贡献。 ==> no  
2025-05-15 08:50:31,283 ChatBI->     INFO     层级抽取文档： 张晓东，现任中冶宝钢技术服务有限公司张晓东大师工作室负责人，在焊接技术培训领域成果显著，累计培训电焊技术农民工100余人次，其中12人获得高级技师和技师资格证书，20余人取得高级工证书。其徒弟在全国建设系统比武中获第八名，一人荣获上海市职业技能金奖，一人被评为上海市“优秀农民工”称号，多人在宝钢设备系统技术比武中获得前三名。他主持研发了RH浸渍管专用焊割装置等实用新型发明专利，参与编撰的《检修工艺链—焊接篇》已被公司列为标准规范，并在《冶金设备》、《工业建筑》、《焊接》等核心期刊发表专业论文6篇。其工作室研发的大型转炉检修工艺达国内领先水平，编制的《大型转炉托圈的裂纹修复》在全国冶金建设... ==> yes  
2025-05-15 08:50:31,283 ChatBI->     INFO     层级抽取文档： 陆忠明，大金空调（上海）有限公司首席技师、国家级技能大师工作室领头人。从业二十余年，他主持完成多项技术革新与设备改造，累计为企业节约经费千余万元。作为设备维护领域专家，他成功攻克多项技术难题，实现多项进口设备部件的国产化替代。在生产效率提升与节能改造方面，他主导完成了多项技术改善，年均节约经费百余万元。作为技能大师工作室负责人，他培养了大批高技能人才，多人荣获省市技术能手称号。他还兼任上海开放大学兼职讲师，为社会技能人才培养作出积极贡献。 ==> no  
2025-05-15 08:50:31,283 ChatBI->     INFO     层级抽取文档： 谢邦鹏，清华大学博士毕业，现任国网上海浦东供电公司配电运检室副主任，长期扎根基层生产一线。在世博保电、核心区世界一流配电网建设、迪士尼保供电等重大任务中表现突出，获"全国五一劳动奖章""上海市劳动模范""国家电网公司劳动模范"等多项荣誉。&#10;&#10;谢邦鹏在继电保护和配电自动化领域具有深厚技术功底，主持参与了线损管理、无功补偿等十余项创新性科技项目研究，获上海市科技进步三等奖等多项荣誉。他独立研发的"大电流试验万用组合短接工具"等创新成果获多项专利授权并推广应用。同时，他带领团队发表中英文科技论文十余篇，获得发明专利授权9项、实用新型专利授权32项。&#10;&#10;作为劳模宣... ==> no  
2025-05-15 08:50:31,283 ChatBI->     INFO     层级抽取文档： 周纪东，荣获全国“五·一”劳动奖章、上海市劳动模范等荣誉。他带领创新团队，运用“互联网+”及IT技术，推动企业高质量发展。主持《SC快速连接器断纤原因分析与光纤接续操作法》等项目，获中国电信员工岗位创新成果优秀奖等。发明《蝶形光缆热熔弓型取纤架》，解决光纤熔接难题，已申请专利。自主研发“一箱十线管控平台”等，提升工作效率并被推广。作为装维技术劳模创新工作室带头人，培训千余人次，推动宽带业务、光纤熔接及智慧家庭技术发展。 ==> no  
2025-05-15 08:50:31,283 ChatBI->     INFO     层级抽取文档： 李俊，作为公司国防重点型号飞机无线电装接领域的核心骨干，长期参与大型军用飞机、歼击机、直升机及无人机等项目的装接生产工作。凭借精湛技术和高度责任感，他确保交付产品合格率始终保持100%，并在多项工艺革新中提升工时利用率超20%。&#10;&#10;李俊曾获多项荣誉：2012年中航工业电装技能竞赛"优胜奖"，2014年上海IPC"优秀工艺奖"，同年在集团第二届电装竞赛中位列第六并获"操作规范奖"；2014年获"青年岗位能手"和"技术能手"称号；2015年被评为"上海市青年岗位能手"；2016年获上海市"五一劳动奖章"；2017年在职业技能竞赛中夺冠；2018年当选上海市人大代表，并获"青年... ==> no  
2025-05-15 08:50:31,283 ChatBI->     INFO     阈值索引为：30, 窗口大小为: 20 
2025-05-15 08:50:31,283 ChatBI->     INFO     确定的文档: 11; 在次确认的文档: 39
2025-05-15 08:50:32,622 ChatBI->     INFO     从39个需再次确认的文档中筛选出的相关文档数量：9
2025-05-15 08:50:32,622 ChatBI->     INFO     示例文档：['赵黎明，上海锅炉厂有限公司首席技师，国家级"赵黎明技能大师焊接技术工作室"负责人。从业三十余年，主持完成"HRSG余热锅炉T91材料管座全氩焊接"等十多项焊接技术攻关，获多项国家专利授权与技术成果奖。发表多篇技术论文，其中7篇入选《技术工人先进操作法选编》。推广"左右手氩弧焊"等绝技，显著提升焊接质量。培养高级技师4名，焊接高技能人才100余名，指导学员多次在全国焊接比赛中获奖，并组织多项先进操作法推广活动。', '李琦凤，长期从事航天电子产品装联工作，在刚性及刚柔结合电路板焊接技术、复杂电缆网制作和细间距小型、微型元器件焊接方面具有突出专长。她成功攻克多项技术难题，完成多项技术革新，为企业创造显著经济效益。荣获全国技术能手、集团公司职业技能竞赛第一名、上海市首席技师千人计划项目资助等荣誉，入选集团公司技能人才队伍智库专家和院首席技师。作为上海航天技能大师工作室负责人，她主持完成多个课题研究，获得上海市优秀发明铜奖，研究成果收录于中国航天科技集团公司《航天技能人才操作实践案例》，并荣获第十届上海航天局技能技术成果论文评选活动一等奖。她注重技艺传承，培养多名优秀徒弟，多人成长为业务骨干，积极承担职业技...', '唐彬，上海市电机工程学会金属专业委员会委员，擅长金属材料冷热加工工艺、机器人弧焊设备应用及镍基、钴基高温合金修复。他多次在上海电力工业局、国家电力公司等组织的焊工技能大赛中获奖。作为焊接专家，唐彬带领团队荣获“上海市技师创新工作室”称号，并主持了高温高压蒸汽阀门密封面在线修复技术，获中国电力创新奖技术类二等奖。他拥有1项发明专利和9项实用新型专利，并发表了5篇科技论文。唐彬在电厂检修、高端装备再制造等领域取得显著成就，推动了相关技术的国产化和创新应用。', '吴毓颖，作为微组装技术领域的专家，主持编制了《系统级封装结构与互连设计规范》《热超声楔焊工艺规范》等工艺文件，并在有源相控阵雷达收发组件研制工作中攻克多项工艺难题。作为上海市职工（巾帼）创新工作室领衔人，她培养了多名微组装技术专业人才，带领团队获得全国优秀质量管理小组、航天金牌班组等38项荣誉。曾获中国航天科技集团优秀共产党员、上海航天局青年岗位能手及三八红旗手标兵等多项荣誉称号。', '王正明，1993年从江苏省淮安市农村来到上海宝冶集团，投身宝钢建设，从电焊学徒成长为焊接领域专家。他创新多项焊接技术，获得6项发明专利和10项实用新型专利，解决了众多焊接难题，为行业节约成本并提升效率。他建立焊工培训基地，培养焊工3000余人次，助力技能传承。曾获"上海市农民工先进个人"等多项荣誉，拥有焊接高级技师、国际焊接技师和一级建筑师资质。他用实际行动诠释了大国工匠精神，为行业和国家发展做出重要贡献。']
2025-05-15 08:50:32,622 ChatBI->     INFO     没有找到<  >对应的视图
2025-05-15 08:50:32,768 ChatBI->     INFO     websocket发送的数据为：{"sql_gen": "SELECT COUNT(`编号`) AS `数量` FROM gjw WHERE `工匠介绍` LIKE '%带领团队攻克多项焊接技术难题%' LIMIT 10;"}
2025-05-15 08:50:32,768 ChatBI->     INFO     websocket发送的数据为：{"response": [{"数量": 18}]}
2025-05-15 08:50:32,842 ChatBI->     INFO     websocket发送的数据为：{"data_detail": [{"编号": 20250311048, "年份": 2016, "区局": "船舶", "姓名": "张翼飞", "年龄": 68, "姓名拼音": "Zhang1-Yi4-Fei1", "性别": "男", "工作单位": "沪东中华造船（集团）有限公司", "工种或工作头衔": "船舶电焊", "领域": "船舶建造", "行业": "船舶", "工匠介绍": "张翼飞，沪东中华造船（集团）有限公司首席技师、集团公司首席技师，全国技术能手称号获得者，\"张翼飞劳模创新工作室\"创始人。他培养了5名全国技术能手和4名省部级劳动模范，带领团队攻克多项焊接技术难题，成功研发双相不锈钢焊接工艺、单电源双丝自动埋弧焊等多项关键技术。他主持制定了泵塔氩弧焊/CO2混合焊工艺标准，推动了焊接机器人的应用。张翼飞还主编了《船厂焊工操作手册》并发表了多篇专业论文，其中两项成果获上海市专利发明。他获得\"中华技能大奖\"\"全国五一劳动奖章\"等多项荣誉，为船舶工业发展作出了突出贡献。"}, {"编号": 20250311087, "年份": 2016, "区局": "焊接协会", "姓名": "卢长春", "年龄": 54, "姓名拼音": "Lu2-Chang2-Chun1", "性别": "男", "工作单位": "中冶宝钢技术服务有限公司第二分公司（中冶宝钢）", "工种或工作头衔": "焊工", "领域": "高端装备", "行业": "钢铁冶金", "工匠介绍": "卢长春，作为杰出的大国工匠，在焊接领域取得了卓越成就。他多次在全国冶金系统焊工比赛中荣获佳绩，并获得\"全国冶金建设行业高级技能专家\"、\"全国冶金建设行业技术能手\"等称号。他发明的管道带水焊接工艺和氩弧焊焊接铅板技术填补了国内空白，参与国家重点项目建设，攻克多项焊接技术难题，创造显著经济效益。他还培养了众多技术骨干，带领团队在全国性比赛中屡获佳绩。卢长春以其精湛技艺和创新精神，为行业发展做出了重要贡献。"}, {"编号": 20250311118, "年份": 2017, "区局": "机电", "姓名": "赵黎明", "年龄": 62, "姓名拼音": "Zhao4-Li2-Ming2", "性别": "男", "工作单位": "上海锅炉厂有限公司", "工种或工作头衔": "电焊工", "领域": "高端装备", "行业": "机电", "工匠介绍": "赵黎明，上海锅炉厂有限公司首席技师，国家级\"赵黎明技能大师焊接技术工作室\"负责人。从业三十余年，主持完成\"HRSG余热锅炉T91材料管座全氩焊接\"等十多项焊接技术攻关，获多项国家专利授权与技术成果奖。发表多篇技术论文，其中7篇入选《技术工人先进操作法选编》。推广\"左右手氩弧焊\"等绝技，显著提升焊接质量。培养高级技师4名，焊接高技能人才100余名，指导学员多次在全国焊接比赛中获奖，并组织多项先进操作法推广活动。"}, {"编号": 20250311135, "年份": 2017, "区局": "船舶", "姓名": "陈景毅", "年龄": 54, "姓名拼音": "Chen2-Jing3-Yi4", "性别": "男", "工作单位": "江南造船（集团）有限责任公司", "工种或工作头衔": "船舶电焊工", "领域": "船舶建造", "行业": "船舶", "工匠介绍": "陈景毅，江南造船（集团）有限公司船舶电焊工高级技师，上海市焊接首席技师，“陈景毅国家技能大师工作室”领衔技师。从业二十余年，凭借突出技能和表现，先后获评“全国技术能手”“中国船舶工业总公司技术能手”“中船集团公司技术能手”“全国青年岗位能手”等称号，并入选《国防“511”人才库》，享受国务院津贴。工作中，他成功攻克多项技术难题，如异种材质对接焊接和低温钢焊接裂纹问题，在船舶焊接领域作出重要贡献。他还创新焊接技术，研发多项高效焊接方法和实用装置，推动焊接工艺升级，为船舶工业发展作出突出贡献。"}, {"编号": 20250311206, "年份": 2018, "区局": "机电", "姓名": "许志平", "年龄": 50, "姓名拼音": "Xu3-Zhi4-Ping2", "性别": "男", "工作单位": "上海电站辅机厂有限公司", "工种或工作头衔": "焊接", "领域": "高端装备", "行业": "机电", "工匠介绍": "许志平，上海电站辅机厂有限公司高级焊工，上海市劳动模范。作为焊接专家，他在有色金属焊接领域攻克多项技术难关，尤其在\"核岛\"工程钛合金材料焊接任务中，改装氩弧焊焊枪，实现无损探伤合格率100%。在上海辅厂承制的海上军事装备项目中，他带领团队突破焊接精度与密封性难题，采用创新工艺圆满达成任务。在某核反应堆主换热器项目中，许志平团队成功突破全盲内孔焊技术，保障保密产品安装。作为上海电气首席技师工作室成员，他致力于焊接技术传承，培养大批优秀焊接人才，多名徒弟在技术比武中获奖。他用精湛技术和无私奉献，为企业发展和国防事业作出重要贡献。"}, {"编号": 20250311221, "年份": 2018, "区局": "船舶", "姓名": "李勇", "年龄": 57, "姓名拼音": "Li3-Yong3", "性别": "男", "工作单位": "上海外高桥造船有限公司", "工种或工作头衔": "电焊工", "领域": "船舶建造", "行业": "船舶", "工匠介绍": "李勇，上海外高桥造船有限公司电焊班组长，扎根造船一线20余年，秉持“国轮国造”理念，致力于船舶制造技术攻关。他曾获“全国技术能手”“上海市劳模模范”“上海市首席技师”等多项荣誉。他全面掌握船舶电焊技术，练就过硬焊接技能，带领团队攻克多项关键技术难题，发表多篇论文并获得七项专利，培养焊工超千名，为公司创造显著经济效益。在“海洋石油981”超深水钻井平台、国内首艘超大型集装箱船等重点工程中，他成功解决多项焊接难题，探伤合格率均达98%以上，为企业节约资金数百万元。李勇以“敢于担当、追求极致、勇创一流”的精神诠释了新时代工匠的使命与担当。"}, {"编号": 20250311269, "年份": 2018, "区局": "电力股份", "姓名": "唐彬", "年龄": 51, "姓名拼音": "Tang2-Bin1", "性别": "男", "工作单位": "上海电力股份有限公司吴泾热电厂", "工种或工作头衔": "电焊工", "领域": "高端装备", "行业": "电力", "工匠介绍": "唐彬，上海市电机工程学会金属专业委员会委员，擅长金属材料冷热加工工艺、机器人弧焊设备应用及镍基、钴基高温合金修复。他多次在上海电力工业局、国家电力公司等组织的焊工技能大赛中获奖。作为焊接专家，唐彬带领团队荣获“上海市技师创新工作室”称号，并主持了高温高压蒸汽阀门密封面在线修复技术，获中国电力创新奖技术类二等奖。他拥有1项发明专利和9项实用新型专利，并发表了5篇科技论文。唐彬在电厂检修、高端装备再制造等领域取得显著成就，推动了相关技术的国产化和创新应用。"}, {"编号": 20250311317, "年份": 2019, "区局": "宝武", "姓名": "陈杰", "年龄": 49, "姓名拼音": "Chen2-Jie2", "性别": "男", "工作单位": "宝山钢铁股份有限公司", "工种或工作头衔": "设备点检", "领域": "高端装备", "行业": "钢铁冶金", "工匠介绍": "陈杰，宝钢股份冷轧厂高级技师，宝武集团技能大师，长期致力于激光焊接技术研究。他攻克数十项技术难题，为企业创造超亿元效益，培养创新团队。2009年起，陈杰主导超高强钢薄带材焊接技术突破，打破德日垄断，获上海市科技进步二等奖，推动产品达国内领先、国际先进水平。他拥有63项授权专利，创造1.23亿元效益。曾获上海市五一劳动奖章、劳动模范、全国五一劳动奖章等荣誉，并于2018年获国务院特殊津贴。"}, {"编号": 20250311323, "年份": 2019, "区局": "船舶", "姓名": "周蔚慈", "年龄": 50, "姓名拼音": "Zhou1-Wei4-Ci2", "性别": "女", "工作单位": "沪东中华造船集团船舶配套设备公司船用管件厂", "工种或工作头衔": "船舶电焊", "领域": "船舶建造", "行业": "船舶", "工匠介绍": "周蔚慈，国内首位获得LNG船殷瓦焊接最高等级G证的女焊工，擅长铜镍合金管、双相不锈钢、低温不锈钢管等有色金属管系焊接。她在LNG船殷瓦焊接领域取得突破性成果，参与攻关《大型液化天然气（LNG）船殷瓦部件制作技术研究》课题，成功攻克技术难题，完成国内首艘LNG船的建造工作并培养了多名技术骨干。作为\"周蔚慈焊接创新工作室\"带头人，她带领团队优化焊接工艺，制作辅助工装30余件，获\"上海市职工（技师）创新工作室\"称号。近十年来，她参与了20多艘LNG船液货舱殷瓦预制件的焊接生产，为提升焊接质量和效率作出了突出贡献。"}, {"编号": 20250311522, "年份": 2021, "区局": "航天局", "姓名": "吴毓颖", "年龄": 42, "姓名拼音": "Wu2-Yu4-Ying3", "性别": "女", "工作单位": "上海航天电子技术研究所", "工种或工作头衔": "微组装", "领域": "空间信息", "行业": "航天", "工匠介绍": "吴毓颖，作为微组装技术领域的专家，主持编制了《系统级封装结构与互连设计规范》《热超声楔焊工艺规范》等工艺文件，并在有源相控阵雷达收发组件研制工作中攻克多项工艺难题。作为上海市职工（巾帼）创新工作室领衔人，她培养了多名微组装技术专业人才，带领团队获得全国优秀质量管理小组、航天金牌班组等38项荣誉。曾获中国航天科技集团优秀共产党员、上海航天局青年岗位能手及三八红旗手标兵等多项荣誉称号。"}]}
2025-05-15 08:50:33,134 ChatBI->     INFO     websocket发送的数据为：{"result_insight": "上海有18位工匠带领团队攻克了多项焊接技术难题。"}
2025-05-15 08:50:34,206 ChatBI->     INFO     websocket发送的数据为：{"result_recommand": {"new_query_1": "这些工匠分布在哪些区局或行业？", "new_query_2": "这些工匠的平均年龄是多少？", "new_query_3": "这些工匠中有哪些是男性？"}}
2025-05-15 08:50:54,613 ChatBI->     INFO     schema linking: {'target_columns': ['姓名'], 'condition_columns': {'工匠介绍': '带领团队攻克多项焊接技术难题'}}
2025-05-15 08:50:54,903 ChatBI->     INFO     
2025-05-15 08:50:54,914 ChatBI->     INFO     你
2025-05-15 08:50:54,929 ChatBI->     INFO     希望
2025-05-15 08:50:54,941 ChatBI->     INFO     了解
2025-05-15 08:50:54,961 ChatBI->     INFO     带领
2025-05-15 08:50:54,983 ChatBI->     INFO     团队
2025-05-15 08:50:55,005 ChatBI->     INFO     攻克
2025-05-15 08:50:55,026 ChatBI->     INFO     多项
2025-05-15 08:50:55,046 ChatBI->     INFO     焊接
2025-05-15 08:50:55,068 ChatBI->     INFO     技术
2025-05-15 08:50:55,090 ChatBI->     INFO     难题
2025-05-15 08:50:55,112 ChatBI->     INFO     的
2025-05-15 08:50:55,133 ChatBI->     INFO     上海
2025-05-15 08:50:55,154 ChatBI->     INFO     工匠
2025-05-15 08:50:55,176 ChatBI->     INFO     的名字
2025-05-15 08:50:55,197 ChatBI->     INFO     。
2025-05-15 08:50:55,218 ChatBI->     INFO     这是一个
2025-05-15 08:50:55,240 ChatBI->     INFO     筛选
2025-05-15 08:50:55,260 ChatBI->     INFO     特定
2025-05-15 08:50:55,277 ChatBI->     INFO     技能
2025-05-15 08:50:55,294 ChatBI->     INFO     领域
2025-05-15 08:50:55,311 ChatBI->     INFO     内
2025-05-15 08:50:55,328 ChatBI->     INFO     工匠
2025-05-15 08:50:55,345 ChatBI->     INFO     的问题
2025-05-15 08:50:55,361 ChatBI->     INFO     。
2025-05-15 08:50:55,378 ChatBI->     INFO     需要
2025-05-15 08:50:55,395 ChatBI->     INFO     将
2025-05-15 08:50:55,412 ChatBI->     INFO     工
2025-05-15 08:50:55,430 ChatBI->     INFO     种
2025-05-15 08:50:55,447 ChatBI->     INFO     或
2025-05-15 08:50:55,464 ChatBI->     INFO     工作
2025-05-15 08:50:55,481 ChatBI->     INFO     头
2025-05-15 08:50:55,499 ChatBI->     INFO     衔
2025-05-15 08:50:55,516 ChatBI->     INFO     设
2025-05-15 08:50:55,532 ChatBI->     INFO     为
2025-05-15 08:50:55,549 ChatBI->     INFO     维度
2025-05-15 08:50:55,567 ChatBI->     INFO     字段
2025-05-15 08:50:55,583 ChatBI->     INFO     ，并
2025-05-15 08:50:55,600 ChatBI->     INFO     筛选
2025-05-15 08:50:55,617 ChatBI->     INFO     出
2025-05-15 08:50:55,634 ChatBI->     INFO     包含
2025-05-15 08:50:55,652 ChatBI->     INFO     “
2025-05-15 08:50:55,668 ChatBI->     INFO     焊接
2025-05-15 08:50:55,686 ChatBI->     INFO     ”
2025-05-15 08:50:55,703 ChatBI->     INFO     关键词
2025-05-15 08:50:55,720 ChatBI->     INFO     的
2025-05-15 08:50:55,737 ChatBI->     INFO     记录
2025-05-15 08:50:55,755 ChatBI->     INFO     。
2025-05-15 08:50:55,771 ChatBI->     INFO     同时
2025-05-15 08:50:55,788 ChatBI->     INFO     ，
2025-05-15 08:50:55,805 ChatBI->     INFO     需要
2025-05-15 08:50:55,822 ChatBI->     INFO     将
2025-05-15 08:50:55,841 ChatBI->     INFO     姓名
2025-05-15 08:50:55,857 ChatBI->     INFO     设
2025-05-15 08:50:55,874 ChatBI->     INFO     为
2025-05-15 08:50:55,891 ChatBI->     INFO     输出
2025-05-15 08:50:55,907 ChatBI->     INFO     字段
2025-05-15 08:50:55,924 ChatBI->     INFO     。


2025-05-15 08:50:55,941 ChatBI->     INFO     DONE
2025-05-15 08:50:55,960 ChatBI->     INFO     
2025-05-15 08:50:55,973 ChatBI->     INFO     任务类型: SQL
2025-05-15 08:50:57,098 ChatBI->     INFO     stad sql: SELECT `姓名` FROM gjw WHERE `工匠介绍` LIKE '%带领团队攻克多项焊接技术难题%' LIMIT 10;
2025-05-15 08:50:57,100 ChatBI->     INFO     非结构化信息为: {"`工匠介绍` LIKE '%带领团队攻克多项焊接技术难题%'": '带领团队攻克多项焊接技术难题'}
2025-05-15 08:50:57,634 ChatBI->     INFO     带领团队攻克多项焊接技术难题 的命名实体判别： no
2025-05-15 08:50:57,636 ChatBI->     INFO     开始对非结构化文档【粗略】检索
2025-05-15 08:50:57,837 ChatBI->     INFO     检索到的文档总数量为：500
2025-05-15 08:50:57,866 ChatBI->     INFO     开始对非结构化文档【深度】检索
2025-05-15 08:50:58,613 ChatBI->     INFO     step_scores: ['yes', 'yes', 'yes', 'no', 'yes', 'yes', 'no', 'no', 'no', 'no', 'yes', 'no', 'yes', 'no', 'no', 'yes', 'no', 'no', 'no', 'no']
2025-05-15 08:50:58,614 ChatBI->     INFO     层级抽取文档： 李勇，上海外高桥造船有限公司电焊班组长，扎根造船一线20余年，秉持“国轮国造”理念，致力于船舶制造技术攻关。他曾获“全国技术能手”“上海市劳模模范”“上海市首席技师”等多项荣誉。他全面掌握船舶电焊技术，练就过硬焊接技能，带领团队攻克多项关键技术难题，发表多篇论文并获得七项专利，培养焊工超千名，为公司创造显著经济效益。在“海洋石油981”超深水钻井平台、国内首艘超大型集装箱船等重点工程中，他成功解决多项焊接难题，探伤合格率均达98%以上，为企业节约资金数百万元。李勇以“敢于担当、追求极致、勇创一流”的精神诠释了新时代工匠的使命与担当。 ==> yes  
2025-05-15 08:50:58,614 ChatBI->     INFO     层级抽取文档： 王忠平，焊接专家，从事焊接工作34年，参与了多型船舶及重大工程的焊接任务，攻克多项技术难题。他创新CO2焊单面衬垫焊技术，提升焊接质量，编写《船舶电焊工》教材并开展培训，技术论文多次获奖。王忠平获多项荣誉，包括上海市技术能手、全国技术能手、国务院特殊津贴等，并主持船舶焊接质量攻关工作，为船舶工业发展作出突出贡献。 ==> yes  
2025-05-15 08:50:58,614 ChatBI->     INFO     层级抽取文档： 陈杰，宝钢股份冷轧厂高级技师，宝武集团技能大师，长期致力于激光焊接技术研究。他攻克数十项技术难题，为企业创造超亿元效益，培养创新团队。2009年起，陈杰主导超高强钢薄带材焊接技术突破，打破德日垄断，获上海市科技进步二等奖，推动产品达国内领先、国际先进水平。他拥有63项授权专利，创造1.23亿元效益。曾获上海市五一劳动奖章、劳动模范、全国五一劳动奖章等荣誉，并于2018年获国务院特殊津贴。 ==> yes  
2025-05-15 08:50:58,614 ChatBI->     INFO     层级抽取文档： 夏总兵，现任上汽通用金桥北厂车身车间专家级激光焊接工程师，兼任“上汽通用机器人创新工作室”首席技师、四地整车维修工匠机运系统分会会长等职。秉持“精于工、匠于心、品于行”的工匠精神，他在机运控制、机器人调试等领域表现突出，掌握多项高精尖技术，获维修电工技师、机器人装调维修技师等多项职业资格认证。他善于创新，成功攻克多项技术难题，如机运系统柔性化存储功能改造，为企业节约成本近300万元。同时，他积极培养人才，编纂专业教材并开发实用性课程，为公司培养了一批优秀技术骨干。 ==> no  
2025-05-15 08:50:58,614 ChatBI->     INFO     层级抽取文档： 魏钧，焊接技术专家，自2007年加入振华重工以来，凭借精湛技艺和不懈努力，先后取得焊工技师资格及中国CCS6GR、英国6GR、美国ASME等国际权威认证。他在2013年乌克兰BENARDOS杯国际焊工大赛中荣获"最佳焊件优秀选手"称号及唯一国际焊工证书。作为公司唯一精通氩弧焊、手工焊和CO2气体保护焊三项技能的电焊工，魏钧带领团队出色完成美国钢桥、港珠澳大桥等多项重大项目焊接任务，焊接检测合格率达100%。他每年为公司创造效益超300万美元，并通过"魏钧劳模工作室"和兼职讲师身份培养高技能人才，为中国制造2025战略贡献力量。 ==> yes  
2025-05-15 08:50:58,614 ChatBI->     INFO     层级抽取文档： 赵黎明，上海锅炉厂有限公司首席技师，国家级"赵黎明技能大师焊接技术工作室"负责人。从业三十余年，主持完成"HRSG余热锅炉T91材料管座全氩焊接"等十多项焊接技术攻关，获多项国家专利授权与技术成果奖。发表多篇技术论文，其中7篇入选《技术工人先进操作法选编》。推广"左右手氩弧焊"等绝技，显著提升焊接质量。培养高级技师4名，焊接高技能人才100余名，指导学员多次在全国焊接比赛中获奖，并组织多项先进操作法推广活动。 ==> yes  
2025-05-15 08:50:58,615 ChatBI->     INFO     层级抽取文档： 吉志勇，高级技师、宝钢技能专家，长期扎根检修事业部基层一线，潜心钻研冶金电机优化改造及工装夹具设计。他主持完成多项重大科研攻关项目，获中国宝武技术创新重大成果奖工人奖。首创突破国外技术壁垒的专有技术，其中《电机断轴不焊接接轴技术》救活上百台电机。累计创造直接经济效益超5000万元，获国家授权专利37项，其中发明专利9项，研究成果获上海市科技进步二等奖等多项大奖。他以"传帮带"为己任，在创新工作室培养专业人才，带动团队申报专利71项，创造经济效益超9000万元，获上海市劳模创新工作室称号。目前，他带领团队开展《基于手机APP与互联网的旋转设备智能对中仪》研发，致力于推动传统工艺技术升级。 ==> no  
2025-05-15 08:50:58,615 ChatBI->     INFO     层级抽取文档： 杨庆华，国网上海市电力公司检修公司输电运检中心专业工程师、高级技师，享受国务院政府特殊津贴。他长期从事输电线路工作，带领团队出色完成了抗冰抢险、奥运保电、世博工程等重大工程，在400天内完成400基铁塔改造，攻克多项交直流特高压带电作业难题。他设计的高空防坠落装置等创新设备获国家专利并广泛应用。由他领衔的"输电技术创新工作室"攻克多项技术难关，累计创造经济效益超10亿元。该工作室于2014年被授予"全国示范性劳模创新工作室"称号。 ==> no  
2025-05-15 08:50:58,615 ChatBI->     INFO     层级抽取文档： 张勇，作为优秀的工匠，始终秉持创新思维，成功破解传统除尘滤料技术难题，研发高效除尘滤料，实现国产替代进口。他带领团队攻克“防护型灭菌过滤网”项目，核心技术达国际领先水平，申请国际发明专利并获《科学技术成果项目》A等级评定。其团队申请国家专利122项，授权70项，其中张勇个人申请专利83项，授权47项，并获多项全国性评选金银铜奖。其创新能力和技术水平在业内享有盛誉。 ==> no  
2025-05-15 08:50:58,615 ChatBI->     INFO     层级抽取文档： 阚宝春，现为上海电气上重碾磨特装设备有限公司二金工车间加工一组组长及“阚宝春首席技师工作室”带头人。先后四次获评上海电气首席技师，现为终身首席技师。他带领团队攻克多项技术难关，提出的《老“英国桥铣”在新需求下的铣头改进》项目获2018年度机电工会合理化建议一等奖并取得实用新型专利。阚宝春培养了约10名技术骨干，使其实现“一岗多能”，增强企业核心竞争力。他个人荣获上海市劳动模范、闵行当代工匠、机械工业百名工匠、中国重型机械行业大工匠等多项荣誉。其团队获工人先锋号、李斌式班组标杆等称号，并两次获上海电气职工优秀合理化建议奖。 ==> no  
2025-05-15 08:50:58,615 ChatBI->     INFO     层级抽取文档： 皋利利，作为电装与微组装工艺技术专家，长期致力于航天制造领域技术攻关。她在电装与微组装领域主持完成20余项关键工艺技术攻关，主持论证并建成多条数字化生产线，带领团队实现多项技术突破。发表专业论文10余篇，获发明专利授权11项。破解了筛选后散料元器件自动供料等关键技术难题，创新复杂特殊元器件焊接工艺和组装技术，主持完善电装技术标准体系。在相控阵天控组件装焊难题上取得突破，推动国内微带天线阵面组装技术水平领先，生产效率和产品合格率显著提升。作为上海航天技术研究院电装专业带头人，培养了高级技师、技师、高级工、工程师等专业人才，为行业技术发展做出重要贡献。 ==> yes  
2025-05-15 08:50:58,615 ChatBI->     INFO     层级抽取文档： 戴 渊，现任上海飞机制造有限公司钣金制造车间首席技师，国家级技能大师工作室领衔人。自1988年入职以来，参与了中美麦道合作项目、波音转包生产、ARJ21支线飞机及C919客机等多项钣金零件制造工作。在ARJ21及C919项目中，攻克了多项技术难题，制定《铝锂合金的成形》规范，获得两项技术革新奖、一项科技进步三等奖，并成功申报两项专利。作为工作室带头人，他推动群策群力工作，提升提案效率，并通过"五位一体"培养模式，累计培训1800余人次，培养出多名高技能人才，形成梯队。他培养八名徒弟，晋升多人为高级工或技师，并编写近9万字专业教材，为钣金制造领域人才发展做出重要贡献。 ==> no  
2025-05-15 08:50:58,615 ChatBI->     INFO     层级抽取文档： 刘霞，从事汽轮机零部件焊接工艺技术工作三十余年，长期致力于技术攻关和工艺研发。她成功攻克"华龙一号"百万核电汽轮机超大型低压焊接转子等关键技术难题，开发出具有自主知识产权、国际领先的高效窄间隙焊接工艺技术，打破了国外技术垄断，推动了相关技术的产业化应用。她创立上海电气首个女劳模创新工作室，培养出两名在职博士和三名工程硕士，为企业发展做出了突出贡献。 ==> yes  
2025-05-15 08:50:58,615 ChatBI->     INFO     层级抽取文档： 沈蔚松,作为我国航天器总装生产的技能大师，长期奋战在航天产品总装一线，参与了长征系列火箭、载人航天工程、探月工程等国家重大专项，解决了多项关键技术难题。他主导的便携式蓄压器配气台、伺服机构调测装置等创新成果大幅提升了发射任务成功率，并攻克了可重复使用火箭栅格舵系统等多项装配技术难题。沈蔚松拥有1项发明专利和6项实用新型专利，先后获中国航天科技集团公司航天贡献奖、载人航天突出贡献奖等多项荣誉，并被授予"闵行当代工匠"称号，作为首席技师获批建立技能大师工作室。他培养了一支高水平的航天总装技能团队，为我国航天事业作出了突出贡献。 ==> no  
2025-05-15 08:50:58,615 ChatBI->     INFO     层级抽取文档： 王红，是宝钢股份厚板事业部一线工人，拥有宝武高级技师、电气维护工程师等职称，扎根生产一线20余年，参与多项国家使命类产品生产供应任务。他擅长攻克华龙核电、中俄东线等国家重点工程急需的高精度用钢生产核心技术难题，累计申请专利50项，其中发明专利39项，认定技术秘密54项，多次在国内外发明展中获奖。其"高精度5米厚板加热关键技术创新与应用"项目获2022年度上海市科技进步奖二等奖，授权专利"一种用于中厚板初轧机导卫装置上的位移检测器结构"在国内多家钢厂推广应用。作为宝钢员工创新活动指导志愿者和兼职内训师，他培养了20余名高技能人才，为技术传承和岗位创新作出积极贡献。 ==> no  
2025-05-15 08:50:58,615 ChatBI->     INFO     层级抽取文档： 张晓东，现任中冶宝钢技术服务有限公司张晓东大师工作室负责人，在焊接技术培训领域成果显著，累计培训电焊技术农民工100余人次，其中12人获得高级技师和技师资格证书，20余人取得高级工证书。其徒弟在全国建设系统比武中获第八名，一人荣获上海市职业技能金奖，一人被评为上海市“优秀农民工”称号，多人在宝钢设备系统技术比武中获得前三名。他主持研发了RH浸渍管专用焊割装置等实用新型发明专利，参与编撰的《检修工艺链—焊接篇》已被公司列为标准规范，并在《冶金设备》、《工业建筑》、《焊接》等核心期刊发表专业论文6篇。其工作室研发的大型转炉检修工艺达国内领先水平，编制的《大型转炉托圈的裂纹修复》在全国冶金建设... ==> yes  
2025-05-15 08:50:58,616 ChatBI->     INFO     层级抽取文档： 陆忠明，大金空调（上海）有限公司首席技师、国家级技能大师工作室领头人。从业二十余年，他主持完成多项技术革新与设备改造，累计为企业节约经费千余万元。作为设备维护领域专家，他成功攻克多项技术难题，实现多项进口设备部件的国产化替代。在生产效率提升与节能改造方面，他主导完成了多项技术改善，年均节约经费百余万元。作为技能大师工作室负责人，他培养了大批高技能人才，多人荣获省市技术能手称号。他还兼任上海开放大学兼职讲师，为社会技能人才培养作出积极贡献。 ==> no  
2025-05-15 08:50:58,616 ChatBI->     INFO     层级抽取文档： 谢邦鹏，清华大学博士毕业，现任国网上海浦东供电公司配电运检室副主任，长期扎根基层生产一线。在世博保电、核心区世界一流配电网建设、迪士尼保供电等重大任务中表现突出，获"全国五一劳动奖章""上海市劳动模范""国家电网公司劳动模范"等多项荣誉。&#10;&#10;谢邦鹏在继电保护和配电自动化领域具有深厚技术功底，主持参与了线损管理、无功补偿等十余项创新性科技项目研究，获上海市科技进步三等奖等多项荣誉。他独立研发的"大电流试验万用组合短接工具"等创新成果获多项专利授权并推广应用。同时，他带领团队发表中英文科技论文十余篇，获得发明专利授权9项、实用新型专利授权32项。&#10;&#10;作为劳模宣... ==> no  
2025-05-15 08:50:58,616 ChatBI->     INFO     层级抽取文档： 周纪东，荣获全国“五·一”劳动奖章、上海市劳动模范等荣誉。他带领创新团队，运用“互联网+”及IT技术，推动企业高质量发展。主持《SC快速连接器断纤原因分析与光纤接续操作法》等项目，获中国电信员工岗位创新成果优秀奖等。发明《蝶形光缆热熔弓型取纤架》，解决光纤熔接难题，已申请专利。自主研发“一箱十线管控平台”等，提升工作效率并被推广。作为装维技术劳模创新工作室带头人，培训千余人次，推动宽带业务、光纤熔接及智慧家庭技术发展。 ==> no  
2025-05-15 08:50:58,616 ChatBI->     INFO     层级抽取文档： 李俊，作为公司国防重点型号飞机无线电装接领域的核心骨干，长期参与大型军用飞机、歼击机、直升机及无人机等项目的装接生产工作。凭借精湛技术和高度责任感，他确保交付产品合格率始终保持100%，并在多项工艺革新中提升工时利用率超20%。&#10;&#10;李俊曾获多项荣誉：2012年中航工业电装技能竞赛"优胜奖"，2014年上海IPC"优秀工艺奖"，同年在集团第二届电装竞赛中位列第六并获"操作规范奖"；2014年获"青年岗位能手"和"技术能手"称号；2015年被评为"上海市青年岗位能手"；2016年获上海市"五一劳动奖章"；2017年在职业技能竞赛中夺冠；2018年当选上海市人大代表，并获"青年... ==> no  
2025-05-15 08:50:58,616 ChatBI->     INFO     阈值索引为：30, 窗口大小为: 20 
2025-05-15 08:50:58,616 ChatBI->     INFO     确定的文档: 11; 在次确认的文档: 39
2025-05-15 08:50:59,953 ChatBI->     INFO     从39个需再次确认的文档中筛选出的相关文档数量：10
2025-05-15 08:50:59,953 ChatBI->     INFO     示例文档：['赵黎明，上海锅炉厂有限公司首席技师，国家级"赵黎明技能大师焊接技术工作室"负责人。从业三十余年，主持完成"HRSG余热锅炉T91材料管座全氩焊接"等十多项焊接技术攻关，获多项国家专利授权与技术成果奖。发表多篇技术论文，其中7篇入选《技术工人先进操作法选编》。推广"左右手氩弧焊"等绝技，显著提升焊接质量。培养高级技师4名，焊接高技能人才100余名，指导学员多次在全国焊接比赛中获奖，并组织多项先进操作法推广活动。', '李琦凤，长期从事航天电子产品装联工作，在刚性及刚柔结合电路板焊接技术、复杂电缆网制作和细间距小型、微型元器件焊接方面具有突出专长。她成功攻克多项技术难题，完成多项技术革新，为企业创造显著经济效益。荣获全国技术能手、集团公司职业技能竞赛第一名、上海市首席技师千人计划项目资助等荣誉，入选集团公司技能人才队伍智库专家和院首席技师。作为上海航天技能大师工作室负责人，她主持完成多个课题研究，获得上海市优秀发明铜奖，研究成果收录于中国航天科技集团公司《航天技能人才操作实践案例》，并荣获第十届上海航天局技能技术成果论文评选活动一等奖。她注重技艺传承，培养多名优秀徒弟，多人成长为业务骨干，积极承担职业技...', '唐彬，上海市电机工程学会金属专业委员会委员，擅长金属材料冷热加工工艺、机器人弧焊设备应用及镍基、钴基高温合金修复。他多次在上海电力工业局、国家电力公司等组织的焊工技能大赛中获奖。作为焊接专家，唐彬带领团队荣获“上海市技师创新工作室”称号，并主持了高温高压蒸汽阀门密封面在线修复技术，获中国电力创新奖技术类二等奖。他拥有1项发明专利和9项实用新型专利，并发表了5篇科技论文。唐彬在电厂检修、高端装备再制造等领域取得显著成就，推动了相关技术的国产化和创新应用。', '吴毓颖，作为微组装技术领域的专家，主持编制了《系统级封装结构与互连设计规范》《热超声楔焊工艺规范》等工艺文件，并在有源相控阵雷达收发组件研制工作中攻克多项工艺难题。作为上海市职工（巾帼）创新工作室领衔人，她培养了多名微组装技术专业人才，带领团队获得全国优秀质量管理小组、航天金牌班组等38项荣誉。曾获中国航天科技集团优秀共产党员、上海航天局青年岗位能手及三八红旗手标兵等多项荣誉称号。', '王正明，1993年从江苏省淮安市农村来到上海宝冶集团，投身宝钢建设，从电焊学徒成长为焊接领域专家。他创新多项焊接技术，获得6项发明专利和10项实用新型专利，解决了众多焊接难题，为行业节约成本并提升效率。他建立焊工培训基地，培养焊工3000余人次，助力技能传承。曾获"上海市农民工先进个人"等多项荣誉，拥有焊接高级技师、国际焊接技师和一级建筑师资质。他用实际行动诠释了大国工匠精神，为行业和国家发展做出重要贡献。']
2025-05-15 08:50:59,954 ChatBI->     INFO     没有找到<  >对应的视图
2025-05-15 08:51:00,099 ChatBI->     INFO     websocket发送的数据为：{"sql_gen": "SELECT `姓名` FROM gjw WHERE `工匠介绍` LIKE '%带领团队攻克多项焊接技术难题%' LIMIT 10;"}
2025-05-15 08:51:00,100 ChatBI->     INFO     websocket发送的数据为：{"response": [{"姓名": "张翼飞"}, {"姓名": "卢长春"}, {"姓名": "魏钧"}, {"姓名": "赵黎明"}, {"姓名": "陈景毅"}, {"姓名": "许志平"}, {"姓名": "李勇"}, {"姓名": "唐彬"}, {"姓名": "陈杰"}, {"姓名": "周蔚慈"}]}
2025-05-15 08:51:00,170 ChatBI->     INFO     websocket发送的数据为：{"data_detail": [{"编号": 20250311048, "年份": 2016, "区局": "船舶", "姓名": "张翼飞", "年龄": 68, "姓名拼音": "Zhang1-Yi4-Fei1", "性别": "男", "工作单位": "沪东中华造船（集团）有限公司", "工种或工作头衔": "船舶电焊", "领域": "船舶建造", "行业": "船舶", "工匠介绍": "张翼飞，沪东中华造船（集团）有限公司首席技师、集团公司首席技师，全国技术能手称号获得者，\"张翼飞劳模创新工作室\"创始人。他培养了5名全国技术能手和4名省部级劳动模范，带领团队攻克多项焊接技术难题，成功研发双相不锈钢焊接工艺、单电源双丝自动埋弧焊等多项关键技术。他主持制定了泵塔氩弧焊/CO2混合焊工艺标准，推动了焊接机器人的应用。张翼飞还主编了《船厂焊工操作手册》并发表了多篇专业论文，其中两项成果获上海市专利发明。他获得\"中华技能大奖\"\"全国五一劳动奖章\"等多项荣誉，为船舶工业发展作出了突出贡献。"}, {"编号": 20250311087, "年份": 2016, "区局": "焊接协会", "姓名": "卢长春", "年龄": 54, "姓名拼音": "Lu2-Chang2-Chun1", "性别": "男", "工作单位": "中冶宝钢技术服务有限公司第二分公司（中冶宝钢）", "工种或工作头衔": "焊工", "领域": "高端装备", "行业": "钢铁冶金", "工匠介绍": "卢长春，作为杰出的大国工匠，在焊接领域取得了卓越成就。他多次在全国冶金系统焊工比赛中荣获佳绩，并获得\"全国冶金建设行业高级技能专家\"、\"全国冶金建设行业技术能手\"等称号。他发明的管道带水焊接工艺和氩弧焊焊接铅板技术填补了国内空白，参与国家重点项目建设，攻克多项焊接技术难题，创造显著经济效益。他还培养了众多技术骨干，带领团队在全国性比赛中屡获佳绩。卢长春以其精湛技艺和创新精神，为行业发展做出了重要贡献。"}, {"编号": 20250311089, "年份": 2017, "区局": "浦东新区", "姓名": "魏钧", "年龄": 46, "姓名拼音": "Wei4-Jun1", "性别": "男", "工作单位": "上海振华重工（集团）股份有限公司长兴分公司", "工种或工作头衔": "焊工", "领域": "港口", "行业": "高端装备", "工匠介绍": "魏钧，焊接技术专家，自2007年加入振华重工以来，凭借精湛技艺和不懈努力，先后取得焊工技师资格及中国CCS6GR、英国6GR、美国ASME等国际权威认证。他在2013年乌克兰BENARDOS杯国际焊工大赛中荣获\"最佳焊件优秀选手\"称号及唯一国际焊工证书。作为公司唯一精通氩弧焊、手工焊和CO2气体保护焊三项技能的电焊工，魏钧带领团队出色完成美国钢桥、港珠澳大桥等多项重大项目焊接任务，焊接检测合格率达100%。他每年为公司创造效益超300万美元，并通过\"魏钧劳模工作室\"和兼职讲师身份培养高技能人才，为中国制造2025战略贡献力量。"}, {"编号": 20250311118, "年份": 2017, "区局": "机电", "姓名": "赵黎明", "年龄": 62, "姓名拼音": "Zhao4-Li2-Ming2", "性别": "男", "工作单位": "上海锅炉厂有限公司", "工种或工作头衔": "电焊工", "领域": "高端装备", "行业": "机电", "工匠介绍": "赵黎明，上海锅炉厂有限公司首席技师，国家级\"赵黎明技能大师焊接技术工作室\"负责人。从业三十余年，主持完成\"HRSG余热锅炉T91材料管座全氩焊接\"等十多项焊接技术攻关，获多项国家专利授权与技术成果奖。发表多篇技术论文，其中7篇入选《技术工人先进操作法选编》。推广\"左右手氩弧焊\"等绝技，显著提升焊接质量。培养高级技师4名，焊接高技能人才100余名，指导学员多次在全国焊接比赛中获奖，并组织多项先进操作法推广活动。"}, {"编号": 20250311135, "年份": 2017, "区局": "船舶", "姓名": "陈景毅", "年龄": 54, "姓名拼音": "Chen2-Jing3-Yi4", "性别": "男", "工作单位": "江南造船（集团）有限责任公司", "工种或工作头衔": "船舶电焊工", "领域": "船舶建造", "行业": "船舶", "工匠介绍": "陈景毅，江南造船（集团）有限公司船舶电焊工高级技师，上海市焊接首席技师，“陈景毅国家技能大师工作室”领衔技师。从业二十余年，凭借突出技能和表现，先后获评“全国技术能手”“中国船舶工业总公司技术能手”“中船集团公司技术能手”“全国青年岗位能手”等称号，并入选《国防“511”人才库》，享受国务院津贴。工作中，他成功攻克多项技术难题，如异种材质对接焊接和低温钢焊接裂纹问题，在船舶焊接领域作出重要贡献。他还创新焊接技术，研发多项高效焊接方法和实用装置，推动焊接工艺升级，为船舶工业发展作出突出贡献。"}, {"编号": 20250311206, "年份": 2018, "区局": "机电", "姓名": "许志平", "年龄": 50, "姓名拼音": "Xu3-Zhi4-Ping2", "性别": "男", "工作单位": "上海电站辅机厂有限公司", "工种或工作头衔": "焊接", "领域": "高端装备", "行业": "机电", "工匠介绍": "许志平，上海电站辅机厂有限公司高级焊工，上海市劳动模范。作为焊接专家，他在有色金属焊接领域攻克多项技术难关，尤其在\"核岛\"工程钛合金材料焊接任务中，改装氩弧焊焊枪，实现无损探伤合格率100%。在上海辅厂承制的海上军事装备项目中，他带领团队突破焊接精度与密封性难题，采用创新工艺圆满达成任务。在某核反应堆主换热器项目中，许志平团队成功突破全盲内孔焊技术，保障保密产品安装。作为上海电气首席技师工作室成员，他致力于焊接技术传承，培养大批优秀焊接人才，多名徒弟在技术比武中获奖。他用精湛技术和无私奉献，为企业发展和国防事业作出重要贡献。"}, {"编号": 20250311221, "年份": 2018, "区局": "船舶", "姓名": "李勇", "年龄": 57, "姓名拼音": "Li3-Yong3", "性别": "男", "工作单位": "上海外高桥造船有限公司", "工种或工作头衔": "电焊工", "领域": "船舶建造", "行业": "船舶", "工匠介绍": "李勇，上海外高桥造船有限公司电焊班组长，扎根造船一线20余年，秉持“国轮国造”理念，致力于船舶制造技术攻关。他曾获“全国技术能手”“上海市劳模模范”“上海市首席技师”等多项荣誉。他全面掌握船舶电焊技术，练就过硬焊接技能，带领团队攻克多项关键技术难题，发表多篇论文并获得七项专利，培养焊工超千名，为公司创造显著经济效益。在“海洋石油981”超深水钻井平台、国内首艘超大型集装箱船等重点工程中，他成功解决多项焊接难题，探伤合格率均达98%以上，为企业节约资金数百万元。李勇以“敢于担当、追求极致、勇创一流”的精神诠释了新时代工匠的使命与担当。"}, {"编号": 20250311269, "年份": 2018, "区局": "电力股份", "姓名": "唐彬", "年龄": 51, "姓名拼音": "Tang2-Bin1", "性别": "男", "工作单位": "上海电力股份有限公司吴泾热电厂", "工种或工作头衔": "电焊工", "领域": "高端装备", "行业": "电力", "工匠介绍": "唐彬，上海市电机工程学会金属专业委员会委员，擅长金属材料冷热加工工艺、机器人弧焊设备应用及镍基、钴基高温合金修复。他多次在上海电力工业局、国家电力公司等组织的焊工技能大赛中获奖。作为焊接专家，唐彬带领团队荣获“上海市技师创新工作室”称号，并主持了高温高压蒸汽阀门密封面在线修复技术，获中国电力创新奖技术类二等奖。他拥有1项发明专利和9项实用新型专利，并发表了5篇科技论文。唐彬在电厂检修、高端装备再制造等领域取得显著成就，推动了相关技术的国产化和创新应用。"}, {"编号": 20250311317, "年份": 2019, "区局": "宝武", "姓名": "陈杰", "年龄": 49, "姓名拼音": "Chen2-Jie2", "性别": "男", "工作单位": "宝山钢铁股份有限公司", "工种或工作头衔": "设备点检", "领域": "高端装备", "行业": "钢铁冶金", "工匠介绍": "陈杰，宝钢股份冷轧厂高级技师，宝武集团技能大师，长期致力于激光焊接技术研究。他攻克数十项技术难题，为企业创造超亿元效益，培养创新团队。2009年起，陈杰主导超高强钢薄带材焊接技术突破，打破德日垄断，获上海市科技进步二等奖，推动产品达国内领先、国际先进水平。他拥有63项授权专利，创造1.23亿元效益。曾获上海市五一劳动奖章、劳动模范、全国五一劳动奖章等荣誉，并于2018年获国务院特殊津贴。"}, {"编号": 20250311323, "年份": 2019, "区局": "船舶", "姓名": "周蔚慈", "年龄": 50, "姓名拼音": "Zhou1-Wei4-Ci2", "性别": "女", "工作单位": "沪东中华造船集团船舶配套设备公司船用管件厂", "工种或工作头衔": "船舶电焊", "领域": "船舶建造", "行业": "船舶", "工匠介绍": "周蔚慈，国内首位获得LNG船殷瓦焊接最高等级G证的女焊工，擅长铜镍合金管、双相不锈钢、低温不锈钢管等有色金属管系焊接。她在LNG船殷瓦焊接领域取得突破性成果，参与攻关《大型液化天然气（LNG）船殷瓦部件制作技术研究》课题，成功攻克技术难题，完成国内首艘LNG船的建造工作并培养了多名技术骨干。作为\"周蔚慈焊接创新工作室\"带头人，她带领团队优化焊接工艺，制作辅助工装30余件，获\"上海市职工（技师）创新工作室\"称号。近十年来，她参与了20多艘LNG船液货舱殷瓦预制件的焊接生产，为提升焊接质量和效率作出了突出贡献。"}]}
2025-05-15 08:51:01,074 ChatBI->     INFO     websocket发送的数据为：{"result_insight": "上海有十位工匠带领团队攻克了多项焊接技术难题，他们分别是：张翼飞、卢长春、魏钧、赵黎明、陈景毅、许志平、李勇、唐彬、陈杰和周蔚慈。"}
2025-05-15 08:51:02,138 ChatBI->     INFO     websocket发送的数据为：{"result_recommand": {"new_query_1": "这些工匠分别属于哪个工作单位？", "new_query_2": "这些工匠的年龄分别是多少？", "new_query_3": "这些工匠所属的领域有哪些？"}}
2025-05-15 08:55:20,567 ChatBI->     INFO     schema linking: {'target_columns': ['工作单位'], 'condition_columns': {}}
2025-05-15 08:55:20,851 ChatBI->     INFO     
2025-05-15 08:55:20,862 ChatBI->     INFO     你
2025-05-15 08:55:20,874 ChatBI->     INFO     希望
2025-05-15 08:55:20,886 ChatBI->     INFO     了解
2025-05-15 08:55:20,900 ChatBI->     INFO     上海
2025-05-15 08:55:20,917 ChatBI->     INFO     工匠
2025-05-15 08:55:20,934 ChatBI->     INFO     们的
2025-05-15 08:55:20,951 ChatBI->     INFO     毕业
2025-05-15 08:55:20,968 ChatBI->     INFO     院校
2025-05-15 08:55:20,985 ChatBI->     INFO     有哪些
2025-05-15 08:55:21,002 ChatBI->     INFO     。
2025-05-15 08:55:21,020 ChatBI->     INFO     这是一个
2025-05-15 08:55:21,039 ChatBI->     INFO     关于
2025-05-15 08:55:21,058 ChatBI->     INFO     上海
2025-05-15 08:55:21,073 ChatBI->     INFO     工匠
2025-05-15 08:55:21,090 ChatBI->     INFO     的
2025-05-15 08:55:21,107 ChatBI->     INFO     教育
2025-05-15 08:55:21,124 ChatBI->     INFO     背景
2025-05-15 08:55:21,141 ChatBI->     INFO     的问题
2025-05-15 08:55:21,158 ChatBI->     INFO     。
2025-05-15 08:55:21,175 ChatBI->     INFO     根据
2025-05-15 08:55:21,192 ChatBI->     INFO     提供的
2025-05-15 08:55:21,209 ChatBI->     INFO     schema
2025-05-15 08:55:21,226 ChatBI->     INFO     信息
2025-05-15 08:55:21,243 ChatBI->     INFO     ，
2025-05-15 08:55:21,261 ChatBI->     INFO     当前
2025-05-15 08:55:21,277 ChatBI->     INFO     表
2025-05-15 08:55:21,294 ChatBI->     INFO     中
2025-05-15 08:55:21,311 ChatBI->     INFO     并没有
2025-05-15 08:55:21,328 ChatBI->     INFO     直接
2025-05-15 08:55:21,345 ChatBI->     INFO     包含
2025-05-15 08:55:21,362 ChatBI->     INFO     “
2025-05-15 08:55:21,380 ChatBI->     INFO     毕业
2025-05-15 08:55:21,397 ChatBI->     INFO     院校
2025-05-15 08:55:21,413 ChatBI->     INFO     ”
2025-05-15 08:55:21,430 ChatBI->     INFO     这一
2025-05-15 08:55:21,447 ChatBI->     INFO     字段
2025-05-15 08:55:21,464 ChatBI->     INFO     。
2025-05-15 08:55:21,482 ChatBI->     INFO     因此
2025-05-15 08:55:21,499 ChatBI->     INFO     ，
2025-05-15 08:55:21,516 ChatBI->     INFO     无法
2025-05-15 08:55:21,533 ChatBI->     INFO     直接
2025-05-15 08:55:21,550 ChatBI->     INFO     从
2025-05-15 08:55:21,567 ChatBI->     INFO     现有
2025-05-15 08:55:21,584 ChatBI->     INFO     数据
2025-05-15 08:55:21,601 ChatBI->     INFO     中
2025-05-15 08:55:21,618 ChatBI->     INFO     获取
2025-05-15 08:55:21,635 ChatBI->     INFO     上海
2025-05-15 08:55:21,652 ChatBI->     INFO     工匠
2025-05-15 08:55:21,669 ChatBI->     INFO     们的
2025-05-15 08:55:21,686 ChatBI->     INFO     毕业
2025-05-15 08:55:21,703 ChatBI->     INFO     院校
2025-05-15 08:55:21,720 ChatBI->     INFO     信息
2025-05-15 08:55:21,737 ChatBI->     INFO     。


2025-05-15 08:55:21,754 ChatBI->     INFO     为了
2025-05-15 08:55:21,771 ChatBI->     INFO     回答
2025-05-15 08:55:21,789 ChatBI->     INFO     这个问题
2025-05-15 08:55:21,806 ChatBI->     INFO     ，
2025-05-15 08:55:21,823 ChatBI->     INFO     可能
2025-05-15 08:55:21,840 ChatBI->     INFO     需要
2025-05-15 08:55:21,857 ChatBI->     INFO     额外
2025-05-15 08:55:21,874 ChatBI->     INFO     的数据
2025-05-15 08:55:21,891 ChatBI->     INFO     源
2025-05-15 08:55:21,908 ChatBI->     INFO     或
2025-05-15 08:55:21,925 ChatBI->     INFO     字段
2025-05-15 08:55:21,942 ChatBI->     INFO     来
2025-05-15 08:55:21,959 ChatBI->     INFO     包含
2025-05-15 08:55:21,976 ChatBI->     INFO     工匠
2025-05-15 08:55:21,993 ChatBI->     INFO     的
2025-05-15 08:55:22,010 ChatBI->     INFO     毕业
2025-05-15 08:55:22,028 ChatBI->     INFO     院校
2025-05-15 08:55:22,044 ChatBI->     INFO     信息
2025-05-15 08:55:22,061 ChatBI->     INFO     。
2025-05-15 08:55:22,079 ChatBI->     INFO     如果
2025-05-15 08:55:22,096 ChatBI->     INFO     假设
2025-05-15 08:55:22,113 ChatBI->     INFO     存在
2025-05-15 08:55:22,129 ChatBI->     INFO     一个
2025-05-15 08:55:22,147 ChatBI->     INFO     包含
2025-05-15 08:55:22,164 ChatBI->     INFO     工匠
2025-05-15 08:55:22,181 ChatBI->     INFO     毕业
2025-05-15 08:55:22,198 ChatBI->     INFO     院校
2025-05-15 08:55:22,215 ChatBI->     INFO     信息
2025-05-15 08:55:22,232 ChatBI->     INFO     的
2025-05-15 08:55:22,249 ChatBI->     INFO     字段
2025-05-15 08:55:22,266 ChatBI->     INFO     ，
2025-05-15 08:55:22,284 ChatBI->     INFO     那么
2025-05-15 08:55:22,301 ChatBI->     INFO     可以
2025-05-15 08:55:22,317 ChatBI->     INFO     将
2025-05-15 08:55:22,334 ChatBI->     INFO     “
2025-05-15 08:55:22,352 ChatBI->     INFO     毕业
2025-05-15 08:55:22,369 ChatBI->     INFO     院校
2025-05-15 08:55:22,385 ChatBI->     INFO     ”
2025-05-15 08:55:22,403 ChatBI->     INFO     设
2025-05-15 08:55:22,420 ChatBI->     INFO     为
2025-05-15 08:55:22,438 ChatBI->     INFO     维度
2025-05-15 08:55:22,454 ChatBI->     INFO     字段
2025-05-15 08:55:22,471 ChatBI->     INFO     ，
2025-05-15 08:55:22,489 ChatBI->     INFO     进行
2025-05-15 08:55:22,506 ChatBI->     INFO     统计
2025-05-15 08:55:22,522 ChatBI->     INFO     或
2025-05-15 08:55:22,539 ChatBI->     INFO     列出
2025-05-15 08:55:22,557 ChatBI->     INFO     所有
2025-05-15 08:55:22,574 ChatBI->     INFO     不同的
2025-05-15 08:55:22,591 ChatBI->     INFO     毕业
2025-05-15 08:55:22,608 ChatBI->     INFO     院校
2025-05-15 08:55:22,625 ChatBI->     INFO     。


2025-05-15 08:55:22,642 ChatBI->     INFO     由于
2025-05-15 08:55:22,659 ChatBI->     INFO     当前
2025-05-15 08:55:22,676 ChatBI->     INFO     数据
2025-05-15 08:55:22,693 ChatBI->     INFO     中
2025-05-15 08:55:22,710 ChatBI->     INFO     没有
2025-05-15 08:55:22,727 ChatBI->     INFO     相关信息
2025-05-15 08:55:22,745 ChatBI->     INFO     ，
2025-05-15 08:55:22,762 ChatBI->     INFO     无法
2025-05-15 08:55:22,779 ChatBI->     INFO     直接
2025-05-15 08:55:22,796 ChatBI->     INFO     给出
2025-05-15 08:55:22,813 ChatBI->     INFO     具体的
2025-05-15 08:55:22,830 ChatBI->     INFO     输出
2025-05-15 08:55:22,847 ChatBI->     INFO     结果
2025-05-15 08:55:22,864 ChatBI->     INFO     。
2025-05-15 08:55:22,881 ChatBI->     INFO     如果
2025-05-15 08:55:22,898 ChatBI->     INFO     需要
2025-05-15 08:55:22,915 ChatBI->     INFO     进一步
2025-05-15 08:55:22,932 ChatBI->     INFO     处理
2025-05-15 08:55:22,949 ChatBI->     INFO     ，请
2025-05-15 08:55:22,966 ChatBI->     INFO     提供
2025-05-15 08:55:22,983 ChatBI->     INFO     包含
2025-05-15 08:55:23,000 ChatBI->     INFO     毕业
2025-05-15 08:55:23,017 ChatBI->     INFO     院校
2025-05-15 08:55:23,034 ChatBI->     INFO     信息
2025-05-15 08:55:23,053 ChatBI->     INFO     的
2025-05-15 08:55:23,069 ChatBI->     INFO     字段
2025-05-15 08:55:23,086 ChatBI->     INFO     或
2025-05-15 08:55:23,103 ChatBI->     INFO     数据
2025-05-15 08:55:23,120 ChatBI->     INFO     源
2025-05-15 08:55:23,137 ChatBI->     INFO     。


2025-05-15 08:55:23,154 ChatBI->     INFO     DONE
2025-05-15 08:55:23,172 ChatBI->     INFO     
2025-05-15 08:55:23,189 ChatBI->     INFO     任务类型: SQL
2025-05-15 08:55:24,005 ChatBI->     INFO     stad sql: SELECT DISTINCT `工作单位` FROM gjw LIMIT 10;
2025-05-15 08:55:24,007 ChatBI->     INFO     非结构化信息为: {}
2025-05-15 08:55:24,007 ChatBI->     INFO     没有找到<  >对应的视图
2025-05-15 08:55:24,149 ChatBI->     INFO     websocket发送的数据为：{"sql_gen": "SELECT DISTINCT `工作单位` FROM gjw LIMIT 10;"}
2025-05-15 08:55:24,149 ChatBI->     INFO     websocket发送的数据为：{"response": [{"工作单位": "上海供春陶业有限公司"}, {"工作单位": "上海优爱宝机器人技术有限公司"}, {"工作单位": "玛戈隆特骨瓷(上海)有限公司"}, {"工作单位": "上海高桥捷派克石化工程建设有限公司"}, {"工作单位": "上海市徐汇区牙病防治所"}, {"工作单位": "上海徐房房屋维急修中心"}, {"工作单位": "万达信息股份有限公司"}, {"工作单位": "上海幼狮汽车销售服务有限公司"}, {"工作单位": "上海英雄金笔厂"}, {"工作单位": "普陀区房屋维修应急中心"}]}
2025-05-15 08:55:24,220 ChatBI->     INFO     websocket发送的数据为：{"data_detail": [{"编号": 20250311001, "年份": 2016, "区局": "浦东新区", "姓名": "蒋国兴", "年龄": 60, "姓名拼音": "Jiang3-Guo2-Xing1", "性别": "男", "工作单位": "上海供春陶业有限公司", "工种或工作头衔": "陶艺师", "领域": "文化", "行业": "工艺美术", "工匠介绍": "蒋国兴，全国劳动模范、全国五一劳动奖章获得者，享受国务院政府特殊津贴专家。他荣获“民进全国社会服务工作先进个人”“上海市十大职工科技创新英才”“上海市首席技师”等称号，其工作室被命名为“上海市技能大师工作室”并获“全国工人先锋号”。在彩陶技艺领域，他突破多项传统工艺难题，开创具有海派特色的“沪上彩陶”技艺，并发明陶瓷壁挂，被联合国教科文组织国际陶艺学会命名为“蒋国兴”。其作品应用于上海东方艺术中心、上海世博园等重要建筑，获国家专利45项。他还将彩陶技艺用于古建筑修复，解决世界性难题。此外，他热衷技艺传承，培养多名徒弟，参与国际展览和学术研究，出版专著并撰写多篇论文，为陶瓷文化发展作出突出贡献。"}, {"编号": 20250311002, "年份": 2016, "区局": "浦东新区", "姓名": "朱海鸿", "年龄": 52, "姓名拼音": "Zhu1-Hai3-Hong2", "性别": "男", "工作单位": "上海优爱宝机器人技术有限公司", "工种或工作头衔": "机器人研发设计", "领域": "智能机器人", "行业": "高端装备", "工匠介绍": "朱海鸿，国内机器人领域杰出代表，拥有国际领先的机器人设计理念和技术。他曾在国内外知名机构从事机器人研发工作十余年，专注机器人控制理论与技术方法研究，参与完成多项大型项目，拥有国际国内发明专利9项，发表学术报告及文章11篇。2005年赴美创立Sentrinsic有限责任公司，后回国创办上海优爱宝智能机器人科技股份有限公司，带领团队开发出SCARA和Delta工业机器人、浮球矩阵等产品，赢得业界广泛关注。作为技术总监，朱海鸿博士以身作则，坚持学习，善于分享，致力于解决核心技术难题，将领先技术与管理经验带回祖国，在优爱宝平台上实现理想。"}, {"编号": 20250311003, "年份": 2016, "区局": "浦东新区", "姓名": "高金明", "年龄": 60, "姓名拼音": "Gao1-Jin1-Ming2", "性别": "男", "工作单位": "玛戈隆特骨瓷(上海)有限公司", "工种或工作头衔": "造型研发", "领域": "文化", "行业": "工艺美术", "工匠介绍": "高金明，毕业于河北唐山陶瓷技校，后进入唐山第一瓷厂工作，历任多项职务，长期致力于陶瓷工艺技术改造和管理。他曾主持新建年产300万件高级骨质瓷生产线，并参与新产品研发，设计开发数百个新产品。在G20产品赶制期间，他坚守一线，解决技术难题，全身心投入工作。他的努力为玛戈隆特骨瓷和国家争光，获得高度评价。"}, {"编号": 20250311004, "年份": 2016, "区局": "浦东新区", "姓名": "杨震", "年龄": 55, "姓名拼音": "Yang2-Zhen4", "性别": "男", "工作单位": "上海高桥捷派克石化工程建设有限公司", "工种或工作头衔": "维修钳工", "领域": "高端装备", "行业": "高端装备", "工匠介绍": "杨震，上海高桥捷派克石化工程建设有限公司维修钳工，是设备修理、技术创新和团队培养领域的杰出代表。他成功修复了多台复杂设备，自制多种专用工具，并通过技术改造为公司节省大量成本。杨震培养了多名优秀技能人才，带领团队荣获“工人先锋号”称号。他以“铁人”般的工作作风和强烈责任感，获得全国五一劳动奖章和全国技术能手等多项荣誉，是新时代工匠精神的典范。"}, {"编号": 20250311005, "年份": 2016, "区局": "徐汇区", "姓名": "徐培成", "年龄": 68, "姓名拼音": "Xu2-Pei2-Cheng2", "性别": "男", "工作单位": "上海市徐汇区牙病防治所", "工种或工作头衔": "医生", "领域": "卫生", "行业": "医药卫生", "工匠介绍": "徐培成，上海市徐汇区牙病防治所所长，主任医师，享受国务院特殊津贴专家。他是中华口腔医学会多个专业委员会常委或委员，主编多部医学专著，并发表科研论文20余篇。他荣获上海医学科技三等奖、上海市科技进步三等奖等多项奖项，主编的科普著作和科教片广受好评。作为医院管理者，他将全院纳入ISO管理，并筹建高水平口腔专科医院。他先后获得上海市十大工人发明家、上海市劳动模范、全国五一劳动奖章、全国劳动模范等荣誉称号，2008年任北京奥运火炬手。徐培成在医学专业、学科建设和医院管理方面均取得了卓越成就。"}, {"编号": 20250311006, "年份": 2016, "区局": "徐汇区", "姓名": "王海斌", "年龄": 53, "姓名拼音": "Wang2-Hai3-Bin1", "性别": "男", "工作单位": "上海徐房房屋维急修中心", "工种或工作头衔": "水电", "领域": "居民服务", "行业": "物业", "工匠介绍": "王海斌，现任上海徐房房屋维急修中心党支部书记、主任，并兼任徐汇区劳模协会会长。作为资深工匠，他从基层水电维修工做起，成长为行业领军人才，并入选上海首批房管行业领军人才培养计划。他带领团队承担徐汇区3040万平方米居住物业的应急维修任务，2010年被授予\"全国劳动模范\"称号。他依托\"王海斌劳模创新工作室\"，研究房屋水电设备疑难杂症，总结\"判、听、看、探、定\"五步工作法，荣获\"上海市职工先进操作法优秀成果奖\"。他还创新节水型屋顶水箱清洗操作方法，获上海市物业管理行业\"金点子\"创新成果入围奖，并推动\"互联网+\"技术应用，研发\"宅维修\"APP，提升维修效率75%。他培养了1名上海市劳动模范、2名..."}, {"编号": 20250311007, "年份": 2016, "区局": "徐汇区", "姓名": "吴颖健", "年龄": 50, "姓名拼音": "Wu2-Ying3-Jian4", "性别": "男", "工作单位": "万达信息股份有限公司", "工种或工作头衔": "系统集成", "领域": "系统建设", "行业": "信息", "工匠介绍": "吴颖健，教授级高级工程师，工信部高级项目经理，长期专注于城市信息化集成领域。他主持完成了数十个大型信息化系统项目，尤其擅长异构系统集成设计。作为主要设计者，他完成了上海市医保系统项目，首次采用三层架构，实现医疗费用实时结算，覆盖全部参保人群，项目荣获上海市科学技术进步奖一等奖两次。他精通各类软硬件产品应用，在民生信息系统运行保障方面表现突出，多次解决系统疑难问题，确保民生工程稳定运行。吴颖健拥有五项授权发明专利，其中三项应用于上海医保三期工程，成果达国内首创、国际先进水平，获上海科技情报研究所查新检索确认。他担任公司总工程师，培养中高级技术人员数十人，多次获得企业表彰。"}, {"编号": 20250311008, "年份": 2016, "区局": "长宁区", "姓名": "陶巍", "年龄": 70, "姓名拼音": "Tao2-Wei1", "性别": "男", "工作单位": "上海幼狮汽车销售服务有限公司", "工种或工作头衔": "汽车修理师", "领域": "汽修服务", "行业": "汽车", "工匠介绍": "陶巍，长期致力于汽车维修技术理论的研究与应用，积极推广国际化汽车维修理念，开拓现代汽车维修领域的技术创新，倡导汽车运用性文化工程，填补了多项维修技术空白，为改善中国进口汽车维修难题做出了突出贡献。他先后获得\"中外名人、世界优秀人才证书\"，享受国务院特殊津贴、上海市政府特殊津贴，并荣获上海市优秀技师、优秀高级考评员、国家级汽车维修技能大师、上海市汽车维修首席大师、上海市劳模、新长征突击手、技术能手等荣誉称号。2013年被授予全国消费维权楷模称号，2013—2014年度及2015年度均荣获\"最美消费维权人物\"称号。他还作为总统座车的紧急修理值班技师，成功排除了克林顿总统专车故障，修复过日本天..."}, {"编号": 20250311009, "年份": 2016, "区局": "普陀区", "姓名": "刘根敏", "年龄": 56, "姓名拼音": "Liu2-Gen1-Min3", "性别": "男", "工作单位": "上海英雄金笔厂", "工种或工作头衔": "技工", "领域": "金笔制作", "行业": "工艺美术", "工匠介绍": "刘根敏,作为模具工艺领域的技术骨干,凭借勤学苦练和踏实工作,掌握了设备维修、模具调试与修理等核心技能,并总结出独特的工作方法。他所在的部门负责钢笔笔尖的第一道工序,其造型及质量直接影响整个钢笔笔尖的品质。在厂部和车间领导的支持下,他对部分设备零部件进行了优化改进,使操作更加便捷,有效提升了产品品质和生产效率。&#10;&#10;在加工高精度笔尖时,误差要求严格控制在几丝之内,尤其是金笔尖的加工难度更大。1997年,在香港回归纪念金笔尖的生产过程中,他遇到了商标打制偏差的问题。经过反复改进,他设计出多功能模板,成功将商标打制误差降至最低。&#10;&#10;在香港回归金笔尖试制阶段,笔尖腰..."}, {"编号": 20250311010, "年份": 2016, "区局": "普陀区", "姓名": "黄卫国", "年龄": 66, "姓名拼音": "Huang2-Wei4-Guo2", "性别": "男", "工作单位": "普陀区房屋维修应急中心", "工种或工作头衔": "水电工", "领域": "居民服务", "行业": "物业", "工匠介绍": "黄卫国，市劳动模范，资深水电工。从业三十余年，秉持\"把平凡的事做好就不平凡\"的理念，在水电维修领域深耕细作。他通过结对拜师学艺活动，将丰富实践经验传授给年轻员工，发挥劳模示范引领作用。在工作中，他善于解决实际问题，展现精湛技术。例如，他用其他材料制作销子成功修复老式虹吸水箱，解决装修施工遗留问题，保障业主利益。他定期组织技术培训，培养技能过硬的维修队伍，传承徐虎精神，为企业培养大批技术骨干。黄卫国以实际行动诠释劳模责任，用精湛技术和无私奉献赢得广泛认可。"}]}
2025-05-15 08:55:24,881 ChatBI->     INFO     websocket发送的数据为：{"result_insight": "根据提供的信息，未找到上海工匠们的具体毕业院校，这些公司的工匠们的工作单位包括上海供春陶业有限公司、上海优爱宝机器人技术有限公司等。"}
2025-05-15 08:55:26,016 ChatBI->     INFO     websocket发送的数据为：{"result_recommand": {"new_query_1": "这些工匠的工种或工作头衔是什么？", "new_query_2": "这些工匠所属的工作领域有哪些？", "new_query_3": "这些工匠的年龄分布情况如何？"}}
2025-05-15 08:55:45,716 ChatBI->     INFO     schema linking: {'target_columns': ['工匠介绍'], 'condition_columns': {'姓名': '工匠'}}
2025-05-15 08:55:45,992 ChatBI->     INFO     
2025-05-15 08:55:46,003 ChatBI->     INFO     你
2025-05-15 08:55:46,015 ChatBI->     INFO     希望
2025-05-15 08:55:46,027 ChatBI->     INFO     从
2025-05-15 08:55:46,041 ChatBI->     INFO     工匠
2025-05-15 08:55:46,059 ChatBI->     INFO     的
2025-05-15 08:55:46,076 ChatBI->     INFO     描述
2025-05-15 08:55:46,093 ChatBI->     INFO     中
2025-05-15 08:55:46,110 ChatBI->     INFO     提取
2025-05-15 08:55:46,127 ChatBI->     INFO     出
2025-05-15 08:55:46,144 ChatBI->     INFO     上海
2025-05-15 08:55:46,161 ChatBI->     INFO     工匠
2025-05-15 08:55:46,178 ChatBI->     INFO     们的
2025-05-15 08:55:46,195 ChatBI->     INFO     毕业
2025-05-15 08:55:46,212 ChatBI->     INFO     院校
2025-05-15 08:55:46,229 ChatBI->     INFO     信息
2025-05-15 08:55:46,246 ChatBI->     INFO     。
2025-05-15 08:55:46,264 ChatBI->     INFO     这是一个
2025-05-15 08:55:46,280 ChatBI->     INFO     信息
2025-05-15 08:55:46,300 ChatBI->     INFO     提取
2025-05-15 08:55:46,314 ChatBI->     INFO     问题
2025-05-15 08:55:46,331 ChatBI->     INFO     ，
2025-05-15 08:55:46,349 ChatBI->     INFO     需要
2025-05-15 08:55:46,366 ChatBI->     INFO     从
2025-05-15 08:55:46,383 ChatBI->     INFO     “
2025-05-15 08:55:46,400 ChatBI->     INFO     工匠
2025-05-15 08:55:46,418 ChatBI->     INFO     介绍
2025-05-15 08:55:46,435 ChatBI->     INFO     ”
2025-05-15 08:55:46,452 ChatBI->     INFO     字段
2025-05-15 08:55:46,469 ChatBI->     INFO     中
2025-05-15 08:55:46,486 ChatBI->     INFO     提取
2025-05-15 08:55:46,503 ChatBI->     INFO     出
2025-05-15 08:55:46,520 ChatBI->     INFO     与
2025-05-15 08:55:46,537 ChatBI->     INFO     毕业
2025-05-15 08:55:46,554 ChatBI->     INFO     院校
2025-05-15 08:55:46,571 ChatBI->     INFO     相关
2025-05-15 08:55:46,588 ChatBI->     INFO     的信息
2025-05-15 08:55:46,605 ChatBI->     INFO     。
2025-05-15 08:55:46,623 ChatBI->     INFO     具体
2025-05-15 08:55:46,640 ChatBI->     INFO     来说
2025-05-15 08:55:46,657 ChatBI->     INFO     ，
2025-05-15 08:55:46,674 ChatBI->     INFO     需要
2025-05-15 08:55:46,691 ChatBI->     INFO     在
2025-05-15 08:55:46,708 ChatBI->     INFO     “
2025-05-15 08:55:46,725 ChatBI->     INFO     工匠
2025-05-15 08:55:46,742 ChatBI->     INFO     介绍
2025-05-15 08:55:46,759 ChatBI->     INFO     ”
2025-05-15 08:55:46,776 ChatBI->     INFO     字段
2025-05-15 08:55:46,793 ChatBI->     INFO     中
2025-05-15 08:55:46,811 ChatBI->     INFO     查找
2025-05-15 08:55:46,828 ChatBI->     INFO     与
2025-05-15 08:55:46,845 ChatBI->     INFO     毕业
2025-05-15 08:55:46,861 ChatBI->     INFO     院校
2025-05-15 08:55:46,878 ChatBI->     INFO     相关的
2025-05-15 08:55:46,895 ChatBI->     INFO     描述
2025-05-15 08:55:46,912 ChatBI->     INFO     ，并
2025-05-15 08:55:46,929 ChatBI->     INFO     提取
2025-05-15 08:55:46,946 ChatBI->     INFO     出
2025-05-15 08:55:46,963 ChatBI->     INFO     这些
2025-05-15 08:55:46,981 ChatBI->     INFO     描述
2025-05-15 08:55:46,997 ChatBI->     INFO     中的
2025-05-15 08:55:47,014 ChatBI->     INFO     学校
2025-05-15 08:55:47,032 ChatBI->     INFO     名称
2025-05-15 08:55:47,048 ChatBI->     INFO     。


2025-05-15 08:55:47,066 ChatBI->     INFO     字段
2025-05-15 08:55:47,082 ChatBI->     INFO     说明
2025-05-15 08:55:47,100 ChatBI->     INFO     ：

2025-05-15 08:55:47,117 ChatBI->     INFO     -
2025-05-15 08:55:47,134 ChatBI->     INFO      `
2025-05-15 08:55:47,151 ChatBI->     INFO     工匠
2025-05-15 08:55:47,168 ChatBI->     INFO     介绍
2025-05-15 08:55:47,186 ChatBI->     INFO     `
2025-05-15 08:55:47,202 ChatBI->     INFO     ：
2025-05-15 08:55:47,219 ChatBI->     INFO     包含
2025-05-15 08:55:47,236 ChatBI->     INFO     工匠
2025-05-15 08:55:47,253 ChatBI->     INFO     的
2025-05-15 08:55:47,270 ChatBI->     INFO     简介
2025-05-15 08:55:47,287 ChatBI->     INFO     或
2025-05-15 08:55:47,304 ChatBI->     INFO     荣誉
2025-05-15 08:55:47,321 ChatBI->     INFO     ，
2025-05-15 08:55:47,339 ChatBI->     INFO     可能
2025-05-15 08:55:47,356 ChatBI->     INFO     包含
2025-05-15 08:55:47,373 ChatBI->     INFO     毕业
2025-05-15 08:55:47,389 ChatBI->     INFO     院校
2025-05-15 08:55:47,407 ChatBI->     INFO     信息
2025-05-15 08:55:47,424 ChatBI->     INFO     。


2025-05-15 08:55:47,442 ChatBI->     INFO     字段
2025-05-15 08:55:47,459 ChatBI->     INFO     值
2025-05-15 08:55:47,476 ChatBI->     INFO     说明
2025-05-15 08:55:47,493 ChatBI->     INFO     ：

2025-05-15 08:55:47,510 ChatBI->     INFO     -
2025-05-15 08:55:47,527 ChatBI->     INFO     
2025-05-15 08:55:47,544 ChatBI->     INFO     
2025-05-15 08:55:47,561 ChatBI->     INFO      需
2025-05-15 08:55:47,578 ChatBI->     INFO     要
2025-05-15 08:55:47,595 ChatBI->     INFO     从
2025-05-15 08:55:47,612 ChatBI->     INFO     “
2025-05-15 08:55:47,629 ChatBI->     INFO     工匠
2025-05-15 08:55:47,646 ChatBI->     INFO     介绍
2025-05-15 08:55:47,663 ChatBI->     INFO     ”
2025-05-15 08:55:47,680 ChatBI->     INFO     字段
2025-05-15 08:55:47,697 ChatBI->     INFO     中
2025-05-15 08:55:47,714 ChatBI->     INFO     提取
2025-05-15 08:55:47,731 ChatBI->     INFO     出
2025-05-15 08:55:47,748 ChatBI->     INFO     所有
2025-05-15 08:55:47,765 ChatBI->     INFO     提到
2025-05-15 08:55:47,782 ChatBI->     INFO     的
2025-05-15 08:55:47,799 ChatBI->     INFO     毕业
2025-05-15 08:55:47,817 ChatBI->     INFO     院校
2025-05-15 08:55:47,833 ChatBI->     INFO     名称
2025-05-15 08:55:47,851 ChatBI->     INFO     。


2025-05-15 08:55:47,867 ChatBI->     INFO     DONE
2025-05-15 08:55:47,885 ChatBI->     INFO     
2025-05-15 08:55:48,349 ChatBI->     INFO     任务类型: 内容抽取
2025-05-15 08:55:48,349 ChatBI->     INFO     过滤表达式： Name like '%工匠%' ; 查询问题： 
2025-05-15 08:55:48,351 ChatBI->     INFO     开始对非结构化文档【粗略】检索
2025-05-15 08:55:48,358 ChatBI->     INFO     检索到的文档总数量为：0
2025-05-15 08:55:48,358 ChatBI->     INFO     开始对非结构化文档【深度】检索
2025-05-15 08:55:48,359 ChatBI->     INFO     websocket发送的数据为：{"response": []}
2025-05-15 08:55:48,359 ChatBI->     INFO     websocket发送的数据为：{"data_detail": [{}]}
2025-05-15 08:55:48,623 ChatBI->     INFO     websocket发送的数据为：{"result_insight": "根据现有信息，未能找到上海工匠们的毕业院校数据。"}
2025-05-15 08:55:49,965 ChatBI->     INFO     websocket发送的数据为：{"result_recommand": {"new_query_1": "这些上海工匠们的工作单位分布在哪几个区局或行业领域？", "new_query_2": "这些上海工匠中，有多少人在2021年入选大国工匠？", "new_query_3": "这些上海工匠的平均年龄是多少？"}}
2025-05-15 08:56:17,005 ChatBI->     INFO     schema linking: {'target_columns': ['工匠介绍'], 'condition_columns': {'姓名': '工匠'}}
2025-05-15 08:56:17,284 ChatBI->     INFO     
2025-05-15 08:56:17,295 ChatBI->     INFO     你
2025-05-15 08:56:17,307 ChatBI->     INFO     希望
2025-05-15 08:56:17,320 ChatBI->     INFO     从
2025-05-15 08:56:17,333 ChatBI->     INFO     工匠
2025-05-15 08:56:17,350 ChatBI->     INFO     介绍
2025-05-15 08:56:17,367 ChatBI->     INFO     中
2025-05-15 08:56:17,384 ChatBI->     INFO     提取
2025-05-15 08:56:17,401 ChatBI->     INFO     上海
2025-05-15 08:56:17,418 ChatBI->     INFO     工匠
2025-05-15 08:56:17,435 ChatBI->     INFO     们的
2025-05-15 08:56:17,452 ChatBI->     INFO     毕业
2025-05-15 08:56:17,469 ChatBI->     INFO     院校
2025-05-15 08:56:17,487 ChatBI->     INFO     信息
2025-05-15 08:56:17,503 ChatBI->     INFO     。
2025-05-15 08:56:17,520 ChatBI->     INFO     这是一个
2025-05-15 08:56:17,537 ChatBI->     INFO     信息
2025-05-15 08:56:17,555 ChatBI->     INFO     提取
2025-05-15 08:56:17,571 ChatBI->     INFO     问题
2025-05-15 08:56:17,588 ChatBI->     INFO     。
2025-05-15 08:56:17,606 ChatBI->     INFO     需要
2025-05-15 08:56:17,622 ChatBI->     INFO     将
2025-05-15 08:56:17,639 ChatBI->     INFO     工匠
2025-05-15 08:56:17,656 ChatBI->     INFO     介绍
2025-05-15 08:56:17,673 ChatBI->     INFO     设
2025-05-15 08:56:17,690 ChatBI->     INFO     为
2025-05-15 08:56:17,708 ChatBI->     INFO     维度
2025-05-15 08:56:17,724 ChatBI->     INFO     字段
2025-05-15 08:56:17,742 ChatBI->     INFO     ，
2025-05-15 08:56:17,760 ChatBI->     INFO     从中
2025-05-15 08:56:17,775 ChatBI->     INFO     提取
2025-05-15 08:56:17,793 ChatBI->     INFO     出
2025-05-15 08:56:17,810 ChatBI->     INFO     毕业
2025-05-15 08:56:17,827 ChatBI->     INFO     院校
2025-05-15 08:56:17,844 ChatBI->     INFO     的相关
2025-05-15 08:56:17,861 ChatBI->     INFO     信息
2025-05-15 08:56:17,878 ChatBI->     INFO     。
2025-05-15 08:56:17,895 ChatBI->     INFO     由于
2025-05-15 08:56:17,912 ChatBI->     INFO     工匠
2025-05-15 08:56:17,929 ChatBI->     INFO     介绍
2025-05-15 08:56:17,946 ChatBI->     INFO     字段
2025-05-15 08:56:17,963 ChatBI->     INFO     中
2025-05-15 08:56:17,980 ChatBI->     INFO     可能
2025-05-15 08:56:17,997 ChatBI->     INFO     包含
2025-05-15 08:56:18,014 ChatBI->     INFO     多个
2025-05-15 08:56:18,033 ChatBI->     INFO     信息
2025-05-15 08:56:18,057 ChatBI->     INFO     点
2025-05-15 08:56:18,068 ChatBI->     INFO     ，
2025-05-15 08:56:18,084 ChatBI->     INFO     需要
2025-05-15 08:56:18,101 ChatBI->     INFO     仔细
2025-05-15 08:56:18,118 ChatBI->     INFO     阅读
2025-05-15 08:56:18,135 ChatBI->     INFO     和
2025-05-15 08:56:18,152 ChatBI->     INFO     解析
2025-05-15 08:56:18,169 ChatBI->     INFO     该
2025-05-15 08:56:18,187 ChatBI->     INFO     字段
2025-05-15 08:56:18,203 ChatBI->     INFO     内容
2025-05-15 08:56:18,220 ChatBI->     INFO     ，
2025-05-15 08:56:18,237 ChatBI->     INFO     以
2025-05-15 08:56:18,255 ChatBI->     INFO     提取
2025-05-15 08:56:18,272 ChatBI->     INFO     出
2025-05-15 08:56:18,288 ChatBI->     INFO     具体的
2025-05-15 08:56:18,305 ChatBI->     INFO     毕业
2025-05-15 08:56:18,323 ChatBI->     INFO     院校
2025-05-15 08:56:18,339 ChatBI->     INFO     信息
2025-05-15 08:56:18,356 ChatBI->     INFO     。
2025-05-15 08:56:18,373 ChatBI->     INFO     条件
2025-05-15 08:56:18,391 ChatBI->     INFO     字段
2025-05-15 08:56:18,407 ChatBI->     INFO     包括
2025-05-15 08:56:18,425 ChatBI->     INFO     工匠
2025-05-15 08:56:18,442 ChatBI->     INFO     介绍
2025-05-15 08:56:18,459 ChatBI->     INFO     字段
2025-05-15 08:56:18,476 ChatBI->     INFO     。


2025-05-15 08:56:18,493 ChatBI->     INFO     DONE
2025-05-15 08:56:18,511 ChatBI->     INFO     
2025-05-15 08:56:18,957 ChatBI->     INFO     任务类型: 内容抽取
2025-05-15 08:56:18,957 ChatBI->     INFO     过滤表达式： Name like '%工匠%' ; 查询问题： 
2025-05-15 08:56:18,959 ChatBI->     INFO     开始对非结构化文档【粗略】检索
2025-05-15 08:56:18,963 ChatBI->     INFO     检索到的文档总数量为：0
2025-05-15 08:56:18,964 ChatBI->     INFO     开始对非结构化文档【深度】检索
2025-05-15 08:56:18,965 ChatBI->     INFO     websocket发送的数据为：{"response": []}
2025-05-15 08:56:18,965 ChatBI->     INFO     websocket发送的数据为：{"data_detail": [{}]}
2025-05-15 08:56:19,230 ChatBI->     INFO     websocket发送的数据为：{"result_insight": "根据现有信息，未能找到上海工匠们的毕业院校数据。"}
2025-05-15 08:56:20,347 ChatBI->     INFO     websocket发送的数据为：{"result_recommand": {"new_query_1": "这些上海工匠们的工作单位分布在哪里？", "new_query_2": "这些上海工匠们主要集中在哪些领域？", "new_query_3": "这些上海工匠们的性别比例是多少？"}}
2025-05-15 08:57:20,329 ChatBI->     INFO     schema linking: {'target_columns': ['工匠介绍'], 'condition_columns': {'姓名': '工匠'}}
2025-05-15 08:57:20,606 ChatBI->     INFO     
2025-05-15 08:57:20,618 ChatBI->     INFO     你
2025-05-15 08:57:20,630 ChatBI->     INFO     希望
2025-05-15 08:57:20,641 ChatBI->     INFO     从
2025-05-15 08:57:20,656 ChatBI->     INFO     工匠
2025-05-15 08:57:20,673 ChatBI->     INFO     介绍
2025-05-15 08:57:20,690 ChatBI->     INFO     中
2025-05-15 08:57:20,707 ChatBI->     INFO     提取
2025-05-15 08:57:20,724 ChatBI->     INFO     上海
2025-05-15 08:57:20,741 ChatBI->     INFO     工匠
2025-05-15 08:57:20,758 ChatBI->     INFO     的
2025-05-15 08:57:20,776 ChatBI->     INFO     毕业
2025-05-15 08:57:20,792 ChatBI->     INFO     院校
2025-05-15 08:57:20,809 ChatBI->     INFO     信息
2025-05-15 08:57:20,827 ChatBI->     INFO     。
2025-05-15 08:57:20,844 ChatBI->     INFO     这是一个
2025-05-15 08:57:20,861 ChatBI->     INFO     信息
2025-05-15 08:57:20,878 ChatBI->     INFO     提取
2025-05-15 08:57:20,902 ChatBI->     INFO     问题
2025-05-15 08:57:20,914 ChatBI->     INFO     ，
2025-05-15 08:57:20,929 ChatBI->     INFO     需要
2025-05-15 08:57:20,947 ChatBI->     INFO     从
2025-05-15 08:57:20,964 ChatBI->     INFO     “
2025-05-15 08:57:20,980 ChatBI->     INFO     工匠
2025-05-15 08:57:20,998 ChatBI->     INFO     介绍
2025-05-15 08:57:21,014 ChatBI->     INFO     ”
2025-05-15 08:57:21,031 ChatBI->     INFO     字段
2025-05-15 08:57:21,048 ChatBI->     INFO     中
2025-05-15 08:57:21,065 ChatBI->     INFO     提取
2025-05-15 08:57:21,083 ChatBI->     INFO     出
2025-05-15 08:57:21,099 ChatBI->     INFO     与
2025-05-15 08:57:21,117 ChatBI->     INFO     毕业
2025-05-15 08:57:21,133 ChatBI->     INFO     院校
2025-05-15 08:57:21,151 ChatBI->     INFO     相关
2025-05-15 08:57:21,167 ChatBI->     INFO     的信息
2025-05-15 08:57:21,184 ChatBI->     INFO     。
2025-05-15 08:57:21,201 ChatBI->     INFO     具体
2025-05-15 08:57:21,219 ChatBI->     INFO     来说
2025-05-15 08:57:21,236 ChatBI->     INFO     ，
2025-05-15 08:57:21,253 ChatBI->     INFO     需要
2025-05-15 08:57:21,270 ChatBI->     INFO     在
2025-05-15 08:57:21,287 ChatBI->     INFO     “
2025-05-15 08:57:21,304 ChatBI->     INFO     工匠
2025-05-15 08:57:21,321 ChatBI->     INFO     介绍
2025-05-15 08:57:21,338 ChatBI->     INFO     ”
2025-05-15 08:57:21,356 ChatBI->     INFO     字段
2025-05-15 08:57:21,373 ChatBI->     INFO     中
2025-05-15 08:57:21,389 ChatBI->     INFO     查找
2025-05-15 08:57:21,407 ChatBI->     INFO     与
2025-05-15 08:57:21,424 ChatBI->     INFO     毕业
2025-05-15 08:57:21,441 ChatBI->     INFO     院校
2025-05-15 08:57:21,458 ChatBI->     INFO     相关的
2025-05-15 08:57:21,475 ChatBI->     INFO     描述
2025-05-15 08:57:21,492 ChatBI->     INFO     ，并
2025-05-15 08:57:21,509 ChatBI->     INFO     提取
2025-05-15 08:57:21,526 ChatBI->     INFO     出
2025-05-15 08:57:21,543 ChatBI->     INFO     具体的
2025-05-15 08:57:21,560 ChatBI->     INFO     院校
2025-05-15 08:57:21,577 ChatBI->     INFO     名称
2025-05-15 08:57:21,594 ChatBI->     INFO     。


2025-05-15 08:57:21,611 ChatBI->     INFO     字段
2025-05-15 08:57:21,628 ChatBI->     INFO     说明
2025-05-15 08:57:21,645 ChatBI->     INFO     ：

2025-05-15 08:57:21,662 ChatBI->     INFO     -
2025-05-15 08:57:21,680 ChatBI->     INFO      `
2025-05-15 08:57:21,697 ChatBI->     INFO     工匠
2025-05-15 08:57:21,714 ChatBI->     INFO     介绍
2025-05-15 08:57:21,731 ChatBI->     INFO     `
2025-05-15 08:57:21,748 ChatBI->     INFO     ：
2025-05-15 08:57:21,765 ChatBI->     INFO     包含
2025-05-15 08:57:21,782 ChatBI->     INFO     工匠
2025-05-15 08:57:21,799 ChatBI->     INFO     的
2025-05-15 08:57:21,816 ChatBI->     INFO     简介
2025-05-15 08:57:21,833 ChatBI->     INFO     或
2025-05-15 08:57:21,850 ChatBI->     INFO     荣誉
2025-05-15 08:57:21,867 ChatBI->     INFO     信息
2025-05-15 08:57:21,884 ChatBI->     INFO     ，
2025-05-15 08:57:21,901 ChatBI->     INFO     可能
2025-05-15 08:57:21,918 ChatBI->     INFO     包含
2025-05-15 08:57:21,935 ChatBI->     INFO     毕业
2025-05-15 08:57:21,952 ChatBI->     INFO     院校
2025-05-15 08:57:21,969 ChatBI->     INFO     信息
2025-05-15 08:57:21,987 ChatBI->     INFO     。


2025-05-15 08:57:22,003 ChatBI->     INFO     DONE
2025-05-15 08:57:22,021 ChatBI->     INFO     
2025-05-15 08:57:22,481 ChatBI->     INFO     任务类型: 内容抽取
2025-05-15 08:57:22,481 ChatBI->     INFO     过滤表达式： Name like '%工匠%' ; 查询问题： 
2025-05-15 08:57:22,483 ChatBI->     INFO     开始对非结构化文档【粗略】检索
2025-05-15 08:57:22,488 ChatBI->     INFO     检索到的文档总数量为：0
2025-05-15 08:57:22,489 ChatBI->     INFO     开始对非结构化文档【深度】检索
2025-05-15 08:57:22,489 ChatBI->     INFO     websocket发送的数据为：{"response": []}
2025-05-15 08:57:22,490 ChatBI->     INFO     websocket发送的数据为：{"data_detail": [{}]}
2025-05-15 08:57:22,755 ChatBI->     INFO     websocket发送的数据为：{"result_insight": "根据现有信息，未能找到上海工匠的毕业院校数据。"}
2025-05-15 08:57:23,837 ChatBI->     INFO     websocket发送的数据为：{"result_recommand": {"new_query_1": "这些工匠的工作单位有哪些？", "new_query_2": "这些工匠的工种或工作头衔有哪些？", "new_query_3": "这些工匠所属的行业有哪些？"}}
2025-05-15 08:57:38,804 ChatBI->     INFO     schema linking: {'target_columns': ['工匠介绍'], 'condition_columns': {'姓名': '沈国兴'}}
2025-05-15 08:57:39,071 ChatBI->     INFO     
2025-05-15 08:57:39,082 ChatBI->     INFO     你
2025-05-15 08:57:39,094 ChatBI->     INFO     希望
2025-05-15 08:57:39,105 ChatBI->     INFO     从
2025-05-15 08:57:39,122 ChatBI->     INFO     工匠
2025-05-15 08:57:39,139 ChatBI->     INFO     介绍
2025-05-15 08:57:39,156 ChatBI->     INFO     中
2025-05-15 08:57:39,173 ChatBI->     INFO     查询
2025-05-15 08:57:39,190 ChatBI->     INFO     上海
2025-05-15 08:57:39,207 ChatBI->     INFO     人的
2025-05-15 08:57:39,224 ChatBI->     INFO     毕业
2025-05-15 08:57:39,241 ChatBI->     INFO     院校
2025-05-15 08:57:39,258 ChatBI->     INFO     。
2025-05-15 08:57:39,275 ChatBI->     INFO     这是一个
2025-05-15 08:57:39,292 ChatBI->     INFO     信息
2025-05-15 08:57:39,309 ChatBI->     INFO     提取
2025-05-15 08:57:39,326 ChatBI->     INFO     问题
2025-05-15 08:57:39,343 ChatBI->     INFO     ，
2025-05-15 08:57:39,360 ChatBI->     INFO     需要
2025-05-15 08:57:39,377 ChatBI->     INFO     从
2025-05-15 08:57:39,394 ChatBI->     INFO     “
2025-05-15 08:57:39,411 ChatBI->     INFO     工匠
2025-05-15 08:57:39,428 ChatBI->     INFO     介绍
2025-05-15 08:57:39,445 ChatBI->     INFO     ”
2025-05-15 08:57:39,462 ChatBI->     INFO     字段
2025-05-15 08:57:39,479 ChatBI->     INFO     中
2025-05-15 08:57:39,496 ChatBI->     INFO     提取
2025-05-15 08:57:39,513 ChatBI->     INFO     出
2025-05-15 08:57:39,530 ChatBI->     INFO     上海
2025-05-15 08:57:39,547 ChatBI->     INFO     人的
2025-05-15 08:57:39,564 ChatBI->     INFO     毕业
2025-05-15 08:57:39,581 ChatBI->     INFO     院校
2025-05-15 08:57:39,598 ChatBI->     INFO     信息
2025-05-15 08:57:39,615 ChatBI->     INFO     。
2025-05-15 08:57:39,632 ChatBI->     INFO     具体
2025-05-15 08:57:39,649 ChatBI->     INFO     来说
2025-05-15 08:57:39,666 ChatBI->     INFO     ，
2025-05-15 08:57:39,683 ChatBI->     INFO     需要
2025-05-15 08:57:39,701 ChatBI->     INFO     在
2025-05-15 08:57:39,719 ChatBI->     INFO     “
2025-05-15 08:57:39,736 ChatBI->     INFO     工匠
2025-05-15 08:57:39,753 ChatBI->     INFO     介绍
2025-05-15 08:57:39,770 ChatBI->     INFO     ”
2025-05-15 08:57:39,787 ChatBI->     INFO     字段
2025-05-15 08:57:39,805 ChatBI->     INFO     中
2025-05-15 08:57:39,822 ChatBI->     INFO     查找
2025-05-15 08:57:39,839 ChatBI->     INFO     与
2025-05-15 08:57:39,856 ChatBI->     INFO     毕业
2025-05-15 08:57:39,873 ChatBI->     INFO     院校
2025-05-15 08:57:39,890 ChatBI->     INFO     相关
2025-05-15 08:57:39,907 ChatBI->     INFO     的信息
2025-05-15 08:57:39,924 ChatBI->     INFO     ，并
2025-05-15 08:57:39,942 ChatBI->     INFO     且
2025-05-15 08:57:39,958 ChatBI->     INFO     筛选
2025-05-15 08:57:39,975 ChatBI->     INFO     出
2025-05-15 08:57:39,992 ChatBI->     INFO     上海
2025-05-15 08:57:40,009 ChatBI->     INFO     人的
2025-05-15 08:57:40,026 ChatBI->     INFO     相关信息
2025-05-15 08:57:40,044 ChatBI->     INFO     。


2025-05-15 08:57:40,061 ChatBI->     INFO     -
2025-05-15 08:57:40,078 ChatBI->     INFO      **
2025-05-15 08:57:40,095 ChatBI->     INFO     问题
2025-05-15 08:57:40,112 ChatBI->     INFO     说明
2025-05-15 08:57:40,129 ChatBI->     INFO     **
2025-05-15 08:57:40,147 ChatBI->     INFO     ：
2025-05-15 08:57:40,164 ChatBI->     INFO     从
2025-05-15 08:57:40,181 ChatBI->     INFO     工匠
2025-05-15 08:57:40,198 ChatBI->     INFO     介绍
2025-05-15 08:57:40,215 ChatBI->     INFO     中
2025-05-15 08:57:40,232 ChatBI->     INFO     提取
2025-05-15 08:57:40,249 ChatBI->     INFO     上海
2025-05-15 08:57:40,266 ChatBI->     INFO     人的
2025-05-15 08:57:40,283 ChatBI->     INFO     毕业
2025-05-15 08:57:40,300 ChatBI->     INFO     院校
2025-05-15 08:57:40,317 ChatBI->     INFO     信息
2025-05-15 08:57:40,334 ChatBI->     INFO     。

2025-05-15 08:57:40,351 ChatBI->     INFO     -
2025-05-15 08:57:40,368 ChatBI->     INFO      **
2025-05-15 08:57:40,385 ChatBI->     INFO     字段
2025-05-15 08:57:40,402 ChatBI->     INFO     说明
2025-05-15 08:57:40,419 ChatBI->     INFO     **
2025-05-15 08:57:40,437 ChatBI->     INFO     ：

2025-05-15 08:57:40,453 ChatBI->     INFO      
2025-05-15 08:57:40,470 ChatBI->     INFO      -
2025-05-15 08:57:40,487 ChatBI->     INFO      **
2025-05-15 08:57:40,505 ChatBI->     INFO     工匠
2025-05-15 08:57:40,522 ChatBI->     INFO     介绍
2025-05-15 08:57:40,539 ChatBI->     INFO     **
2025-05-15 08:57:40,556 ChatBI->     INFO     ：
2025-05-15 08:57:40,573 ChatBI->     INFO     包含
2025-05-15 08:57:40,590 ChatBI->     INFO     工匠
2025-05-15 08:57:40,607 ChatBI->     INFO     的
2025-05-15 08:57:40,624 ChatBI->     INFO     简介
2025-05-15 08:57:40,641 ChatBI->     INFO     或
2025-05-15 08:57:40,659 ChatBI->     INFO     荣誉
2025-05-15 08:57:40,676 ChatBI->     INFO     信息
2025-05-15 08:57:40,693 ChatBI->     INFO     ，
2025-05-15 08:57:40,711 ChatBI->     INFO     需要
2025-05-15 08:57:40,728 ChatBI->     INFO     从中
2025-05-15 08:57:40,746 ChatBI->     INFO     提取
2025-05-15 08:57:40,763 ChatBI->     INFO     出
2025-05-15 08:57:40,780 ChatBI->     INFO     毕业
2025-05-15 08:57:40,797 ChatBI->     INFO     院校
2025-05-15 08:57:40,814 ChatBI->     INFO     信息
2025-05-15 08:57:40,831 ChatBI->     INFO     。

2025-05-15 08:57:40,848 ChatBI->     INFO      
2025-05-15 08:57:40,866 ChatBI->     INFO      -
2025-05-15 08:57:40,883 ChatBI->     INFO      **
2025-05-15 08:57:40,900 ChatBI->     INFO     区
2025-05-15 08:57:40,917 ChatBI->     INFO     局
2025-05-15 08:57:40,934 ChatBI->     INFO     **
2025-05-15 08:57:40,951 ChatBI->     INFO     ：
2025-05-15 08:57:40,968 ChatBI->     INFO     表示
2025-05-15 08:57:40,985 ChatBI->     INFO     上海
2025-05-15 08:57:41,002 ChatBI->     INFO     工会
2025-05-15 08:57:41,019 ChatBI->     INFO     所属
2025-05-15 08:57:41,036 ChatBI->     INFO     的
2025-05-15 08:57:41,053 ChatBI->     INFO     区
2025-05-15 08:57:41,070 ChatBI->     INFO     局
2025-05-15 08:57:41,088 ChatBI->     INFO     或
2025-05-15 08:57:41,104 ChatBI->     INFO     行业
2025-05-15 08:57:41,122 ChatBI->     INFO     ，
2025-05-15 08:57:41,139 ChatBI->     INFO     用于
2025-05-15 08:57:41,155 ChatBI->     INFO     筛选
2025-05-15 08:57:41,173 ChatBI->     INFO     上海
2025-05-15 08:57:41,190 ChatBI->     INFO     人的
2025-05-15 08:57:41,207 ChatBI->     INFO     信息
2025-05-15 08:57:41,224 ChatBI->     INFO     。

2025-05-15 08:57:41,241 ChatBI->     INFO      
2025-05-15 08:57:41,258 ChatBI->     INFO      -
2025-05-15 08:57:41,275 ChatBI->     INFO      **
2025-05-15 08:57:41,292 ChatBI->     INFO     姓名
2025-05-15 08:57:41,309 ChatBI->     INFO     **
2025-05-15 08:57:41,326 ChatBI->     INFO     ：
2025-05-15 08:57:41,343 ChatBI->     INFO     表示
2025-05-15 08:57:41,360 ChatBI->     INFO     上海
2025-05-15 08:57:41,377 ChatBI->     INFO     工会
2025-05-15 08:57:41,395 ChatBI->     INFO     中
2025-05-15 08:57:41,411 ChatBI->     INFO     涉及
2025-05-15 08:57:41,428 ChatBI->     INFO     的
2025-05-15 08:57:41,446 ChatBI->     INFO     工匠
2025-05-15 08:57:41,462 ChatBI->     INFO     姓名
2025-05-15 08:57:41,479 ChatBI->     INFO     ，
2025-05-15 08:57:41,497 ChatBI->     INFO     用于
2025-05-15 08:57:41,513 ChatBI->     INFO     进一步
2025-05-15 08:57:41,531 ChatBI->     INFO     确认
2025-05-15 08:57:41,548 ChatBI->     INFO     上海
2025-05-15 08:57:41,565 ChatBI->     INFO     人的
2025-05-15 08:57:41,581 ChatBI->     INFO     信息
2025-05-15 08:57:41,599 ChatBI->     INFO     。


2025-05-15 08:57:41,616 ChatBI->     INFO     DONE
2025-05-15 08:57:41,635 ChatBI->     INFO     
2025-05-15 08:57:42,094 ChatBI->     INFO     任务类型: 内容抽取
2025-05-15 08:57:42,094 ChatBI->     INFO     过滤表达式： Name like '%沈国兴%' ; 查询问题： 
2025-05-15 08:57:42,095 ChatBI->     INFO     开始对非结构化文档【粗略】检索
2025-05-15 08:57:42,102 ChatBI->     INFO     检索到的文档总数量为：1
2025-05-15 08:57:42,103 ChatBI->     INFO     开始对非结构化文档【深度】检索
2025-05-15 08:57:42,661 ChatBI->     INFO     抽取的关键词列表为：['毕业院校']
2025-05-15 08:57:42,661 ChatBI->     INFO     关键词json输出格式 --> {"毕业院校": "<抽取毕业院校信息>"}
2025-05-15 08:57:42,832 ChatBI->     INFO     websocket发送的数据为：{"response": []}
2025-05-15 08:57:42,833 ChatBI->     INFO     websocket发送的数据为：{"data_detail": [{}]}
2025-05-15 08:57:43,106 ChatBI->     INFO     websocket发送的数据为：{"result_insight": "根据现有信息，未能找到关于上海人的毕业院校的相关资料。"}
2025-05-15 08:57:44,190 ChatBI->     INFO     websocket发送的数据为：{"result_recommand": {"new_query_1": "这些工匠的工作单位有哪些？", "new_query_2": "这些工匠的工种或工作头衔有哪些？", "new_query_3": "这些工匠所属的行业有哪些？"}}
2025-05-15 09:02:26,765 ChatBI->     INFO     schema linking: {'target_columns': ['工匠介绍'], 'condition_columns': {'姓名': '工匠'}}
2025-05-15 09:02:27,049 ChatBI->     INFO     
2025-05-15 09:02:27,060 ChatBI->     INFO     你
2025-05-15 09:02:27,072 ChatBI->     INFO     希望
2025-05-15 09:02:27,083 ChatBI->     INFO     从
2025-05-15 09:02:27,101 ChatBI->     INFO     工匠
2025-05-15 09:02:27,117 ChatBI->     INFO     介绍
2025-05-15 09:02:27,134 ChatBI->     INFO     中
2025-05-15 09:02:27,151 ChatBI->     INFO     提取
2025-05-15 09:02:27,168 ChatBI->     INFO     上海
2025-05-15 09:02:27,185 ChatBI->     INFO     工匠
2025-05-15 09:02:27,202 ChatBI->     INFO     的
2025-05-15 09:02:27,219 ChatBI->     INFO     毕业
2025-05-15 09:02:27,236 ChatBI->     INFO     院校
2025-05-15 09:02:27,253 ChatBI->     INFO     信息
2025-05-15 09:02:27,270 ChatBI->     INFO     。
2025-05-15 09:02:27,287 ChatBI->     INFO     这是一个
2025-05-15 09:02:27,304 ChatBI->     INFO     信息
2025-05-15 09:02:27,321 ChatBI->     INFO     提取
2025-05-15 09:02:27,338 ChatBI->     INFO     问题
2025-05-15 09:02:27,355 ChatBI->     INFO     ，
2025-05-15 09:02:27,372 ChatBI->     INFO     需要
2025-05-15 09:02:27,389 ChatBI->     INFO     从
2025-05-15 09:02:27,406 ChatBI->     INFO     “
2025-05-15 09:02:27,423 ChatBI->     INFO     工匠
2025-05-15 09:02:27,440 ChatBI->     INFO     介绍
2025-05-15 09:02:27,457 ChatBI->     INFO     ”
2025-05-15 09:02:27,475 ChatBI->     INFO     字段
2025-05-15 09:02:27,491 ChatBI->     INFO     中
2025-05-15 09:02:27,508 ChatBI->     INFO     提取
2025-05-15 09:02:27,525 ChatBI->     INFO     出
2025-05-15 09:02:27,542 ChatBI->     INFO     与
2025-05-15 09:02:27,559 ChatBI->     INFO     毕业
2025-05-15 09:02:27,577 ChatBI->     INFO     院校
2025-05-15 09:02:27,593 ChatBI->     INFO     相关
2025-05-15 09:02:27,610 ChatBI->     INFO     的信息
2025-05-15 09:02:27,627 ChatBI->     INFO     。
2025-05-15 09:02:27,644 ChatBI->     INFO     具体
2025-05-15 09:02:27,662 ChatBI->     INFO     来说
2025-05-15 09:02:27,679 ChatBI->     INFO     ，
2025-05-15 09:02:27,696 ChatBI->     INFO     需要
2025-05-15 09:02:27,713 ChatBI->     INFO     在
2025-05-15 09:02:27,730 ChatBI->     INFO     “
2025-05-15 09:02:27,747 ChatBI->     INFO     工匠
2025-05-15 09:02:27,764 ChatBI->     INFO     介绍
2025-05-15 09:02:27,782 ChatBI->     INFO     ”
2025-05-15 09:02:27,799 ChatBI->     INFO     字段
2025-05-15 09:02:27,816 ChatBI->     INFO     中
2025-05-15 09:02:27,834 ChatBI->     INFO     查找
2025-05-15 09:02:27,851 ChatBI->     INFO     与
2025-05-15 09:02:27,868 ChatBI->     INFO     毕业
2025-05-15 09:02:27,885 ChatBI->     INFO     院校
2025-05-15 09:02:27,902 ChatBI->     INFO     相关的
2025-05-15 09:02:27,919 ChatBI->     INFO     描述
2025-05-15 09:02:27,936 ChatBI->     INFO     ，并
2025-05-15 09:02:27,954 ChatBI->     INFO     提取
2025-05-15 09:02:27,970 ChatBI->     INFO     出
2025-05-15 09:02:27,987 ChatBI->     INFO     具体的
2025-05-15 09:02:28,004 ChatBI->     INFO     院校
2025-05-15 09:02:28,021 ChatBI->     INFO     名称
2025-05-15 09:02:28,038 ChatBI->     INFO     。


2025-05-15 09:02:28,055 ChatBI->     INFO     字段
2025-05-15 09:02:28,072 ChatBI->     INFO     说明
2025-05-15 09:02:28,089 ChatBI->     INFO     ：

2025-05-15 09:02:28,106 ChatBI->     INFO     -
2025-05-15 09:02:28,123 ChatBI->     INFO      `
2025-05-15 09:02:28,140 ChatBI->     INFO     工匠
2025-05-15 09:02:28,157 ChatBI->     INFO     介绍
2025-05-15 09:02:28,174 ChatBI->     INFO     `
2025-05-15 09:02:28,191 ChatBI->     INFO     ：
2025-05-15 09:02:28,208 ChatBI->     INFO     包含
2025-05-15 09:02:28,225 ChatBI->     INFO     工匠
2025-05-15 09:02:28,242 ChatBI->     INFO     的
2025-05-15 09:02:28,259 ChatBI->     INFO     简介
2025-05-15 09:02:28,276 ChatBI->     INFO     或
2025-05-15 09:02:28,293 ChatBI->     INFO     荣誉
2025-05-15 09:02:28,310 ChatBI->     INFO     信息
2025-05-15 09:02:28,327 ChatBI->     INFO     ，
2025-05-15 09:02:28,344 ChatBI->     INFO     可能
2025-05-15 09:02:28,361 ChatBI->     INFO     包含
2025-05-15 09:02:28,378 ChatBI->     INFO     毕业
2025-05-15 09:02:28,397 ChatBI->     INFO     院校
2025-05-15 09:02:28,413 ChatBI->     INFO     信息
2025-05-15 09:02:28,430 ChatBI->     INFO     。


2025-05-15 09:02:28,447 ChatBI->     INFO     DONE
2025-05-15 09:02:28,465 ChatBI->     INFO     
2025-05-15 09:02:28,920 ChatBI->     INFO     任务类型: 内容抽取
2025-05-15 09:02:28,920 ChatBI->     INFO     过滤表达式： Name like '%工匠%' ; 查询问题： 
2025-05-15 09:02:28,922 ChatBI->     INFO     开始对非结构化文档【粗略】检索
2025-05-15 09:02:28,927 ChatBI->     INFO     检索到的文档总数量为：0
2025-05-15 09:02:28,928 ChatBI->     INFO     开始对非结构化文档【深度】检索
2025-05-15 09:02:28,928 ChatBI->     INFO     websocket发送的数据为：{"response": []}
2025-05-15 09:02:28,929 ChatBI->     INFO     websocket发送的数据为：{"data_detail": [{}]}
2025-05-15 09:02:29,194 ChatBI->     INFO     websocket发送的数据为：{"result_insight": "根据现有信息，未能找到上海工匠的毕业院校数据。"}
2025-05-15 09:02:30,285 ChatBI->     INFO     websocket发送的数据为：{"result_recommand": {"new_query_1": "这些工匠的工作单位有哪些？", "new_query_2": "这些工匠的工种或工作头衔有哪些？", "new_query_3": "这些工匠所属的行业有哪些？"}}
2025-05-15 09:02:54,170 ChatBI->     INFO     schema linking: {'target_columns': ['工作单位'], 'condition_columns': {'姓名': '工匠'}}
2025-05-15 09:02:54,449 ChatBI->     INFO     
2025-05-15 09:02:54,461 ChatBI->     INFO     你
2025-05-15 09:02:54,473 ChatBI->     INFO     希望
2025-05-15 09:02:54,485 ChatBI->     INFO     了解
2025-05-15 09:02:54,498 ChatBI->     INFO     上海
2025-05-15 09:02:54,516 ChatBI->     INFO     的
2025-05-15 09:02:54,533 ChatBI->     INFO     工匠
2025-05-15 09:02:54,550 ChatBI->     INFO     的
2025-05-15 09:02:54,567 ChatBI->     INFO     毕业
2025-05-15 09:02:54,584 ChatBI->     INFO     院校
2025-05-15 09:02:54,601 ChatBI->     INFO     有哪些
2025-05-15 09:02:54,618 ChatBI->     INFO     。
2025-05-15 09:02:54,635 ChatBI->     INFO     这是一个
2025-05-15 09:02:54,652 ChatBI->     INFO     关于
2025-05-15 09:02:54,669 ChatBI->     INFO     工匠
2025-05-15 09:02:54,686 ChatBI->     INFO     背景
2025-05-15 09:02:54,703 ChatBI->     INFO     信息
2025-05-15 09:02:54,720 ChatBI->     INFO     的问题
2025-05-15 09:02:54,738 ChatBI->     INFO     ，
2025-05-15 09:02:54,755 ChatBI->     INFO     但
2025-05-15 09:02:54,772 ChatBI->     INFO     提供的
2025-05-15 09:02:54,788 ChatBI->     INFO     schema
2025-05-15 09:02:54,806 ChatBI->     INFO     信息
2025-05-15 09:02:54,823 ChatBI->     INFO     中
2025-05-15 09:02:54,839 ChatBI->     INFO     并没有
2025-05-15 09:02:54,857 ChatBI->     INFO     直接
2025-05-15 09:02:54,874 ChatBI->     INFO     包含
2025-05-15 09:02:54,891 ChatBI->     INFO     工匠
2025-05-15 09:02:54,908 ChatBI->     INFO     的
2025-05-15 09:02:54,925 ChatBI->     INFO     毕业
2025-05-15 09:02:54,942 ChatBI->     INFO     院校
2025-05-15 09:02:54,959 ChatBI->     INFO     信息
2025-05-15 09:02:54,976 ChatBI->     INFO     。
2025-05-15 09:02:54,993 ChatBI->     INFO     因此
2025-05-15 09:02:55,010 ChatBI->     INFO     ，
2025-05-15 09:02:55,027 ChatBI->     INFO     根据
2025-05-15 09:02:55,044 ChatBI->     INFO     现有
2025-05-15 09:02:55,061 ChatBI->     INFO     字段
2025-05-15 09:02:55,078 ChatBI->     INFO     ，
2025-05-15 09:02:55,095 ChatBI->     INFO     无法
2025-05-15 09:02:55,112 ChatBI->     INFO     直接
2025-05-15 09:02:55,129 ChatBI->     INFO     回答
2025-05-15 09:02:55,146 ChatBI->     INFO     该
2025-05-15 09:02:55,164 ChatBI->     INFO     问题
2025-05-15 09:02:55,180 ChatBI->     INFO     。
2025-05-15 09:02:55,197 ChatBI->     INFO     需要
2025-05-15 09:02:55,214 ChatBI->     INFO     进一步
2025-05-15 09:02:55,231 ChatBI->     INFO     确认
2025-05-15 09:02:55,249 ChatBI->     INFO     是否有
2025-05-15 09:02:55,266 ChatBI->     INFO     遗漏
2025-05-15 09:02:55,282 ChatBI->     INFO     的
2025-05-15 09:02:55,299 ChatBI->     INFO     字段
2025-05-15 09:02:55,317 ChatBI->     INFO     或
2025-05-15 09:02:55,334 ChatBI->     INFO     需要
2025-05-15 09:02:55,351 ChatBI->     INFO     从
2025-05-15 09:02:55,368 ChatBI->     INFO     其他
2025-05-15 09:02:55,385 ChatBI->     INFO     数据
2025-05-15 09:02:55,402 ChatBI->     INFO     源
2025-05-15 09:02:55,418 ChatBI->     INFO     获取
2025-05-15 09:02:55,436 ChatBI->     INFO     相关信息
2025-05-15 09:02:55,453 ChatBI->     INFO     。


2025-05-15 09:02:55,470 ChatBI->     INFO     如果
2025-05-15 09:02:55,487 ChatBI->     INFO     假设
2025-05-15 09:02:55,504 ChatBI->     INFO     存在
2025-05-15 09:02:55,521 ChatBI->     INFO     一个
2025-05-15 09:02:55,538 ChatBI->     INFO     字段
2025-05-15 09:02:55,555 ChatBI->     INFO     可以
2025-05-15 09:02:55,572 ChatBI->     INFO     间接
2025-05-15 09:02:55,589 ChatBI->     INFO     反映
2025-05-15 09:02:55,606 ChatBI->     INFO     毕业
2025-05-15 09:02:55,623 ChatBI->     INFO     院校
2025-05-15 09:02:55,640 ChatBI->     INFO     信息
2025-05-15 09:02:55,657 ChatBI->     INFO     （
2025-05-15 09:02:55,674 ChatBI->     INFO     例如
2025-05-15 09:02:55,692 ChatBI->     INFO     ，
2025-05-15 09:02:55,709 ChatBI->     INFO     工作
2025-05-15 09:02:55,726 ChatBI->     INFO     单位
2025-05-15 09:02:55,743 ChatBI->     INFO     或
2025-05-15 09:02:55,760 ChatBI->     INFO     领域
2025-05-15 09:02:55,777 ChatBI->     INFO     等
2025-05-15 09:02:55,794 ChatBI->     INFO     字段
2025-05-15 09:02:55,811 ChatBI->     INFO     中
2025-05-15 09:02:55,828 ChatBI->     INFO     可能
2025-05-15 09:02:55,845 ChatBI->     INFO     包含
2025-05-15 09:02:55,862 ChatBI->     INFO     相关信息
2025-05-15 09:02:55,880 ChatBI->     INFO     ），
2025-05-15 09:02:55,897 ChatBI->     INFO     则
2025-05-15 09:02:55,914 ChatBI->     INFO     可以
2025-05-15 09:02:55,930 ChatBI->     INFO     尝试
2025-05-15 09:02:55,947 ChatBI->     INFO     通过
2025-05-15 09:02:55,965 ChatBI->     INFO     这些
2025-05-15 09:02:55,982 ChatBI->     INFO     字段
2025-05-15 09:02:55,999 ChatBI->     INFO     进行
2025-05-15 09:02:56,016 ChatBI->     INFO     推测
2025-05-15 09:02:56,033 ChatBI->     INFO     或
2025-05-15 09:02:56,050 ChatBI->     INFO     搜索
2025-05-15 09:02:56,067 ChatBI->     INFO     。
2025-05-15 09:02:56,084 ChatBI->     INFO     但
2025-05-15 09:02:56,101 ChatBI->     INFO     基于
2025-05-15 09:02:56,118 ChatBI->     INFO     当前
2025-05-15 09:02:56,135 ChatBI->     INFO     提供的
2025-05-15 09:02:56,152 ChatBI->     INFO     字段
2025-05-15 09:02:56,169 ChatBI->     INFO     信息
2025-05-15 09:02:56,186 ChatBI->     INFO     ，
2025-05-15 09:02:56,203 ChatBI->     INFO     无法
2025-05-15 09:02:56,220 ChatBI->     INFO     直接
2025-05-15 09:02:56,238 ChatBI->     INFO     回答
2025-05-15 09:02:56,254 ChatBI->     INFO     该
2025-05-15 09:02:56,271 ChatBI->     INFO     问题
2025-05-15 09:02:56,288 ChatBI->     INFO     。


2025-05-15 09:02:56,305 ChatBI->     INFO     DONE
2025-05-15 09:02:56,324 ChatBI->     INFO     
2025-05-15 09:02:56,341 ChatBI->     INFO     任务类型: SQL
2025-05-15 09:02:57,345 ChatBI->     INFO     stad sql: SELECT DISTINCT `工作单位` FROM gjw WHERE `姓名` LIKE '%工匠%' LIMIT 10;
2025-05-15 09:02:57,348 ChatBI->     INFO     非结构化信息为: {}
2025-05-15 09:02:57,348 ChatBI->     INFO     没有找到<  >对应的视图
2025-05-15 09:25:03,476 ChatBI->     INFO     schema linking: {'target_columns': ['工匠介绍'], 'condition_columns': {'工匠介绍': '毕业院校'}}
2025-05-15 09:25:03,762 ChatBI->     INFO     
2025-05-15 09:25:03,773 ChatBI->     INFO     你
2025-05-15 09:25:03,784 ChatBI->     INFO     希望
2025-05-15 09:25:03,795 ChatBI->     INFO     了解
2025-05-15 09:25:03,812 ChatBI->     INFO     工匠
2025-05-15 09:25:03,828 ChatBI->     INFO     的
2025-05-15 09:25:03,846 ChatBI->     INFO     毕业
2025-05-15 09:25:03,863 ChatBI->     INFO     院校
2025-05-15 09:25:03,880 ChatBI->     INFO     有哪些
2025-05-15 09:25:03,898 ChatBI->     INFO     。
2025-05-15 09:25:03,915 ChatBI->     INFO     但是
2025-05-15 09:25:03,932 ChatBI->     INFO     ，
2025-05-15 09:25:03,948 ChatBI->     INFO     根据
2025-05-15 09:25:03,966 ChatBI->     INFO     提供的
2025-05-15 09:25:03,983 ChatBI->     INFO     schema
2025-05-15 09:25:04,000 ChatBI->     INFO     信息
2025-05-15 09:25:04,017 ChatBI->     INFO     和
2025-05-15 09:25:04,034 ChatBI->     INFO     关联
2025-05-15 09:25:04,051 ChatBI->     INFO     的
2025-05-15 09:25:04,068 ChatBI->     INFO     列
2025-05-15 09:25:04,085 ChatBI->     INFO     ，
2025-05-15 09:25:04,102 ChatBI->     INFO     我们
2025-05-15 09:25:04,119 ChatBI->     INFO     发现
2025-05-15 09:25:04,136 ChatBI->     INFO     并没有
2025-05-15 09:25:04,153 ChatBI->     INFO     直接
2025-05-15 09:25:04,171 ChatBI->     INFO     包含
2025-05-15 09:25:04,187 ChatBI->     INFO     “
2025-05-15 09:25:04,205 ChatBI->     INFO     毕业
2025-05-15 09:25:04,221 ChatBI->     INFO     院校
2025-05-15 09:25:04,239 ChatBI->     INFO     ”
2025-05-15 09:25:04,256 ChatBI->     INFO     这一
2025-05-15 09:25:04,272 ChatBI->     INFO     字段
2025-05-15 09:25:04,290 ChatBI->     INFO     。
2025-05-15 09:25:04,307 ChatBI->     INFO     因此
2025-05-15 09:25:04,324 ChatBI->     INFO     ，
2025-05-15 09:25:04,341 ChatBI->     INFO     无法
2025-05-15 09:25:04,357 ChatBI->     INFO     直接
2025-05-15 09:25:04,376 ChatBI->     INFO     从
2025-05-15 09:25:04,392 ChatBI->     INFO     现有
2025-05-15 09:25:04,410 ChatBI->     INFO     数据
2025-05-15 09:25:04,426 ChatBI->     INFO     中
2025-05-15 09:25:04,443 ChatBI->     INFO     获取
2025-05-15 09:25:04,461 ChatBI->     INFO     工匠
2025-05-15 09:25:04,478 ChatBI->     INFO     的
2025-05-15 09:25:04,495 ChatBI->     INFO     毕业
2025-05-15 09:25:04,512 ChatBI->     INFO     院校
2025-05-15 09:25:04,529 ChatBI->     INFO     信息
2025-05-15 09:25:04,546 ChatBI->     INFO     。


2025-05-15 09:25:04,563 ChatBI->     INFO     如果
2025-05-15 09:25:04,580 ChatBI->     INFO     数据
2025-05-15 09:25:04,598 ChatBI->     INFO     中
2025-05-15 09:25:04,615 ChatBI->     INFO     存在
2025-05-15 09:25:04,632 ChatBI->     INFO     与
2025-05-15 09:25:04,649 ChatBI->     INFO     毕业
2025-05-15 09:25:04,666 ChatBI->     INFO     院校
2025-05-15 09:25:04,683 ChatBI->     INFO     相关
2025-05-15 09:25:04,700 ChatBI->     INFO     的信息
2025-05-15 09:25:04,717 ChatBI->     INFO     ，
2025-05-15 09:25:04,734 ChatBI->     INFO     建议
2025-05-15 09:25:04,751 ChatBI->     INFO     补充
2025-05-15 09:25:04,769 ChatBI->     INFO     相应的
2025-05-15 09:25:04,785 ChatBI->     INFO     字段
2025-05-15 09:25:04,803 ChatBI->     INFO     。
2025-05-15 09:25:04,820 ChatBI->     INFO     目前
2025-05-15 09:25:04,837 ChatBI->     INFO     ，
2025-05-15 09:25:04,853 ChatBI->     INFO     可以
2025-05-15 09:25:04,870 ChatBI->     INFO     尝试
2025-05-15 09:25:04,888 ChatBI->     INFO     通过
2025-05-15 09:25:04,906 ChatBI->     INFO     其他
2025-05-15 09:25:04,922 ChatBI->     INFO     字段
2025-05-15 09:25:04,939 ChatBI->     INFO     （
2025-05-15 09:25:04,956 ChatBI->     INFO     如
2025-05-15 09:25:04,974 ChatBI->     INFO     “
2025-05-15 09:25:04,990 ChatBI->     INFO     工匠
2025-05-15 09:25:05,008 ChatBI->     INFO     介绍
2025-05-15 09:25:05,025 ChatBI->     INFO     ”
2025-05-15 09:25:05,042 ChatBI->     INFO     ）
2025-05-15 09:25:05,058 ChatBI->     INFO     来
2025-05-15 09:25:05,075 ChatBI->     INFO     间接
2025-05-15 09:25:05,092 ChatBI->     INFO     获取
2025-05-15 09:25:05,109 ChatBI->     INFO     相关信息
2025-05-15 09:25:05,127 ChatBI->     INFO     ，
2025-05-15 09:25:05,143 ChatBI->     INFO     但
2025-05-15 09:25:05,160 ChatBI->     INFO     这种方法
2025-05-15 09:25:05,177 ChatBI->     INFO     可能
2025-05-15 09:25:05,195 ChatBI->     INFO     无法
2025-05-15 09:25:05,212 ChatBI->     INFO     全面
2025-05-15 09:25:05,229 ChatBI->     INFO     覆盖
2025-05-15 09:25:05,246 ChatBI->     INFO     所有
2025-05-15 09:25:05,263 ChatBI->     INFO     工匠
2025-05-15 09:25:05,280 ChatBI->     INFO     的
2025-05-15 09:25:05,297 ChatBI->     INFO     毕业
2025-05-15 09:25:05,314 ChatBI->     INFO     院校
2025-05-15 09:25:05,331 ChatBI->     INFO     信息
2025-05-15 09:25:05,349 ChatBI->     INFO     。


2025-05-15 09:25:05,365 ChatBI->     INFO     DONE
2025-05-15 09:25:05,384 ChatBI->     INFO     
2025-05-15 09:25:05,857 ChatBI->     INFO     任务类型: 内容抽取
2025-05-15 09:25:06,402 ChatBI->     INFO     过滤表达式： ; 查询问题： 毕业院校
2025-05-15 09:25:06,404 ChatBI->     INFO     开始对非结构化文档【粗略】检索
2025-05-15 09:25:06,620 ChatBI->     INFO     检索到的文档总数量为：500
2025-05-15 09:25:06,649 ChatBI->     INFO     开始对非结构化文档【深度】检索
2025-05-15 09:25:07,369 ChatBI->     INFO     step_scores: ['yes', 'no', 'yes', 'yes', 'no', 'yes', 'yes', 'no', 'yes', 'no', 'no', 'no', 'no', 'no', 'no', 'no', 'no', 'no', 'no', 'no']
2025-05-15 09:25:07,369 ChatBI->     INFO     层级抽取文档： 毕道伟，清华大学毕业后投身核电事业，致力于智慧核电领域创新研究，主持国家科技重大专项课题2项，掌握多项关键技术。他主持制定我国首个核电IEC国际标准及世界首个核电人工智能应用国际标准，在国际标准化领域取得历史性突破，创造"中国速度"。在"绽放杯"大赛中获全国三等奖，荣获"上海核电"品牌贡献奖，获2021上海城市数字化转型"智慧工匠"称号。参与制定2项能源行业标准，主持完成2项国家标准，获发明专利授权7项。他推动智慧核电国际化发展，受邀参加ITU、IAEA等重要会议并作报告，为提升我国国际影响力作出突出贡献。 ==> yes  
2025-05-15 09:25:07,369 ChatBI->     INFO     层级抽取文档： 金德华，作为企业设备电气系统的资深维护和技术专家，长期致力于设备改造与专用设备研制工作。他曾获得市维修电工技能大赛第一名和全国"振兴杯"大赛第五名，并培养多名青年技能人才。他主持研制的大型螺旋成排弯管机填补国内空白，泵水监控系统获国家专利。此外，他还发表近二十篇技术论文，并担任多所高职院校特聘教师，为行业技术发展作出重要贡献。 ==> no  
2025-05-15 09:25:07,370 ChatBI->     INFO     层级抽取文档： 王俊席博士，毕业于上海交通大学，主要研究低碳燃料发动机关键技术。他发表了50余篇论文，申请专利20余项，主持20余项核心技术研发，累计经费四千万元。作为主要负责人，他还参与国家"863"计划项目。他成功开发了柴油发动机电控系统及多种汽车通信协议系统，应用于300万台套柴油机。自主研发的国六天然气汽车发动机电控系统达国际先进水平，成本仅为进口系统一半，实现30万台套销售。他开发了24个系列天然气发动机产品，获整车配套公告100个以上。他还完成了甲醇、氢气及双燃料发动机控制系统研发，应用于多个系列发动机。王俊席博士曾获嘉定工匠、上海市五一劳动奖章等荣誉称号，为我国动力产业高质量发展做出重要贡献。 ==> yes  
2025-05-15 09:25:07,370 ChatBI->     INFO     层级抽取文档： 吕名礼，中国农业大学毕业，华维节水科技集团股份有限公司创始人、董事长，被誉为中国智慧灌溉领域的领军者。他主持参与了多个国家级科研项目，带领团队研发多项国际先进水平的技术产品，获授权专利37件，打破了国外技术垄断。在其领导下，公司荣获多项国家级及省级荣誉，成为农业产业化上海市重点龙头企业。吕名礼入选国家“万人计划”领军人才，享受国务院特殊津贴，兼任多所院校导师及社会职务，积极推动行业技术发展与创新。 ==> yes  
2025-05-15 09:25:07,370 ChatBI->     INFO     层级抽取文档： 李嵩，现任上海商务数码图像技术有限公司高级工程师，长期致力于艺术品复制及石窟寺数字化保护工作。在校期间对摄影有着浓厚兴趣的李嵩，毕业后进入上海商务数码图像技术有限公司，师从传统印刷工艺名师，潜心钻研数码印刷复制工艺。凭借对专业的执着追求和精湛的技术实力，其制作的复制品往往令客户难以分辨真伪。2011年，李嵩成功完成新疆龟兹石窟克孜尔第17窟壁画的高清数字化工作。面对这一极具挑战性的项目，他充分发挥专业优势，创新性地将印刷专业知识与实际应用相结合，自主研发并搭建仿真实验场地，反复测试各类扫描设备及技术方案。最终，在两个月内高质量完成了图像采集、拼接和校色等全部工序。为使数字成果最大化发挥作... ==> no  
2025-05-15 09:25:07,370 ChatBI->     INFO     层级抽取文档： 常静，茶艺师、评茶员、制茶师一级，高级考评员及裁判员，毕业于南京艺术学院。她是上海市一山一味茶业有限公司、静心轩茶行、静园茶文化传播有限公司创始人，并发起成立了上海市长宁区茶叶学会并担任理事长。常静每年举办20余期茶业专业培训，培养了大量评茶员、茶艺师和制茶师等技术人才。她在茶艺技能培训、茶业赛事组织等领域具有突出特长，并荣获第一届全国职业技能竞赛茶艺项目银奖，培养了16人次在全国性茶业竞赛中获奖。常静还参与制定普洱茶专业审评标准，并实施"茗香沪上"饮茶健康科普项目。她先后获得全国技术能手、上海市技术能手、上海市五一劳动奖章及上海市长宁区首席技师等多项荣誉。 ==> yes  
2025-05-15 09:25:07,370 ChatBI->     INFO     层级抽取文档： 高金明，毕业于河北唐山陶瓷技校，后进入唐山第一瓷厂工作，历任多项职务，长期致力于陶瓷工艺技术改造和管理。他曾主持新建年产300万件高级骨质瓷生产线，并参与新产品研发，设计开发数百个新产品。在G20产品赶制期间，他坚守一线，解决技术难题，全身心投入工作。他的努力为玛戈隆特骨瓷和国家争光，获得高度评价。 ==> yes  
2025-05-15 09:25:07,370 ChatBI->     INFO     层级抽取文档： 阮毅，现为上海市商贸旅游学校"双师型"教师，从事艺术设计教育工作20余年，荣获全国技术能手、上海市先进工作者等多项荣誉称号。她在动画制作领域造诣深厚，作品多次在全国评比中获奖，业内专家亓鑫辉评价其作品"用真功夫做动画"。教学方面，她自主开发课件荣获全国一等奖，主编多部市级精品课程教材，在各类教学竞赛中屡获特等奖。创办"米格学生创意工作室"以来，培养500余名数字媒体艺术设计人才，指导学生在全国技能大赛中连续五届摘得金牌。她多次荣获全国职业院校技能大赛金牌教师、上海市技能星光计划金牌指导教师等称号，是上海市唯一获此殊荣的教师。阮毅现为上海市名师培育工作室主持人，疫情期间积极开发中小学生职业... ==> no  
2025-05-15 09:25:07,370 ChatBI->     INFO     层级抽取文档： 李跃雄，副主任药师、执业药师，现任上海上药神象健康药业有限公司副总经理、全国参茸产品标准化技术委员会委员。1989年毕业于上海中医药大学中药系，师从孔庆蕃先生，1994年获首批继承人出师证书。他参与编写《参茸的鉴别和应用》，主持起草多项国家标准并发表多篇学术论文。主持完成国家部委级项目，获上海中医药科技二等奖，助力"神象品牌"获上海市著名商标和中国驰名商标称号。他培养参茸鉴定技艺传承人，为中医药事业传承发展作出贡献。 ==> yes  
2025-05-15 09:25:07,370 ChatBI->     INFO     层级抽取文档： 官林星，长期致力于盾构隧道设计研究领域。师从朱合华院士，赴早稻田大学深造，获博士学位。学成归国后，加入上海市政总院，投身工程设计一线，将结构设计理论与具体隧道设计相结合。&#10;&#10;在盾构隧道技术攻关方面，官林星解决了深覆土、大断面、高内压条件下圆形盾构隧道的结构受力分析、设计及防水等关键技术难题，参与了周家嘴路越江隧道和苏州河深层调蓄系统工程等重大项目的设计工作。&#10;&#10;在异形隧道设计领域，他带领团队研发了大断面矩形盾构法隧道成套建造技术，填补了国内该领域的空白。创新性地优化了矩形顶管工艺，拓宽了矩形顶管隧道的应用范围。&#10;&#10;其研究成果在多个城市地下隧... ==> no  
2025-05-15 09:25:07,370 ChatBI->     INFO     层级抽取文档： 王长亮同志,作为公安部刑技青年人才和上海刑侦文检专业人才,长期从事公安刑事技术工作,累计检验鉴定各类案件4000余件,参与侦破重大特大案件近千起,其专业鉴定意见为案件侦破和诉讼提供了重要技术支撑。 he担任中国刑事科学技术协会文检专业委员会委员、文检鉴定公安部重点实验室学术委员会委员（兼任客座研究员），并入选上海市文检司法鉴定专家委员会专家，在疑难笔迹检验、高仿真印章印文鉴别、变造（污损）文件分析及朱墨时序鉴别等领域具有深厚的专业造诣。 王长亮同志创新提出了《朱墨时序鉴别典型特征图谱》和同源性检验理论，并在高仿真印章印文检验鉴定方法上取得重要突破。... ==> no  
2025-05-15 09:25:07,370 ChatBI->     INFO     层级抽取文档： 高鸣，上海第二工业大学工程训练中心工会主席、机加工教研室主任，共产党员。扎根教学三十余载，技艺精湛，获数控车工、数控技术应用技师、数控机床操作调整工高级技师证书及考评员资格。2020年获评“浦东工匠”。他积极推进课程思政建设，培养学生成为具有责任意识和追求卓越精神的新时代工匠，指导学生多次在工程训练综合能力竞赛中获奖。他还参与编写上海市职业培训教材，年均培训250余名学生，鉴定合格率高出全市平均水平20%。科研领域，他获得发明专利及多项实用新型专利和软件著作权，为社会和教育事业作出突出贡献。 ==> no  
2025-05-15 09:25:07,370 ChatBI->     INFO     层级抽取文档： 侯怀书，长期致力于无损检测技术研究与应用，首创分散聚焦超声检测技术和弱刚性超声直接耦合探伤技术，并开发专用超声探头，实现多项技术突破，打破了国外垄断。他带领团队在多项技术领域取得创新成果，包括冶金复合管缺陷检测、焊缝免打磨探伤和薄壁焊管快速探伤，显著提升国内相关行业技术水平和产品质量。作为技术带头人，他主持多个国家级和省部级科研项目，获授权发明专利12项，主持制定国家标准6项，获国家科技进步二等奖、中国专利优秀奖等多项荣誉。在人才培养方面，他培养研究生28名，开展专业技术培训，为行业输送大量人才，获全国首届复合材料优秀人才奖。 ==> no  
2025-05-15 09:25:07,370 ChatBI->     INFO     层级抽取文档： 杨志刚，从事建筑声学设计工作26年，主持400多个项目，参与国家大剧院舞美基地、杭州大剧院等重要工程设计。他主持完成《剧院和音乐厅音质参量的现场检测分析和评价研究》，主编《音乐厅建筑声学设计标准》，并发表50篇专业文章。杨志刚还参与编制多项行业规范，担任多家学会委员，是我国建筑声学领域领军人才。 ==> no  
2025-05-15 09:25:07,370 ChatBI->     INFO     层级抽取文档： 于圣青，著名兽医学家，日本国立山口大学预防兽医学博士，美国国立卫生研究院博士后。现任中国农业科学院上海兽医研究所研究员、博导、首席科学家，长期主持科技部"863"课题、国家重点研发计划等重大科研任务，取得显著成果。发表论文200余篇，其中SCI论文105篇，获授权国家发明专利15项，省部级奖励5项。培养博士后3名、博士6名、硕士45名，指导优秀硕士论文1篇。成功研制鸭传染性浆膜炎三价灭活疫苗和鸡滑液囊支原体ELISA抗体检测试剂盒，成果转化金额达700万元。 ==> no  
2025-05-15 09:25:07,370 ChatBI->     INFO     层级抽取文档： 黄阮明，深耕电网规划领域21年，长期奋战在电网规划仿真一线，专注于电网规划建设、电力系统仿真建模和新能源发电并网等关键技术。他曾参与"十二五"至"十四五"上海（华东）电网发展规划编制，并主持多项重大工程设计，包括淮南-浙北-练塘交流特高压示范工程和复奉特高压直流工程。作为国家电网公司仿真中心首批建设者，他自主研发智能化规划仿真计算软件，获得多项软件著作权和发明专利，为公司节约资金2000余万元。他主持国家自然科学基金项目20余项，带领团队在优化电网结构和供电可靠性方面取得突破，累计节约投资近百亿元。他创建"黄阮明职工创新成长工作室"，培养优秀电网规划技术队伍，带领团队荣获上海市科技进步二... ==> no  
2025-05-15 09:25:07,370 ChatBI->     INFO     层级抽取文档： 徐宁，作为装配式建筑领域的专家，致力于推动装配式混凝土建筑的设计施工一体化技术创新。他主持或参与了多项国家级科研课题，开发了装配式建筑智能建造成套新技术，提出了"非等同现浇"设计理论和"少规格、多组合"拆分技术，解决了装配式建筑发展的关键问题，达到国际先进水平。他在全国推广BIM正向设计技术，提升了装配式建筑的施工效率和质量。徐宁获上海市青年拔尖人才、宝山工匠等多项荣誉，发表论文24篇，授权专利22项，主持制定ISO国际标准1项，科研成果累计创造超过2000万经济效益。 ==> no  
2025-05-15 09:25:07,370 ChatBI->     INFO     层级抽取文档： 梁晨，从事公安刑事技术工作十七年，2020年获正高级警务技术任职资格，2016年受聘为中国医药工业研究总院药物分析专业硕士研究生导师，擅长毒物毒品检验鉴定。&#10;&#10;她承办10000余起检验鉴定案件，在新型毒品检验鉴定领域具有深厚造诣，成功破获复旦投毒案。主持发布中国公共安全行业标准4项，主持科研项目《毒品及新精神活性物质标准品研制及应用》获公安部科学技术奖一等奖，6项技术获国家发明专利。在国际核心期刊发表论文30余篇，2018年起带领团队承担重要食品安全保卫工作，荣立个人二等功。 ==> no  
2025-05-15 09:25:07,370 ChatBI->     INFO     层级抽取文档： 盛林峰，长期从事超高层和超大型复杂钢结构工程焊接及工艺研究，参与世博轴阳光谷、广州塔、上海中心大厦等重大工程。他首创国内建筑钢结构焊接领域机器人技术运用，填补国内空白并取得显著效益。&#10;&#10;盛林峰获发明专利10项、省部级以上科技奖项3项。师承钢结构大师吴欣之，培养20多名焊接人才，多人获"上海市三八红旗手"等荣誉。他研发多项国际领先创新成果，推动建筑施工行业智能化、数字化发展。 ==> no  
2025-05-15 09:25:07,371 ChatBI->     INFO     层级抽取文档： 翁建和，中式烹饪领域享有盛誉的专家，三十余载从业生涯中荣获国务院“政府特殊津贴”、“上海市劳动模范”、“全国五一劳动奖章”、“中国烹饪大师”等多项殊荣。他精通上海菜，旁通苏、锡、甬、川、粤等菜系，尤擅冷菜制作，出版了《上海名厨新菜》等专业书籍，并多次担任重要烹饪比赛评委和裁判员。作为国家级考评员和高级讲师，他致力于中华美食文化的传承与推广，培养了大批青年厨师。翁建和以“做烹饪追求意境，让美食展示艺术”为座右铭，长期投身烹饪教育与职业技能提升工作。 ==> no  
2025-05-15 09:25:07,371 ChatBI->     INFO     阈值索引为：45, 窗口大小为: 20 
2025-05-15 09:25:07,371 ChatBI->     INFO     确定的文档: 26; 在次确认的文档: 39
2025-05-15 09:25:08,698 ChatBI->     INFO     从39个需再次确认的文档中筛选出的相关文档数量：14
2025-05-15 09:25:08,698 ChatBI->     INFO     示例文档：['陈徐奇，上海海派珐琅金银器第四代传承人，硕士研究生，毕业于莫斯科国立工艺美术科学院。在莫斯科学习和工作期间，师从米哈洛夫，参与金属古董修复和研究。回国后，加入上海老凤祥，师从余士渭大师，致力于珐琅艺术的创新与传承，融合海派文化与当代审美，提升制作技艺。其作品多次参展并被莫斯科国立工艺美术科学院收藏。现任上海老凤祥珐琅艺术有限公司技术骨干，参与创建上海市非遗项目"上海海派金银珐琅器技艺"等级考核制度，获国家人社部和中国轻工联合会审核通过。', '徐振华，毕业于上海交通大学机械工程及自动化专业，具有丰富的机器人研发与创新经验。他曾任FANUC机器人公司及GM泛亚汽车研发中心高级研发工程师，后两次成功创业，研发了多款具有国际领先水平的康复机器人与外骨骼机器人，获得多项发明专利及国际大奖。2018年，他创立上海傲鲨智能科技有限公司，专注于外骨骼机器人研发与产业化应用，产品已服务于煤矿、机场、电力等行业，有效提升劳动效率并预防工伤。公司正在研发民用外骨骼产品，助力居家老人复健与生活辅助。徐振华致力于推动智能机器人技术的广泛应用，使其更好服务于社会与大众。', '彭辉，高级工程师，毕业于武汉科技大学。长期致力于无机非金属材料及施工工艺研发，现任冬奥会国家雪车雪橇中心赛道项目负责人。研发不定型耐材配方，获企业工法4项；创新热态在线修补技术，创造2000万元效益。带领团队研发国内首套智能湿法喷涂装置及工艺，获部级工法1项、科技成果3项。在冬奥赛道建设中，攻克曲面喷射成型等关键技术，打破国外垄断，获6项专利，团队获"全国工人先锋号"。制定喷射混凝土施工标准，项目通过国际认证，节约专利费2000万元，填补国内空白。', '潘阿锁，南京工程学院机械设计制造及其自动化专业毕业，现任上海爱登堡电梯集团研发部部长。凭借优异表现，他从普通技术员成长为集团产品开发技术带头人，获得工程师任职资格，主持参与多项电梯研发项目，涵盖无机房电梯、高速电梯等领域。他累计获得授权专利15项，其中发明专利3项，参与制定团体标准1项，培育带教新人15名。潘阿锁主导开发的电梯控制系统实现了全生命周期数据管理，提升设备安全性和使用寿命。他带领团队成功研发10m/s超高速电梯，打破国外垄断，为高层建筑设计提供解决方案。其创新成果每年创造千万元经济效益，推动电梯行业技术进步。', '朱熙华先生，出生于上海，毕业于上海戏剧学院舞美系舞台设计专业，现为上海造币有限公司工艺美术师，兼任中国币章专业委员会委员等职。他被誉为中国钱币设计领域的“标王”，已完成超过100个面的纪念币设计雕刻工作。作品涵盖中国抗日战争胜利70周年、熊猫币发行35周年等重大题材。2010年，其设计作品获两项国家外观设计专利。国际上，他连续四年获“克劳斯世界硬币大赛”最佳金银币奖提名，并多次获得中国印钞造币总公司设计大奖。朱熙华先生曾荣获“中国印钞造币行业劳动模范”、上海“轻工工匠”等荣誉称号，被誉为中国钱币设计领域的领军人物和行业楷模。']
2025-05-15 09:25:09,262 ChatBI->     INFO     抽取的关键词列表为：['毕业院校']
2025-05-15 09:25:09,263 ChatBI->     INFO     关键词json输出格式 --> {"毕业院校": "<抽取毕业院校信息>"}
2025-05-15 09:25:10,955 ChatBI->     INFO     websocket发送的数据为：{"response": [{"毕业院校": "上海交通大学", "数量": 4}, {"毕业院校": "清华大学", "数量": 2}, {"毕业院校": "上海出版印刷高等专科学校", "数量": 2}, {"毕业院校": "河北唐山陶瓷技校", "数量": 1}, {"毕业院校": "东南大学", "数量": 1}, {"毕业院校": "内蒙古轻工业职业学院", "数量": 1}, {"毕业院校": "四川大学", "数量": 1}, {"毕业院校": "上海戏剧学院舞美系舞台设计专业", "数量": 1}, {"毕业院校": "山东工艺美术学院壁画系", "数量": 1}, {"毕业院校": "中国刑警学院", "数量": 1}, {"毕业院校": "上海旅专", "数量": 1}, {"毕业院校": "浙江农业大学园艺系", "数量": 1}, {"毕业院校": "上海中医药大学中药系", "数量": 1}, {"毕业院校": "南京工程学院", "数量": 1}, {"毕业院校": "武汉科技大学", "数量": 1}, {"毕业院校": "上海应用技术大学", "数量": 1}, {"毕业院校": "中国农业大学", "数量": 1}, {"毕业院校": "北京理工大学", "数量": 1}, {"毕业院校": "中国药科大学", "数量": 1}, {"毕业院校": "南京航空航天大学", "数量": 1}, {"毕业院校": "同济大学测绘工程专业", "数量": 1}, {"毕业院校": "模具专业", "数量": 1}, {"毕业院校": "武汉测绘科技大学", "数量": 1}, {"毕业院校": "中国地质大学（北京）物探系", "数量": 1}, {"毕业院校": "南京艺术学院", "数量": 1}, {"毕业院校": "莫斯科国立工艺美术科学院", "数量": 1}, {"毕业院校": "上海复旦大学", "数量": 1}, {"毕业院校": "博士研究生毕业", "数量": 1}, {"毕业院校": "同济大学", "数量": 1}, {"毕业院校": "河海大学", "数量": 1}, {"毕业院校": "上海大学材料系", "数量": 1}, {"毕业院校": "博士毕业", "数量": 1}, {"毕业院校": "加拿大麦吉尔大学", "数量": 1}]}
2025-05-15 09:25:10,955 ChatBI->     INFO     websocket发送的数据为：{"data_detail": [{}]}
2025-05-15 09:25:11,734 ChatBI->     INFO     websocket发送的数据为：{"result_insight": "根据检索结果，工匠的毕业院校包括上海交通大学、清华大学等多所知名院校，以及一些专业性较强的学校如上海应用技术大学、武汉科技大学等，共计26所院校。"}
2025-05-15 09:25:13,029 ChatBI->     INFO     websocket发送的数据为：{"result_recommand": {"new_query_1": "哪些工匠毕业于上海交通大学？", "new_query_2": "有多少工匠的毕业院校是清华大学？", "new_query_3": "除了河北唐山陶瓷技校，还有哪些技校或职业学院培养了大国工匠？"}}
2025-05-15 09:26:51,275 ChatBI->     INFO     schema linking: {'target_columns': ['工作单位'], 'condition_columns': {'姓名': '工匠'}}
2025-05-15 09:26:51,554 ChatBI->     INFO     
2025-05-15 09:26:51,566 ChatBI->     INFO     你
2025-05-15 09:26:51,578 ChatBI->     INFO     希望
2025-05-15 09:26:51,591 ChatBI->     INFO     了解
2025-05-15 09:26:51,605 ChatBI->     INFO     上海
2025-05-15 09:26:51,622 ChatBI->     INFO     工匠
2025-05-15 09:26:51,639 ChatBI->     INFO     的
2025-05-15 09:26:51,657 ChatBI->     INFO     毕业
2025-05-15 09:26:51,674 ChatBI->     INFO     院校
2025-05-15 09:26:51,690 ChatBI->     INFO     有哪些
2025-05-15 09:26:51,707 ChatBI->     INFO     。
2025-05-15 09:26:51,725 ChatBI->     INFO     这是一个
2025-05-15 09:26:51,742 ChatBI->     INFO     关于
2025-05-15 09:26:51,759 ChatBI->     INFO     上海
2025-05-15 09:26:51,776 ChatBI->     INFO     工匠
2025-05-15 09:26:51,792 ChatBI->     INFO     背景
2025-05-15 09:26:51,810 ChatBI->     INFO     信息
2025-05-15 09:26:51,826 ChatBI->     INFO     的问题
2025-05-15 09:26:51,844 ChatBI->     INFO     ，
2025-05-15 09:26:51,860 ChatBI->     INFO     但
2025-05-15 09:26:51,878 ChatBI->     INFO     提供的
2025-05-15 09:26:51,895 ChatBI->     INFO     schema
2025-05-15 09:26:51,912 ChatBI->     INFO     信息
2025-05-15 09:26:51,929 ChatBI->     INFO     中
2025-05-15 09:26:51,946 ChatBI->     INFO     并没有
2025-05-15 09:26:51,963 ChatBI->     INFO     直接
2025-05-15 09:26:51,980 ChatBI->     INFO     包含
2025-05-15 09:26:51,997 ChatBI->     INFO     “
2025-05-15 09:26:52,013 ChatBI->     INFO     毕业
2025-05-15 09:26:52,031 ChatBI->     INFO     院校
2025-05-15 09:26:52,048 ChatBI->     INFO     ”
2025-05-15 09:26:52,065 ChatBI->     INFO     这一
2025-05-15 09:26:52,082 ChatBI->     INFO     字段
2025-05-15 09:26:52,099 ChatBI->     INFO     。
2025-05-15 09:26:52,116 ChatBI->     INFO     因此
2025-05-15 09:26:52,133 ChatBI->     INFO     ，
2025-05-15 09:26:52,150 ChatBI->     INFO     根据
2025-05-15 09:26:52,167 ChatBI->     INFO     现有
2025-05-15 09:26:52,184 ChatBI->     INFO     字段
2025-05-15 09:26:52,201 ChatBI->     INFO     信息
2025-05-15 09:26:52,218 ChatBI->     INFO     ，
2025-05-15 09:26:52,235 ChatBI->     INFO     无法
2025-05-15 09:26:52,252 ChatBI->     INFO     直接
2025-05-15 09:26:52,269 ChatBI->     INFO     回答
2025-05-15 09:26:52,286 ChatBI->     INFO     该
2025-05-15 09:26:52,303 ChatBI->     INFO     问题
2025-05-15 09:26:52,320 ChatBI->     INFO     。
2025-05-15 09:26:52,337 ChatBI->     INFO     提供的
2025-05-15 09:26:52,354 ChatBI->     INFO     字段
2025-05-15 09:26:52,371 ChatBI->     INFO     包括
2025-05-15 09:26:52,388 ChatBI->     INFO     工匠
2025-05-15 09:26:52,405 ChatBI->     INFO     的
2025-05-15 09:26:52,422 ChatBI->     INFO     编号
2025-05-15 09:26:52,439 ChatBI->     INFO     、
2025-05-15 09:26:52,456 ChatBI->     INFO     年
2025-05-15 09:26:52,473 ChatBI->     INFO     份
2025-05-15 09:26:52,491 ChatBI->     INFO     、
2025-05-15 09:26:52,507 ChatBI->     INFO     区
2025-05-15 09:26:52,524 ChatBI->     INFO     局
2025-05-15 09:26:52,541 ChatBI->     INFO     、
2025-05-15 09:26:52,559 ChatBI->     INFO     姓名
2025-05-15 09:26:52,575 ChatBI->     INFO     、
2025-05-15 09:26:52,592 ChatBI->     INFO     年龄
2025-05-15 09:26:52,610 ChatBI->     INFO     、
2025-05-15 09:26:52,627 ChatBI->     INFO     姓名
2025-05-15 09:26:52,643 ChatBI->     INFO     拼音
2025-05-15 09:26:52,660 ChatBI->     INFO     、
2025-05-15 09:26:52,678 ChatBI->     INFO     性别
2025-05-15 09:26:52,695 ChatBI->     INFO     、
2025-05-15 09:26:52,712 ChatBI->     INFO     工作
2025-05-15 09:26:52,729 ChatBI->     INFO     单位
2025-05-15 09:26:52,746 ChatBI->     INFO     、
2025-05-15 09:26:52,764 ChatBI->     INFO     工
2025-05-15 09:26:52,781 ChatBI->     INFO     种
2025-05-15 09:26:52,798 ChatBI->     INFO     或
2025-05-15 09:26:52,815 ChatBI->     INFO     工作
2025-05-15 09:26:52,832 ChatBI->     INFO     头
2025-05-15 09:26:52,849 ChatBI->     INFO     衔
2025-05-15 09:26:52,866 ChatBI->     INFO     、
2025-05-15 09:26:52,882 ChatBI->     INFO     领域
2025-05-15 09:26:52,900 ChatBI->     INFO     、
2025-05-15 09:26:52,917 ChatBI->     INFO     行业
2025-05-15 09:26:52,934 ChatBI->     INFO     和
2025-05-15 09:26:52,951 ChatBI->     INFO     工匠
2025-05-15 09:26:52,968 ChatBI->     INFO     介绍
2025-05-15 09:26:52,985 ChatBI->     INFO     等
2025-05-15 09:26:53,002 ChatBI->     INFO     信息
2025-05-15 09:26:53,019 ChatBI->     INFO     。


2025-05-15 09:26:53,036 ChatBI->     INFO     由于
2025-05-15 09:26:53,053 ChatBI->     INFO     没有
2025-05-15 09:26:53,070 ChatBI->     INFO     直接
2025-05-15 09:26:53,087 ChatBI->     INFO     关联
2025-05-15 09:26:53,104 ChatBI->     INFO     的
2025-05-15 09:26:53,121 ChatBI->     INFO     字段
2025-05-15 09:26:53,138 ChatBI->     INFO     ，
2025-05-15 09:26:53,155 ChatBI->     INFO     无法
2025-05-15 09:26:53,173 ChatBI->     INFO     从
2025-05-15 09:26:53,189 ChatBI->     INFO     现有
2025-05-15 09:26:53,206 ChatBI->     INFO     数据
2025-05-15 09:26:53,223 ChatBI->     INFO     中
2025-05-15 09:26:53,240 ChatBI->     INFO     提取
2025-05-15 09:26:53,257 ChatBI->     INFO     出
2025-05-15 09:26:53,275 ChatBI->     INFO     上海
2025-05-15 09:26:53,292 ChatBI->     INFO     工匠
2025-05-15 09:26:53,308 ChatBI->     INFO     的
2025-05-15 09:26:53,325 ChatBI->     INFO     毕业
2025-05-15 09:26:53,342 ChatBI->     INFO     院校
2025-05-15 09:26:53,359 ChatBI->     INFO     信息
2025-05-15 09:26:53,377 ChatBI->     INFO     。
2025-05-15 09:26:53,394 ChatBI->     INFO     如果
2025-05-15 09:26:53,411 ChatBI->     INFO     需要
2025-05-15 09:26:53,428 ChatBI->     INFO     获取
2025-05-15 09:26:53,445 ChatBI->     INFO     这些
2025-05-15 09:26:53,462 ChatBI->     INFO     信息
2025-05-15 09:26:53,479 ChatBI->     INFO     ，
2025-05-15 09:26:53,498 ChatBI->     INFO     可能
2025-05-15 09:26:53,516 ChatBI->     INFO     需要
2025-05-15 09:26:53,532 ChatBI->     INFO     补充
2025-05-15 09:26:53,550 ChatBI->     INFO     或
2025-05-15 09:26:53,566 ChatBI->     INFO     修改
2025-05-15 09:26:53,584 ChatBI->     INFO     数据库
2025-05-15 09:26:53,601 ChatBI->     INFO     表
2025-05-15 09:26:53,618 ChatBI->     INFO     结构
2025-05-15 09:26:53,634 ChatBI->     INFO     ，
2025-05-15 09:26:53,651 ChatBI->     INFO     或者
2025-05-15 09:26:53,669 ChatBI->     INFO     从
2025-05-15 09:26:53,686 ChatBI->     INFO     其他
2025-05-15 09:26:53,703 ChatBI->     INFO     数据
2025-05-15 09:26:53,720 ChatBI->     INFO     源
2025-05-15 09:26:53,737 ChatBI->     INFO     获取
2025-05-15 09:26:53,754 ChatBI->     INFO     相关信息
2025-05-15 09:26:53,771 ChatBI->     INFO     。


2025-05-15 09:26:53,788 ChatBI->     INFO     DONE
2025-05-15 09:26:53,806 ChatBI->     INFO     
2025-05-15 09:26:53,822 ChatBI->     INFO     任务类型: SQL
2025-05-15 09:26:54,836 ChatBI->     INFO     stad sql: SELECT DISTINCT `工作单位` FROM gjw WHERE `姓名` LIKE '%工匠%' LIMIT 10;
2025-05-15 09:26:54,838 ChatBI->     INFO     非结构化信息为: {}
2025-05-15 09:26:54,838 ChatBI->     INFO     没有找到<  >对应的视图
2025-05-15 09:27:05,337 ChatBI->     INFO     schema linking: {'target_columns': ['工作单位'], 'condition_columns': {'姓名': '工匠'}}
2025-05-15 09:27:05,602 ChatBI->     INFO     
2025-05-15 09:27:05,613 ChatBI->     INFO     你
2025-05-15 09:27:05,625 ChatBI->     INFO     希望
2025-05-15 09:27:05,637 ChatBI->     INFO     了解
2025-05-15 09:27:05,651 ChatBI->     INFO     上海
2025-05-15 09:27:05,668 ChatBI->     INFO     工匠
2025-05-15 09:27:05,685 ChatBI->     INFO     的
2025-05-15 09:27:05,703 ChatBI->     INFO     毕业
2025-05-15 09:27:05,719 ChatBI->     INFO     院校
2025-05-15 09:27:05,736 ChatBI->     INFO     有哪些
2025-05-15 09:27:05,753 ChatBI->     INFO     。
2025-05-15 09:27:05,771 ChatBI->     INFO     这是一个
2025-05-15 09:27:05,788 ChatBI->     INFO     关于
2025-05-15 09:27:05,805 ChatBI->     INFO     上海
2025-05-15 09:27:05,822 ChatBI->     INFO     工匠
2025-05-15 09:27:05,838 ChatBI->     INFO     背景
2025-05-15 09:27:05,856 ChatBI->     INFO     信息
2025-05-15 09:27:05,873 ChatBI->     INFO     的问题
2025-05-15 09:27:05,890 ChatBI->     INFO     ，
2025-05-15 09:27:05,906 ChatBI->     INFO     但
2025-05-15 09:27:05,924 ChatBI->     INFO     提供的
2025-05-15 09:27:05,941 ChatBI->     INFO     schema
2025-05-15 09:27:05,958 ChatBI->     INFO     信息
2025-05-15 09:27:05,975 ChatBI->     INFO     中
2025-05-15 09:27:05,992 ChatBI->     INFO     并没有
2025-05-15 09:27:06,009 ChatBI->     INFO     直接
2025-05-15 09:27:06,026 ChatBI->     INFO     包含
2025-05-15 09:27:06,043 ChatBI->     INFO     “
2025-05-15 09:27:06,060 ChatBI->     INFO     毕业
2025-05-15 09:27:06,077 ChatBI->     INFO     院校
2025-05-15 09:27:06,094 ChatBI->     INFO     ”
2025-05-15 09:27:06,111 ChatBI->     INFO     这一
2025-05-15 09:27:06,128 ChatBI->     INFO     字段
2025-05-15 09:27:06,145 ChatBI->     INFO     。
2025-05-15 09:27:06,162 ChatBI->     INFO     因此
2025-05-15 09:27:06,179 ChatBI->     INFO     ，
2025-05-15 09:27:06,197 ChatBI->     INFO     根据
2025-05-15 09:27:06,213 ChatBI->     INFO     现有
2025-05-15 09:27:06,230 ChatBI->     INFO     字段
2025-05-15 09:27:06,247 ChatBI->     INFO     信息
2025-05-15 09:27:06,264 ChatBI->     INFO     ，
2025-05-15 09:27:06,281 ChatBI->     INFO     无法
2025-05-15 09:27:06,298 ChatBI->     INFO     直接
2025-05-15 09:27:06,316 ChatBI->     INFO     回答
2025-05-15 09:27:06,332 ChatBI->     INFO     该
2025-05-15 09:27:06,349 ChatBI->     INFO     问题
2025-05-15 09:27:06,367 ChatBI->     INFO     。
2025-05-15 09:27:06,384 ChatBI->     INFO     提供的
2025-05-15 09:27:06,400 ChatBI->     INFO     字段
2025-05-15 09:27:06,417 ChatBI->     INFO     包括
2025-05-15 09:27:06,434 ChatBI->     INFO     工匠
2025-05-15 09:27:06,451 ChatBI->     INFO     的
2025-05-15 09:27:06,468 ChatBI->     INFO     编号
2025-05-15 09:27:06,485 ChatBI->     INFO     、
2025-05-15 09:27:06,502 ChatBI->     INFO     年
2025-05-15 09:27:06,519 ChatBI->     INFO     份
2025-05-15 09:27:06,536 ChatBI->     INFO     、
2025-05-15 09:27:06,553 ChatBI->     INFO     区
2025-05-15 09:27:06,571 ChatBI->     INFO     局
2025-05-15 09:27:06,588 ChatBI->     INFO     、
2025-05-15 09:27:06,605 ChatBI->     INFO     姓名
2025-05-15 09:27:06,622 ChatBI->     INFO     、
2025-05-15 09:27:06,640 ChatBI->     INFO     年龄
2025-05-15 09:27:06,656 ChatBI->     INFO     、
2025-05-15 09:27:06,673 ChatBI->     INFO     姓名
2025-05-15 09:27:06,690 ChatBI->     INFO     拼音
2025-05-15 09:27:06,707 ChatBI->     INFO     、
2025-05-15 09:27:06,724 ChatBI->     INFO     性别
2025-05-15 09:27:06,741 ChatBI->     INFO     、
2025-05-15 09:27:06,758 ChatBI->     INFO     工作
2025-05-15 09:27:06,775 ChatBI->     INFO     单位
2025-05-15 09:27:06,792 ChatBI->     INFO     、
2025-05-15 09:27:06,809 ChatBI->     INFO     工
2025-05-15 09:27:06,826 ChatBI->     INFO     种
2025-05-15 09:27:06,843 ChatBI->     INFO     或
2025-05-15 09:27:06,860 ChatBI->     INFO     工作
2025-05-15 09:27:06,878 ChatBI->     INFO     头
2025-05-15 09:27:06,894 ChatBI->     INFO     衔
2025-05-15 09:27:06,911 ChatBI->     INFO     、
2025-05-15 09:27:06,928 ChatBI->     INFO     领域
2025-05-15 09:27:06,946 ChatBI->     INFO     、
2025-05-15 09:27:06,963 ChatBI->     INFO     行业
2025-05-15 09:27:06,979 ChatBI->     INFO     和
2025-05-15 09:27:06,996 ChatBI->     INFO     工匠
2025-05-15 09:27:07,013 ChatBI->     INFO     介绍
2025-05-15 09:27:07,031 ChatBI->     INFO     等
2025-05-15 09:27:07,048 ChatBI->     INFO     信息
2025-05-15 09:27:07,065 ChatBI->     INFO     。


2025-05-15 09:27:07,081 ChatBI->     INFO     由于
2025-05-15 09:27:07,099 ChatBI->     INFO     没有
2025-05-15 09:27:07,116 ChatBI->     INFO     直接
2025-05-15 09:27:07,133 ChatBI->     INFO     关联
2025-05-15 09:27:07,150 ChatBI->     INFO     的
2025-05-15 09:27:07,167 ChatBI->     INFO     字段
2025-05-15 09:27:07,184 ChatBI->     INFO     ，
2025-05-15 09:27:07,201 ChatBI->     INFO     无法
2025-05-15 09:27:07,218 ChatBI->     INFO     从
2025-05-15 09:27:07,235 ChatBI->     INFO     现有
2025-05-15 09:27:07,252 ChatBI->     INFO     数据
2025-05-15 09:27:07,269 ChatBI->     INFO     中
2025-05-15 09:27:07,286 ChatBI->     INFO     提取
2025-05-15 09:27:07,303 ChatBI->     INFO     出
2025-05-15 09:27:07,320 ChatBI->     INFO     上海
2025-05-15 09:27:07,337 ChatBI->     INFO     工匠
2025-05-15 09:27:07,354 ChatBI->     INFO     的
2025-05-15 09:27:07,371 ChatBI->     INFO     毕业
2025-05-15 09:27:07,388 ChatBI->     INFO     院校
2025-05-15 09:27:07,405 ChatBI->     INFO     信息
2025-05-15 09:27:07,422 ChatBI->     INFO     。
2025-05-15 09:27:07,439 ChatBI->     INFO     如果
2025-05-15 09:27:07,457 ChatBI->     INFO     需要
2025-05-15 09:27:07,473 ChatBI->     INFO     获取
2025-05-15 09:27:07,490 ChatBI->     INFO     这些
2025-05-15 09:27:07,507 ChatBI->     INFO     信息
2025-05-15 09:27:07,525 ChatBI->     INFO     ，
2025-05-15 09:27:07,541 ChatBI->     INFO     可能
2025-05-15 09:27:07,558 ChatBI->     INFO     需要
2025-05-15 09:27:07,576 ChatBI->     INFO     补充
2025-05-15 09:27:07,593 ChatBI->     INFO     或
2025-05-15 09:27:07,609 ChatBI->     INFO     修改
2025-05-15 09:27:07,627 ChatBI->     INFO     数据库
2025-05-15 09:27:07,644 ChatBI->     INFO     表
2025-05-15 09:27:07,661 ChatBI->     INFO     结构
2025-05-15 09:27:07,678 ChatBI->     INFO     ，
2025-05-15 09:27:07,695 ChatBI->     INFO     或者
2025-05-15 09:27:07,712 ChatBI->     INFO     从
2025-05-15 09:27:07,729 ChatBI->     INFO     其他
2025-05-15 09:27:07,746 ChatBI->     INFO     数据
2025-05-15 09:27:07,763 ChatBI->     INFO     源
2025-05-15 09:27:07,780 ChatBI->     INFO     获取
2025-05-15 09:27:07,797 ChatBI->     INFO     相关信息
2025-05-15 09:27:07,814 ChatBI->     INFO     。


2025-05-15 09:27:07,831 ChatBI->     INFO     DONE
2025-05-15 09:27:07,849 ChatBI->     INFO     
2025-05-15 09:27:07,868 ChatBI->     INFO     任务类型: SQL
2025-05-15 09:27:08,873 ChatBI->     INFO     stad sql: SELECT DISTINCT `工作单位` FROM gjw WHERE `姓名` LIKE '%工匠%' LIMIT 10;
2025-05-15 09:27:08,874 ChatBI->     INFO     非结构化信息为: {}
2025-05-15 09:27:08,874 ChatBI->     INFO     没有找到<  >对应的视图
