2025-06-02 10:20:26,812 ChatBI->     INFO     获取的表元数据: 
    CREATE TABLE shanghai (
        `工单编号` BIGINT; 含义: 表示工单的唯一编号。; 用途: 用于唯一标识每个工单，便于查询和管理。; 示例值: 20240101000072; 备注: 无;
        `工号` BIGINT; 含义: 表示工单的生成编号。; 用途: 用于记录工单的生成顺序，便于排序和统计。; 示例值: 3830; 备注: 无;
        `工单生成时间` DATETIME; 含义: 表示工单的生成时间。; 用途: 用于记录工单的生成时间，便于时间维度的管理和分析。; 示例值: 2024-01-01 00:37:39; 备注: 无;
        `诉求地址` TEXT; 含义: 表示工单所涉及的具体地点的详细地址。; 用途: 提供工单发生地点的详细信息，便于定位和处理。; 示例值: "闵行区东川路555弄"; 备注: 无;
        `诉求区域` TEXT; 含义: 表示工单所涉及的具体地点所属的行政区。; 用途: 用于快速定位工单发生的区域，便于区域级别的管理和调度。; 枚举类型，值包括： "黄浦区", "徐汇区", "长宁区", "静安区",  "普陀区", "虹口区", "杨浦区", "闵行区", "宝山区", "嘉定区", "浦东新区", "金山区",  "松江区", "青浦区","奉贤区", "崇明区"; 备注: 无;
        `内容描述` TEXT; 含义: 对工单所涉及的具体问题的详细描述。; 用途: 提供完整的信息，帮助处理人员全面了解问题背景和具体情况。; 示例值: "市民来电反映:未成年游戏充值要求退费，心动网络有限公司旗"; 备注: 无;
        `工单类别` TEXT; 含义: 表示工单紧急程度的类别。; 用途: 用于对工单紧急程度分级，便于管理和迅速响应。; 枚举类型，包含: "一般", "次紧急", "紧急"; 备注: 无;
        `处理描述` TEXT; 含义: 对工单处理结果的描述。; 用途: 记录工单的处理情况，便于后续查询和分析。; 示例值: "市民反复催单，已电子催单工单编号：20231224019374，故归档。"; 备注: 无;
        `客户类型` TEXT; 含义: 表示工单客户的类型。; 用途: 用于区分不同类型的客户，便于管理和服务。; 枚举类型，包含 "个人", "企业"; 备注: 无;
        `一级分类` TEXT; 含义: 表示工单所属的最高级别的分类。; 用途: 用于快速定位和分类工单，便于管理和统计。;枚举类型，包括： "科教文卫类", "社会管理类", "公安政法类", "其他类", "建设交通类",  "公用事业类", "安全监管类", "经济综合类", "社会团体类"; 备注: 无;
        `二级分类` TEXT; 含义: 在一级分类之下，更具体的分类。; 用途: 进一步细化工单分类，提高管理精度。; 示例值: "文广影视"; 备注: 无;
        `三级分类` TEXT; 含义: 在二级分类之下，更加具体的分类。; 用途: 提供更详细的分类信息，方便具体问题的处理和跟踪。; 示例值: "文化产业管理"; 备注: 无;
        `四级分类` TEXT; 含义: 在三级分类之下，更加具体的分类。; 用途: 提供更详细的分类信息，方便具体问题的处理和跟踪。; 示例值: "游戏动漫"; 备注: 无;
        `主办单位` TEXT; 含义: 表示工单的主办单位。; 用途: 用于记录工单的主办单位，便于管理和协调。; 示例值: "市文化旅游局", "市公安局", "普陀区人民政府"; 备注: 无;
        `是否匿名` TEXT; 含义: 表示工单是否为匿名工单。; 用途: 用于区分匿名工单和非匿名工单，便于管理和保护隐私。; 示例值: "是"; 备注: 无;
        `服务类型` TEXT; 含义: 表示工单的服务类型。; 用途: 用于分类工单的服务类型，便于管理和统计。; 枚举类型，包括: "综合服务", "一网通办"; 备注: 无;
        `通话编号` TEXT; 含义: 表示工单的通话编号。; 用途: 用于记录工单的通话记录，便于查询和分析。; 示例值: "1704040581-2297011"; 备注: 无;
        `工单类型` TEXT; 含义: 表示工单的类型。; 用途: 用于分类工单的类型，便于管理和统计。; 枚举类型，包括: "求助类", "投诉举报类", "咨询类", "意见建议类", "其他类"; 备注: 无;
        `新一级分类` TEXT; 含义: 表示工单的新一级分类。; 用途: 用于记录工单的新分类信息，便于管理和统计。; 示例值: "None"; 备注: 无;
        `新二级分类` TEXT; 含义: 表示工单的新二级分类。; 用途: 用于记录工单的新分类信息，便于管理和统计。; 示例值: "None"; 备注: 无;
        `新三级分类` TEXT; 含义: 表示工单的新三级分类。; 用途: 用于记录工单的新分类信息，便于管理和统计。; 示例值: "None"; 备注: 无;
        `新四级分类` TEXT; 含义: 表示工单的新四级分类。; 用途: 用于记录工单的新分类信息，便于管理和统计。; 示例值: "None"; 备注: 无;
        `新五级分类` TEXT; 含义: 表示工单的新五级分类。; 用途: 用于记录工单的新分类信息，便于管理和统计。; 示例值: "None"; 备注: 无;
    )DEFAULT CHARSET=utf8mb4 ENGINE=InnoDB COLLATE utf8mb4_0900_ai_ci
    
2025-06-02 10:20:26,813 ChatBI->     INFO     获取的缩写列: []
2025-06-02 10:20:26,813 ChatBI->     INFO     获取的关联列: ['一级分类', '二级分类', '三级分类', '四级分类']
2025-06-02 10:20:26,813 ChatBI->     INFO     获取的列映射: {'工单编号': 'id', '工号': 'employee_id', '工单生成时间': 'order_date', '诉求地址': 'address', '诉求区域': 'region', '内容描述': 'content_description', '工单类别': 'order_category', '处理描述': 'resolution_description', '客户类型': 'customer_type', '一级分类': 'primary_classification', '二级分类': 'secondary_classification', '三级分类': 'tertiary_classification', '四级分类': 'quaternary_classification', '主办单位': 'responsible_department', '是否匿名': 'is_anonymous', '服务类型': 'service_type', '通话编号': 'call_id', '工单类型': 'order_type', '新一级分类': 'new_primary_classification', '新二级分类': 'new_secondary_classification', '新三级分类': 'new_tertiary_classification', '新四级分类': 'new_quaternary_classification', '新五级分类': 'new_period_classification'}
2025-06-02 10:20:28,358 ChatBI->     INFO     关联字段的枚举值:  {'一级分类': ['科教文卫类', '社会管理类', '公安政法类', '其他类', '建设交通类', '公用事业类', '安全监管类', '经济综合类', '社会团体类'], '二级分类': ['文广影视', '旅游', '公安（治安、交通）', '其他', '工商(消保)', '交通港口', '绿化市容', '邮政通信', '司法行政', '教育', '住房保障', '机关事务管理', '人力保障', '纪检监察', '城乡建设', '食品药品安全', '卫生计生', '发展改革', '公安（出入境）', '金融', '电力', '商务', '燃气', '城管执法', '残联', '环境保护', '税务', '土地规划', '民政', '水务', '“12345”热线', '供水', '电子政务', '信访', '法院系统', '安全生产管理', '退役军人', '农业', '部队', '公安（消防）', '总工会', '体育', '涉港澳台', '国资', '新闻出版', '质量技术监督', '知识产权', '经济信息化', '出入境边检', '民族宗教', '档案', '统计', '民防', '科技', '侨务', '外事', '气象', '团市委', '财政', '检察院系统', '国家安全', '审计', '妇联', '防震减灾', '中央直属', '机构编制', '长航公安', '口岸', '合作交流'], '三级分类': ['文化产业管理', '服务质量', '其他', '无效电话', '商业服务', '出租车', '市容市貌', '通信', '法律服务', '学校管理', '社会治安', '物业服务管理', '机关事务管理', '纠纷仲裁', '邮政服务', '交通管理', '劳动保护', '医疗医保', '政风行风', '工程管理', '安全管理', '卫生信息', '违法建筑', '改革规划', '护照办理', '环境卫生', '金融', '社会保险', '道路管理', '社保信息', '故障报修', '城市管理', '广播影视', '公交巴士', '商务', '价格调控', '市场交易管理', '社会噪声', '物业相关执法', '医疗服务', '工商监管', '医院监管', '燃气计费', '驾驶培训', '犬类管理', '户籍管理', '停车管理', '残联', '工伤', '污染', '税收政策', '非城市建设用地管理', '婚姻管理', '排水排污管理', '房屋权属', '汽车维修', '供水报修', '一网通办', '禁烟控烟', '培训市场', '事项办理', '养老保障', '地铁客运', '违法经营', '劳动人事制度', '社区家政', '12345热线', '入学入托', '就业创业', '保障型住房', '征收管理', '法院信息', '批评承办部门', '职业健康', '燃气服务', '货物运输', '签证签注', '招生考试', '公证服务', '供水计费', '自来水水质', '航空客运', '投诉批评', '拥军优抚', '人口计生', '表扬感谢', '表扬承办部门', '安全生产', '消防管理', '公共交通用卡管理', '税收管理', '疾控防疫', '咨询信访渠道', '法院受理', '体育管理', '车牌拍卖', '绿地绿化', '工商信息', '意见建议', '旧房改造', '其他社团', '刊物市场监管', '夜间施工许可', '消防设备维护', '生活保障', '特种行业管理', '复查复核', '特种设备监察', '知识产权', '铁路客运', '申诉举报', '动植园林', '法人一证通', '旅游信息', '总工会', '津贴补助', '电力服务', '用电计费', '国资', '人员边检', '动植物防疫', '燃气报修', '河道流域管理', '纪检监查', '违规用水', '行政管理', '道路维护', '殡葬事业', '寺庙管理', '特定医疗机构', '审批许可', '个人档案', '科技管理', '移交安置', '外事工作', '供水服务', '气象预报', '汽车客运', '质量认证', '慈善福利', '经济信息化', '燃气行业监管', '社会组织', '出境咨询', '禽类饲养', '司法直属', '港船客运', '计量器具检测', '旅游纠纷', '团市委', '检察院受理', '学生负担', '违规用电', '广告审批', '查询办理进度', '城市建设用地管理', '财政工作', '烈士褒扬', '农民负担', '国有档案', '村队管理', '文化遗产保护', '水资源管理', '农业生产', '自主择业就业', '统计工作', '国家安全', '新闻报道', '住房病虫害', '部队', '民防工程', '妇联', '建设管理', '地震震情', '生产许可证管理', '网站信箱', '科技开发', '救灾赈灾', '审计工作', '宗教信仰', '机构类', '防灾抗灾', '安保工作', '土地资源管理', '气象预警', '限电管理', '合作交流', '组织机构代码证'], '四级分类': ['游戏动漫', '酒店质量', '其他', '无明确诉求', '网上购物', '服务规范', '广告牌景观灯', '通信线路', '无效来电', '法律援助', '校园设施', '居住证', '纠纷协调', '机关事务信息', '劳动争议', '快递服务', '限流限行', '用工规范', '医保报销', '不作为', '建筑工程欠薪', '医保政策咨询', '教师素质', '各类服务卡券', '食品安全', '外省市受理', '医院医疗信息', '违法建筑', '新能源汽车', '护照办理', '倾倒渣土', '银行监管', '工伤保险', '施工规范', 'ETC使用', '社保卡', '规模停电', '无证设摊', '网络视听', '线路咨询', '汽车销售', '物业管理收费', '住房公积金', '售后服务', '装修噪音', '损坏侵占公用设施', '治安维护', '用药规范', '立案侦查', '业务办理', '审验登记', '医疗纠纷', '排队挂号', '用量偏高', '教练服务、培训规范', '养犬登记', '交通设施', '外省市迁入', '故障报修', '物业安保', '物品遗失', '社区卫生服务', '物业维修添置', '物业管理不善', '公共停车场', '残疾鉴定', '工伤认定', '结构改建', '排堵保畅', '噪音污染', '绿化维护', '服务态度', '残疾补助', '独户停电', '交通违章', '房产交易税', '经济纠纷', '耕地管理', '离婚办理', '失业保险', '医疗保险', '市政道路积水', '宅基地', '结婚登记', '合同监管', '油烟扰民', '业委会', '律师服务', '驾驶员审验', '高速收费', '4s店服务', '身份证管理', '停水水小', '旅行社服务', '网站使用', '乱收停车费', '群租现象', '过户上牌', '服务质量', '禁烟控烟', '空气污染', '广告监督', '市场监管', '共享单车', '其他业务', '办理结果不满', '环境垃圾', '养老保险', '广告张贴', '房屋产权', '路状路况', '危房', '老年津贴', '地铁建设', '不正当经营', '城管执法', '退休离休', '社区服务网点', '信息咨询', '垃圾清理', '入学政策', '人才引进', '拖欠工资', '道路养护', '经济补偿', '公安信息查询', '租赁管理', '经适房', '车辆年检', '卫生配套设施', '合同纠纷', '公租房', '经营性停车场', '拆迁安置', '幼托管理', '路灯供电', '法院地址电话', '诉求未解决', '金融资讯', '职业健康', '景点服务质量', '合同履行', '燃气施工', '账户信息', '文化活动', '居住证办理', '集装箱运输', '签证签注', '户籍政策咨询', '中考', '居改非', '工时假期', '工程质量', '办理转学', '继承权公证', '水费量高', '水中杂质', '飞机票务', '线路设置', '遗嘱抚恤和优待', '司法鉴定', '商品质量', '机关事务工作', '优生优育', '医保定点', '房产信息变更', '保险监管', '账单抄表', '非法客运', '搬场公司', '道路建设', '无照经营', '个人所得税', '烟草酒类', '道路安全', '水管维修', '表扬感谢', '应急救援', '市内户口迁移', '烟花爆竹管理', '排水工程', '交通卡', '偷税漏税', '求医问药', '教育质量', '工资奖金', '咨询信访渠道', '家电维修', '问题解决', '诉讼立案', '办事效率', '假冒伪劣', '土地征收', '经济案件', '市政工程', '教育改革', '生育保险', '群众锻炼', '证券监管', '职业培训', '车牌拍卖', '占绿毁绿', '维权咨询', '网络安全', '其他税种', '商品销售信息', '企业征税', '道路扬尘', '办事流程', '交通事故', '职称评定', '学籍管理', '消防隐患', '其他疫苗', '平台系统', '房屋老化', '资质认证', '红十字会', '赛事管理', '廉租房', '黑车', '图书刊物出版', '慢作为', '夜间施工的现象', '业务熟练', '消防栓', '无证犬类', '房屋结构破坏', '社区帮困补助', '不明归属井盖', '行政许可', '跨门经营', '家政服务', '动迁政策', '商标包装管理', '其他公证', '催办', '独生子女补贴', '问题推脱', '交通法规', '移植修剪', '食品安全流通', '办事推诿', '僵尸车', '劳务派遣', '线路时间', '扶贫帮困', '职业技能考试', '安全监察', '东方有线', '再生育政策', '消防宣传', '侵权行为', '铁路票务', '光污染', '结论不满', '高考', '申诉举报', '流浪犬收治', '其他报修', '公园设施', '普法宣传', '法人一证通', '许可审批', '外地户口入学', '影视节目', '邮件邮递', '便民信息', '景点投诉', '场地设施', '人员管理', '维修基金', '职业资质许可', '工会工作', '就业补贴', '信息查询', '职工权益', '电费争议', '国企管理', '过境手续', '疫情防疫', '法院判决', '丧葬补助金', '燃气泄漏', '住院病床', '外置扩音装置', '私装地锁', '就业信息', '水上漂浮物', '安全生产监督', '徇私枉法', '文化场所信息', '孤寡空巢老人关怀', '农村建设用地管理', '私移水表', '管道维修', '便民服务', '人员资质', '最低生活保障', '设备添置', '其他补助', '殡葬服务', '绿化护栏', '居家养老', '道路救援', '缴费信息', '市场物价', '受理网点', '护工护理', '机构养老', '国有资产流失', '流浪人员管理', '残联工作', '助残信息', '流程指引', '报刊印刷发行', '医疗设备', '垃圾分类', '保健品管理', '采血机构', '审批许可', '景点资讯', '养老金调整', '老年卡', '公房管理', '灭火器', '菜场经营', '通信基站', '个人档案', '无障碍工程', '死亡登记', '商贸信息', '乱作为', '法院通知', '高新技术扶持', '退役士兵', '动物保护机构', '违规拆迁', '医保药品目录', '土地使用权', '领事馆', '房屋转让', '承办推诿', '商品维修网点', '消防通道', '阶梯电价', '河道养护', '排污许可证', '黄赌毒', '天气预报', '活禽交易', '劳动能力鉴定', '危险品管理', '无犯罪证明', '废气污染', '水表维修', '寺庙用品', '燃气火小', '失职渎职', '评残疾伤残抚恤', '违规运营', '消防安全咨询', '河道疏通', '药品安全', '水污染', '车次信息', '超市卖场', '申请专利', '质量认证', '工龄核算', '电线高压线', '慈善募捐', '循环再利用', '司法拆迁', '孤儿收养', '燃气行业', '医疗器械管理', '隧桥管理', '作风问题', '票务', '出境咨询', '电表维修', '无证夜间施工', '服务流程', '劳务中介', '人民调解', '旅行社信息', '变电设施', '社工管理', '其他许可', '电视购物', '特定污染物处治', '无答复意见', '退休证', '农村地区家禽饲养', '律师协会', '城区家禽饲养', '浦江轮渡', '流浪救助', '野生动植物', '计量器具检测', '旅游合同纠纷', '体检中心', '团委工作', '城市信息化', '检察院信息', '超时补课', '航空运输', '私排电线', '贪污贿赂', '广告审批', '离退休干部', '商业楼宇', '查询办理进度', '测绘管理', '广播', '水表失窃', '军转干部', '诉讼时限', '财会考证', '虚开发票', '烈士评定', '刑事案件', '邮政发行', '医疗服务', '收费标准', '业务范畴', '农业补贴', '隔离管控', '政府机构', '航班延误', '公务员管理', '土地承包', '成人教育', '刊社信息', '节能减排', '规划设计', '监狱管理', '颜色异变', '电视线路', '餐饮服务', '转业干部', '非物质文化遗产', '秩序维护', '临终关怀', '文物保护管理', '无证养鸽', '桥梁通行', '河道水质', '强制消费', '畜牧养殖', '士兵', '滥砍滥捕', '非法行医', '收费问题', '平改坡', '体育彩票', '环评公示', '培训补贴', '平均工资', '最低工资', '兽医药管理', '档案管理', '创业扶持', '国家机密', '新闻内容', '证照查验', '燃气配件', '省际轮渡', '福利企业扶持', '因公出国审批', '安全检查', '新冠疫苗', '工作调动', '档案公开', '研究生考试', '水务工程建设', '管理规范', '青少年保护', '二次收费', '生态保护', '社区就业援助', '墓园管理', '化妆品管理', '增添绿化', '白蚁', '鼠患', '管道改建', '能源发展', '娱乐场所管理', '旅游交通', '文化社团', '烈士纪念设施', '信鸽', '营业税改增值税', '核酸检测', '违法传销', '作业负担', '涉军问题', '地下室管理', '妇联工作', '无军籍职工', '公益彩票', '气象服务信息', '避孕节育', '窃电举报', '固废危废', '超生处罚', '科技改革', '妇婴保健', '企业解困', '建筑间距及日照', '地震震情', '高温津贴', '集体资产管理', '青少年锻炼', '农业水利', '电磁辐射污染', '单身证明', '生产许可证管理', '假发票', '国内安全事务', '马蜂窝', '网站信箱使用', '河上搭建', '三无居家船只', '发明建议', '市场供应', '参战参试人员优待', '故障牵引', '工作态度', '违规收费', '年检', '征地补偿', '古树名木', '社会捐献', '土地建设与保护', '反动', '历史建筑', '抵押拍卖', '妇女权益维护', '防疫补贴', '化工污染', '费用减免', '防汛抗灾', '网点查询', '资产评估', '安全生产宣传', '夜间施工证的审批', '吸劳养老', '特殊工种', '自来水异味', '导游服务', '违规鸣笛', '分时用电', '筑材光污染', '公共支付', '记者证管理', '审计工作', '情报搜集', '企业改革', '农产品安全', '防治检疫', '抵押贷款公证', '队伍建设', '上海旅游节', '宗教信仰', '婚前检查', '公交专用道', '转运消杀', '抗台防汛', '自主研发', '医药卫生知识', '公共事业', '码色申诉', '矫正办', '火灾报警系统', '日常管理', '记录查询', '黑网吧', '收养审批', '许可证管理', '火灾报警', '电子出版物', '易燃易爆物', '婚姻财产公证', '财政票据', '擅自设立机构', '审查批捕', '福利设施', '国有企业', '公务车', '投资决策', '防疫物资', '地面沉降', '资质证书', '转基因产品（有机食品）', '民防警报', '审读出版物', '新闻形式', '妇女健康', '农副业生产', '台风沙尘', '抗灾演习', '民间慈善', '私接自来水管', '工程规划', '进博会', '外宾来访', '经济状况审核', '事业单位共享费', '节能用电', '暴雨暴雪', '合作交流', '组织机构代码证', '矿产管理']}
2025-06-02 10:20:28,359 ChatBI->     INFO     缩写字段的枚举值： []
2025-06-02 10:20:37,460 ChatBI->     INFO     案例库查询
2025-06-02 10:20:37,496 ChatBI->     INFO     案例库查询结果: ["{'query': '医保报销的投诉事件有多少起', '目标列': ['内容描述'], '条件列': {'工单类型': '投诉举报类', '内容描述': '医保报销'}}", "{'query': '近10个月垃圾分类有关投诉事件主要分布在哪些区', '目标列': ['诉求区域'], '条件列': {'工单类型': '投诉举报类', '内容描述': '垃圾分类', '工单生成时间': '近10个月'}}", "{'query': '今年投诉断缴社保的企业有哪些', '目标列': ['内容描述'], '条件列': {'工单类型': '投诉举报类', '内容描述': '断缴社保'}}"]
2025-06-02 10:20:38,386 ChatBI->     INFO     schema linking: {'target_columns': ['诉求区域'], 'condition_columns': {'工单类型': '投诉举报类', '内容描述': '社会保险费'}}
2025-06-02 10:20:39,547 ChatBI->     INFO     任务类型: SQL
2025-06-02 10:20:40,858 ChatBI->     INFO     stad sql: SELECT `诉求区域`, COUNT(*) AS `数量` FROM shanghai WHERE `工单类型` = '投诉举报类' AND `内容描述` LIKE '%社会保险费%' GROUP BY `诉求区域` ORDER BY `数量` DESC LIMIT 5000;
2025-06-02 10:20:40,868 ChatBI->     INFO     非结构化信息为: {"`内容描述` LIKE '%社会保险费%'": '社会保险费'}
2025-06-02 10:20:40,868 ChatBI->     INFO     开始语义分析 ..  .. 
2025-06-02 10:20:41,129 ChatBI->     INFO     社会保险费 的命名实体判别： no
2025-06-02 10:20:41,131 ChatBI->     INFO     开始对非结构化文档【粗略】检索
2025-06-02 10:20:41,681 ChatBI->     INFO     检索到的文档总数量为：5000
2025-06-02 10:20:41,988 ChatBI->     INFO     开始对非结构化文档【深度】检索
2025-06-02 10:20:42,166 ChatBI->     INFO     step_scores: ['yes', 'yes', 'yes', 'yes', 'yes', 'yes', 'yes', 'yes', 'yes', 'yes']
2025-06-02 10:20:42,167 ChatBI->     INFO     层级抽取文档： 市民来电咨询:市民申报了2023年工资性收入，有一个社会保险费缴费申报表，显示2024年4月费款所属日期，缴费人数，工资总额，缴费基数，费率本期。 ==> yes  
2025-06-02 10:20:42,167 ChatBI->     INFO     层级抽取文档： 市民来电咨询:一网通办上，申请的初创期创业组织社会保险费补贴，最后提交一直跳出来没有找到签名。企业名称：韵昇（上海）文化传媒有限公司。诉求：提交不了申请。 ==> yes  
2025-06-02 10:20:42,167 ChatBI->     INFO     层级抽取文档： 市民来电咨询:其缴纳本市职工社保，咨询个人和企业承担的缴费标准 ==> yes  
2025-06-02 10:20:42,167 ChatBI->     INFO     层级抽取文档： 市民来电反映:其今年8月31日办理的退休，退休时社保还差2年才满15年，市民后续自己缴纳社保费，可能9月缴费不及时其医保被停掉了，市民现在的就医费用该怎么处理。 ==> yes  
2025-06-02 10:20:42,167 ChatBI->     INFO     层级抽取文档： 市民来电咨询:本市社保缴费基数和比例。 ==> yes  
2025-06-02 10:20:42,167 ChatBI->     INFO     层级抽取文档： 市民来电咨询:杭州社保缴纳。 ==> yes  
2025-06-02 10:20:42,167 ChatBI->     INFO     层级抽取文档： 【为企服务】市民来电咨询:社会保险缴费申报填写错误。咨询如何处理。 ==> yes  
2025-06-02 10:20:42,167 ChatBI->     INFO     层级抽取文档： 市民来电咨询:企业要缴纳6月的社保费，询问是否有规定缴纳的截止时间，或者超过什么时间未缴纳会产生滞纳金等。诉求：请管理部门核实告知。 ==> yes  
2025-06-02 10:20:42,167 ChatBI->     INFO     层级抽取文档： 市民来电咨询:外省市工作，社保无法缴纳。医保、养老保险都无法登记。当地人事说是市民在上海的社保还没有停。故来电咨询如何个人停办社保并转移至外省市。 ==> yes  
2025-06-02 10:20:42,167 ChatBI->     INFO     层级抽取文档： 补充信息：市民表示接到相关部门电话，告知只能收该公司滞纳金【最近派发工单编号：20240614024156，工单内容：市民来电反映:上述地址单位2月份至5月份的社保没有缴纳，跟单位和税务沟通至今没有给予答复，身份证：320323198202157930，姓名：王荣园。诉求：望管理部门核实并尽快协调让其单位补缴其社保。】 ==> yes  
2025-06-02 10:20:42,407 ChatBI->     INFO     step_scores: ['yes', 'yes', 'yes', 'yes', 'yes', 'yes', 'yes', 'yes', 'yes', 'yes']
2025-06-02 10:20:42,407 ChatBI->     INFO     层级抽取文档： 市民来电咨询: 其家人是外省市户籍，在上海上班，2022年离职后回老家一直未就业。现咨询如何提取在上海缴纳的社保费。 ==> yes  
2025-06-02 10:20:42,407 ChatBI->     INFO     层级抽取文档： 市民来电咨询:市民的朋友办理灵活就业参保，按最低的基数缴纳，计入养老保险个人账户的金额。 ==> yes  
2025-06-02 10:20:42,407 ChatBI->     INFO     层级抽取文档： 市民来电反映:2001年在上海工作，交了三年多的综合保险，上海市人力资源保障局颁发的综合保险的简介里描述，外来人员综合保险是户局颁发的综合保险是上海市政府为了保障外来从业人员的合法权利，而制定的社会保险，市民对人社局说综合保险是商业保险的解释不认可。诉求：要求管理部门解释相关政策，要求把综合保险年限计算入社保累计年限中。 ==> yes  
2025-06-02 10:20:42,407 ChatBI->     INFO     层级抽取文档： 市民来电反映:上述公司申请工商简易注销，预检过程中接到人社部门回复公司欠保费，市民表示公司已有5--6年没有缴纳社保。诉求：希望管理部门给予合理解释。 ==> yes  
2025-06-02 10:20:42,407 ChatBI->     INFO     层级抽取文档： 市民来电咨询:灵活就业缴纳社保最低基数。 ==> yes  
2025-06-02 10:20:42,407 ChatBI->     INFO     层级抽取文档： 市民来电咨询:查询河南的居保缴纳情况。 ==> yes  
2025-06-02 10:20:42,407 ChatBI->     INFO     层级抽取文档： 市民来电反复催单。催单原因：市民称管理部门至今未给予任何回复，请管理部门尽快处理。【最近派发的工单编号：20240117004255，工单内容：【投诉】市民来电反映:近期向上述地址单位投诉社保缴费相关业务，最近派发的工单编号：20240107002536，市民表示没有劳动合同，但是有劳动关系证明，该单位没有受理。诉求：希望相关部门核实处理，市民要求投诉该单位不作为。（需要回复）】 ==> yes  
2025-06-02 10:20:42,407 ChatBI->     INFO     层级抽取文档： 市民来电咨询:6月单位社保账户被冻结，咨询如何缴纳社保。

 ==> yes  
2025-06-02 10:20:42,408 ChatBI->     INFO     层级抽取文档： 市民来电咨询:自己一直是个人缴纳社保的，现在要停止缴纳，问是否可以网上办理，委托办理需要什么材料，市民身份证：310108198902271017 ==> yes  
2025-06-02 10:20:42,408 ChatBI->     INFO     层级抽取文档： 市民来电咨询:本市户籍如何查询个人社保缴费年限 ==> yes  
2025-06-02 10:20:42,606 ChatBI->     INFO     step_scores: ['yes', 'yes', 'yes', 'yes', 'yes', 'yes', 'yes', 'yes', 'yes', 'yes']
2025-06-02 10:20:42,606 ChatBI->     INFO     层级抽取文档： 市民来电咨询:外省市人员自己缴纳社保，市民从原本的公司缴纳社保变成个人缴纳社保，这一情况是否会影响市民的买房资格。诉求：希望管理部门核实后回复市民。 ==> yes  
2025-06-02 10:20:42,607 ChatBI->     INFO     层级抽取文档： 市民来电咨询:上海的社保缴纳的基数是多少。 ==> yes  
2025-06-02 10:20:42,607 ChatBI->     INFO     层级抽取文档： 市民来电反映:2019年8月办理了居住证，对于社保基数相关问题需要咨询。 ==> yes  
2025-06-02 10:20:42,607 ChatBI->     INFO     层级抽取文档： 市民来电反映:市民在上述地址从事装配电工工作，现在已经离职，但是在职期间一直未缴纳社保，有签订劳动合同，诉求：要求管理部门协调补缴社保 ==> yes  
2025-06-02 10:20:42,607 ChatBI->     INFO     层级抽取文档： 市民来电咨询:其是个体户，使用营业执照为自己缴纳的社保，缴纳的不是灵活就业的，是否可以领取生育金。 ==> yes  
2025-06-02 10:20:42,607 ChatBI->     INFO     层级抽取文档： 市民来电咨询:市民现在没有工作，养老保险已经缴纳满15年了，是自由职业缴纳的，身份证：321102197006283810 ，诉求：询问现在市民停止缴纳养老保险对于之后领取等是否会有影响。 ==> yes  
2025-06-02 10:20:42,607 ChatBI->     INFO     层级抽取文档： 【为企服务】市民来电咨询:2024年5月年度缴费工资社保的调整。 ==> yes  
2025-06-02 10:20:42,607 ChatBI->     INFO     层级抽取文档： 市民来电反映:其于23年在上述公司工作，于5月到11月的社保没有为市民缴纳，是欠缴状态，市民自己的部门缴纳了，市民表示向税务部门反映多次没有效果，公司法人电话：13585636638，市民姓名：赵庆强，身份证号：412822198406232650，诉求：请管理部门督促缴纳社保。 ==> yes  
2025-06-02 10:20:42,607 ChatBI->     INFO     层级抽取文档： 市民来电补充信息。市民补充信息内容为之前税务部门曾经约谈企业负责人，对方承诺会在4月20日前完成补缴，但是直到现在未处理，请税务部门再次约谈企业催促办理社保缴纳【最近派发的工单编号：20240416022896，工单内容：【重新交办，前件办结报告不明确，要求，已告知市民答复要点，市民表示管理部门告知等企业解除债务危机后会及时缴纳欠缴的社保。具体什么时候解除危机，什么时候为市民缴纳社保没有准确答复。现在欠缴情况已经影响到市民孩子的入学了，要求管理部门起到监管作用，尽快为市民办结欠缴事项。且税务局的管理人员联系市民告知19日前会为市民办结，但实际并未为其处理完成。诉求：请管理部门再次催促该公... ==> yes  
2025-06-02 10:20:42,607 ChatBI->     INFO     层级抽取文档： 市民来电咨询:其在上海有社保账户，但是公司目前缴纳的是广东的社保，广东的社保是否会影响上海的累积社保。 ==> yes  
2025-06-02 10:20:42,807 ChatBI->     INFO     step_scores: ['yes', 'yes', 'yes', 'yes', 'yes', 'yes', 'yes', 'yes', 'yes', 'yes']
2025-06-02 10:20:42,807 ChatBI->     INFO     层级抽取文档： 市民来电咨询:孩子的社保卡上面需要交纳城乡居民医疗保险，是否可以通过家庭共济缴费查询有没有扣款 ==> yes  
2025-06-02 10:20:42,807 ChatBI->     INFO     层级抽取文档： 市民来电反映:企业要做社保缴费，下载了社保费管理客户端，登入密码市民不知道是什么，有按规定输入了编码后还是不对，诉求：要求告知如何解决密码登入。 ==> yes  
2025-06-02 10:20:42,807 ChatBI->     INFO     层级抽取文档： 市民来电咨询:市民是上述地址企业人员，想要查询企业2023年的社保缴费基数，企业名称：上海诚秘医药科技有限公司。诉求：请管理部门核实回复。 ==> yes  
2025-06-02 10:20:42,807 ChatBI->     INFO     层级抽取文档： 市民来电咨询:灵活就业参保能否只交社保或医保。 ==> yes  
2025-06-02 10:20:42,807 ChatBI->     INFO     层级抽取文档： 市民来电反映:社保卡卡号。社会保障号码。 ==> yes  
2025-06-02 10:20:42,807 ChatBI->     INFO     层级抽取文档： 【为企服务】市民来电咨询:其是企业，社保基数如何调整。 ==> yes  
2025-06-02 10:20:42,807 ChatBI->     INFO     层级抽取文档： 市民来电咨询:2024年本市社保最低参保基数。 ==> yes  
2025-06-02 10:20:42,808 ChatBI->     INFO     层级抽取文档： 市民来电咨询: 市民在随申办上办理了灵活就业参保登记，但是忘记缴费基数当时自己是怎么选的，询问如何查询。 ==> yes  
2025-06-02 10:20:42,808 ChatBI->     INFO     层级抽取文档： 市民来电反映:2016-2017年期间曾在上海工作并缴纳社保需要查询具体信息，之前来电话务员根据“个人如何查询养老保险信息及打印缴纳凭证？”告知，市民想进一步咨询 ==> yes  
2025-06-02 10:20:42,808 ChatBI->     INFO     层级抽取文档： 市民来电咨询:咨询医保缴费政策 ==> yes  
2025-06-02 10:20:42,988 ChatBI->     INFO     step_scores: ['yes', 'yes', 'yes', 'yes', 'no', 'yes', 'yes', 'yes', 'yes', 'yes']
2025-06-02 10:20:42,989 ChatBI->     INFO     层级抽取文档： 【为企服务】市民来电咨询:市民所在企业两个月没交税，社保也未缴，现在要补缴社保，网上没有任何信息，如何操作。 ==> yes  
2025-06-02 10:20:42,989 ChatBI->     INFO     层级抽取文档： 市民来电咨询:其妻子之前工作的公司（上海家有好面餐饮管理有限公司）欠缴其妻子社保费用，2022年其致电向税务局反映并要求催缴社保，但税务局没有催缴。2023年该公司转移资产1000万随后公司申请破产，目前账面上只剩100万，无法为其妻子补缴社保。市民自己也无法补缴社保。因市民为外省市户籍，其妻子断了2年社保就少了6个积分，导致买不了房，以及其孩子不能参加中考。市民身份证：612321198911012345  诉求：因社保欠缴不是市民原因造成的，咨询管理部门是否能够为其补这6个积分，让其孩子能参加中考。 ==> yes  
2025-06-02 10:20:42,989 ChatBI->     INFO     层级抽取文档： 市民来电咨询:个体户缴纳社保，申请的网站是什么。 ==> yes  
2025-06-02 10:20:42,989 ChatBI->     INFO     层级抽取文档： 市民来电咨询:本市社保欠缴，咨询会否对医保有影响。 ==> yes  
2025-06-02 10:20:42,989 ChatBI->     INFO     层级抽取文档： 市民来电反映:社保卡挂失 ==> no  
2025-06-02 10:20:42,989 ChatBI->     INFO     层级抽取文档： 市民来电咨询:社保基数调整， ==> yes  
2025-06-02 10:20:42,989 ChatBI->     INFO     层级抽取文档： 【为企服务】市民来电咨询:有个新员工，2024年9月份办理了就业登记参保业务，但社保缴费申报里没有信息，询问情况。 ==> yes  
2025-06-02 10:20:42,989 ChatBI->     INFO     层级抽取文档： 市民来电咨询:其为杨浦区上海尧轩餐饮管理有限公司职员。1月2日在网上办理缴纳社保相关业务。需要网上申报再扣款，市民申报了，但当时账户里没钱，故未扣款成功。现在市民已把钱打到账号。咨询后续相关流程是怎样的，是否会自动补扣，还是需要再做什么操作，请管理部门核实告知。 ==> yes  
2025-06-02 10:20:42,989 ChatBI->     INFO     层级抽取文档： 市民来电咨询:其2个月的社保卡没缴，这段时间其是有与单位签订劳动合同，在工作的，咨询是否能补缴。 ==> yes  
2025-06-02 10:20:42,989 ChatBI->     INFO     层级抽取文档： 市民来电咨询:自己是单位人事因为很久没有做了，询问下现在社保业务的流程。 ==> yes  
2025-06-02 10:20:43,168 ChatBI->     INFO     step_scores: ['yes', 'yes', 'yes', 'yes', 'yes', 'yes', 'yes', 'yes', 'yes', 'yes']
2025-06-02 10:20:43,168 ChatBI->     INFO     层级抽取文档： 市民来电咨询:外省市社保转入。 ==> yes  
2025-06-02 10:20:43,169 ChatBI->     INFO     层级抽取文档： 【长三角】市民来电咨询:在上海注册的公司如何开通社保账户。 ==> yes  
2025-06-02 10:20:43,169 ChatBI->     INFO     层级抽取文档： 【重新交办，要求：按答复市民要点告知市民，市民表示答复市民要点与实际情况明显不符，根据中华人民共和国劳动法第94条规定，虚假的方式招用工人，应当责令改正，赔偿工人因此受到的损失并可以处以罚款，如果情节严重，劳动监察部门可以吊销违法用工单位的营业执照。根据2022年3月18日实施的中华人民共和国社会保险基金行政监督办法，规定用人单位个人有通过虚构个人信息提供虚假证明材料等手段，虚构社会保险参保条件，违规补缴骗取社会保险待遇的，按照社会保险法第88条的规定处理，由社会保险行政部门责令退回骗取的社保保险金，处骗取金额两倍以上，五倍以下的罚款，对于虚构劳动关系违规参保骗保的，除了高额罚款构成违法... ==> yes  
2025-06-02 10:20:43,169 ChatBI->     INFO     层级抽取文档： 市民来电咨询:其给其妈妈办理了医保共济，其妈妈是自己缴纳医保的，但是现在要缴纳医保被告知没有信息，市民询问那应该如何缴纳医保。 ==> yes  
2025-06-02 10:20:43,169 ChatBI->     INFO     层级抽取文档： 市民来电咨询:入职后存在劳动纠纷，社保缴费证明是否能做为维权依据，是否有相应法律依据。 ==> yes  
2025-06-02 10:20:43,169 ChatBI->     INFO     层级抽取文档： 市民来电咨询:其之前参加的是外省市的医保。2023年其毕业，目前尚未找到工作。市民咨询上海医保如要自行缴纳，手续如何处理。

 ==> yes  
2025-06-02 10:20:43,169 ChatBI->     INFO     层级抽取文档： 市民来电反映:开通社保卡 ==> yes  
2025-06-02 10:20:43,169 ChatBI->     INFO     层级抽取文档： 市民来电反映:开通社保卡 ==> yes  
2025-06-02 10:20:43,169 ChatBI->     INFO     层级抽取文档： 市民来电反映:其在网上查社保缴费情况，只能查到总的缴费年限，何时开始缴费查不到 ==> yes  
2025-06-02 10:20:43,169 ChatBI->     INFO     层级抽取文档： 市民来电咨询:8月份缴纳社保，查询不到社保缴纳记录。 ==> yes  
2025-06-02 10:20:43,355 ChatBI->     INFO     step_scores: ['yes', 'yes', 'yes', 'yes', 'yes', 'yes', 'yes', 'no', 'yes', 'yes']
2025-06-02 10:20:43,355 ChatBI->     INFO     层级抽取文档： 【重新交办,要求：按答复要点告知市民,市民表示答复要点不明确,市民表示至今没查到补缴的8月份社保。诉求：希望有关部门协助催缴社保，并让其给出确定的补缴日期。最近办结的工单编号:20240112025383，工单内容:【重新交办,要求：市民表示答复要点不明确，市民来电表示税务局工作人员一直没有联系其告知结果，税务局作为国家机关任由企业违规违法不处罚。市民来电要求市税务局工作人员处理此事并于2024年1月15日联系市民处理 。诉求：请管理部门核实并请市税务局工作人员尽快联系市民处理其社保欠缴问题。... ==> yes  
2025-06-02 10:20:43,355 ChatBI->     INFO     层级抽取文档： 市民咨询：如果灵活就业缴纳社会保险停止，是否还可以领取失业救济金，原来领取过还没有领完。诉求：请核实告知。 ==> yes  
2025-06-02 10:20:43,355 ChatBI->     INFO     层级抽取文档： 【为企服务】市民来电反映:11月把新员工在自助经办系统做入职登记，社保管理客户端也有该人员信息，但是缴费社保没该新员工名字，如何解决处理。 ==> yes  
2025-06-02 10:20:43,355 ChatBI->     INFO     层级抽取文档： 市民来电反映:社保卡要开通。 ==> yes  
2025-06-02 10:20:43,355 ChatBI->     INFO     层级抽取文档： 市民来电反映:上海缴纳社保，回家生孩子如何报销 ==> yes  
2025-06-02 10:20:43,355 ChatBI->     INFO     层级抽取文档： 市民来电反映:其表示新公司，想办理社保账户，不知道操作流程，希望管理部门指导。 ==> yes  
2025-06-02 10:20:43,355 ChatBI->     INFO     层级抽取文档： 市民来电咨询:企业如何办理帮员工缴纳社保。 ==> yes  
2025-06-02 10:20:43,355 ChatBI->     INFO     层级抽取文档： 市民来电咨询:非上海户籍的妇女，在上海有缴纳社保，孩子在外省市生的，是否可以申请生育保险。 ==> no  
2025-06-02 10:20:43,355 ChatBI->     INFO     层级抽取文档： 市民来电咨询:其在网上给小朋友缴纳城乡居民医保，但是没有办法缴纳，市民表示24年是可以正常缴纳的。 ==> yes  
2025-06-02 10:20:43,355 ChatBI->     INFO     层级抽取文档： 市民来电咨询:员工在国家医保缴费平台只能查到员工自己缴纳部分的医保，单位缴纳部门显示为0元，查询原因。 ==> yes  
2025-06-02 10:20:43,536 ChatBI->     INFO     step_scores: ['no', 'yes', 'yes', 'yes', 'yes', 'yes', 'yes', 'yes', 'no', 'yes']
2025-06-02 10:20:43,537 ChatBI->     INFO     层级抽取文档： 市民来电咨询:社区医院看病挂号费用是个人账户扣费还是从医保统筹账户扣费。 ==> no  
2025-06-02 10:20:43,537 ChatBI->     INFO     层级抽取文档： 市民来电咨询:其告知有个孩子需要办理社保卡，但是显示孩子是非本市户籍，也没有缴纳社保，没有居住证，社保卡人员告知其是人社数据存在问题，要求转接 ==> yes  
2025-06-02 10:20:43,537 ChatBI->     INFO     层级抽取文档： 市民来电反映:开通社保卡。 ==> yes  
2025-06-02 10:20:43,537 ChatBI->     INFO     层级抽取文档： 市民来电反映:开通社保卡。 ==> yes  
2025-06-02 10:20:43,537 ChatBI->     INFO     层级抽取文档： 市民来电咨询:其目前是在昆山交社保，现在准备转到上海。诉求：咨询之前的社保年限是否累计计算。 ==> yes  
2025-06-02 10:20:43,537 ChatBI->     INFO     层级抽取文档： 市民来电咨询:其父亲为外省市户口，目前在本市工作并且已经缴纳满15年的社保了，之前也在外省市工作并缴纳了社保，2024年8月底就要退休了，目前想要在本市办理退休及领取养老金，询问何时帮其父亲把外省市的社保转移过来及办理退休手续，及相关的流程和手续是什么样子的。 ==> yes  
2025-06-02 10:20:43,537 ChatBI->     INFO     层级抽取文档： 市民来电反映:社保卡开通 ==> yes  
2025-06-02 10:20:43,537 ChatBI->     INFO     层级抽取文档： 市民来电反映:自己目前做个体生意，社保挂在别人公司名下自己在缴纳，想了解退休后领取退休金是否有影响 ==> yes  
2025-06-02 10:20:43,537 ChatBI->     INFO     层级抽取文档： 市民来电咨询:其亲属是上海城乡居民退休人员，享受城乡居民医保，近期发生交通事故，市民亲属受伤住院，交警认定市民亲属责任较多，想了解住院治疗费用如何申请医保报销。 ==> no  
2025-06-02 10:20:43,538 ChatBI->     INFO     层级抽取文档： 市民来电咨询:之前宁波职工社保10年，现在上海职工社保3-4年，想要在上海退休，咨询上海退休规定，养老保险转入规定，没有公积金。 ==> yes  
2025-06-02 10:20:43,735 ChatBI->     INFO     step_scores: ['no', 'yes', 'yes', 'yes', 'yes', 'yes', 'yes', 'yes', 'yes', 'no']
2025-06-02 10:20:43,735 ChatBI->     INFO     层级抽取文档： 市民来电反映:本市社保卡遗失，要求挂失 ==> no  
2025-06-02 10:20:43,736 ChatBI->     INFO     层级抽取文档： 市民来电咨询:退休后是否要缴纳职工医保，因市民之前缴纳的农保，现想要了解是否要缴纳。 ==> yes  
2025-06-02 10:20:43,736 ChatBI->     INFO     层级抽取文档： 市民来电咨询:外省市小孩办理新版社保卡   ==> yes  
2025-06-02 10:20:43,736 ChatBI->     INFO     层级抽取文档： 市民来电反映:城乡居民养老保险基数目前调整了，自己之前缴纳以5300元的基数，现在是7300元的基数，想了解如何退如何补 ==> yes  
2025-06-02 10:20:43,736 ChatBI->     INFO     层级抽取文档： 市民来电咨询:养老保险在哪买的不清楚，如何查询。 ==> yes  
2025-06-02 10:20:43,736 ChatBI->     INFO     层级抽取文档： 市民来电咨询:外省市社保卡办理问题 ==> yes  
2025-06-02 10:20:43,736 ChatBI->     INFO     层级抽取文档： 市民来电反映:其于4月1日至5月11日在上述地址公司工作，上述公司未缴纳市民的社保，公司也并未与市民签订劳动合同。诉求：请管理部门督促要求为市民补缴4月和5月的社保 ==> yes  
2025-06-02 10:20:43,736 ChatBI->     INFO     层级抽取文档： 市民来电咨询:其是企业人员，市民咨询如何办理员工社保转入 ==> yes  
2025-06-02 10:20:43,736 ChatBI->     INFO     层级抽取文档： 市民来电咨询:2024年4月23日招录人事主管，6月28日离职，诉求公司不规范，自己补缴2月月份社保，但没有任何人知道，2700多元是个人承担，如何查询4月份是哪家企业缴纳社保。 ==> yes  
2025-06-02 10:20:43,736 ChatBI->     INFO     层级抽取文档： 市民来电反映:市民于2月11日的灵活就业缴费没有缴扣成功，令市民奔走在数个部门解决此问题，不胜其扰。市民表示当扣款渠道余额不足，应该有短信提醒市民，让市民可以及时缴纳。市民建议：灵活就业缴费因余额不足未缴纳，可以发一条短信提醒。 ==> no  
2025-06-02 10:20:43,916 ChatBI->     INFO     step_scores: ['yes', 'no', 'no', 'yes', 'yes', 'yes', 'yes', 'yes', 'no', 'yes']
2025-06-02 10:20:43,917 ChatBI->     INFO     层级抽取文档： 市民来电咨询:女职工达到55岁退休年龄，上海社保转到江苏泰州去了。咨询此类情况是否可以再继续缴纳医保。 ==> yes  
2025-06-02 10:20:43,917 ChatBI->     INFO     层级抽取文档： 市民来电咨询:社保卡挂失 ==> no  
2025-06-02 10:20:43,917 ChatBI->     INFO     层级抽取文档： 市民来电咨询:生育金领取，外省生育，本市社保。 ==> no  
2025-06-02 10:20:43,917 ChatBI->     INFO     层级抽取文档： 市民来电反映:之前在一家公司办了离职，社保没有给其断缴，有查到该公司还没有接触合同，导致自己在新公司无法缴纳社保。 ==> yes  
2025-06-02 10:20:43,917 ChatBI->     INFO     层级抽取文档： 市民来电咨询:补交11月份，单位新进的2名员工的社保。 ==> yes  
2025-06-02 10:20:43,917 ChatBI->     INFO     层级抽取文档： 市民来电反映:社保卡开通。 ==> yes  
2025-06-02 10:20:43,917 ChatBI->     INFO     层级抽取文档： 市民来电咨询:上海缴纳的社保，怀孕以后，生育保险如何申领。 ==> yes  
2025-06-02 10:20:43,917 ChatBI->     INFO     层级抽取文档： 市民来电反映:社保卡开通。 ==> yes  
2025-06-02 10:20:43,917 ChatBI->     INFO     层级抽取文档： 市民来电咨询:咨询办理新版社保卡的方法   ==> no  
2025-06-02 10:20:43,917 ChatBI->     INFO     层级抽取文档： 市民来电咨询:其家中有为上海户籍73岁老人，因为之前是自由职业，但是从来没有办理过灵活就业缴纳，是否可以一次性补缴15年 ==> yes  
2025-06-02 10:20:44,122 ChatBI->     INFO     step_scores: ['yes', 'yes', 'yes', 'yes', 'yes', 'yes', 'yes', 'yes', 'yes', 'yes']
2025-06-02 10:20:44,122 ChatBI->     INFO     层级抽取文档： 市民来电反映:姓名：胡浪，身份证号码：341204199906302213。上家单位已经办理退工了，但新入职的单位，无法正常缴纳社保，诉求：请处理部门核实，能让市民正常缴纳社保。 ==> yes  
2025-06-02 10:20:44,122 ChatBI->     INFO     层级抽取文档： 市民来电咨询:其在2000年至2002年的时候在上海工作生活过并办理过一张综合保险卡。市民询问这卡里的养老保险之类的费用能否在其退休后取出。 ==> yes  
2025-06-02 10:20:44,122 ChatBI->     INFO     层级抽取文档： 市民来电反映:其处要缴纳2023年11月份的社保费用，故在社保费管理客户端办理相关申报手续。现系统显示本月预处理信息尚未生成，后又显示本月预处理信息已申报。市民诉求：请管理部门核实后告知上述情况下其该如何处理。 ==> yes  
2025-06-02 10:20:44,122 ChatBI->     INFO     层级抽取文档： 市民来电咨询:其公司新进员工，是外省市户籍，咨询单位是否能够帮忙代办社保卡。 ==> yes  
2025-06-02 10:20:44,122 ChatBI->     INFO     层级抽取文档： 市民来电反映:4月28日其去普陀区教育局（受理点在北石路）填入学登记的资料，因为其社保信息暂时在网上显示不出来，市民带着公司提供的社保单子被工作人员不认可说办不了，建议市民等其网上能显示社保缴费信息时赶在5月8日前再来现场填入学登记的资料都来得及。市民表示5月1日时其在随申办上能查到自己的社保缴费信息了，但假日期间教育局现场无人，市民在5月6日再次来现场要填写单子时是另一个工作人员接待的，工作人员说现在办不了了，已经在4月28日就截止了。诉求：希望管理部门帮其补办信息登记。 ==> yes  
2025-06-02 10:20:44,122 ChatBI->     INFO     层级抽取文档： 市民来电反映相同事项。【最近办结的工单编号：20240420017888，工单内容：市民来电反映:其之前在上述企业工作，2018年7月底就从该企业离职，但该公司一直未为其退保，导致企业未为其缴纳2018年8-10月社保，现在该企业已经倒闭，现在单位想帮市民补缴当年的社保都无法缴纳，诉求：请管理部门告知该情况如何申请补缴当年的社保。】 ==> yes  
2025-06-02 10:20:44,122 ChatBI->     INFO     层级抽取文档： 市民来电咨询:新版社保卡的功能。 ==> yes  
2025-06-02 10:20:44,122 ChatBI->     INFO     层级抽取文档： 市民来电咨询:其新版的本市社保账户，市民表示绑定银行卡显示余额为负数，咨询是否由于市民拖欠网贷导致 ==> yes  
2025-06-02 10:20:44,122 ChatBI->     INFO     层级抽取文档： 市民来电咨询:曾在上海缴纳2年社保，问医保个人账户费用转出。 ==> yes  
2025-06-02 10:20:44,122 ChatBI->     INFO     层级抽取文档： 市民来电咨询:社保卡需要缴纳几个月社保才能办理。 ==> yes  
2025-06-02 10:20:44,304 ChatBI->     INFO     step_scores: ['no', 'yes', 'yes', 'no', 'no', 'no', 'yes', 'no', 'no', 'yes']
2025-06-02 10:20:44,304 ChatBI->     INFO     层级抽取文档： 市民来电反映:  社保卡挂失补办 ==> no  
2025-06-02 10:20:44,304 ChatBI->     INFO     层级抽取文档： 市民来电咨询:幼儿园报名系统里，监护人信息，居住证，积分通知单，持有人的社保缴纳证明。社保缴费证明哪里可以查询到。 ==> yes  
2025-06-02 10:20:44,304 ChatBI->     INFO     层级抽取文档： 市民来电反映:2024年11月退休了，养老保险还差14个月，如何补缴 ==> yes  
2025-06-02 10:20:44,304 ChatBI->     INFO     层级抽取文档： 市民来电反映: 社保卡掉了，要求挂失。 ==> no  
2025-06-02 10:20:44,304 ChatBI->     INFO     层级抽取文档： 市民来电咨询:自己和丈夫都是外省市人，且自己目前怀孕，在上海缴纳社保，届时孩子在外省市生，想了解领取生育金需要提前做何准备 ==> no  
2025-06-02 10:20:44,304 ChatBI->     INFO     层级抽取文档： 市民来电咨询:本市户籍，怎样申领新版社保卡，怎样开通社保功能。 ==> no  
2025-06-02 10:20:44,304 ChatBI->     INFO     层级抽取文档： 市民来电反映:查询本人的社保卡号 ==> yes  
2025-06-02 10:20:44,304 ChatBI->     INFO     层级抽取文档： 市民来电咨询:社保卡遗失。按《社会保障卡挂失、补换解答 》告知。 ==> no  
2025-06-02 10:20:44,304 ChatBI->     INFO     层级抽取文档： 市民来电反映: 社保卡挂失。 ==> no  
2025-06-02 10:20:44,304 ChatBI->     INFO     层级抽取文档： 市民来电反映:2024年6月毕业，在上海工作，公司已经为其缴纳3个月社保，但是其查询其社保卡状态是封存。市民表示其手边有一张学校发放的社保卡，不确定是否有开通，市民想查询下该社保卡的状态。 ==> yes  
2025-06-02 10:20:44,304 ChatBI->     INFO     阈值索引为：2238, 窗口大小为: 100 
2025-06-02 10:20:44,304 ChatBI->     INFO     确定的文档: 2139; 在次确认的文档: 199
2025-06-02 10:20:47,428 ChatBI->     INFO     从199个需再次确认的文档中筛选出的相关文档数量：186
2025-06-02 10:20:47,428 ChatBI->     INFO     示例文档：['市民来电反映:社保卡挂失。', '市民来电反映:社保卡挂失。', '市民来电反映:社保卡挂失。', '市民来电反映:社保卡挂失。', '市民来电反映:社保卡挂失。']
2025-06-02 10:20:47,436 ChatBI->     INFO     没有找到<  >对应的视图
2025-06-02 10:20:47,436 ChatBI->     INFO     sql 语句：SELECT `诉求区域`, COUNT(*) AS `数量` FROM shanghai WHERE `工单类型` = '投诉举报类' AND  `内容描述` IN (:val0, :val1, :val2, :val3, :val4, :val5, :val6, :val7, :val8, :val9, :val10, :val11, :val12, :val13, :val14, :val15, :val16, :val17, :val18, :val19, :val20, :val21, :val22, :val23, :val24, :val25, :val26, :val27, :val28, :val29, :val30, :val31, :val32, :val33, :val34, :val35, :val36, :val37, :val38, :val39, :val40, :val41, :val42, :val43, :val44, :val45, :val46, :val47, :val48, :val49, :val50, :val51, :val52, :val53, :val54, :val55, :val56, :val57, :val58, :val59, :val60, :val61, :val62, :val63, :val64, :val65, :val66, :val67, :val68, :val69, :val70, :val71, :val72, :val73, :val74, :val75, :val76, :val77, :val78, :val79, :val80, :val81, :val82, :val83, :val84, :val85, :val86, :val87, :val88, :val89, :val90, :val91, :val92, :val93, :val94, :val95, :val96, :val97, :val98, :val99, :val100, :val101, :val102, :val103, :val104, :val105, :val106, :val107, :val108, :val109, :val110, :val111, :val112, :val113, :val114, :val115, :val116, :val117, :val118, :val119, :val120, :val121, :val122, :val123, :val124, :val125, :val126, :val127, :val128, :val129, :val130, :val131, :val132, :val133, :val134, :val135, :val136, :val137, :val138, :val139, :val140, :val141, :val142, :val143, :val144, :val145, :val146, :val147, :val148, :val149, :val150, :val151, :val152, :val153, :val154, :val155, :val156, :val157, :val158, :val159, :val160, :val161, :val162, :val163, :val164, :val165, :val166, :val167, :val168, :val169, :val170, :val171, :val172, :val173, :val174, :val175, :val176, :val177, :val178, :val179, :val180, :val181, :val182, :val183, :val184, :val185, :val186, :val187, :val188, :val189, :val190, :val191, :val192, :val193, :val194, :val195, :val196, :val197, :val198, :val199, :val200, :val201, :val202, :val203, :val204, :val205, :val206, :val207, :val208, :val209, :val210, :val211, :val212, :val213, :val214, :val215, :val216, :val217, :val218, :val219, :val220, :val221, :val222, :val223, :val224, :val225, :val226, :val227, :val228, :val229, :val230, :val231, :val232, :val233, :val234, :val235, :val236, :val237, :val238, :val239, :val240, :val241, :val242, :val243, :val244, :val245, :val246, :val247, :val248, :val249, :val250, :val251, :val252, :val253, :val254, :val255, :val256, :val257, :val258, :val259, :val260, :val261, :val262, :val263, :val264, :val265, :val266, :val267, :val268, :val269, :val270, :val271, :val272, :val273, :val274, :val275, :val276, :val277, :val278, :val279, :val280, :val281, :val282, :val283, :val284, :val285, :val286, :val287, :val288, :val289, :val290, :val291, :val292, :val293, :val294, :val295, :val296, :val297, :val298, :val299, :val300, :val301, :val302, :val303, :val304, :val305, :val306, :val307, :val308, :val309, :val310, :val311, :val312, :val313, :val314, :val315, :val316, :val317, :val318, :val319, :val320, :val321, :val322, :val323, :val324, :val325, :val326, :val327, :val328, :val329, :val330, :val331, :val332, :val333, :val334, :val335, :val336, :val337, :val338, :val339, :val340, :val341, :val342, :val343, :val344, :val345, :val346, :val347, :val348, :val349, :val350, :val351, :val352, :val353, :val354, :val355, :val356, :val357, :val358, :val359, :val360, :val361, :val362, :val363, :val364, :val365, :val366, :val367, :val368, :val369, :val370, :val371, :val372, :val373, :val374, :val375, :val376, :val377, :val378, :val379, :val380, :val381, :val382, :val383, :val384, :val385, :val386, :val387, :val388, :val389, :val390, :val391, :val392, :val393, :val394, :val395, :val396, :val397, :val398, :val399, :val400, :val401, :val402, :val403, :val404, :val405, :val406, :val407, :val408, :val409, :val410, :val411, :val412, :val413, :val414, :val415, :val416, :val417, :val418, :val419, :val420, :val421, :val422, :val423, :val424, :val425, :val426, :val427, :val428, :val429, :val430, :val431, :val432, :val433, :val434, :val435, :val436, :val437, :val438, :val439, :val440, :val441, :val442, :val443, :val444, :val445, :val446, :val447, :val448, :val449, :val450, :val451, :val452, :val453, :val454, :val455, :val456, :val457, :val458, :val459, :val460, :val461, :val462, :val463, :val464, :val465, :val466, :val467, :val468, :val469, :val470, :val471, :val472, :val473, :val474, :val475, :val476, :val477, :val478, :val479, :val480, :val481, :val482, :val483, :val484, :val485, :val486, :val487, :val488, :val489, :val490, :val491, :val492, :val493, :val494, :val495, :val496, :val497, :val498, :val499, :val500, :val501, :val502, :val503, :val504, :val505, :val506, :val507, :val508, :val509, :val510, :val511, :val512, :val513, :val514, :val515, :val516, :val517, :val518, :val519, :val520, :val521, :val522, :val523, :val524, :val525, :val526, :val527, :val528, :val529, :val530, :val531, :val532, :val533, :val534, :val535, :val536, :val537, :val538, :val539, :val540, :val541, :val542, :val543, :val544, :val545, :val546, :val547, :val548, :val549, :val550, :val551, :val552, :val553, :val554, :val555, :val556, :val557, :val558, :val559, :val560, :val561, :val562, :val563, :val564, :val565, :val566, :val567, :val568, :val569, :val570, :val571, :val572, :val573, :val574, :val575, :val576, :val577, :val578, :val579, :val580, :val581, :val582, :val583, :val584, :val585, :val586, :val587, :val588, :val589, :val590, :val591, :val592, :val593, :val594, :val595, :val596, :val597, :val598, :val599, :val600, :val601, :val602, :val603, :val604, :val605, :val606, :val607, :val608, :val609, :val610, :val611, :val612, :val613, :val614, :val615, :val616, :val617, :val618, :val619, :val620, :val621, :val622, :val623, :val624, :val625, :val626, :val627, :val628, :val629, :val630, :val631, :val632, :val633, :val634, :val635, :val636, :val637, :val638, :val639, :val640, :val641, :val642, :val643, :val644, :val645, :val646, :val647, :val648, :val649, :val650, :val651, :val652, :val653, :val654, :val655, :val656, :val657, :val658, :val659, :val660, :val661, :val662, :val663, :val664, :val665, :val666, :val667, :val668, :val669, :val670, :val671, :val672, :val673, :val674, :val675, :val676, :val677, :val678, :val679, :val680, :val681, :val682, :val683, :val684, :val685, :val686, :val687, :val688, :val689, :val690, :val691, :val692, :val693, :val694, :val695, :val696, :val697, :val698, :val699, :val700, :val701, :val702, :val703, :val704, :val705, :val706, :val707, :val708, :val709, :val710, :val711, :val712, :val713, :val714, :val715, :val716, :val717, :val718, :val719, :val720, :val721, :val722, :val723, :val724, :val725, :val726, :val727, :val728, :val729, :val730, :val731, :val732, :val733, :val734, :val735, :val736, :val737, :val738, :val739, :val740, :val741, :val742, :val743, :val744, :val745, :val746, :val747, :val748, :val749, :val750, :val751, :val752, :val753, :val754, :val755, :val756, :val757, :val758, :val759, :val760, :val761, :val762, :val763, :val764, :val765, :val766, :val767, :val768, :val769, :val770, :val771, :val772, :val773, :val774, :val775, :val776, :val777, :val778, :val779, :val780, :val781, :val782, :val783, :val784, :val785, :val786, :val787, :val788, :val789, :val790, :val791, :val792, :val793, :val794, :val795, :val796, :val797, :val798, :val799, :val800, :val801, :val802, :val803, :val804, :val805, :val806, :val807, :val808, :val809, :val810, :val811, :val812, :val813, :val814, :val815, :val816, :val817, :val818, :val819, :val820, :val821, :val822, :val823, :val824, :val825, :val826, :val827, :val828, :val829, :val830, :val831, :val832, :val833, :val834, :val835, :val836, :val837, :val838, :val839, :val840, :val841, :val842, :val843, :val844, :val845, :val846, :val847, :val848, :val849, :val850, :val851, :val852, :val853, :val854, :val855, :val856, :val857, :val858, :val859, :val860, :val861, :val862, :val863, :val864, :val865, :val866, :val867, :val868, :val869, :val870, :val871, :val872, :val873, :val874, :val875, :val876, :val877, :val878, :val879, :val880, :val881, :val882, :val883, :val884, :val885, :val886, :val887, :val888, :val889, :val890, :val891, :val892, :val893, :val894, :val895, :val896, :val897, :val898, :val899, :val900, :val901, :val902, :val903, :val904, :val905, :val906, :val907, :val908, :val909, :val910, :val911, :val912, :val913, :val914, :val915, :val916, :val917, :val918, :val919, :val920, :val921, :val922, :val923, :val924, :val925, :val926, :val927, :val928, :val929, :val930, :val931, :val932, :val933, :val934, :val935, :val936, :val937, :val938, :val939, :val940, :val941, :val942, :val943, :val944, :val945, :val946, :val947, :val948, :val949, :val950, :val951, :val952, :val953, :val954, :val955, :val956, :val957, :val958, :val959, :val960, :val961, :val962, :val963, :val964, :val965, :val966, :val967, :val968, :val969, :val970, :val971, :val972, :val973, :val974, :val975, :val976, :val977, :val978, :val979, :val980, :val981, :val982, :val983, :val984, :val985, :val986, :val987, :val988, :val989, :val990, :val991, :val992, :val993, :val994, :val995, :val996, :val997, :val998, :val999, :val1000, :val1001, :val1002, :val1003, :val1004, :val1005, :val1006, :val1007, :val1008, :val1009, :val1010, :val1011, :val1012, :val1013, :val1014, :val1015, :val1016, :val1017, :val1018, :val1019, :val1020, :val1021, :val1022, :val1023, :val1024, :val1025, :val1026, :val1027, :val1028, :val1029, :val1030, :val1031, :val1032, :val1033, :val1034, :val1035, :val1036, :val1037, :val1038, :val1039, :val1040, :val1041, :val1042, :val1043, :val1044, :val1045, :val1046, :val1047, :val1048, :val1049, :val1050, :val1051, :val1052, :val1053, :val1054, :val1055, :val1056, :val1057, :val1058, :val1059, :val1060, :val1061, :val1062, :val1063, :val1064, :val1065, :val1066, :val1067, :val1068, :val1069, :val1070, :val1071, :val1072, :val1073, :val1074, :val1075, :val1076, :val1077, :val1078, :val1079, :val1080, :val1081, :val1082, :val1083, :val1084, :val1085, :val1086, :val1087, :val1088, :val1089, :val1090, :val1091, :val1092, :val1093, :val1094, :val1095, :val1096, :val1097, :val1098, :val1099, :val1100, :val1101, :val1102, :val1103, :val1104, :val1105, :val1106, :val1107, :val1108, :val1109, :val1110, :val1111, :val1112, :val1113, :val1114, :val1115, :val1116, :val1117, :val1118, :val1119, :val1120, :val1121, :val1122, :val1123, :val1124, :val1125, :val1126, :val1127, :val1128, :val1129, :val1130, :val1131, :val1132, :val1133, :val1134, :val1135, :val1136, :val1137, :val1138, :val1139, :val1140, :val1141, :val1142, :val1143, :val1144, :val1145, :val1146, :val1147, :val1148, :val1149, :val1150, :val1151, :val1152, :val1153, :val1154, :val1155, :val1156, :val1157, :val1158, :val1159, :val1160, :val1161, :val1162, :val1163, :val1164, :val1165, :val1166, :val1167, :val1168, :val1169, :val1170, :val1171, :val1172, :val1173, :val1174, :val1175, :val1176, :val1177, :val1178, :val1179, :val1180, :val1181, :val1182, :val1183, :val1184, :val1185, :val1186, :val1187, :val1188, :val1189, :val1190, :val1191, :val1192, :val1193, :val1194, :val1195, :val1196, :val1197, :val1198, :val1199, :val1200, :val1201, :val1202, :val1203, :val1204, :val1205, :val1206, :val1207, :val1208, :val1209, :val1210, :val1211, :val1212, :val1213, :val1214, :val1215, :val1216, :val1217, :val1218, :val1219, :val1220, :val1221, :val1222, :val1223, :val1224, :val1225, :val1226, :val1227, :val1228, :val1229, :val1230, :val1231, :val1232, :val1233, :val1234, :val1235, :val1236, :val1237, :val1238, :val1239, :val1240, :val1241, :val1242, :val1243, :val1244, :val1245, :val1246, :val1247, :val1248, :val1249, :val1250, :val1251, :val1252, :val1253, :val1254, :val1255, :val1256, :val1257, :val1258, :val1259, :val1260, :val1261, :val1262, :val1263, :val1264, :val1265, :val1266, :val1267, :val1268, :val1269, :val1270, :val1271, :val1272, :val1273, :val1274, :val1275, :val1276, :val1277, :val1278, :val1279, :val1280, :val1281, :val1282, :val1283, :val1284, :val1285, :val1286, :val1287, :val1288, :val1289, :val1290, :val1291, :val1292, :val1293, :val1294, :val1295, :val1296, :val1297, :val1298, :val1299, :val1300, :val1301, :val1302, :val1303, :val1304, :val1305, :val1306, :val1307, :val1308, :val1309, :val1310, :val1311, :val1312, :val1313, :val1314, :val1315, :val1316, :val1317, :val1318, :val1319, :val1320, :val1321, :val1322, :val1323, :val1324, :val1325, :val1326, :val1327, :val1328, :val1329, :val1330, :val1331, :val1332, :val1333, :val1334, :val1335, :val1336, :val1337, :val1338, :val1339, :val1340, :val1341, :val1342, :val1343, :val1344, :val1345, :val1346, :val1347, :val1348, :val1349, :val1350, :val1351, :val1352, :val1353, :val1354, :val1355, :val1356, :val1357, :val1358, :val1359, :val1360, :val1361, :val1362, :val1363, :val1364, :val1365, :val1366, :val1367, :val1368, :val1369, :val1370, :val1371, :val1372, :val1373, :val1374, :val1375, :val1376, :val1377, :val1378, :val1379, :val1380, :val1381, :val1382, :val1383, :val1384, :val1385, :val1386, :val1387, :val1388, :val1389, :val1390, :val1391, :val1392, :val1393, :val1394, :val1395, :val1396, :val1397, :val1398, :val1399, :val1400, :val1401, :val1402, :val1403, :val1404, :val1405, :val1406, :val1407, :val1408, :val1409, :val1410, :val1411, :val1412, :val1413, :val1414, :val1415, :val1416, :val1417, :val1418, :val1419, :val1420, :val1421, :val1422, :val1423, :val1424, :val1425, :val1426, :val1427, :val1428, :val1429, :val1430, :val1431, :val1432, :val1433, :val1434, :val1435, :val1436, :val1437, :val1438, :val1439, :val1440, :val1441, :val1442, :val1443, :val1444, :val1445, :val1446, :val1447, :val1448, :val1449, :val1450, :val1451, :val1452, :val1453, :val1454, :val1455, :val1456, :val1457, :val1458, :val1459, :val1460, :val1461, :val1462, :val1463, :val1464, :val1465, :val1466, :val1467, :val1468, :val1469, :val1470, :val1471, :val1472, :val1473, :val1474, :val1475, :val1476, :val1477, :val1478, :val1479, :val1480, :val1481, :val1482, :val1483, :val1484, :val1485, :val1486, :val1487, :val1488, :val1489, :val1490, :val1491, :val1492, :val1493, :val1494, :val1495, :val1496, :val1497, :val1498, :val1499, :val1500, :val1501, :val1502, :val1503, :val1504, :val1505, :val1506, :val1507, :val1508, :val1509, :val1510, :val1511, :val1512, :val1513, :val1514, :val1515, :val1516, :val1517, :val1518, :val1519, :val1520, :val1521, :val1522, :val1523, :val1524, :val1525, :val1526, :val1527, :val1528, :val1529, :val1530, :val1531, :val1532, :val1533, :val1534, :val1535, :val1536, :val1537, :val1538, :val1539, :val1540, :val1541, :val1542, :val1543, :val1544, :val1545, :val1546, :val1547, :val1548, :val1549, :val1550, :val1551, :val1552, :val1553, :val1554, :val1555, :val1556, :val1557, :val1558, :val1559, :val1560, :val1561, :val1562, :val1563, :val1564, :val1565, :val1566, :val1567, :val1568, :val1569, :val1570, :val1571, :val1572, :val1573, :val1574, :val1575, :val1576, :val1577, :val1578, :val1579, :val1580, :val1581, :val1582, :val1583, :val1584, :val1585, :val1586, :val1587, :val1588, :val1589, :val1590, :val1591, :val1592, :val1593, :val1594, :val1595, :val1596, :val1597, :val1598, :val1599, :val1600, :val1601, :val1602, :val1603, :val1604, :val1605, :val1606, :val1607, :val1608, :val1609, :val1610, :val1611, :val1612, :val1613, :val1614, :val1615, :val1616, :val1617, :val1618, :val1619, :val1620, :val1621, :val1622, :val1623, :val1624, :val1625, :val1626, :val1627, :val1628, :val1629, :val1630, :val1631, :val1632, :val1633, :val1634, :val1635, :val1636, :val1637, :val1638, :val1639, :val1640, :val1641, :val1642, :val1643, :val1644, :val1645, :val1646, :val1647, :val1648, :val1649, :val1650, :val1651, :val1652, :val1653, :val1654, :val1655, :val1656, :val1657, :val1658, :val1659, :val1660, :val1661, :val1662, :val1663, :val1664, :val1665, :val1666, :val1667, :val1668, :val1669, :val1670, :val1671, :val1672, :val1673, :val1674, :val1675, :val1676, :val1677, :val1678, :val1679, :val1680, :val1681, :val1682, :val1683, :val1684, :val1685, :val1686, :val1687, :val1688, :val1689, :val1690, :val1691, :val1692, :val1693, :val1694, :val1695, :val1696, :val1697, :val1698, :val1699, :val1700, :val1701, :val1702, :val1703, :val1704, :val1705, :val1706, :val1707, :val1708, :val1709, :val1710, :val1711, :val1712, :val1713, :val1714, :val1715, :val1716, :val1717, :val1718, :val1719, :val1720, :val1721, :val1722, :val1723, :val1724, :val1725, :val1726, :val1727, :val1728, :val1729, :val1730, :val1731, :val1732, :val1733, :val1734, :val1735, :val1736, :val1737, :val1738, :val1739, :val1740, :val1741, :val1742, :val1743, :val1744, :val1745, :val1746, :val1747, :val1748, :val1749, :val1750, :val1751, :val1752, :val1753, :val1754, :val1755, :val1756, :val1757, :val1758, :val1759, :val1760, :val1761, :val1762, :val1763, :val1764, :val1765, :val1766, :val1767, :val1768, :val1769, :val1770, :val1771, :val1772, :val1773, :val1774, :val1775, :val1776, :val1777, :val1778, :val1779, :val1780, :val1781, :val1782, :val1783, :val1784, :val1785, :val1786, :val1787, :val1788, :val1789, :val1790, :val1791, :val1792, :val1793, :val1794, :val1795, :val1796, :val1797, :val1798, :val1799, :val1800, :val1801, :val1802, :val1803, :val1804, :val1805, :val1806, :val1807, :val1808, :val1809, :val1810, :val1811, :val1812, :val1813, :val1814, :val1815, :val1816, :val1817, :val1818, :val1819, :val1820, :val1821, :val1822, :val1823, :val1824, :val1825, :val1826, :val1827, :val1828, :val1829, :val1830, :val1831, :val1832, :val1833, :val1834, :val1835, :val1836, :val1837, :val1838, :val1839, :val1840, :val1841, :val1842, :val1843, :val1844, :val1845, :val1846, :val1847, :val1848, :val1849, :val1850, :val1851, :val1852, :val1853, :val1854, :val1855, :val1856, :val1857, :val1858, :val1859, :val1860, :val1861, :val1862, :val1863, :val1864, :val1865, :val1866, :val1867, :val1868, :val1869, :val1870, :val1871, :val1872, :val1873, :val1874, :val1875, :val1876, :val1877, :val1878, :val1879, :val1880, :val1881, :val1882, :val1883, :val1884, :val1885, :val1886, :val1887, :val1888, :val1889, :val1890, :val1891, :val1892, :val1893, :val1894, :val1895, :val1896, :val1897, :val1898, :val1899, :val1900, :val1901, :val1902, :val1903, :val1904, :val1905, :val1906, :val1907, :val1908, :val1909, :val1910, :val1911, :val1912, :val1913, :val1914, :val1915, :val1916, :val1917, :val1918, :val1919, :val1920, :val1921, :val1922, :val1923, :val1924, :val1925, :val1926, :val1927, :val1928, :val1929, :val1930, :val1931, :val1932, :val1933, :val1934, :val1935, :val1936, :val1937, :val1938, :val1939, :val1940, :val1941, :val1942, :val1943, :val1944, :val1945, :val1946, :val1947, :val1948, :val1949, :val1950, :val1951, :val1952, :val1953, :val1954, :val1955, :val1956, :val1957, :val1958, :val1959, :val1960, :val1961, :val1962, :val1963, :val1964, :val1965, :val1966, :val1967, :val1968, :val1969, :val1970, :val1971, :val1972, :val1973, :val1974, :val1975, :val1976, :val1977, :val1978, :val1979, :val1980, :val1981, :val1982, :val1983, :val1984, :val1985, :val1986, :val1987, :val1988, :val1989, :val1990, :val1991, :val1992, :val1993, :val1994, :val1995, :val1996, :val1997, :val1998, :val1999, :val2000, :val2001, :val2002, :val2003, :val2004, :val2005, :val2006, :val2007, :val2008, :val2009, :val2010, :val2011, :val2012, :val2013, :val2014, :val2015, :val2016, :val2017, :val2018, :val2019, :val2020, :val2021, :val2022, :val2023, :val2024, :val2025, :val2026, :val2027, :val2028, :val2029, :val2030, :val2031, :val2032, :val2033, :val2034, :val2035, :val2036, :val2037, :val2038, :val2039, :val2040, :val2041, :val2042, :val2043, :val2044, :val2045, :val2046, :val2047, :val2048, :val2049, :val2050, :val2051, :val2052, :val2053, :val2054, :val2055, :val2056, :val2057, :val2058, :val2059, :val2060, :val2061, :val2062, :val2063, :val2064, :val2065, :val2066, :val2067, :val2068, :val2069, :val2070, :val2071, :val2072, :val2073, :val2074, :val2075, :val2076, :val2077, :val2078, :val2079, :val2080, :val2081, :val2082, :val2083, :val2084, :val2085, :val2086, :val2087, :val2088, :val2089, :val2090, :val2091, :val2092, :val2093, :val2094, :val2095, :val2096, :val2097, :val2098, :val2099, :val2100, :val2101, :val2102, :val2103, :val2104, :val2105, :val2106, :val2107, :val2108, :val2109, :val2110, :val2111, :val2112, :val2113, :val2114, :val2115, :val2116, :val2117, :val2118, :val2119, :val2120, :val2121, :val2122, :val2123, :val2124, :val2125, :val2126, :val2127, :val2128, :val2129, :val2130, :val2131, :val2132, :val2133, :val2134, :val2135, :val2136, :val2137, :val2138, :val2139, :val2140, :val2141, :val2142, :val2143, :val2144, :val2145, :val2146, :val2147, :val2148, :val2149, :val2150, :val2151, :val2152, :val2153, :val2154, :val2155, :val2156, :val2157, :val2158, :val2159, :val2160, :val2161, :val2162, :val2163, :val2164, :val2165, :val2166, :val2167, :val2168, :val2169, :val2170, :val2171, :val2172, :val2173, :val2174, :val2175, :val2176, :val2177, :val2178, :val2179, :val2180, :val2181, :val2182, :val2183, :val2184, :val2185, :val2186, :val2187, :val2188, :val2189, :val2190, :val2191, :val2192, :val2193, :val2194, :val2195, :val2196, :val2197, :val2198, :val2199, :val2200, :val2201, :val2202, :val2203, :val2204, :val2205, :val2206, :val2207, :val2208, :val2209, :val2210, :val2211, :val2212, :val2213, :val2214, :val2215, :val2216, :val2217, :val2218, :val2219, :val2220, :val2221, :val2222, :val2223, :val2224, :val2225, :val2226, :val2227, :val2228, :val2229, :val2230, :val2231, :val2232, :val2233, :val2234, :val2235, :val2236, :val2237, :val2238, :val2239, :val2240, :val2241, :val2242, :val2243, :val2244, :val2245, :val2246, :val2247, :val2248, :val2249, :val2250, :val2251, :val2252, :val2253, :val2254, :val2255, :val2256, :val2257, :val2258, :val2259, :val2260, :val2261, :val2262, :val2263, :val2264, :val2265, :val2266, :val2267, :val2268, :val2269, :val2270, :val2271, :val2272, :val2273, :val2274, :val2275, :val2276, :val2277, :val2278, :val2279, :val2280, :val2281, :val2282, :val2283, :val2284, :val2285, :val2286, :val2287, :val2288, :val2289, :val2290, :val2291, :val2292, :val2293, :val2294, :val2295, :val2296, :val2297, :val2298, :val2299, :val2300, :val2301, :val2302, :val2303, :val2304, :val2305, :val2306, :val2307, :val2308, :val2309, :val2310, :val2311, :val2312, :val2313, :val2314, :val2315, :val2316, :val2317, :val2318, :val2319, :val2320, :val2321, :val2322, :val2323, :val2324) GROUP BY `诉求区域` ORDER BY `数量` DESC LIMIT 5000;
2025-06-02 10:20:48,519 ChatBI->     INFO     sql 语句：SELECT * FROM shanghai WHERE `工单类型` = '投诉举报类' AND  `内容描述` IN (:val0, :val1, :val2, :val3, :val4, :val5, :val6, :val7, :val8, :val9, :val10, :val11, :val12, :val13, :val14, :val15, :val16, :val17, :val18, :val19, :val20, :val21, :val22, :val23, :val24, :val25, :val26, :val27, :val28, :val29, :val30, :val31, :val32, :val33, :val34, :val35, :val36, :val37, :val38, :val39, :val40, :val41, :val42, :val43, :val44, :val45, :val46, :val47, :val48, :val49, :val50, :val51, :val52, :val53, :val54, :val55, :val56, :val57, :val58, :val59, :val60, :val61, :val62, :val63, :val64, :val65, :val66, :val67, :val68, :val69, :val70, :val71, :val72, :val73, :val74, :val75, :val76, :val77, :val78, :val79, :val80, :val81, :val82, :val83, :val84, :val85, :val86, :val87, :val88, :val89, :val90, :val91, :val92, :val93, :val94, :val95, :val96, :val97, :val98, :val99, :val100, :val101, :val102, :val103, :val104, :val105, :val106, :val107, :val108, :val109, :val110, :val111, :val112, :val113, :val114, :val115, :val116, :val117, :val118, :val119, :val120, :val121, :val122, :val123, :val124, :val125, :val126, :val127, :val128, :val129, :val130, :val131, :val132, :val133, :val134, :val135, :val136, :val137, :val138, :val139, :val140, :val141, :val142, :val143, :val144, :val145, :val146, :val147, :val148, :val149, :val150, :val151, :val152, :val153, :val154, :val155, :val156, :val157, :val158, :val159, :val160, :val161, :val162, :val163, :val164, :val165, :val166, :val167, :val168, :val169, :val170, :val171, :val172, :val173, :val174, :val175, :val176, :val177, :val178, :val179, :val180, :val181, :val182, :val183, :val184, :val185, :val186, :val187, :val188, :val189, :val190, :val191, :val192, :val193, :val194, :val195, :val196, :val197, :val198, :val199, :val200, :val201, :val202, :val203, :val204, :val205, :val206, :val207, :val208, :val209, :val210, :val211, :val212, :val213, :val214, :val215, :val216, :val217, :val218, :val219, :val220, :val221, :val222, :val223, :val224, :val225, :val226, :val227, :val228, :val229, :val230, :val231, :val232, :val233, :val234, :val235, :val236, :val237, :val238, :val239, :val240, :val241, :val242, :val243, :val244, :val245, :val246, :val247, :val248, :val249, :val250, :val251, :val252, :val253, :val254, :val255, :val256, :val257, :val258, :val259, :val260, :val261, :val262, :val263, :val264, :val265, :val266, :val267, :val268, :val269, :val270, :val271, :val272, :val273, :val274, :val275, :val276, :val277, :val278, :val279, :val280, :val281, :val282, :val283, :val284, :val285, :val286, :val287, :val288, :val289, :val290, :val291, :val292, :val293, :val294, :val295, :val296, :val297, :val298, :val299, :val300, :val301, :val302, :val303, :val304, :val305, :val306, :val307, :val308, :val309, :val310, :val311, :val312, :val313, :val314, :val315, :val316, :val317, :val318, :val319, :val320, :val321, :val322, :val323, :val324, :val325, :val326, :val327, :val328, :val329, :val330, :val331, :val332, :val333, :val334, :val335, :val336, :val337, :val338, :val339, :val340, :val341, :val342, :val343, :val344, :val345, :val346, :val347, :val348, :val349, :val350, :val351, :val352, :val353, :val354, :val355, :val356, :val357, :val358, :val359, :val360, :val361, :val362, :val363, :val364, :val365, :val366, :val367, :val368, :val369, :val370, :val371, :val372, :val373, :val374, :val375, :val376, :val377, :val378, :val379, :val380, :val381, :val382, :val383, :val384, :val385, :val386, :val387, :val388, :val389, :val390, :val391, :val392, :val393, :val394, :val395, :val396, :val397, :val398, :val399, :val400, :val401, :val402, :val403, :val404, :val405, :val406, :val407, :val408, :val409, :val410, :val411, :val412, :val413, :val414, :val415, :val416, :val417, :val418, :val419, :val420, :val421, :val422, :val423, :val424, :val425, :val426, :val427, :val428, :val429, :val430, :val431, :val432, :val433, :val434, :val435, :val436, :val437, :val438, :val439, :val440, :val441, :val442, :val443, :val444, :val445, :val446, :val447, :val448, :val449, :val450, :val451, :val452, :val453, :val454, :val455, :val456, :val457, :val458, :val459, :val460, :val461, :val462, :val463, :val464, :val465, :val466, :val467, :val468, :val469, :val470, :val471, :val472, :val473, :val474, :val475, :val476, :val477, :val478, :val479, :val480, :val481, :val482, :val483, :val484, :val485, :val486, :val487, :val488, :val489, :val490, :val491, :val492, :val493, :val494, :val495, :val496, :val497, :val498, :val499, :val500, :val501, :val502, :val503, :val504, :val505, :val506, :val507, :val508, :val509, :val510, :val511, :val512, :val513, :val514, :val515, :val516, :val517, :val518, :val519, :val520, :val521, :val522, :val523, :val524, :val525, :val526, :val527, :val528, :val529, :val530, :val531, :val532, :val533, :val534, :val535, :val536, :val537, :val538, :val539, :val540, :val541, :val542, :val543, :val544, :val545, :val546, :val547, :val548, :val549, :val550, :val551, :val552, :val553, :val554, :val555, :val556, :val557, :val558, :val559, :val560, :val561, :val562, :val563, :val564, :val565, :val566, :val567, :val568, :val569, :val570, :val571, :val572, :val573, :val574, :val575, :val576, :val577, :val578, :val579, :val580, :val581, :val582, :val583, :val584, :val585, :val586, :val587, :val588, :val589, :val590, :val591, :val592, :val593, :val594, :val595, :val596, :val597, :val598, :val599, :val600, :val601, :val602, :val603, :val604, :val605, :val606, :val607, :val608, :val609, :val610, :val611, :val612, :val613, :val614, :val615, :val616, :val617, :val618, :val619, :val620, :val621, :val622, :val623, :val624, :val625, :val626, :val627, :val628, :val629, :val630, :val631, :val632, :val633, :val634, :val635, :val636, :val637, :val638, :val639, :val640, :val641, :val642, :val643, :val644, :val645, :val646, :val647, :val648, :val649, :val650, :val651, :val652, :val653, :val654, :val655, :val656, :val657, :val658, :val659, :val660, :val661, :val662, :val663, :val664, :val665, :val666, :val667, :val668, :val669, :val670, :val671, :val672, :val673, :val674, :val675, :val676, :val677, :val678, :val679, :val680, :val681, :val682, :val683, :val684, :val685, :val686, :val687, :val688, :val689, :val690, :val691, :val692, :val693, :val694, :val695, :val696, :val697, :val698, :val699, :val700, :val701, :val702, :val703, :val704, :val705, :val706, :val707, :val708, :val709, :val710, :val711, :val712, :val713, :val714, :val715, :val716, :val717, :val718, :val719, :val720, :val721, :val722, :val723, :val724, :val725, :val726, :val727, :val728, :val729, :val730, :val731, :val732, :val733, :val734, :val735, :val736, :val737, :val738, :val739, :val740, :val741, :val742, :val743, :val744, :val745, :val746, :val747, :val748, :val749, :val750, :val751, :val752, :val753, :val754, :val755, :val756, :val757, :val758, :val759, :val760, :val761, :val762, :val763, :val764, :val765, :val766, :val767, :val768, :val769, :val770, :val771, :val772, :val773, :val774, :val775, :val776, :val777, :val778, :val779, :val780, :val781, :val782, :val783, :val784, :val785, :val786, :val787, :val788, :val789, :val790, :val791, :val792, :val793, :val794, :val795, :val796, :val797, :val798, :val799, :val800, :val801, :val802, :val803, :val804, :val805, :val806, :val807, :val808, :val809, :val810, :val811, :val812, :val813, :val814, :val815, :val816, :val817, :val818, :val819, :val820, :val821, :val822, :val823, :val824, :val825, :val826, :val827, :val828, :val829, :val830, :val831, :val832, :val833, :val834, :val835, :val836, :val837, :val838, :val839, :val840, :val841, :val842, :val843, :val844, :val845, :val846, :val847, :val848, :val849, :val850, :val851, :val852, :val853, :val854, :val855, :val856, :val857, :val858, :val859, :val860, :val861, :val862, :val863, :val864, :val865, :val866, :val867, :val868, :val869, :val870, :val871, :val872, :val873, :val874, :val875, :val876, :val877, :val878, :val879, :val880, :val881, :val882, :val883, :val884, :val885, :val886, :val887, :val888, :val889, :val890, :val891, :val892, :val893, :val894, :val895, :val896, :val897, :val898, :val899, :val900, :val901, :val902, :val903, :val904, :val905, :val906, :val907, :val908, :val909, :val910, :val911, :val912, :val913, :val914, :val915, :val916, :val917, :val918, :val919, :val920, :val921, :val922, :val923, :val924, :val925, :val926, :val927, :val928, :val929, :val930, :val931, :val932, :val933, :val934, :val935, :val936, :val937, :val938, :val939, :val940, :val941, :val942, :val943, :val944, :val945, :val946, :val947, :val948, :val949, :val950, :val951, :val952, :val953, :val954, :val955, :val956, :val957, :val958, :val959, :val960, :val961, :val962, :val963, :val964, :val965, :val966, :val967, :val968, :val969, :val970, :val971, :val972, :val973, :val974, :val975, :val976, :val977, :val978, :val979, :val980, :val981, :val982, :val983, :val984, :val985, :val986, :val987, :val988, :val989, :val990, :val991, :val992, :val993, :val994, :val995, :val996, :val997, :val998, :val999, :val1000, :val1001, :val1002, :val1003, :val1004, :val1005, :val1006, :val1007, :val1008, :val1009, :val1010, :val1011, :val1012, :val1013, :val1014, :val1015, :val1016, :val1017, :val1018, :val1019, :val1020, :val1021, :val1022, :val1023, :val1024, :val1025, :val1026, :val1027, :val1028, :val1029, :val1030, :val1031, :val1032, :val1033, :val1034, :val1035, :val1036, :val1037, :val1038, :val1039, :val1040, :val1041, :val1042, :val1043, :val1044, :val1045, :val1046, :val1047, :val1048, :val1049, :val1050, :val1051, :val1052, :val1053, :val1054, :val1055, :val1056, :val1057, :val1058, :val1059, :val1060, :val1061, :val1062, :val1063, :val1064, :val1065, :val1066, :val1067, :val1068, :val1069, :val1070, :val1071, :val1072, :val1073, :val1074, :val1075, :val1076, :val1077, :val1078, :val1079, :val1080, :val1081, :val1082, :val1083, :val1084, :val1085, :val1086, :val1087, :val1088, :val1089, :val1090, :val1091, :val1092, :val1093, :val1094, :val1095, :val1096, :val1097, :val1098, :val1099, :val1100, :val1101, :val1102, :val1103, :val1104, :val1105, :val1106, :val1107, :val1108, :val1109, :val1110, :val1111, :val1112, :val1113, :val1114, :val1115, :val1116, :val1117, :val1118, :val1119, :val1120, :val1121, :val1122, :val1123, :val1124, :val1125, :val1126, :val1127, :val1128, :val1129, :val1130, :val1131, :val1132, :val1133, :val1134, :val1135, :val1136, :val1137, :val1138, :val1139, :val1140, :val1141, :val1142, :val1143, :val1144, :val1145, :val1146, :val1147, :val1148, :val1149, :val1150, :val1151, :val1152, :val1153, :val1154, :val1155, :val1156, :val1157, :val1158, :val1159, :val1160, :val1161, :val1162, :val1163, :val1164, :val1165, :val1166, :val1167, :val1168, :val1169, :val1170, :val1171, :val1172, :val1173, :val1174, :val1175, :val1176, :val1177, :val1178, :val1179, :val1180, :val1181, :val1182, :val1183, :val1184, :val1185, :val1186, :val1187, :val1188, :val1189, :val1190, :val1191, :val1192, :val1193, :val1194, :val1195, :val1196, :val1197, :val1198, :val1199, :val1200, :val1201, :val1202, :val1203, :val1204, :val1205, :val1206, :val1207, :val1208, :val1209, :val1210, :val1211, :val1212, :val1213, :val1214, :val1215, :val1216, :val1217, :val1218, :val1219, :val1220, :val1221, :val1222, :val1223, :val1224, :val1225, :val1226, :val1227, :val1228, :val1229, :val1230, :val1231, :val1232, :val1233, :val1234, :val1235, :val1236, :val1237, :val1238, :val1239, :val1240, :val1241, :val1242, :val1243, :val1244, :val1245, :val1246, :val1247, :val1248, :val1249, :val1250, :val1251, :val1252, :val1253, :val1254, :val1255, :val1256, :val1257, :val1258, :val1259, :val1260, :val1261, :val1262, :val1263, :val1264, :val1265, :val1266, :val1267, :val1268, :val1269, :val1270, :val1271, :val1272, :val1273, :val1274, :val1275, :val1276, :val1277, :val1278, :val1279, :val1280, :val1281, :val1282, :val1283, :val1284, :val1285, :val1286, :val1287, :val1288, :val1289, :val1290, :val1291, :val1292, :val1293, :val1294, :val1295, :val1296, :val1297, :val1298, :val1299, :val1300, :val1301, :val1302, :val1303, :val1304, :val1305, :val1306, :val1307, :val1308, :val1309, :val1310, :val1311, :val1312, :val1313, :val1314, :val1315, :val1316, :val1317, :val1318, :val1319, :val1320, :val1321, :val1322, :val1323, :val1324, :val1325, :val1326, :val1327, :val1328, :val1329, :val1330, :val1331, :val1332, :val1333, :val1334, :val1335, :val1336, :val1337, :val1338, :val1339, :val1340, :val1341, :val1342, :val1343, :val1344, :val1345, :val1346, :val1347, :val1348, :val1349, :val1350, :val1351, :val1352, :val1353, :val1354, :val1355, :val1356, :val1357, :val1358, :val1359, :val1360, :val1361, :val1362, :val1363, :val1364, :val1365, :val1366, :val1367, :val1368, :val1369, :val1370, :val1371, :val1372, :val1373, :val1374, :val1375, :val1376, :val1377, :val1378, :val1379, :val1380, :val1381, :val1382, :val1383, :val1384, :val1385, :val1386, :val1387, :val1388, :val1389, :val1390, :val1391, :val1392, :val1393, :val1394, :val1395, :val1396, :val1397, :val1398, :val1399, :val1400, :val1401, :val1402, :val1403, :val1404, :val1405, :val1406, :val1407, :val1408, :val1409, :val1410, :val1411, :val1412, :val1413, :val1414, :val1415, :val1416, :val1417, :val1418, :val1419, :val1420, :val1421, :val1422, :val1423, :val1424, :val1425, :val1426, :val1427, :val1428, :val1429, :val1430, :val1431, :val1432, :val1433, :val1434, :val1435, :val1436, :val1437, :val1438, :val1439, :val1440, :val1441, :val1442, :val1443, :val1444, :val1445, :val1446, :val1447, :val1448, :val1449, :val1450, :val1451, :val1452, :val1453, :val1454, :val1455, :val1456, :val1457, :val1458, :val1459, :val1460, :val1461, :val1462, :val1463, :val1464, :val1465, :val1466, :val1467, :val1468, :val1469, :val1470, :val1471, :val1472, :val1473, :val1474, :val1475, :val1476, :val1477, :val1478, :val1479, :val1480, :val1481, :val1482, :val1483, :val1484, :val1485, :val1486, :val1487, :val1488, :val1489, :val1490, :val1491, :val1492, :val1493, :val1494, :val1495, :val1496, :val1497, :val1498, :val1499, :val1500, :val1501, :val1502, :val1503, :val1504, :val1505, :val1506, :val1507, :val1508, :val1509, :val1510, :val1511, :val1512, :val1513, :val1514, :val1515, :val1516, :val1517, :val1518, :val1519, :val1520, :val1521, :val1522, :val1523, :val1524, :val1525, :val1526, :val1527, :val1528, :val1529, :val1530, :val1531, :val1532, :val1533, :val1534, :val1535, :val1536, :val1537, :val1538, :val1539, :val1540, :val1541, :val1542, :val1543, :val1544, :val1545, :val1546, :val1547, :val1548, :val1549, :val1550, :val1551, :val1552, :val1553, :val1554, :val1555, :val1556, :val1557, :val1558, :val1559, :val1560, :val1561, :val1562, :val1563, :val1564, :val1565, :val1566, :val1567, :val1568, :val1569, :val1570, :val1571, :val1572, :val1573, :val1574, :val1575, :val1576, :val1577, :val1578, :val1579, :val1580, :val1581, :val1582, :val1583, :val1584, :val1585, :val1586, :val1587, :val1588, :val1589, :val1590, :val1591, :val1592, :val1593, :val1594, :val1595, :val1596, :val1597, :val1598, :val1599, :val1600, :val1601, :val1602, :val1603, :val1604, :val1605, :val1606, :val1607, :val1608, :val1609, :val1610, :val1611, :val1612, :val1613, :val1614, :val1615, :val1616, :val1617, :val1618, :val1619, :val1620, :val1621, :val1622, :val1623, :val1624, :val1625, :val1626, :val1627, :val1628, :val1629, :val1630, :val1631, :val1632, :val1633, :val1634, :val1635, :val1636, :val1637, :val1638, :val1639, :val1640, :val1641, :val1642, :val1643, :val1644, :val1645, :val1646, :val1647, :val1648, :val1649, :val1650, :val1651, :val1652, :val1653, :val1654, :val1655, :val1656, :val1657, :val1658, :val1659, :val1660, :val1661, :val1662, :val1663, :val1664, :val1665, :val1666, :val1667, :val1668, :val1669, :val1670, :val1671, :val1672, :val1673, :val1674, :val1675, :val1676, :val1677, :val1678, :val1679, :val1680, :val1681, :val1682, :val1683, :val1684, :val1685, :val1686, :val1687, :val1688, :val1689, :val1690, :val1691, :val1692, :val1693, :val1694, :val1695, :val1696, :val1697, :val1698, :val1699, :val1700, :val1701, :val1702, :val1703, :val1704, :val1705, :val1706, :val1707, :val1708, :val1709, :val1710, :val1711, :val1712, :val1713, :val1714, :val1715, :val1716, :val1717, :val1718, :val1719, :val1720, :val1721, :val1722, :val1723, :val1724, :val1725, :val1726, :val1727, :val1728, :val1729, :val1730, :val1731, :val1732, :val1733, :val1734, :val1735, :val1736, :val1737, :val1738, :val1739, :val1740, :val1741, :val1742, :val1743, :val1744, :val1745, :val1746, :val1747, :val1748, :val1749, :val1750, :val1751, :val1752, :val1753, :val1754, :val1755, :val1756, :val1757, :val1758, :val1759, :val1760, :val1761, :val1762, :val1763, :val1764, :val1765, :val1766, :val1767, :val1768, :val1769, :val1770, :val1771, :val1772, :val1773, :val1774, :val1775, :val1776, :val1777, :val1778, :val1779, :val1780, :val1781, :val1782, :val1783, :val1784, :val1785, :val1786, :val1787, :val1788, :val1789, :val1790, :val1791, :val1792, :val1793, :val1794, :val1795, :val1796, :val1797, :val1798, :val1799, :val1800, :val1801, :val1802, :val1803, :val1804, :val1805, :val1806, :val1807, :val1808, :val1809, :val1810, :val1811, :val1812, :val1813, :val1814, :val1815, :val1816, :val1817, :val1818, :val1819, :val1820, :val1821, :val1822, :val1823, :val1824, :val1825, :val1826, :val1827, :val1828, :val1829, :val1830, :val1831, :val1832, :val1833, :val1834, :val1835, :val1836, :val1837, :val1838, :val1839, :val1840, :val1841, :val1842, :val1843, :val1844, :val1845, :val1846, :val1847, :val1848, :val1849, :val1850, :val1851, :val1852, :val1853, :val1854, :val1855, :val1856, :val1857, :val1858, :val1859, :val1860, :val1861, :val1862, :val1863, :val1864, :val1865, :val1866, :val1867, :val1868, :val1869, :val1870, :val1871, :val1872, :val1873, :val1874, :val1875, :val1876, :val1877, :val1878, :val1879, :val1880, :val1881, :val1882, :val1883, :val1884, :val1885, :val1886, :val1887, :val1888, :val1889, :val1890, :val1891, :val1892, :val1893, :val1894, :val1895, :val1896, :val1897, :val1898, :val1899, :val1900, :val1901, :val1902, :val1903, :val1904, :val1905, :val1906, :val1907, :val1908, :val1909, :val1910, :val1911, :val1912, :val1913, :val1914, :val1915, :val1916, :val1917, :val1918, :val1919, :val1920, :val1921, :val1922, :val1923, :val1924, :val1925, :val1926, :val1927, :val1928, :val1929, :val1930, :val1931, :val1932, :val1933, :val1934, :val1935, :val1936, :val1937, :val1938, :val1939, :val1940, :val1941, :val1942, :val1943, :val1944, :val1945, :val1946, :val1947, :val1948, :val1949, :val1950, :val1951, :val1952, :val1953, :val1954, :val1955, :val1956, :val1957, :val1958, :val1959, :val1960, :val1961, :val1962, :val1963, :val1964, :val1965, :val1966, :val1967, :val1968, :val1969, :val1970, :val1971, :val1972, :val1973, :val1974, :val1975, :val1976, :val1977, :val1978, :val1979, :val1980, :val1981, :val1982, :val1983, :val1984, :val1985, :val1986, :val1987, :val1988, :val1989, :val1990, :val1991, :val1992, :val1993, :val1994, :val1995, :val1996, :val1997, :val1998, :val1999, :val2000, :val2001, :val2002, :val2003, :val2004, :val2005, :val2006, :val2007, :val2008, :val2009, :val2010, :val2011, :val2012, :val2013, :val2014, :val2015, :val2016, :val2017, :val2018, :val2019, :val2020, :val2021, :val2022, :val2023, :val2024, :val2025, :val2026, :val2027, :val2028, :val2029, :val2030, :val2031, :val2032, :val2033, :val2034, :val2035, :val2036, :val2037, :val2038, :val2039, :val2040, :val2041, :val2042, :val2043, :val2044, :val2045, :val2046, :val2047, :val2048, :val2049, :val2050, :val2051, :val2052, :val2053, :val2054, :val2055, :val2056, :val2057, :val2058, :val2059, :val2060, :val2061, :val2062, :val2063, :val2064, :val2065, :val2066, :val2067, :val2068, :val2069, :val2070, :val2071, :val2072, :val2073, :val2074, :val2075, :val2076, :val2077, :val2078, :val2079, :val2080, :val2081, :val2082, :val2083, :val2084, :val2085, :val2086, :val2087, :val2088, :val2089, :val2090, :val2091, :val2092, :val2093, :val2094, :val2095, :val2096, :val2097, :val2098, :val2099, :val2100, :val2101, :val2102, :val2103, :val2104, :val2105, :val2106, :val2107, :val2108, :val2109, :val2110, :val2111, :val2112, :val2113, :val2114, :val2115, :val2116, :val2117, :val2118, :val2119, :val2120, :val2121, :val2122, :val2123, :val2124, :val2125, :val2126, :val2127, :val2128, :val2129, :val2130, :val2131, :val2132, :val2133, :val2134, :val2135, :val2136, :val2137, :val2138, :val2139, :val2140, :val2141, :val2142, :val2143, :val2144, :val2145, :val2146, :val2147, :val2148, :val2149, :val2150, :val2151, :val2152, :val2153, :val2154, :val2155, :val2156, :val2157, :val2158, :val2159, :val2160, :val2161, :val2162, :val2163, :val2164, :val2165, :val2166, :val2167, :val2168, :val2169, :val2170, :val2171, :val2172, :val2173, :val2174, :val2175, :val2176, :val2177, :val2178, :val2179, :val2180, :val2181, :val2182, :val2183, :val2184, :val2185, :val2186, :val2187, :val2188, :val2189, :val2190, :val2191, :val2192, :val2193, :val2194, :val2195, :val2196, :val2197, :val2198, :val2199, :val2200, :val2201, :val2202, :val2203, :val2204, :val2205, :val2206, :val2207, :val2208, :val2209, :val2210, :val2211, :val2212, :val2213, :val2214, :val2215, :val2216, :val2217, :val2218, :val2219, :val2220, :val2221, :val2222, :val2223, :val2224, :val2225, :val2226, :val2227, :val2228, :val2229, :val2230, :val2231, :val2232, :val2233, :val2234, :val2235, :val2236, :val2237, :val2238, :val2239, :val2240, :val2241, :val2242, :val2243, :val2244, :val2245, :val2246, :val2247, :val2248, :val2249, :val2250, :val2251, :val2252, :val2253, :val2254, :val2255, :val2256, :val2257, :val2258, :val2259, :val2260, :val2261, :val2262, :val2263, :val2264, :val2265, :val2266, :val2267, :val2268, :val2269, :val2270, :val2271, :val2272, :val2273, :val2274, :val2275, :val2276, :val2277, :val2278, :val2279, :val2280, :val2281, :val2282, :val2283, :val2284, :val2285, :val2286, :val2287, :val2288, :val2289, :val2290, :val2291, :val2292, :val2293, :val2294, :val2295, :val2296, :val2297, :val2298, :val2299, :val2300, :val2301, :val2302, :val2303, :val2304, :val2305, :val2306, :val2307, :val2308, :val2309, :val2310, :val2311, :val2312, :val2313, :val2314, :val2315, :val2316, :val2317, :val2318, :val2319, :val2320, :val2321, :val2322, :val2323, :val2324)
2025-06-02 10:20:51,410 ChatBI->     INFO     query: {query} 处理完毕
2025-06-02 10:23:16,180 ChatBI->     INFO     案例库查询
2025-06-02 10:23:16,251 ChatBI->     INFO     案例库查询结果: ["{'query': '去年有多少起社保业务办理的咨询事件', '目标列': ['内容描述'], '条件列': {'工单生成时间': '去年', '四级分类': '社保业务办理', '工单类型': '咨询类'}}", "{'query': '近半年医保相关的咨询事件有多少起', '目标列': ['工单类型'], '条件列': {'四级分类': '医保', '工单类型': '咨询类', '工单生成时间': '近半年'}}", "{'query': '医保相关的咨询事件有那些', '目标列': ['内容描述'], '条件列': {'四级分类': '医保相关', '工单类型': '咨询类'}}"]
2025-06-02 10:23:17,076 ChatBI->     INFO     schema linking: {'target_columns': ['诉求区域'], 'condition_columns': {'工单类型': '咨询类', '内容描述': '社保'}}
2025-06-02 10:23:18,165 ChatBI->     INFO     任务类型: SQL
2025-06-02 10:23:19,462 ChatBI->     INFO     stad sql: SELECT `诉求区域`, COUNT(*) AS `数量` FROM shanghai WHERE `工单类型` = '咨询类' AND `内容描述` LIKE '%社保%' GROUP BY `诉求区域` ORDER BY `数量` DESC LIMIT 5000;
2025-06-02 10:23:19,467 ChatBI->     INFO     非结构化信息为: {"`内容描述` LIKE '%社保%'": '社保'}
2025-06-02 10:23:19,467 ChatBI->     INFO     开始语义分析 ..  .. 
2025-06-02 10:23:19,745 ChatBI->     INFO     社保 的命名实体判别： no
2025-06-02 10:23:19,746 ChatBI->     INFO     开始对非结构化文档【粗略】检索
2025-06-02 10:23:20,262 ChatBI->     INFO     检索到的文档总数量为：5000
2025-06-02 10:23:20,572 ChatBI->     INFO     开始对非结构化文档【深度】检索
2025-06-02 10:23:20,830 ChatBI->     INFO     step_scores: ['yes', 'yes', 'yes', 'yes', 'yes', 'yes', 'yes', 'yes', 'yes', 'yes']
2025-06-02 10:23:20,830 ChatBI->     INFO     层级抽取文档： 市民来电咨询:缴纳社保公司分为两部门，社保平台缴费社保。 ==> yes  
2025-06-02 10:23:20,830 ChatBI->     INFO     层级抽取文档： 市民来电咨询:是个体工商户的夫妻两人交社保，目前扣社保的对公账户卡被冻结，能不能用灵活方式或其它方式交社保，公司名称不方便留，是注册在崇明区的，诉求：希望管理部门予以告知交社保的问题。 ==> yes  
2025-06-02 10:23:20,830 ChatBI->     INFO     层级抽取文档： 市民来电反映相同问题【最近派发的工单编号:20241006019999，工单内容:市民来电反映:其表示此单位没有缴纳社保，没有签过劳动合同，2010年-2019年都没有给其缴纳社保，在这些年间只缴纳了2013和2014年的社保，诉求：要求尽快把没有缴纳的社保都补上。（需回复）】 ==> yes  
2025-06-02 10:23:20,830 ChatBI->     INFO     层级抽取文档： 【为企服务】市民来电咨询:其是企业，要咨询要给员工补缴2015年4月-2015年12月的社保，如资料不齐全怎么办。 ==> yes  
2025-06-02 10:23:20,830 ChatBI->     INFO     层级抽取文档： 市民来电咨询:如何查询单位和个人缴纳的社保金。 ==> yes  
2025-06-02 10:23:20,830 ChatBI->     INFO     层级抽取文档： 市民来电咨询:市民以前的社保在江苏，现在单位帮缴纳了上海的社保，江苏的社保卡还能使用，是否要更换上海的社保卡，查询社保记录的渠道。 ==> yes  
2025-06-02 10:23:20,830 ChatBI->     INFO     层级抽取文档： 市民来电咨询:企业要给员工缴纳社保，不清楚通过哪个渠道。 ==> yes  
2025-06-02 10:23:20,830 ChatBI->     INFO     层级抽取文档： 市民来电咨询:其人在厦门，但是公司缴纳的社保在上海，咨询社保如何办理转移。 ==> yes  
2025-06-02 10:23:20,830 ChatBI->     INFO     层级抽取文档： 市民来电咨询:其自己开的公司上半年没有缴纳社保，本月缴纳社保，在柜台咨询医保需要下个月才能使用，十分可以加急。 ==> yes  
2025-06-02 10:23:20,831 ChatBI->     INFO     层级抽取文档： 市民来电咨询:杭州社保缴纳。 ==> yes  
2025-06-02 10:23:21,125 ChatBI->     INFO     step_scores: ['yes', 'yes', 'yes', 'yes', 'yes', 'yes', 'yes', 'yes', 'yes', 'yes']
2025-06-02 10:23:21,125 ChatBI->     INFO     层级抽取文档： 市民来电咨询:原来在安徽交社保，现在想在上海交社保，询问如何转移 ==> yes  
2025-06-02 10:23:21,125 ChatBI->     INFO     层级抽取文档： 市民来电咨询:社保暂停了市民咨询如何要转到外省市。 ==> yes  
2025-06-02 10:23:21,125 ChatBI->     INFO     层级抽取文档： 市民来电咨询:市民之前在上海交纳社保，目前去云南，询问社保关系如何转移。 ==> yes  
2025-06-02 10:23:21,125 ChatBI->     INFO     层级抽取文档： 市民来电咨询:在本市的社保停缴以后，如果将社保账户转移到外省市，是否可以提取个人缴纳部门 ==> yes  
2025-06-02 10:23:21,125 ChatBI->     INFO     层级抽取文档： 市民来电咨询:4月1日入职单位，单位没有来电及做参保登记，表示4月份的社保要6月份才能交，其担心补交汇影响后续购房，故咨询。 ==> yes  
2025-06-02 10:23:21,125 ChatBI->     INFO     层级抽取文档： 市民来电反映:8月20日退休了，社保没有满15年，随后自己交灵活就业交了9-10月份，11月份找到新的单位帮其继续交，其到街道办理，但是11月份灵活就业社保又扣费，单位无法缴纳社保了，身份证352122197308204227，诉求：灵活就业退出。 ==> yes  
2025-06-02 10:23:21,125 ChatBI->     INFO     层级抽取文档： 市民来电反映:其曾在上述公司做电工。1999年7月到2001年共有21个月公司没有为其缴社保。诉求：要求补缴社保。 ==> yes  
2025-06-02 10:23:21,125 ChatBI->     INFO     层级抽取文档： 市民来电咨询:社保的金融账户需要激活。 ==> yes  
2025-06-02 10:23:21,125 ChatBI->     INFO     层级抽取文档： 市民来电反映:市民在上海交社保，配偶没有社保，在外地生孩子是否可以使用市民的生育保险。 ==> yes  
2025-06-02 10:23:21,125 ChatBI->     INFO     层级抽取文档： 市民来电咨询:外省市户籍在外地缴纳了十几年社保，在上海也缴纳了十几年社保，是否可以在上海办理退休。 ==> yes  
2025-06-02 10:23:21,350 ChatBI->     INFO     step_scores: ['yes', 'yes', 'yes', 'yes', 'yes', 'yes', 'yes', 'yes', 'yes', 'yes']
2025-06-02 10:23:21,350 ChatBI->     INFO     层级抽取文档： 市民来电咨询:社保缴纳和退休的问题。 ==> yes  
2025-06-02 10:23:21,350 ChatBI->     INFO     层级抽取文档： 市民来电咨询:其在本市参保一直没有申请社保卡现想知道如何申请社保卡，有哪些银行支持办理。 ==> yes  
2025-06-02 10:23:21,350 ChatBI->     INFO     层级抽取文档： 市民来电咨询:企业为职工办理了社保登记缴纳社保费用，职工如何申领新版社保卡 ==> yes  
2025-06-02 10:23:21,350 ChatBI->     INFO     层级抽取文档： 市民来电咨询:领取失业保险金期间，社保是否有缴纳，具体什么政策 ==> yes  
2025-06-02 10:23:21,350 ChatBI->     INFO     层级抽取文档： 市民来电咨询:公司员工3月份社保未缴纳，5月份要缴纳3月份、4月份的社保，是否是一起补缴。  ==> yes  
2025-06-02 10:23:21,350 ChatBI->     INFO     层级抽取文档： 市民来电咨询:其5月份退休，4月份缴纳一次社保跟其不交4月份的社保对退休有什么区别。 ==> yes  
2025-06-02 10:23:21,350 ChatBI->     INFO     层级抽取文档： 市民来电咨询:12月29日登记为失业，离职后公司为其缴纳社保，社保金额没有入账。 ==> yes  
2025-06-02 10:23:21,350 ChatBI->     INFO     层级抽取文档： 市民来电反映:企业与其解除劳动合同除了经济补偿金，社保缴纳是否有补偿。 ==> yes  
2025-06-02 10:23:21,350 ChatBI->     INFO     层级抽取文档： 市民来电咨询:社保与公积金缴纳基数是否必须一致。（需回复） ==> yes  
2025-06-02 10:23:21,350 ChatBI->     INFO     层级抽取文档： 市民来电咨询:外省市户籍，从未参加上海社保，12月有入职，1月开始缴纳社保，咨询其医保何时开始享受。 ==> yes  
2025-06-02 10:23:21,701 ChatBI->     INFO     step_scores: ['yes', 'yes', 'yes', 'yes', 'yes', 'yes', 'yes', 'yes', 'yes', 'yes']
2025-06-02 10:23:21,701 ChatBI->     INFO     层级抽取文档： 市民来电咨询:市民表示其于2015年在本市工作的时候离职了，后面离职期间没有缴纳社保，询问现在是否可以补缴。 ==> yes  
2025-06-02 10:23:21,701 ChatBI->     INFO     层级抽取文档： 【重新交办,要求：按答复要点告知市民,市民表示答复要点不明确,市民表示该企业答复要于25年7月补缴，市民不认可，担心企业不交，其表示应该让企业支付1万5000元抵押在市民这，等补缴后其再归还，市民表示管理部门再不及时处理会去市政府吆喝并要求补偿误工费了。诉求：请管理部门尽快核实催缴社保。最近办结的工单编号:20241022043108，工单内容:【重新交办，要求：按答复要点告知市民，市民表示答复要点与实际情况不符，市民来电反映：其表示管理部门称对方会在10月为其续交2个月的社保，并截止至12月，会将所有的社保交完，但目前没有做到，请再次核实。诉求不变。最近办结的工单编号：20240911... ==> yes  
2025-06-02 10:23:21,701 ChatBI->     INFO     层级抽取文档： 市民来电反映:外省市户籍，在上海缴纳4、5年社保，之前昆山社保，从未申请社保，现在网上申请社保，有照片，就提示核验超时，姓名：姜冰，身份证：341282199006065514，诉求：请管理部门核实后查明为何无法网上申请。（我处已建议市民到附近松江区中山街道社区事务受理中心线下尝试，市民要求查明。） ==> yes  
2025-06-02 10:23:21,701 ChatBI->     INFO     层级抽取文档： 市民来电咨询:职业技能补贴，2023年10月，人力资源四级，申请补贴显示社保没有交，社保交了还是不能申请补贴，如何处理。 ==> yes  
2025-06-02 10:23:21,701 ChatBI->     INFO     层级抽取文档： 【重新交办，要求：按答复市民要点告知市民，市民表示答复市民要点与实际情况明显不符，市民表示其2024年12月份来电，表示该社保，2024年4月份会补缴，但是并未补缴。只是表示没有钱，其会催缴，不强制。诉求：同前。（需回复）最近办结的工单编号：20240403029465... ==> yes  
2025-06-02 10:23:21,701 ChatBI->     INFO     层级抽取文档： 市民来电咨询: 其是企业管理人员，但是社保只缴纳了13年，咨询：其这种情况是否可以作为管理人员55岁退休，剩余的时间自己缴纳社保。    ==> yes  
2025-06-02 10:23:21,701 ChatBI->     INFO     层级抽取文档： 市民来电咨询:其之后想前往香港留学，市民在留学期间缴纳社保，留学回沪找工作，缴纳社保是否会对其应届生身份有所影响 ==> yes  
2025-06-02 10:23:21,701 ChatBI->     INFO     层级抽取文档： 市民来电反映:如何查询自己的社保缴费年限。 ==> yes  
2025-06-02 10:23:21,701 ChatBI->     INFO     层级抽取文档： 市民来电咨询: 咨询社保中心电话 ==> yes  
2025-06-02 10:23:21,702 ChatBI->     INFO     层级抽取文档： 市民来电补充信息。市民补充信息内容为市民表示公司缴纳是4090元，其个人缴纳是1575元，现在公司不给其缴纳的话，市民自己也无法缴纳，希望尽快由管理部门协调处理【最近派发的工单编号：20240918020648，工单内容：重新交办，要求：答复要点与实际情况不符，现市民愿意缴纳个人社保部分，但企业不愿缴纳，市民表示该企业现在还在为其他员工缴纳社保，要求管理部门加大追缴力度。最近办结的工单编号：20240830019146，工单内容：重新交办，交办要求，已按答复市民要点告知，市民表示税务局老师告知公司愿意缴纳了，市民表示自己缴纳自己的，公司缴纳公司的，但是8月29日和8月30日公司又拒绝了。... ==> yes  
2025-06-02 10:23:21,974 ChatBI->     INFO     step_scores: ['yes', 'yes', 'yes', 'yes', 'yes', 'yes', 'yes', 'yes', 'yes', 'yes']
2025-06-02 10:23:21,975 ChatBI->     INFO     层级抽取文档： 市民来电咨询:2003年其在上海一家公司做试用工当时公司承诺为其缴纳社保，但是实际并未缴纳其想知道现是否还能找公司为其补缴。 ==> yes  
2025-06-02 10:23:21,975 ChatBI->     INFO     层级抽取文档： 市民来电反复催单。催单原因：市民称管理部门至今未给予任何回复，请管理部门尽快处理。【最近派发的工单编号：20240918046847，工单内容：市民来电反映:其在上述地址公司从事技术员工作，2023年12月至2024年1月、4月、5月的社保未给其缴纳。诉求：请管理部门核实，要求补缴社保。】 ==> yes  
2025-06-02 10:23:21,975 ChatBI->     INFO     层级抽取文档： 市民来电反映:需要激活社保卡的社保功能。 ==> yes  
2025-06-02 10:23:21,975 ChatBI->     INFO     层级抽取文档： 市民来电反映:需要激活社保卡的社保功能。 ==> yes  
2025-06-02 10:23:21,975 ChatBI->     INFO     层级抽取文档： 市民来电咨询:缴纳本市社保相关问题 ==> yes  
2025-06-02 10:23:21,975 ChatBI->     INFO     层级抽取文档： 市民来电咨询:按规定市民如何查2022年社保？ ==> yes  
2025-06-02 10:23:21,975 ChatBI->     INFO     层级抽取文档： 市民来电咨询:如何给港澳台人员缴纳社保。 ==> yes  
2025-06-02 10:23:21,975 ChatBI->     INFO     层级抽取文档： 市民来电咨询:公司给员工交社保，操作时有个密码不清楚，市民问了税务局，税务局工作人员告知市民要问社保局。 ==> yes  
2025-06-02 10:23:21,975 ChatBI->     INFO     层级抽取文档： 市民来电咨询:其父亲为外省市户口，目前在本市工作并且已经缴纳满15年的社保了，之前也在外省市工作并缴纳了社保，2024年8月底就要退休了，目前想要在本市办理退休及领取养老金，询问何时帮其父亲把外省市的社保转移过来及办理退休手续，及相关的流程和手续是什么样子的。 ==> yes  
2025-06-02 10:23:21,975 ChatBI->     INFO     层级抽取文档： 市民来电反映:咨询外省市缴纳社保退休问题 ==> yes  
2025-06-02 10:23:22,266 ChatBI->     INFO     step_scores: ['yes', 'yes', 'yes', 'yes', 'yes', 'yes', 'yes', 'yes', 'yes', 'yes']
2025-06-02 10:23:22,266 ChatBI->     INFO     层级抽取文档： 市民来电咨询:其公司新进员工，是外省市户籍，咨询单位是否能够帮忙代办社保卡。 ==> yes  
2025-06-02 10:23:22,266 ChatBI->     INFO     层级抽取文档： 市民来电反映:新生儿社保激活开通。 ==> yes  
2025-06-02 10:23:22,266 ChatBI->     INFO     层级抽取文档： 市民来电咨询:如何查询所有的个人社保缴费记录。 ==> yes  
2025-06-02 10:23:22,266 ChatBI->     INFO     层级抽取文档： 市民来电咨询:上海市的社保的缴费比例。 ==> yes  
2025-06-02 10:23:22,266 ChatBI->     INFO     层级抽取文档： 市民来电咨询:外地的社保缴纳记录问题。 ==> yes  
2025-06-02 10:23:22,266 ChatBI->     INFO     层级抽取文档： 市民来电咨询:‘台湾地区人员参加社保， ==> yes  
2025-06-02 10:23:22,266 ChatBI->     INFO     层级抽取文档： 市民来电咨询:社保断缴之后医保是否会有影响，在多久之后会受到影响，如果医保不能够使用那么后续如何操作。诉求：请管理部门解答相关问题。 ==> yes  
2025-06-02 10:23:22,266 ChatBI->     INFO     层级抽取文档： 重复来电，反映相同问题。【最近派发的工单编号：20241111042971，工单内容：市民来电反映：其在上述地址，公司名称：上海才众餐饮管理有限公司，该处拖欠其7-8月社保，姓名：周彦明，身份证：340621198601064093。该公司任经理，电话：13564253231，承诺其10月5日前后给其补缴7-8月社保。前工单编号：20241015030187，实际至今一个多月没有处理，现在其联系不到该公司。诉求：要求尽快给其补缴社保。】 ==> yes  
2025-06-02 10:23:22,266 ChatBI->     INFO     层级抽取文档： 市民来电咨询:2024年度最新社保基数。 ==> yes  
2025-06-02 10:23:22,266 ChatBI->     INFO     层级抽取文档： 市民来电咨询:上海社保，没有办理过社保卡，咨询是否可以代办。 ==> yes  
2025-06-02 10:23:22,562 ChatBI->     INFO     step_scores: ['yes', 'yes', 'yes', 'yes', 'yes', 'yes', 'yes', 'yes', 'yes', 'yes']
2025-06-02 10:23:22,562 ChatBI->     INFO     层级抽取文档： 市民来电咨询:补交社保询问是否影响退休。 ==> yes  
2025-06-02 10:23:22,562 ChatBI->     INFO     层级抽取文档： 市民来电反映:于2023年12月新规，统一通过“社保费管理客户端”办理企业招工、工资填写等业务。已在线完成招工及工资填写手续，单位名称：上海钰坤包装材料科技有限公司。诉求：望管理部门核实，要求1、告知如何查看。2、该系统除社保缴费还有何种功能。（需回复） ==> yes  
2025-06-02 10:23:22,562 ChatBI->     INFO     层级抽取文档： 市民来电补充信息。市民补充信息内容为其要求宣桥镇政府领导帮其处理，要求尽快处理【最近派发的工单编号：20240803008662，工单内容：【重新交办，要求：按答复要点告知市民，市民表示答复要点与实际情况不符，管理部门并未电话联系市民告知或解释相关的政策，而且市民也咨询过公安，公安明确表示需要宣桥镇政府开具证明，诉求：希望管理部门能尽快处理补偿33个月的社保】 ==> yes  
2025-06-02 10:23:22,562 ChatBI->     INFO     层级抽取文档： 市民来电咨询:其家人在上海缴纳过社保，现在考虑回老家，但老家缴纳的是农保，无法转出，咨询能否提取 ==> yes  
2025-06-02 10:23:22,562 ChatBI->     INFO     层级抽取文档： 市民来电咨询:刚缴纳了社保，现在是否可以办理社保卡，市民是外省市户籍。 ==> yes  
2025-06-02 10:23:22,562 ChatBI->     INFO     层级抽取文档： 市民来电咨询:其要去街道相关部门借档案，询问上钢街道社保中心和社区事务受理中心的电话和浦东新区社保中心电话。 ==> yes  
2025-06-02 10:23:22,562 ChatBI->     INFO     层级抽取文档： 市民来电反映:其是上述地址披萨王的员工，已经离职，其表示该餐厅9-10月份2个月的社保未给其进行缴纳。诉求：希望管理部门核实，帮助解决拖欠社保问题。 ==> yes  
2025-06-02 10:23:22,562 ChatBI->     INFO     层级抽取文档： 市民来电咨询:社保中断3个月，目前工作了，医保是否能正常使用。 ==> yes  
2025-06-02 10:23:22,562 ChatBI->     INFO     层级抽取文档： 市民来电反映:其在2024年1月中旬离职的，其表示2023年12月份和2024年1月份的社保费用已经扣除了但是至今没有缴纳记录。诉求：请管理部门核实，尽快补齐社保。 ==> yes  
2025-06-02 10:23:22,562 ChatBI->     INFO     层级抽取文档： 市民来电咨询:其是南京市民，原来在南京上学有办理南京的社保卡，现在在上海上班两个月，企业缴纳社保，上海社保卡如何申请， ==> yes  
2025-06-02 10:23:22,815 ChatBI->     INFO     step_scores: ['yes', 'yes', 'yes', 'yes', 'yes', 'yes', 'yes', 'yes', 'yes', 'yes']
2025-06-02 10:23:22,815 ChatBI->     INFO     层级抽取文档： 市民来电反映:新生儿社保卡激活社保功能。 ==> yes  
2025-06-02 10:23:22,815 ChatBI->     INFO     层级抽取文档： 市民来电咨询:咨询企业如何为新员工开通社保 ==> yes  
2025-06-02 10:23:22,815 ChatBI->     INFO     层级抽取文档： 市民留言咨询黄浦区社保中心电话号码。 ==> yes  
2025-06-02 10:23:22,815 ChatBI->     INFO     层级抽取文档： 市民来电咨询:其是本市人员，其的社保需要与孩子的社保做医保共济，发起人资格审验，显示本市职工基本医保保险有历年结余的人员，其卡内有余额，但其无法申请， ==> yes  
2025-06-02 10:23:22,815 ChatBI->     INFO     层级抽取文档： 市民来电咨询:外省市户籍员工，在本市缴纳社保。咨询：是否必须在缴纳所在区领取新版社保卡。 ==> yes  
2025-06-02 10:23:22,815 ChatBI->     INFO     层级抽取文档： 市民来电咨询: 如何在网上查询社保缴费明细。 ==> yes  
2025-06-02 10:23:22,815 ChatBI->     INFO     层级抽取文档： 市民来电咨询:曾经在山东胜利油田有社保卡，2004年落户上海后又有了一张社保卡，2者之间有什么关联吗？ ==> yes  
2025-06-02 10:23:22,815 ChatBI->     INFO     层级抽取文档： 市民来电咨询:本市户籍，1978年出生没有在本市缴纳社保，只缴纳农村合作医疗，但在南京缴纳了满15年的社保，咨询50岁是否可以在上海办理退休 ==> yes  
2025-06-02 10:23:22,815 ChatBI->     INFO     层级抽取文档： 市民来电反映: 上述地址公司于1995年4月-8月未为市民缴纳社保,身份证:31010519671125163X,诉求: 希望管理部门核实让该公司为市民补缴社保.(需回复)   ==> yes  
2025-06-02 10:23:22,815 ChatBI->     INFO     层级抽取文档： 市民来电咨询:  市民咨询本市社保连续缴纳的问题. ==> yes  
2025-06-02 10:23:23,115 ChatBI->     INFO     step_scores: ['yes', 'yes', 'yes', 'yes', 'yes', 'yes', 'yes', 'yes', 'yes', 'yes']
2025-06-02 10:23:23,115 ChatBI->     INFO     层级抽取文档： 市民来电咨询:其为企业员工，原单位退工，社保关系没有转出来，导致新单位交不进去。 ==> yes  
2025-06-02 10:23:23,116 ChatBI->     INFO     层级抽取文档： 市民来电咨询:其在上海没有缴纳过社保，是否可以领取上海的社保卡。 ==> yes  
2025-06-02 10:23:23,116 ChatBI->     INFO     层级抽取文档： 市民来电反映:其2023年8月份入职上述公司，工作地址：浦东新区鹤沙路712号（阿甘兄弟 ），2024年7月19日离职的，市民称有签署劳动合同，但是该公司一直没有给其缴纳社保，望管理部门查处，督促该公司尽快给其补缴社保。（需回复） ==> yes  
2025-06-02 10:23:23,116 ChatBI->     INFO     层级抽取文档： 市民来电咨询:不在本市工作了，社保停掉了，但医保还没被停掉，问一下原因 ==> yes  
2025-06-02 10:23:23,116 ChatBI->     INFO     层级抽取文档： 市民留言反映：在上海缴纳社保至60周岁，回到外省市退休，现在已经将上海社保转移至外省市，但上海医保账户内任有资金。诉求：账户内剩余是否会清零以及使用问题。 ==> yes  
2025-06-02 10:23:23,116 ChatBI->     INFO     层级抽取文档： 市民来电反复催单。催单原因：请管理部门尽快处理。【最近派发的工单编号：20240910021396，工单内容：市民来电反映:投诉宝山区人力资源和社会保障局，因市民举报上海宝江保安服务有限公司，未足额缴纳社保的问题，上海宝江保安服务有限公司书面通知已处理，但是具体怎么处理，处理结果，书面答复中并未告知，对此市民非常不满，故来电投诉，诉求要求上海宝江保安服务有限公司明确告知处理结果。】 ==> yes  
2025-06-02 10:23:23,116 ChatBI->     INFO     层级抽取文档： 市民来电反映:社保卡挂失 ==> yes  
2025-06-02 10:23:23,116 ChatBI->     INFO     层级抽取文档： 市民来电咨询:之前在上海参保，现在外地工作，如何把上海社保或提取。 ==> yes  
2025-06-02 10:23:23,116 ChatBI->     INFO     层级抽取文档： 市民来电咨询: 中小微企业，拖欠2022年社保，现在公司不经营了 ==> yes  
2025-06-02 10:23:23,117 ChatBI->     INFO     层级抽取文档： 市民来电咨询:员工是6月份入职，现在社保只能缴纳7、8月份的，6月份的社保无法补缴，询问如何解决问题。（需回复）单位地址名称其不方便透露。员工姓名等信息其也不方便透露。其表示其就是问一下。 ==> yes  
2025-06-02 10:23:23,362 ChatBI->     INFO     step_scores: ['yes', 'yes', 'yes', 'yes', 'yes', 'yes', 'yes', 'yes', 'yes', 'yes']
2025-06-02 10:23:23,362 ChatBI->     INFO     层级抽取文档： 市民来电反映:咨询处理进程。【最近办结的工单：20231208002291，工单内容：市民来电反映:此处是公司注册地，2020年9月1日入职，2023年6月30日离职，公司拖欠社保1年半，停止日期在2022年3月份。市民找过税务部门投诉，税务部门去和前公司沟通了，说可能在2024年2月底完成补缴，但是不能保障一定完成，故市民来电反映。请管理部门督促企业在2023年12月底完成社保补缴。】 ==> yes  
2025-06-02 10:23:23,362 ChatBI->     INFO     层级抽取文档： 市民来电反映:咨询企业给员工办理社保退费问题 ==> yes  
2025-06-02 10:23:23,362 ChatBI->     INFO     层级抽取文档： 市民来电咨询:缴纳社保多年，如何首次申领社保卡。 ==> yes  
2025-06-02 10:23:23,362 ChatBI->     INFO     层级抽取文档： 市民来电咨询:其告知有个孩子需要办理社保卡，但是显示孩子是非本市户籍，也没有缴纳社保，没有居住证，社保卡人员告知其是人社数据存在问题，要求转接 ==> yes  
2025-06-02 10:23:23,362 ChatBI->     INFO     层级抽取文档： 市民来电咨询:个体工商户，其是外地的户口，其在上海没有交过社保，以前交过的销户了，身份证号码：41302619911105361X，诉求：是否可以在上海缴纳医保。 ==> yes  
2025-06-02 10:23:23,363 ChatBI->     INFO     层级抽取文档： 市民来电反映: 农村在上海打工，在火锅店打工，摔伤了，买的不是政府的社保，是商业保险，咨询是否算工伤，是否可以理赔。 ==> yes  
2025-06-02 10:23:23,363 ChatBI->     INFO     层级抽取文档： 市民来电反映:其总公司在苏州，分公司在上海，现在要将总公司的社保转移到上海，咨询如何处理。 ==> yes  
2025-06-02 10:23:23,363 ChatBI->     INFO     层级抽取文档： 市民来电咨询:是否可以通过社保卡查询到市民社保的缴纳状态 ==> yes  
2025-06-02 10:23:23,363 ChatBI->     INFO     层级抽取文档： 市民来电咨询:如何获取社保缴费记录证明。 ==> yes  
2025-06-02 10:23:23,363 ChatBI->     INFO     层级抽取文档： 市民来电咨询:社保中心缴纳了建筑项目类保险，称填错了信息，询问怎么办。 ==> yes  
2025-06-02 10:23:23,627 ChatBI->     INFO     step_scores: ['yes', 'yes', 'yes', 'yes', 'yes', 'yes', 'yes', 'yes', 'yes', 'yes']
2025-06-02 10:23:23,627 ChatBI->     INFO     层级抽取文档： 市民来电咨询:其现在断缴了社保，是否可以申领社保卡，如何申领。 ==> yes  
2025-06-02 10:23:23,627 ChatBI->     INFO     层级抽取文档： 市民来电咨询:其现在开始缴纳社保，其何时可以领取生育津贴 ==> yes  
2025-06-02 10:23:23,627 ChatBI->     INFO     层级抽取文档： 市民来电咨询:外省市户籍人员怎样申领社保卡，工商银行网点是否可以办理。   ==> yes  
2025-06-02 10:23:23,627 ChatBI->     INFO     层级抽取文档： 市民来电咨询:咨询社保缴纳基数浮动问题 ==> yes  
2025-06-02 10:23:23,627 ChatBI->     INFO     层级抽取文档： 市民来电咨询:  如何查询在上海缴纳社保的累计缴费时间。 ==> yes  
2025-06-02 10:23:23,627 ChatBI->     INFO     层级抽取文档： 市民来电咨询:其是本市人员，并且是2023年6月份上海毕业生，其在很多个网上看到一个人力资源和社会保障局 发布的政策，内容写着不管是否缴纳社保，两年内均可以按照上海应届毕业生报考上海事业编制，但其没有查到出政策文件，诉求：请管理部门核实并告知其此信息政策是否正确应该咋哪里找到相关文件（需回复） ==> yes  
2025-06-02 10:23:23,627 ChatBI->     INFO     层级抽取文档： 市民来电咨询:市民是企业，帮助员工办理九月份就业参保登记时被告知当月存在退工记录以及社保未转出的情况，需核实该员工参保情况。 ==> yes  
2025-06-02 10:23:23,627 ChatBI->     INFO     层级抽取文档： 市民来电咨询:首次办理社保卡，外省人员在上海缴纳社保了。诉求：如何办理。 ==> yes  
2025-06-02 10:23:23,627 ChatBI->     INFO     层级抽取文档： 市民来电反映:要求开通社保卡。 ==> yes  
2025-06-02 10:23:23,627 ChatBI->     INFO     层级抽取文档： 市民来电咨询:2019年缴纳了半年上海社保，金额能否退款。 ==> yes  
2025-06-02 10:23:23,882 ChatBI->     INFO     step_scores: ['yes', 'yes', 'yes', 'yes', 'yes', 'yes', 'yes', 'yes', 'yes', 'yes']
2025-06-02 10:23:23,883 ChatBI->     INFO     层级抽取文档： 市民来电反映:新加坡籍人员，很久不缴纳上海的社保，目前去医院使用社保卡显示无法使用。 ==> yes  
2025-06-02 10:23:23,883 ChatBI->     INFO     层级抽取文档： 市民来电咨询:其本月离职，社保缴纳到本月。咨询：下月医保是否可以正常使用。 ==> yes  
2025-06-02 10:23:23,883 ChatBI->     INFO     层级抽取文档： 市民来电咨询: 失业登记状态，新入职公司，医保状态不能断。 ==> yes  
2025-06-02 10:23:23,883 ChatBI->     INFO     层级抽取文档： 市民反映：其在2006至2011之间缴纳的综合保险，因不能与社保合并，导致其这几年的工作年限不被承认。市民称当时市政府承诺会拿出具体的解决方案，但13年过去其仍未等到解决方案。诉求：请管理部门核实尽快为其解决综合保险问题。 ==> yes  
2025-06-02 10:23:23,883 ChatBI->     INFO     层级抽取文档： 市民来电咨询:其通过灵活就业缴纳社保，咨询如何申领新版社保卡。 ==> yes  
2025-06-02 10:23:23,883 ChatBI->     INFO     层级抽取文档： 市民来电反映:因社保补缴问题，其申请劳动仲裁。目前已经有仲裁结果，并要求企业补缴。事项至今无回复，故市民来电。
 ==> yes  
2025-06-02 10:23:23,883 ChatBI->     INFO     层级抽取文档： 市民来电咨询:上海社保转深圳，想知道具体的流程。 ==> yes  
2025-06-02 10:23:23,883 ChatBI->     INFO     层级抽取文档： 市民来电反映:其为外省市来沪人员，于2017年5月-2022年12月，两地重复缴纳社保，已向当地及本市社保中心询问，均互相推诿。姓名：杜宇，身份证号码：222403197806072528。诉求：望管理部门核实，要求告知如何退还重复缴纳部分。（需回复） ==> yes  
2025-06-02 10:23:23,883 ChatBI->     INFO     层级抽取文档： 市民来电反映:外省市户籍市民的家人曾缴纳了11年整的社保，询问是否可以领取失业金。 ==> yes  
2025-06-02 10:23:23,883 ChatBI->     INFO     层级抽取文档： 市民来电咨询:2023年3月份开始在上海交社保，办社保卡要带什么材料。 ==> yes  
2025-06-02 10:23:24,170 ChatBI->     INFO     step_scores: ['yes', 'yes', 'yes', 'yes', 'yes', 'yes', 'yes', 'yes', 'yes', 'yes']
2025-06-02 10:23:24,171 ChatBI->     INFO     层级抽取文档： 市民来电反映:社保卡丢了，需要挂失 ==> yes  
2025-06-02 10:23:24,171 ChatBI->     INFO     层级抽取文档： 市民来电咨询:有限公司为员工缴纳社保线上途径遇到问题。问能否线下办理。 ==> yes  
2025-06-02 10:23:24,171 ChatBI->     INFO     层级抽取文档： 市民来电咨询:市民持社保卡在医院办入院，被告知医保封存了，市民表示单位正常为其缴纳医保，查询账户情况。 ==> yes  
2025-06-02 10:23:24,171 ChatBI->     INFO     层级抽取文档： 市民来电咨询:单位员工2023年12月份离职，2024年2月办理退工，1月份员工社保是否需要缴纳。 ==> yes  
2025-06-02 10:23:24,171 ChatBI->     INFO     层级抽取文档： 市民来电咨询:市民是上海户籍，在外地缴纳了12年社保，在上海缴纳了3年，咨询能否50周岁退休，退休条件，大龄补贴事宜。 ==> yes  
2025-06-02 10:23:24,171 ChatBI->     INFO     层级抽取文档： 市民来电咨询:上一家单位不将其社保退出来，多次沟通，就说忙。 ==> yes  
2025-06-02 10:23:24,171 ChatBI->     INFO     层级抽取文档： 【重新交办,要求：按答复要点告知市民,市民表示给予处理结果。诉求：请管理部门尽快处理给予处理结果。最近办结的工单编号:20240122009098，工单内容:市民来电反映:上述公司2018年8月违规为市民缴纳1个月社保，市民从未在此机构上班，姓名：姜普，身份证：43022119820420593X。诉求：请管理部门核实并对违规缴纳的社保问题进行认定，出证明。（需回复）】 ==> yes  
2025-06-02 10:23:24,171 ChatBI->     INFO     层级抽取文档： 市民来电反映:企业名称:上海云恩启电子商务经营部，有6位员工多缴了一个月的社保，从10月份申请退费，到现在还没有收到退款，请管理部门告知处理进度。 ==> yes  
2025-06-02 10:23:24,171 ChatBI->     INFO     层级抽取文档： 市民来电咨询:之前在上海工作，社保已经转出，现要把医保转到内蒙，其人在内蒙，要怎么通过线上办理。 ==> yes  
2025-06-02 10:23:24,171 ChatBI->     INFO     层级抽取文档： 市民来电咨询:其母亲办理养老金时发现参保时间是40周岁以后缴纳，实际情况是40周岁之前开始缴纳社保。诉求：询问如何更改时间 ==> yes  
2025-06-02 10:23:24,463 ChatBI->     INFO     step_scores: ['no', 'yes', 'yes', 'yes', 'yes', 'yes', 'yes', 'yes', 'yes', 'yes']
2025-06-02 10:23:24,463 ChatBI->     INFO     层级抽取文档： 市民来电咨询:本市户籍，医保暂停，没有工作。如何缴纳医保。 ==> no  
2025-06-02 10:23:24,463 ChatBI->     INFO     层级抽取文档： 市民来电咨询:市民2017年-2021年在上海工作，现在在宁波工作了，市民想要咨询如何开具2017-2021年社保记录证明。 ==> yes  
2025-06-02 10:23:24,463 ChatBI->     INFO     层级抽取文档： 市民来电咨询:7月29日企业为其缴纳了职工社保，其的医保何时可以生效使用。 ==> yes  
2025-06-02 10:23:24,463 ChatBI->     INFO     层级抽取文档： 市民来电咨询:市民发现自己的社保8月份欠缴，9月份已经登记，公司名：上海育荣文化艺术有限公司，想要查询公司有没有缴纳 ==> yes  
2025-06-02 10:23:24,463 ChatBI->     INFO     层级抽取文档： 市民咨询：之前在网上办理了新生儿社保卡，社保功能在哪里办理激活。诉求：管理部门解答。 ==> yes  
2025-06-02 10:23:24,463 ChatBI->     INFO     层级抽取文档： 【长三角】市民来电反映:之前来电反映过，一直没有得到回音，具体事项：6月份到社区进行生育登记，后期流产未去注销，第二次怀孕再次登记，被告知需要先注销才能登记。经查未查到前序工单，由于其是在昆山缴纳社保，同意转接至江苏12345进一步处理。 ==> yes  
2025-06-02 10:23:24,463 ChatBI->     INFO     层级抽取文档： 市民来电咨询:2024年7月已经办理退休，并要求7月继续缴纳社保，9月开始领取退休工资，之前是通过灵活就业缴纳社保，并政府每月补贴缴纳费用，但市民9月13日收到短信，发现已经收到补贴，按照惯例，明日会进行扣费。咨询：请处理部门核实，市民收到的补贴是哪个月份的补贴，是否合理。姓名：顾秋弟，身份证：310229196407032834 ==> yes  
2025-06-02 10:23:24,463 ChatBI->     INFO     层级抽取文档： 【为企服务】市民来电咨询:怎么帮员工办理社保退保 ==> yes  
2025-06-02 10:23:24,463 ChatBI->     INFO     层级抽取文档： 市民来电咨询:其妻子在本市缴纳社保，月工资为12000元左右，但是按照最低标准缴纳的个税，市民想了解该情况是否属于涉税不一致。诉求：希望管理部门核实，并告知市民是否属于涉税不一致 ==> yes  
2025-06-02 10:23:24,463 ChatBI->     INFO     层级抽取文档： 市民来电反映:自己在安徽买了12年社会保险，在上海是否还要重新办理社保卡 ==> yes  
2025-06-02 10:23:24,708 ChatBI->     INFO     step_scores: ['yes', 'yes', 'yes', 'yes', 'yes', 'yes', 'yes', 'yes', 'yes', 'yes']
2025-06-02 10:23:24,709 ChatBI->     INFO     层级抽取文档： 市民来电反映:社保卡要开通。 ==> yes  
2025-06-02 10:23:24,709 ChatBI->     INFO     层级抽取文档： 市民来电反映:其通过上述部门反映公司欠缴其社保的问题，奉贤区税务局不处理，公司名称：鑫鸿劳务派遣有限公司。诉求：投诉上述部门不作为。（需回复） ==> yes  
2025-06-02 10:23:24,709 ChatBI->     INFO     层级抽取文档： 市民来电反映:其了解到国家有出台政策灵活就业人员社保缴费基数有下降，其3月11日扣的灵活就业社保费用未下降还是按照原来扣。诉求:望管理部门核实，给予市民合理解释。（需回复） ==> yes  
2025-06-02 10:23:24,709 ChatBI->     INFO     层级抽取文档： 市民来电反映:其在2023年9月份突然被扣除了6000多元的社保金，询问了社保中心以后称其可能是坐过5年半的牢，坐牢期间的养老金是不发放的，一共是57万，市民不认可，社保局只是说可能其坐过牢没有任何书面证据，故其对于社保局这种做法其不认可，后续对方又改口称其曾经在708研究所受过处罚，诉求：希望管理部门协调查处提供相应书面证据以及法律文书。身份证：310104195104031212 ==> yes  
2025-06-02 10:23:24,709 ChatBI->     INFO     层级抽取文档： 市民来电咨询:孩子在上海公司上班，社保和医保在上海缴纳，个税公积金没有在上海缴纳，咨询居转户相关政策 ==> yes  
2025-06-02 10:23:24,709 ChatBI->     INFO     层级抽取文档： 【为企服务】市民来电咨询:社保迁移网上怎么办理是否需要线下办理。 ==> yes  
2025-06-02 10:23:24,709 ChatBI->     INFO     层级抽取文档： 市民来电反映:社保卡挂失。 ==> yes  
2025-06-02 10:23:24,709 ChatBI->     INFO     层级抽取文档： 市民来电咨询:上海的社保，到外地就医，已经在平台异地就医备案，诉求：告知回上海哪里报销。 ==> yes  
2025-06-02 10:23:24,709 ChatBI->     INFO     层级抽取文档： 市民来电反映:丈夫社保在上海缴纳，现在人在广东，用电子医保是否能就医 ==> yes  
2025-06-02 10:23:24,709 ChatBI->     INFO     层级抽取文档： 市民来电咨询:老婆是上海的社保，准备去外地生孩子如何报销。 ==> yes  
2025-06-02 10:23:24,969 ChatBI->     INFO     step_scores: ['yes', 'yes', 'yes', 'yes', 'yes', 'yes', 'yes', 'yes', 'yes', 'yes']
2025-06-02 10:23:24,969 ChatBI->     INFO     层级抽取文档： 市民来电咨询:其企业是新注册的公司，咨询享受社保补贴政策需要符合什么条件，希望管理部门告知。（需回复） ==> yes  
2025-06-02 10:23:24,969 ChatBI->     INFO     层级抽取文档： 市民来电咨询:市民是公司，帮员工调取社保缴纳记录，但是显示调用失败。需核实原因。 ==> yes  
2025-06-02 10:23:24,969 ChatBI->     INFO     层级抽取文档： 市民来电反映:社保卡要激活。 ==> yes  
2025-06-02 10:23:24,969 ChatBI->     INFO     层级抽取文档： 市民来电咨询: 市民有江苏社保卡，现在在上海缴纳社保，如果申领了上海社保卡以后，是否需要将江苏的社保卡注销。（需回复） ==> yes  
2025-06-02 10:23:24,969 ChatBI->     INFO     层级抽取文档： 市民来电咨询:灵活就业缴纳社保的人员就医住院开刀怎么报销。 ==> yes  
2025-06-02 10:23:24,969 ChatBI->     INFO     层级抽取文档： 【为企服务】市民来电咨询:公司新进员工，已做了参保登记，但在缴纳社保的客户端，办理参保人员（单位职工）缴费基数调整，提示非本单位人员无法办理缴费基数调整。 ==> yes  
2025-06-02 10:23:24,969 ChatBI->     INFO     层级抽取文档： 市民来电补充信息。市民补充信息内容为企业非兼职律师都是全职人员，企业也表示有偷税漏税现象，市民表示企业提供给税务部门的信息是虚假的，要求管理部门再次核实处理。最近派发的工单编号：20240601006745，工单内容：市民来电反映:公司地址如上，公司名称：上海左券律师事务所。2024年3月20日开始，其在上述公司工作了三个月，该公司从未为其缴纳过社保，且该公司存在偷税漏税的情况，询问具体信息，市民表示没有具体证据，因为该公司是法律服务行业的，处理的很小心。诉求：市民投诉该公司偷税漏税 不缴纳社保（市民要求信息保密 需回复）】 ==> yes  
2025-06-02 10:23:24,970 ChatBI->     INFO     层级抽取文档： 市民来电咨询:之前其在上海有缴纳社保，后在2012年开始断缴。其有办理异地就医备案。近期其在外省市使用医保买药。现其被告知其医保无法使用，故来电咨询原因。其医保余额是285.7元。 ==> yes  
2025-06-02 10:23:24,970 ChatBI->     INFO     层级抽取文档： 市民来电咨询:其外省市户籍的还在在上海就读，办理有上海的医保，但还没有办理社保卡，现在要办理家庭医保共济，问该如何办理 ==> yes  
2025-06-02 10:23:24,970 ChatBI->     INFO     层级抽取文档： 市民留言反映要求开通社保卡，8月8日回电时市民表示问题已经解决，归档。 ==> yes  
2025-06-02 10:23:25,275 ChatBI->     INFO     step_scores: ['yes', 'yes', 'yes', 'yes', 'yes', 'yes', 'yes', 'yes', 'yes', 'yes']
2025-06-02 10:23:25,275 ChatBI->     INFO     层级抽取文档： 市民来电咨询:宝山区凇南镇补办社保卡 ==> yes  
2025-06-02 10:23:25,276 ChatBI->     INFO     层级抽取文档： 市民来电咨询:其是劳务合同，当时说是派遣，后来又说改变成外包了，在一个企业工作了10年零9个月，后来劳务公司联系其，关于协议离职，赔偿其11个月的工资，说2023年12月的社保帮其交掉，税前工资4200元一个月，对方说赔偿是4060元一个月，也没有加1赔偿，社保交到2023年12月，2024年1月不交了，询问单位这样操作是否违规，另询问在一个企业工作了10年零9个月，是否赔偿的金额会不同。（信息保密，需回复）其表示是咨询一下 ==> yes  
2025-06-02 10:23:25,276 ChatBI->     INFO     层级抽取文档： 市民来电反映:市民是闵行区浦江镇居民，近期于浦江镇社保中心申请廉租房。社保中心要求出具拆迁协议。市民已拿到拆迁协议，协议显示没有市民的份额。但是社保中心又要市民去拆迁办开具无份额证明。但是市民认为拆迁协议已经显示没有市民份额。诉求：请管理部门核实，是否市民还要去拆迁办开具无份额证明。如需开具，请告知流程。 ==> yes  
2025-06-02 10:23:25,276 ChatBI->     INFO     层级抽取文档： 市民来电咨询:要求转接江西省人社局，咨询的哪敢问题。 ==> yes  
2025-06-02 10:23:25,276 ChatBI->     INFO     层级抽取文档： 市民来电反映:本市缴纳社保，想要查询其生育基金，有没有少发或漏补情况。 ==> yes  
2025-06-02 10:23:25,276 ChatBI->     INFO     层级抽取文档： 市民来电咨询:在本市缴纳社保，如在安徽生育是否可以报销，以及是否影响申领生育金。 ==> yes  
2025-06-02 10:23:25,276 ChatBI->     INFO     层级抽取文档： 市民来电反映:社保卡要挂失。 ==> yes  
2025-06-02 10:23:25,276 ChatBI->     INFO     层级抽取文档： 重复来电：咨询处理进程。【最近办结的工单号：20231127001248，工单内容：市民来电反映:上述地址的公司让市民去了后私自签订了一个放弃缴纳社保的协议，市民认为是违规的。诉求：希望管理部门核实要求查处。】
 ==> yes  
2025-06-02 10:23:25,276 ChatBI->     INFO     层级抽取文档： 市民补充信息：姓名贺枭。2023年3月跟朋友一起入职的公司，工资是6000元，5月离职的。在职期间公司未申报个税，工资都是从财务个人微信走账，没有对公账户发放。【最近派发的工单编号：20240826018466，工单内容：上述地址上海融轩汇汽车科技有限公司未给全体员工缴纳社保，看到松江区社会保险中心已立案稽核，因涉及到个税事宜，松江区税务局举报中心8月26日联系市民，市民将材料也发到告知的邮箱，但松江区社会保险中心留的电话打不通，希望能够告知邮箱号，诉求：希望管理部门帮助解决社保补缴事宜。】 ==> yes  
2025-06-02 10:23:25,276 ChatBI->     INFO     层级抽取文档： 市民来电反映:社保卡遗失要挂失。 ==> yes  
2025-06-02 10:23:25,528 ChatBI->     INFO     step_scores: ['yes', 'yes', 'yes', 'yes', 'yes', 'yes', 'yes', 'yes', 'yes', 'yes']
2025-06-02 10:23:25,528 ChatBI->     INFO     层级抽取文档： 市民来电咨询:之前在江西生活缴纳当地医保，现在在上海工作缴纳职工医保，市民询问这两种医保冲突吗，其现在还能否继续缴纳江西医保，是否影响其开慢特病的药。 ==> yes  
2025-06-02 10:23:25,528 ChatBI->     INFO     层级抽取文档： 市民来电咨询:其于2024年毕业在本市工作，需要将预备党员关系转到老家，但是老家告知如果将预备党员关系转移到外省市对其在本市缴纳社保会有影响。诉求：希望上述街道告知是否可以将其预备党员关系转移到街道的党群服务中心。（需回复） ==> yes  
2025-06-02 10:23:25,528 ChatBI->     INFO     层级抽取文档： 【为企服务】市民来电咨询:想帮员工补缴3月的社保，在网上帮员工填写的就业起始日期选的是今年3月1日，但打印出来的核定表上缴费日期是4月的，诉求：有没有帮员工申请补缴成功。 ==> yes  
2025-06-02 10:23:25,528 ChatBI->     INFO     层级抽取文档： 市民来电反映:开通社保卡。 ==> yes  
2025-06-02 10:23:25,529 ChatBI->     INFO     层级抽取文档： 市民来电咨询:挂失社保卡 ==> yes  
2025-06-02 10:23:25,529 ChatBI->     INFO     层级抽取文档： 市民来电反映:孩子刚刚出生，社保卡已经拿到，社会保障号没有和孩子身份关联。 ==> yes  
2025-06-02 10:23:25,529 ChatBI->     INFO     层级抽取文档： 市民来电咨询:其亲属是上海城乡居民退休人员，享受城乡居民医保，近期发生交通事故，市民亲属受伤住院，交警认定市民亲属责任较多，想了解住院治疗费用如何申请医保报销。 ==> yes  
2025-06-02 10:23:25,529 ChatBI->     INFO     层级抽取文档： 市民来电咨询:其为杨浦区上海尧轩餐饮管理有限公司职员。1月2日在网上办理缴纳社保相关业务。需要网上申报再扣款，市民申报了，但当时账户里没钱，故未扣款成功。现在市民已把钱打到账号。咨询后续相关流程是怎样的，是否会自动补扣，还是需要再做什么操作，请管理部门核实告知。 ==> yes  
2025-06-02 10:23:25,529 ChatBI->     INFO     层级抽取文档： 市民来电咨询:其孩子参加本市医保，现办理了家庭共济，咨询如通过家庭共济缴费，是否还需参加学校的集体缴费，或如参加学校集体缴费，是否还需通过家庭共济缴费，请管理部门告知。（需回复） ==> yes  
2025-06-02 10:23:25,529 ChatBI->     INFO     层级抽取文档： 市民来电咨询:其企业社保缴费选择的银行客户端，但是其现在没有时间去银行，咨询：怎样进行取消。   ==> yes  
2025-06-02 10:23:25,784 ChatBI->     INFO     step_scores: ['yes', 'yes', 'yes', 'yes', 'yes', 'yes', 'yes', 'yes', 'yes', 'yes']
2025-06-02 10:23:25,784 ChatBI->     INFO     层级抽取文档： 【重复事项】市民来电反映:疫情期间，公司社保延期办理，市民公司于2022年接到社保局的电话，需延期补缴社保，市民于2022年9月14日前往徐汇社保中心柜台申报处理。当时已经及时处理，2020年7、8、9，3个月的社保。但在近日得知申报作废，扣款未成功，目前已形成滞纳金，市民不解已时隔两年了，如今2024年6月才接到此电话。之前其想税务部门反映，对方明确告知非受理范围，让其想人社部门反映，企业名称：上海秒赛通信技术有限公司。诉求：希望管理部门核实具体信息，给到市民解决方案。 ==> yes  
2025-06-02 10:23:25,784 ChatBI->     INFO     层级抽取文档： 市民来电咨询:领取生育金期间，员工自己缴纳部分的公积金与社保是否还需本人承担。 ==> yes  
2025-06-02 10:23:25,784 ChatBI->     INFO     层级抽取文档： 市民来电反映:社保卡遗失需要挂失。 ==> yes  
2025-06-02 10:23:25,784 ChatBI->     INFO     层级抽取文档： 市民来电咨询:上海社保只有养老金，医疗保险只有1月2月，导致无法申请生育金。 ==> yes  
2025-06-02 10:23:25,784 ChatBI->     INFO     层级抽取文档： 市民来电咨询:上海社保做了异地就医备案在苏州做产检，是否影响生育保险领取。 ==> yes  
2025-06-02 10:23:25,784 ChatBI->     INFO     层级抽取文档： 市民来电咨询:其是本市社保，已经办理异地就医备案，现在在广州无法使用本市医保，查询原因。       ==> yes  
2025-06-02 10:23:25,784 ChatBI->     INFO     层级抽取文档： 市民来电反映:社保卡要挂失补办 ==> yes  
2025-06-02 10:23:25,784 ChatBI->     INFO     层级抽取文档： 市民来电咨询:宝山区社保中心工作时间联系电话及宝山区吴淞街道社区事务受理服务中心的联系方式。 ==> yes  
2025-06-02 10:23:25,784 ChatBI->     INFO     层级抽取文档： 市民来电咨询:11月29日下班前，其申请了社保卡，现在觉得当时绑定的银行有点不方便，咨询在卡片还没有制作出来之前，是否可以换一家银行。 ==> yes  
2025-06-02 10:23:25,784 ChatBI->     INFO     层级抽取文档： 市民来电咨询:社保卡无法使用的市民孩子，告知是存钱进入。 ==> yes  
2025-06-02 10:23:26,071 ChatBI->     INFO     step_scores: ['yes', 'yes', 'yes', 'yes', 'yes', 'yes', 'yes', 'yes', 'yes', 'yes']
2025-06-02 10:23:26,072 ChatBI->     INFO     层级抽取文档： 市民来电咨询:其老公社保卡丢了需要挂失及如何补办。 ==> yes  
2025-06-02 10:23:26,072 ChatBI->     INFO     层级抽取文档： 市民来电咨询:在本市居住但无居住证且也未在本市缴纳社保，现市民询问如何办理护照。 ==> yes  
2025-06-02 10:23:26,072 ChatBI->     INFO     层级抽取文档： 市民来电反映:市民来电表示撤销工单，撤销原因他们会帮其解决。【最近派发的工单编号：20241127041999，工单内容：市民来电反映:市民于2024年4月到上述地址的上海国勤物业工作，但是到了11月该公司却要求辞退市民，市民表示该公司缴纳社保。诉求：尽快为其补缴社保。】 ==> yes  
2025-06-02 10:23:26,072 ChatBI->     INFO     层级抽取文档： 市民来电咨询: 其是外省市户籍，未在本市工作缴纳社保，询问是否可以在本市申请换领港澳通行证。 ==> yes  
2025-06-02 10:23:26,072 ChatBI->     INFO     层级抽取文档： 市民来电咨询:其社会保障卡锁住了，诉求：告知具体原因。 ==> yes  
2025-06-02 10:23:26,072 ChatBI->     INFO     层级抽取文档： 市民来电咨询:其怀孕还2个月生产，公司老板跑路了。社保断缴是否能领到生育津贴。 ==> yes  
2025-06-02 10:23:26,072 ChatBI->     INFO     层级抽取文档： 市民来电要求开通新版社保卡 ==> yes  
2025-06-02 10:23:26,072 ChatBI->     INFO     层级抽取文档： 市民来电反映:企业员工，在本市缴纳社保，人在外省市，网上申领社保卡，照片不合格，如何上传照片。 ==> yes  
2025-06-02 10:23:26,072 ChatBI->     INFO     层级抽取文档： 市民来电咨询:其户籍与身份证号码进行了更改，咨询：社保卡要怎样进行信息变更。 ==> yes  
2025-06-02 10:23:26,073 ChatBI->     INFO     层级抽取文档： 市民来电反映:社保卡开通。 ==> yes  
2025-06-02 10:23:26,316 ChatBI->     INFO     step_scores: ['yes', 'yes', 'yes', 'yes', 'yes', 'yes', 'yes', 'yes', 'yes', 'yes']
2025-06-02 10:23:26,316 ChatBI->     INFO     层级抽取文档： 【为企服务】市民来电咨询:5月10日在社保缴费客户端申报一直显示审核中询问原因。 ==> yes  
2025-06-02 10:23:26,316 ChatBI->     INFO     层级抽取文档： 市民来电反映:社保卡开通。 ==> yes  
2025-06-02 10:23:26,316 ChatBI->     INFO     层级抽取文档： 市民来电咨询:帮员工办理社保，身份证不见了，其去补办临时身份证，咨询：临时身份证是否可以办理该业务。 ==> yes  
2025-06-02 10:23:26,317 ChatBI->     INFO     层级抽取文档： 市民来电咨询:市民为企业用户，在一网通办上自助交社保费多交了怎么退。 ==> yes  
2025-06-02 10:23:26,317 ChatBI->     INFO     层级抽取文档： 市民反映：其合同上写着缴纳五险一金，至今未缴费。诉求：管理部门追缴公积金。 ==> yes  
2025-06-02 10:23:26,317 ChatBI->     INFO     层级抽取文档： 市民来电咨询:其是上海的职工社保，在福州挂的急诊，询问报销流程。诉求：请管理部门核实告知。 ==> yes  
2025-06-02 10:23:26,317 ChatBI->     INFO     层级抽取文档： 市民来电反映:社保卡丢了，如何挂失。 ==> yes  
2025-06-02 10:23:26,317 ChatBI->     INFO     层级抽取文档： 【长三角】市民来电反映:太仓社保卡掉了要挂失。 ==> yes  
2025-06-02 10:23:26,317 ChatBI->     INFO     层级抽取文档： 市民来电咨询:其是外省市居民，现在办理个人旅游签注的护照，其在上海开办有小额公司，但没有缴纳社保，也没有居住证，问能不能办理护照 ==> yes  
2025-06-02 10:23:26,317 ChatBI->     INFO     层级抽取文档： 市民来电咨询:市民来电反映 之前给市民孩子办理医保共济，社保有停缴，2024年4月份开始缴纳，但医保共济没有扣 ==> yes  
2025-06-02 10:23:26,555 ChatBI->     INFO     step_scores: ['yes', 'yes', 'yes', 'yes', 'yes', 'yes', 'yes', 'yes', 'yes', 'yes']
2025-06-02 10:23:26,556 ChatBI->     INFO     层级抽取文档： 市民来电反映:开通社保卡 ==> yes  
2025-06-02 10:23:26,556 ChatBI->     INFO     层级抽取文档： 市民来电反映:开通社保卡 ==> yes  
2025-06-02 10:23:26,556 ChatBI->     INFO     层级抽取文档： 市民来电咨询:上海户籍男性55周岁，社保缴纳十年，有上海的肢体残疾证，能否申请提前退休，请管理部门核实告知。 ==> yes  
2025-06-02 10:23:26,556 ChatBI->     INFO     层级抽取文档： 市民来电咨询:市民想在上海买房，居住证积分已经足够，但社保不达标，子女目前在上海就读私立学校，咨询能否就读公立学校
 ==> yes  
2025-06-02 10:23:26,556 ChatBI->     INFO     层级抽取文档： 市民来电咨询:社保卡开通。 ==> yes  
2025-06-02 10:23:26,556 ChatBI->     INFO     层级抽取文档： 市民来电咨询:孩子在读幼儿园，之前医保和爸爸共济，不参加25年城乡居保是否会影响孩子使用其父亲的共济医保 ==> yes  
2025-06-02 10:23:26,556 ChatBI->     INFO     层级抽取文档： 市民来电咨询: 自己想要交灵活就业的五险一金，咨询如何交。 ==> yes  
2025-06-02 10:23:26,556 ChatBI->     INFO     层级抽取文档： 市民来电咨询:电子社保卡为何显示为外省市的，现在已经是上海户籍，还未领取实体社保卡。 ==> yes  
2025-06-02 10:23:26,556 ChatBI->     INFO     层级抽取文档： 市民来电补充信息。市民补充信息内容为:无业证明照片已经打印出来，是否一定要用原件，请尽快处理。【最近派发的工单编号：20240513022776，工单内容：市民来电咨询:其老婆是本市户籍，其要办理夫妻投靠落户，前几个月社保中断了，现在已去办理灵活就业缴费，拿到了社保交费项目确认表，诉求：请管理部门核实，告知是否可以办理落户手续。】 ==> yes  
2025-06-02 10:23:26,557 ChatBI->     INFO     层级抽取文档： 市民来电咨询:社保卡办理进度。 ==> yes  
2025-06-02 10:23:26,839 ChatBI->     INFO     step_scores: ['yes', 'yes', 'yes', 'yes', 'yes', 'yes', 'yes', 'yes', 'yes', 'yes']
2025-06-02 10:23:26,839 ChatBI->     INFO     层级抽取文档： 市民来电咨询: 公司效益不好，通知员工在家等通知上班。也没有签合同。到手工资三千，交社保医保，咨询现在效益不好，工资是否按照规定要正常发放。 ==> yes  
2025-06-02 10:23:26,839 ChatBI->     INFO     层级抽取文档： 市民来电开通社保卡。 ==> yes  
2025-06-02 10:23:26,839 ChatBI->     INFO     层级抽取文档： 市民来电反映:其本市社保卡显示为注销状态 ==> yes  
2025-06-02 10:23:26,839 ChatBI->     INFO     层级抽取文档： 市民来电反映:挂失社保卡。 ==> yes  
2025-06-02 10:23:26,839 ChatBI->     INFO     层级抽取文档： 市民来电反映:要求查询社保卡卡号。 ==> yes  
2025-06-02 10:23:26,839 ChatBI->     INFO     层级抽取文档： 市民来电咨询:公积金提取。市民提取父亲的公积金，以未在异地缴存且封存满半年的条件提取，但是父亲的社保孩还在苏州缴纳，公积金提取失败。 ==> yes  
2025-06-02 10:23:26,839 ChatBI->     INFO     层级抽取文档： 市民来电咨询:企业员工与企业签订劳动合同，目前在上海缴纳社保，但户籍是外省市，目前孩子也在外省市读幼儿园。咨询：每月50元的幼托费补贴企业是否需要支付 ==> yes  
2025-06-02 10:23:26,839 ChatBI->     INFO     层级抽取文档： 市民来电反映:市民干了50天，开大卡车运输，上述公司没和市民签署劳动合同，没帮市民缴纳社保，现在解雇市民，也没有提前告知，诉求：核实是否存在违规行为，若存在，请处理 ==> yes  
2025-06-02 10:23:26,839 ChatBI->     INFO     层级抽取文档： 市民来电咨询:市民丈夫是职工保险，有历年余额的，市民12月22日刚办理好居民保险，选择共济支付的，由于12月25日前要支付掉，现在不清楚共济是否还要操作什么。 ==> yes  
2025-06-02 10:23:26,839 ChatBI->     INFO     层级抽取文档： 市民来电咨询:外省市户籍以家庭名义在本市购买房屋政策，根据《本市购买住房（住房限购）的问题》其询问社保要缴纳在上海。诉求：希望核查告知其关于限购房屋的细则 ==> yes  
2025-06-02 10:23:27,106 ChatBI->     INFO     step_scores: ['yes', 'yes', 'yes', 'yes', 'yes', 'yes', 'yes', 'yes', 'yes', 'yes']
2025-06-02 10:23:27,106 ChatBI->     INFO     层级抽取文档： 市民来电咨询:其居住证积分模拟估分能达到150多分，孩子在沪读书，现咨询：其居住证积分实际能否达到120分，居住证积分是否有有效期，如断交社保居住证积分是否会扣减。 ==> yes  
2025-06-02 10:23:27,106 ChatBI->     INFO     层级抽取文档： 市民来电反映:其在上海工作缴纳了4年养老保险，目前需要转回山东，其拨打浦东新区社保部门电话50995001一直无人接听，故来电。诉求：请管理部门联系帮助其办理转移手续。（需回复） ==> yes  
2025-06-02 10:23:27,106 ChatBI->     INFO     层级抽取文档： 市民来电咨询:孩子上海社保卡突然无法使用，之前都能正常使用，故来电询问什么原因 ==> yes  
2025-06-02 10:23:27,106 ChatBI->     INFO     层级抽取文档： 市民来电反映:激活社保卡。 ==> yes  
2025-06-02 10:23:27,106 ChatBI->     INFO     层级抽取文档： 市民反映：老年人需要拉取一下医保账单明细，但是家里的老年人走不了太多路，社保中心搬的有点远了，居委是能拉取医保账单明细。诉求：希望居委能够告知一下。（市民要求信息保密，需回复） ==> yes  
2025-06-02 10:23:27,106 ChatBI->     INFO     层级抽取文档： 【长三角】市民来电咨询: 其是外地户籍，社保和居住证的条件都符合购买新能源车的资格条件，现在想购买二手新能源车，是否可以申请新能源车专用额度。

 
 ==> yes  
2025-06-02 10:23:27,106 ChatBI->     INFO     层级抽取文档： 市民来电咨询:其是本市职工医保，但是长期在外地，询问关于异地就医的问题，但是其的社保卡不是最新的社保卡，询问能否异地就医。 ==> yes  
2025-06-02 10:23:27,106 ChatBI->     INFO     层级抽取文档： 市民来电反映:社保卡激活。 ==> yes  
2025-06-02 10:23:27,106 ChatBI->     INFO     层级抽取文档： 市民来电反映:公司月底部门解散裁员，5月中旬社保转出时候，其登记了失业金，现在工作已经找到，但失业金显示正在办理中，没有点击取消的渠道，诉求：请管理部门核实并为其取消。 ==> yes  
2025-06-02 10:23:27,107 ChatBI->     INFO     层级抽取文档： 市民来电咨询:社保卡激活。 ==> yes  
2025-06-02 10:23:27,382 ChatBI->     INFO     step_scores: ['yes', 'no', 'yes', 'yes', 'yes', 'yes', 'yes', 'yes', 'yes', 'yes']
2025-06-02 10:23:27,383 ChatBI->     INFO     层级抽取文档： 市民来电咨询:其是外省市户籍，其小孩在本市无法就医，有外省市的社保卡。 ==> yes  
2025-06-02 10:23:27,383 ChatBI->     INFO     层级抽取文档： 市民来电反映:其小孩16周岁，己在在社区事务受理中心为孩子办理了一个医保，只包含门急诊不包含住院。咨询住院医保如何购买。 ==> no  
2025-06-02 10:23:27,383 ChatBI->     INFO     层级抽取文档： 市民来电反映:到医院看病，社保卡显示不出来，核实一下是否是卡的问题 ==> yes  
2025-06-02 10:23:27,383 ChatBI->     INFO     层级抽取文档： 市民来电咨询:非上海户籍居民的未成年人子女能否办理上海社保卡。 ==> yes  
2025-06-02 10:23:27,383 ChatBI->     INFO     层级抽取文档： 市民来电咨询:非本市户籍孩子幼升小，由于大人没有社保，不清楚是否可以晚读书1年，在宝山区读小学（我处已告知2017年9月1日至2018年8月31日出生，年满6周岁的儿童；确因身体状况等特殊原因不能当年度入学的，可向所在镇教委或街道所属幼教学区申请推迟一年入学需提供相关证明。），诉求：请管理部门核实后告知大人没有上海社保，不清楚是否可以宝山区晚读小学1年，另外外省市小学2年纪转入宝山区小学2年纪的规定。 ==> yes  
2025-06-02 10:23:27,383 ChatBI->     INFO     层级抽取文档： 市民来电咨询:小朋友的居保的共济账户缴费。 ==> yes  
2025-06-02 10:23:27,383 ChatBI->     INFO     层级抽取文档： 市民来电咨询:其与其妻子为外省市户籍，其已有本市居住证，其妻子的居住证尚在办理中，目前在本市工作，缴纳本市社保，居住在浦东新区周浦镇，咨询关于免费孕检的政策。诉求：请管理部门告知相关政策以及上述情况是否符合享受条件。（需回复） ==> yes  
2025-06-02 10:23:27,383 ChatBI->     INFO     层级抽取文档： 市民来电咨询:上海的医保，生育金问题需要咨询。 ==> yes  
2025-06-02 10:23:27,383 ChatBI->     INFO     层级抽取文档： 市民来电反映:社保卡开通 ==> yes  
2025-06-02 10:23:27,383 ChatBI->     INFO     层级抽取文档： 市民来电咨询:港澳台居民如何申领社保卡。 ==> yes  
2025-06-02 10:23:27,383 ChatBI->     INFO     阈值索引为：4999, 窗口大小为: 100 
2025-06-02 10:23:27,383 ChatBI->     INFO     确定的文档: 4900; 在次确认的文档: 100
2025-06-02 10:23:30,561 ChatBI->     INFO     从100个需再次确认的文档中筛选出的相关文档数量：99
2025-06-02 10:23:30,561 ChatBI->     INFO     示例文档：['市民来电反映:在随申办上申请灵活就业人员社会保险费缴纳，2024年4月18日有收到短信表示其灵活就业社保缴纳失败。其表示银行卡是有扣费记录的。通过随申办想再去缴纳时，是灰色的。姓名：宁欣。身份证号码：342523199804046120。诉求：希望管理部门协助查询缴费是否成功。', '市民来电咨询:其是外来人员，其之前在本市缴纳的综合保险是否算入工龄。身份证号：340323197208151715，诉求：请管理部门核实给予回复。', '【长三角】市民来电反映:其是外省市户籍人员，其在上海工作退休，社保都是缴在上海，现退休要领取独自子女一次性奖励费，但老家告知因其是在上海退休故只能到上海办理，但现上海却不给其办理，市民询问如何处理。诉求：希望管理部门核实并告知市民（需回复）', '市民来电反映:孩子上海户籍，上海医保，2019年5月拿到银联上海社会保障卡，现在去上海医院看病，提示社保卡会激活，需要激活。', '市民来电反映:其2022年的2月21日入职上述地址的上海季宏体育场地设施工程有限公司，是该公司总的负责人，目前被拖欠2023年2月-12月工资2万6千元，而且没有签过劳动合同、也没有交社保。诉求：请管理部门尽快针对没有签过劳动合同帮助市民拿到经济补偿。']
2025-06-02 10:23:30,578 ChatBI->     INFO     没有找到<  >对应的视图
2025-06-02 10:23:30,578 ChatBI->     INFO     sql 语句：SELECT `诉求区域`, COUNT(*) AS `数量` FROM shanghai WHERE `工单类型` = '咨询类' AND  `内容描述` IN (:val0, :val1, :val2, :val3, :val4, :val5, :val6, :val7, :val8, :val9, :val10, :val11, :val12, :val13, :val14, :val15, :val16, :val17, :val18, :val19, :val20, :val21, :val22, :val23, :val24, :val25, :val26, :val27, :val28, :val29, :val30, :val31, :val32, :val33, :val34, :val35, :val36, :val37, :val38, :val39, :val40, :val41, :val42, :val43, :val44, :val45, :val46, :val47, :val48, :val49, :val50, :val51, :val52, :val53, :val54, :val55, :val56, :val57, :val58, :val59, :val60, :val61, :val62, :val63, :val64, :val65, :val66, :val67, :val68, :val69, :val70, :val71, :val72, :val73, :val74, :val75, :val76, :val77, :val78, :val79, :val80, :val81, :val82, :val83, :val84, :val85, :val86, :val87, :val88, :val89, :val90, :val91, :val92, :val93, :val94, :val95, :val96, :val97, :val98, :val99, :val100, :val101, :val102, :val103, :val104, :val105, :val106, :val107, :val108, :val109, :val110, :val111, :val112, :val113, :val114, :val115, :val116, :val117, :val118, :val119, :val120, :val121, :val122, :val123, :val124, :val125, :val126, :val127, :val128, :val129, :val130, :val131, :val132, :val133, :val134, :val135, :val136, :val137, :val138, :val139, :val140, :val141, :val142, :val143, :val144, :val145, :val146, :val147, :val148, :val149, :val150, :val151, :val152, :val153, :val154, :val155, :val156, :val157, :val158, :val159, :val160, :val161, :val162, :val163, :val164, :val165, :val166, :val167, :val168, :val169, :val170, :val171, :val172, :val173, :val174, :val175, :val176, :val177, :val178, :val179, :val180, :val181, :val182, :val183, :val184, :val185, :val186, :val187, :val188, :val189, :val190, :val191, :val192, :val193, :val194, :val195, :val196, :val197, :val198, :val199, :val200, :val201, :val202, :val203, :val204, :val205, :val206, :val207, :val208, :val209, :val210, :val211, :val212, :val213, :val214, :val215, :val216, :val217, :val218, :val219, :val220, :val221, :val222, :val223, :val224, :val225, :val226, :val227, :val228, :val229, :val230, :val231, :val232, :val233, :val234, :val235, :val236, :val237, :val238, :val239, :val240, :val241, :val242, :val243, :val244, :val245, :val246, :val247, :val248, :val249, :val250, :val251, :val252, :val253, :val254, :val255, :val256, :val257, :val258, :val259, :val260, :val261, :val262, :val263, :val264, :val265, :val266, :val267, :val268, :val269, :val270, :val271, :val272, :val273, :val274, :val275, :val276, :val277, :val278, :val279, :val280, :val281, :val282, :val283, :val284, :val285, :val286, :val287, :val288, :val289, :val290, :val291, :val292, :val293, :val294, :val295, :val296, :val297, :val298, :val299, :val300, :val301, :val302, :val303, :val304, :val305, :val306, :val307, :val308, :val309, :val310, :val311, :val312, :val313, :val314, :val315, :val316, :val317, :val318, :val319, :val320, :val321, :val322, :val323, :val324, :val325, :val326, :val327, :val328, :val329, :val330, :val331, :val332, :val333, :val334, :val335, :val336, :val337, :val338, :val339, :val340, :val341, :val342, :val343, :val344, :val345, :val346, :val347, :val348, :val349, :val350, :val351, :val352, :val353, :val354, :val355, :val356, :val357, :val358, :val359, :val360, :val361, :val362, :val363, :val364, :val365, :val366, :val367, :val368, :val369, :val370, :val371, :val372, :val373, :val374, :val375, :val376, :val377, :val378, :val379, :val380, :val381, :val382, :val383, :val384, :val385, :val386, :val387, :val388, :val389, :val390, :val391, :val392, :val393, :val394, :val395, :val396, :val397, :val398, :val399, :val400, :val401, :val402, :val403, :val404, :val405, :val406, :val407, :val408, :val409, :val410, :val411, :val412, :val413, :val414, :val415, :val416, :val417, :val418, :val419, :val420, :val421, :val422, :val423, :val424, :val425, :val426, :val427, :val428, :val429, :val430, :val431, :val432, :val433, :val434, :val435, :val436, :val437, :val438, :val439, :val440, :val441, :val442, :val443, :val444, :val445, :val446, :val447, :val448, :val449, :val450, :val451, :val452, :val453, :val454, :val455, :val456, :val457, :val458, :val459, :val460, :val461, :val462, :val463, :val464, :val465, :val466, :val467, :val468, :val469, :val470, :val471, :val472, :val473, :val474, :val475, :val476, :val477, :val478, :val479, :val480, :val481, :val482, :val483, :val484, :val485, :val486, :val487, :val488, :val489, :val490, :val491, :val492, :val493, :val494, :val495, :val496, :val497, :val498, :val499, :val500, :val501, :val502, :val503, :val504, :val505, :val506, :val507, :val508, :val509, :val510, :val511, :val512, :val513, :val514, :val515, :val516, :val517, :val518, :val519, :val520, :val521, :val522, :val523, :val524, :val525, :val526, :val527, :val528, :val529, :val530, :val531, :val532, :val533, :val534, :val535, :val536, :val537, :val538, :val539, :val540, :val541, :val542, :val543, :val544, :val545, :val546, :val547, :val548, :val549, :val550, :val551, :val552, :val553, :val554, :val555, :val556, :val557, :val558, :val559, :val560, :val561, :val562, :val563, :val564, :val565, :val566, :val567, :val568, :val569, :val570, :val571, :val572, :val573, :val574, :val575, :val576, :val577, :val578, :val579, :val580, :val581, :val582, :val583, :val584, :val585, :val586, :val587, :val588, :val589, :val590, :val591, :val592, :val593, :val594, :val595, :val596, :val597, :val598, :val599, :val600, :val601, :val602, :val603, :val604, :val605, :val606, :val607, :val608, :val609, :val610, :val611, :val612, :val613, :val614, :val615, :val616, :val617, :val618, :val619, :val620, :val621, :val622, :val623, :val624, :val625, :val626, :val627, :val628, :val629, :val630, :val631, :val632, :val633, :val634, :val635, :val636, :val637, :val638, :val639, :val640, :val641, :val642, :val643, :val644, :val645, :val646, :val647, :val648, :val649, :val650, :val651, :val652, :val653, :val654, :val655, :val656, :val657, :val658, :val659, :val660, :val661, :val662, :val663, :val664, :val665, :val666, :val667, :val668, :val669, :val670, :val671, :val672, :val673, :val674, :val675, :val676, :val677, :val678, :val679, :val680, :val681, :val682, :val683, :val684, :val685, :val686, :val687, :val688, :val689, :val690, :val691, :val692, :val693, :val694, :val695, :val696, :val697, :val698, :val699, :val700, :val701, :val702, :val703, :val704, :val705, :val706, :val707, :val708, :val709, :val710, :val711, :val712, :val713, :val714, :val715, :val716, :val717, :val718, :val719, :val720, :val721, :val722, :val723, :val724, :val725, :val726, :val727, :val728, :val729, :val730, :val731, :val732, :val733, :val734, :val735, :val736, :val737, :val738, :val739, :val740, :val741, :val742, :val743, :val744, :val745, :val746, :val747, :val748, :val749, :val750, :val751, :val752, :val753, :val754, :val755, :val756, :val757, :val758, :val759, :val760, :val761, :val762, :val763, :val764, :val765, :val766, :val767, :val768, :val769, :val770, :val771, :val772, :val773, :val774, :val775, :val776, :val777, :val778, :val779, :val780, :val781, :val782, :val783, :val784, :val785, :val786, :val787, :val788, :val789, :val790, :val791, :val792, :val793, :val794, :val795, :val796, :val797, :val798, :val799, :val800, :val801, :val802, :val803, :val804, :val805, :val806, :val807, :val808, :val809, :val810, :val811, :val812, :val813, :val814, :val815, :val816, :val817, :val818, :val819, :val820, :val821, :val822, :val823, :val824, :val825, :val826, :val827, :val828, :val829, :val830, :val831, :val832, :val833, :val834, :val835, :val836, :val837, :val838, :val839, :val840, :val841, :val842, :val843, :val844, :val845, :val846, :val847, :val848, :val849, :val850, :val851, :val852, :val853, :val854, :val855, :val856, :val857, :val858, :val859, :val860, :val861, :val862, :val863, :val864, :val865, :val866, :val867, :val868, :val869, :val870, :val871, :val872, :val873, :val874, :val875, :val876, :val877, :val878, :val879, :val880, :val881, :val882, :val883, :val884, :val885, :val886, :val887, :val888, :val889, :val890, :val891, :val892, :val893, :val894, :val895, :val896, :val897, :val898, :val899, :val900, :val901, :val902, :val903, :val904, :val905, :val906, :val907, :val908, :val909, :val910, :val911, :val912, :val913, :val914, :val915, :val916, :val917, :val918, :val919, :val920, :val921, :val922, :val923, :val924, :val925, :val926, :val927, :val928, :val929, :val930, :val931, :val932, :val933, :val934, :val935, :val936, :val937, :val938, :val939, :val940, :val941, :val942, :val943, :val944, :val945, :val946, :val947, :val948, :val949, :val950, :val951, :val952, :val953, :val954, :val955, :val956, :val957, :val958, :val959, :val960, :val961, :val962, :val963, :val964, :val965, :val966, :val967, :val968, :val969, :val970, :val971, :val972, :val973, :val974, :val975, :val976, :val977, :val978, :val979, :val980, :val981, :val982, :val983, :val984, :val985, :val986, :val987, :val988, :val989, :val990, :val991, :val992, :val993, :val994, :val995, :val996, :val997, :val998, :val999, :val1000, :val1001, :val1002, :val1003, :val1004, :val1005, :val1006, :val1007, :val1008, :val1009, :val1010, :val1011, :val1012, :val1013, :val1014, :val1015, :val1016, :val1017, :val1018, :val1019, :val1020, :val1021, :val1022, :val1023, :val1024, :val1025, :val1026, :val1027, :val1028, :val1029, :val1030, :val1031, :val1032, :val1033, :val1034, :val1035, :val1036, :val1037, :val1038, :val1039, :val1040, :val1041, :val1042, :val1043, :val1044, :val1045, :val1046, :val1047, :val1048, :val1049, :val1050, :val1051, :val1052, :val1053, :val1054, :val1055, :val1056, :val1057, :val1058, :val1059, :val1060, :val1061, :val1062, :val1063, :val1064, :val1065, :val1066, :val1067, :val1068, :val1069, :val1070, :val1071, :val1072, :val1073, :val1074, :val1075, :val1076, :val1077, :val1078, :val1079, :val1080, :val1081, :val1082, :val1083, :val1084, :val1085, :val1086, :val1087, :val1088, :val1089, :val1090, :val1091, :val1092, :val1093, :val1094, :val1095, :val1096, :val1097, :val1098, :val1099, :val1100, :val1101, :val1102, :val1103, :val1104, :val1105, :val1106, :val1107, :val1108, :val1109, :val1110, :val1111, :val1112, :val1113, :val1114, :val1115, :val1116, :val1117, :val1118, :val1119, :val1120, :val1121, :val1122, :val1123, :val1124, :val1125, :val1126, :val1127, :val1128, :val1129, :val1130, :val1131, :val1132, :val1133, :val1134, :val1135, :val1136, :val1137, :val1138, :val1139, :val1140, :val1141, :val1142, :val1143, :val1144, :val1145, :val1146, :val1147, :val1148, :val1149, :val1150, :val1151, :val1152, :val1153, :val1154, :val1155, :val1156, :val1157, :val1158, :val1159, :val1160, :val1161, :val1162, :val1163, :val1164, :val1165, :val1166, :val1167, :val1168, :val1169, :val1170, :val1171, :val1172, :val1173, :val1174, :val1175, :val1176, :val1177, :val1178, :val1179, :val1180, :val1181, :val1182, :val1183, :val1184, :val1185, :val1186, :val1187, :val1188, :val1189, :val1190, :val1191, :val1192, :val1193, :val1194, :val1195, :val1196, :val1197, :val1198, :val1199, :val1200, :val1201, :val1202, :val1203, :val1204, :val1205, :val1206, :val1207, :val1208, :val1209, :val1210, :val1211, :val1212, :val1213, :val1214, :val1215, :val1216, :val1217, :val1218, :val1219, :val1220, :val1221, :val1222, :val1223, :val1224, :val1225, :val1226, :val1227, :val1228, :val1229, :val1230, :val1231, :val1232, :val1233, :val1234, :val1235, :val1236, :val1237, :val1238, :val1239, :val1240, :val1241, :val1242, :val1243, :val1244, :val1245, :val1246, :val1247, :val1248, :val1249, :val1250, :val1251, :val1252, :val1253, :val1254, :val1255, :val1256, :val1257, :val1258, :val1259, :val1260, :val1261, :val1262, :val1263, :val1264, :val1265, :val1266, :val1267, :val1268, :val1269, :val1270, :val1271, :val1272, :val1273, :val1274, :val1275, :val1276, :val1277, :val1278, :val1279, :val1280, :val1281, :val1282, :val1283, :val1284, :val1285, :val1286, :val1287, :val1288, :val1289, :val1290, :val1291, :val1292, :val1293, :val1294, :val1295, :val1296, :val1297, :val1298, :val1299, :val1300, :val1301, :val1302, :val1303, :val1304, :val1305, :val1306, :val1307, :val1308, :val1309, :val1310, :val1311, :val1312, :val1313, :val1314, :val1315, :val1316, :val1317, :val1318, :val1319, :val1320, :val1321, :val1322, :val1323, :val1324, :val1325, :val1326, :val1327, :val1328, :val1329, :val1330, :val1331, :val1332, :val1333, :val1334, :val1335, :val1336, :val1337, :val1338, :val1339, :val1340, :val1341, :val1342, :val1343, :val1344, :val1345, :val1346, :val1347, :val1348, :val1349, :val1350, :val1351, :val1352, :val1353, :val1354, :val1355, :val1356, :val1357, :val1358, :val1359, :val1360, :val1361, :val1362, :val1363, :val1364, :val1365, :val1366, :val1367, :val1368, :val1369, :val1370, :val1371, :val1372, :val1373, :val1374, :val1375, :val1376, :val1377, :val1378, :val1379, :val1380, :val1381, :val1382, :val1383, :val1384, :val1385, :val1386, :val1387, :val1388, :val1389, :val1390, :val1391, :val1392, :val1393, :val1394, :val1395, :val1396, :val1397, :val1398, :val1399, :val1400, :val1401, :val1402, :val1403, :val1404, :val1405, :val1406, :val1407, :val1408, :val1409, :val1410, :val1411, :val1412, :val1413, :val1414, :val1415, :val1416, :val1417, :val1418, :val1419, :val1420, :val1421, :val1422, :val1423, :val1424, :val1425, :val1426, :val1427, :val1428, :val1429, :val1430, :val1431, :val1432, :val1433, :val1434, :val1435, :val1436, :val1437, :val1438, :val1439, :val1440, :val1441, :val1442, :val1443, :val1444, :val1445, :val1446, :val1447, :val1448, :val1449, :val1450, :val1451, :val1452, :val1453, :val1454, :val1455, :val1456, :val1457, :val1458, :val1459, :val1460, :val1461, :val1462, :val1463, :val1464, :val1465, :val1466, :val1467, :val1468, :val1469, :val1470, :val1471, :val1472, :val1473, :val1474, :val1475, :val1476, :val1477, :val1478, :val1479, :val1480, :val1481, :val1482, :val1483, :val1484, :val1485, :val1486, :val1487, :val1488, :val1489, :val1490, :val1491, :val1492, :val1493, :val1494, :val1495, :val1496, :val1497, :val1498, :val1499, :val1500, :val1501, :val1502, :val1503, :val1504, :val1505, :val1506, :val1507, :val1508, :val1509, :val1510, :val1511, :val1512, :val1513, :val1514, :val1515, :val1516, :val1517, :val1518, :val1519, :val1520, :val1521, :val1522, :val1523, :val1524, :val1525, :val1526, :val1527, :val1528, :val1529, :val1530, :val1531, :val1532, :val1533, :val1534, :val1535, :val1536, :val1537, :val1538, :val1539, :val1540, :val1541, :val1542, :val1543, :val1544, :val1545, :val1546, :val1547, :val1548, :val1549, :val1550, :val1551, :val1552, :val1553, :val1554, :val1555, :val1556, :val1557, :val1558, :val1559, :val1560, :val1561, :val1562, :val1563, :val1564, :val1565, :val1566, :val1567, :val1568, :val1569, :val1570, :val1571, :val1572, :val1573, :val1574, :val1575, :val1576, :val1577, :val1578, :val1579, :val1580, :val1581, :val1582, :val1583, :val1584, :val1585, :val1586, :val1587, :val1588, :val1589, :val1590, :val1591, :val1592, :val1593, :val1594, :val1595, :val1596, :val1597, :val1598, :val1599, :val1600, :val1601, :val1602, :val1603, :val1604, :val1605, :val1606, :val1607, :val1608, :val1609, :val1610, :val1611, :val1612, :val1613, :val1614, :val1615, :val1616, :val1617, :val1618, :val1619, :val1620, :val1621, :val1622, :val1623, :val1624, :val1625, :val1626, :val1627, :val1628, :val1629, :val1630, :val1631, :val1632, :val1633, :val1634, :val1635, :val1636, :val1637, :val1638, :val1639, :val1640, :val1641, :val1642, :val1643, :val1644, :val1645, :val1646, :val1647, :val1648, :val1649, :val1650, :val1651, :val1652, :val1653, :val1654, :val1655, :val1656, :val1657, :val1658, :val1659, :val1660, :val1661, :val1662, :val1663, :val1664, :val1665, :val1666, :val1667, :val1668, :val1669, :val1670, :val1671, :val1672, :val1673, :val1674, :val1675, :val1676, :val1677, :val1678, :val1679, :val1680, :val1681, :val1682, :val1683, :val1684, :val1685, :val1686, :val1687, :val1688, :val1689, :val1690, :val1691, :val1692, :val1693, :val1694, :val1695, :val1696, :val1697, :val1698, :val1699, :val1700, :val1701, :val1702, :val1703, :val1704, :val1705, :val1706, :val1707, :val1708, :val1709, :val1710, :val1711, :val1712, :val1713, :val1714, :val1715, :val1716, :val1717, :val1718, :val1719, :val1720, :val1721, :val1722, :val1723, :val1724, :val1725, :val1726, :val1727, :val1728, :val1729, :val1730, :val1731, :val1732, :val1733, :val1734, :val1735, :val1736, :val1737, :val1738, :val1739, :val1740, :val1741, :val1742, :val1743, :val1744, :val1745, :val1746, :val1747, :val1748, :val1749, :val1750, :val1751, :val1752, :val1753, :val1754, :val1755, :val1756, :val1757, :val1758, :val1759, :val1760, :val1761, :val1762, :val1763, :val1764, :val1765, :val1766, :val1767, :val1768, :val1769, :val1770, :val1771, :val1772, :val1773, :val1774, :val1775, :val1776, :val1777, :val1778, :val1779, :val1780, :val1781, :val1782, :val1783, :val1784, :val1785, :val1786, :val1787, :val1788, :val1789, :val1790, :val1791, :val1792, :val1793, :val1794, :val1795, :val1796, :val1797, :val1798, :val1799, :val1800, :val1801, :val1802, :val1803, :val1804, :val1805, :val1806, :val1807, :val1808, :val1809, :val1810, :val1811, :val1812, :val1813, :val1814, :val1815, :val1816, :val1817, :val1818, :val1819, :val1820, :val1821, :val1822, :val1823, :val1824, :val1825, :val1826, :val1827, :val1828, :val1829, :val1830, :val1831, :val1832, :val1833, :val1834, :val1835, :val1836, :val1837, :val1838, :val1839, :val1840, :val1841, :val1842, :val1843, :val1844, :val1845, :val1846, :val1847, :val1848, :val1849, :val1850, :val1851, :val1852, :val1853, :val1854, :val1855, :val1856, :val1857, :val1858, :val1859, :val1860, :val1861, :val1862, :val1863, :val1864, :val1865, :val1866, :val1867, :val1868, :val1869, :val1870, :val1871, :val1872, :val1873, :val1874, :val1875, :val1876, :val1877, :val1878, :val1879, :val1880, :val1881, :val1882, :val1883, :val1884, :val1885, :val1886, :val1887, :val1888, :val1889, :val1890, :val1891, :val1892, :val1893, :val1894, :val1895, :val1896, :val1897, :val1898, :val1899, :val1900, :val1901, :val1902, :val1903, :val1904, :val1905, :val1906, :val1907, :val1908, :val1909, :val1910, :val1911, :val1912, :val1913, :val1914, :val1915, :val1916, :val1917, :val1918, :val1919, :val1920, :val1921, :val1922, :val1923, :val1924, :val1925, :val1926, :val1927, :val1928, :val1929, :val1930, :val1931, :val1932, :val1933, :val1934, :val1935, :val1936, :val1937, :val1938, :val1939, :val1940, :val1941, :val1942, :val1943, :val1944, :val1945, :val1946, :val1947, :val1948, :val1949, :val1950, :val1951, :val1952, :val1953, :val1954, :val1955, :val1956, :val1957, :val1958, :val1959, :val1960, :val1961, :val1962, :val1963, :val1964, :val1965, :val1966, :val1967, :val1968, :val1969, :val1970, :val1971, :val1972, :val1973, :val1974, :val1975, :val1976, :val1977, :val1978, :val1979, :val1980, :val1981, :val1982, :val1983, :val1984, :val1985, :val1986, :val1987, :val1988, :val1989, :val1990, :val1991, :val1992, :val1993, :val1994, :val1995, :val1996, :val1997, :val1998, :val1999, :val2000, :val2001, :val2002, :val2003, :val2004, :val2005, :val2006, :val2007, :val2008, :val2009, :val2010, :val2011, :val2012, :val2013, :val2014, :val2015, :val2016, :val2017, :val2018, :val2019, :val2020, :val2021, :val2022, :val2023, :val2024, :val2025, :val2026, :val2027, :val2028, :val2029, :val2030, :val2031, :val2032, :val2033, :val2034, :val2035, :val2036, :val2037, :val2038, :val2039, :val2040, :val2041, :val2042, :val2043, :val2044, :val2045, :val2046, :val2047, :val2048, :val2049, :val2050, :val2051, :val2052, :val2053, :val2054, :val2055, :val2056, :val2057, :val2058, :val2059, :val2060, :val2061, :val2062, :val2063, :val2064, :val2065, :val2066, :val2067, :val2068, :val2069, :val2070, :val2071, :val2072, :val2073, :val2074, :val2075, :val2076, :val2077, :val2078, :val2079, :val2080, :val2081, :val2082, :val2083, :val2084, :val2085, :val2086, :val2087, :val2088, :val2089, :val2090, :val2091, :val2092, :val2093, :val2094, :val2095, :val2096, :val2097, :val2098, :val2099, :val2100, :val2101, :val2102, :val2103, :val2104, :val2105, :val2106, :val2107, :val2108, :val2109, :val2110, :val2111, :val2112, :val2113, :val2114, :val2115, :val2116, :val2117, :val2118, :val2119, :val2120, :val2121, :val2122, :val2123, :val2124, :val2125, :val2126, :val2127, :val2128, :val2129, :val2130, :val2131, :val2132, :val2133, :val2134, :val2135, :val2136, :val2137, :val2138, :val2139, :val2140, :val2141, :val2142, :val2143, :val2144, :val2145, :val2146, :val2147, :val2148, :val2149, :val2150, :val2151, :val2152, :val2153, :val2154, :val2155, :val2156, :val2157, :val2158, :val2159, :val2160, :val2161, :val2162, :val2163, :val2164, :val2165, :val2166, :val2167, :val2168, :val2169, :val2170, :val2171, :val2172, :val2173, :val2174, :val2175, :val2176, :val2177, :val2178, :val2179, :val2180, :val2181, :val2182, :val2183, :val2184, :val2185, :val2186, :val2187, :val2188, :val2189, :val2190, :val2191, :val2192, :val2193, :val2194, :val2195, :val2196, :val2197, :val2198, :val2199, :val2200, :val2201, :val2202, :val2203, :val2204, :val2205, :val2206, :val2207, :val2208, :val2209, :val2210, :val2211, :val2212, :val2213, :val2214, :val2215, :val2216, :val2217, :val2218, :val2219, :val2220, :val2221, :val2222, :val2223, :val2224, :val2225, :val2226, :val2227, :val2228, :val2229, :val2230, :val2231, :val2232, :val2233, :val2234, :val2235, :val2236, :val2237, :val2238, :val2239, :val2240, :val2241, :val2242, :val2243, :val2244, :val2245, :val2246, :val2247, :val2248, :val2249, :val2250, :val2251, :val2252, :val2253, :val2254, :val2255, :val2256, :val2257, :val2258, :val2259, :val2260, :val2261, :val2262, :val2263, :val2264, :val2265, :val2266, :val2267, :val2268, :val2269, :val2270, :val2271, :val2272, :val2273, :val2274, :val2275, :val2276, :val2277, :val2278, :val2279, :val2280, :val2281, :val2282, :val2283, :val2284, :val2285, :val2286, :val2287, :val2288, :val2289, :val2290, :val2291, :val2292, :val2293, :val2294, :val2295, :val2296, :val2297, :val2298, :val2299, :val2300, :val2301, :val2302, :val2303, :val2304, :val2305, :val2306, :val2307, :val2308, :val2309, :val2310, :val2311, :val2312, :val2313, :val2314, :val2315, :val2316, :val2317, :val2318, :val2319, :val2320, :val2321, :val2322, :val2323, :val2324, :val2325, :val2326, :val2327, :val2328, :val2329, :val2330, :val2331, :val2332, :val2333, :val2334, :val2335, :val2336, :val2337, :val2338, :val2339, :val2340, :val2341, :val2342, :val2343, :val2344, :val2345, :val2346, :val2347, :val2348, :val2349, :val2350, :val2351, :val2352, :val2353, :val2354, :val2355, :val2356, :val2357, :val2358, :val2359, :val2360, :val2361, :val2362, :val2363, :val2364, :val2365, :val2366, :val2367, :val2368, :val2369, :val2370, :val2371, :val2372, :val2373, :val2374, :val2375, :val2376, :val2377, :val2378, :val2379, :val2380, :val2381, :val2382, :val2383, :val2384, :val2385, :val2386, :val2387, :val2388, :val2389, :val2390, :val2391, :val2392, :val2393, :val2394, :val2395, :val2396, :val2397, :val2398, :val2399, :val2400, :val2401, :val2402, :val2403, :val2404, :val2405, :val2406, :val2407, :val2408, :val2409, :val2410, :val2411, :val2412, :val2413, :val2414, :val2415, :val2416, :val2417, :val2418, :val2419, :val2420, :val2421, :val2422, :val2423, :val2424, :val2425, :val2426, :val2427, :val2428, :val2429, :val2430, :val2431, :val2432, :val2433, :val2434, :val2435, :val2436, :val2437, :val2438, :val2439, :val2440, :val2441, :val2442, :val2443, :val2444, :val2445, :val2446, :val2447, :val2448, :val2449, :val2450, :val2451, :val2452, :val2453, :val2454, :val2455, :val2456, :val2457, :val2458, :val2459, :val2460, :val2461, :val2462, :val2463, :val2464, :val2465, :val2466, :val2467, :val2468, :val2469, :val2470, :val2471, :val2472, :val2473, :val2474, :val2475, :val2476, :val2477, :val2478, :val2479, :val2480, :val2481, :val2482, :val2483, :val2484, :val2485, :val2486, :val2487, :val2488, :val2489, :val2490, :val2491, :val2492, :val2493, :val2494, :val2495, :val2496, :val2497, :val2498, :val2499, :val2500, :val2501, :val2502, :val2503, :val2504, :val2505, :val2506, :val2507, :val2508, :val2509, :val2510, :val2511, :val2512, :val2513, :val2514, :val2515, :val2516, :val2517, :val2518, :val2519, :val2520, :val2521, :val2522, :val2523, :val2524, :val2525, :val2526, :val2527, :val2528, :val2529, :val2530, :val2531, :val2532, :val2533, :val2534, :val2535, :val2536, :val2537, :val2538, :val2539, :val2540, :val2541, :val2542, :val2543, :val2544, :val2545, :val2546, :val2547, :val2548, :val2549, :val2550, :val2551, :val2552, :val2553, :val2554, :val2555, :val2556, :val2557, :val2558, :val2559, :val2560, :val2561, :val2562, :val2563, :val2564, :val2565, :val2566, :val2567, :val2568, :val2569, :val2570, :val2571, :val2572, :val2573, :val2574, :val2575, :val2576, :val2577, :val2578, :val2579, :val2580, :val2581, :val2582, :val2583, :val2584, :val2585, :val2586, :val2587, :val2588, :val2589, :val2590, :val2591, :val2592, :val2593, :val2594, :val2595, :val2596, :val2597, :val2598, :val2599, :val2600, :val2601, :val2602, :val2603, :val2604, :val2605, :val2606, :val2607, :val2608, :val2609, :val2610, :val2611, :val2612, :val2613, :val2614, :val2615, :val2616, :val2617, :val2618, :val2619, :val2620, :val2621, :val2622, :val2623, :val2624, :val2625, :val2626, :val2627, :val2628, :val2629, :val2630, :val2631, :val2632, :val2633, :val2634, :val2635, :val2636, :val2637, :val2638, :val2639, :val2640, :val2641, :val2642, :val2643, :val2644, :val2645, :val2646, :val2647, :val2648, :val2649, :val2650, :val2651, :val2652, :val2653, :val2654, :val2655, :val2656, :val2657, :val2658, :val2659, :val2660, :val2661, :val2662, :val2663, :val2664, :val2665, :val2666, :val2667, :val2668, :val2669, :val2670, :val2671, :val2672, :val2673, :val2674, :val2675, :val2676, :val2677, :val2678, :val2679, :val2680, :val2681, :val2682, :val2683, :val2684, :val2685, :val2686, :val2687, :val2688, :val2689, :val2690, :val2691, :val2692, :val2693, :val2694, :val2695, :val2696, :val2697, :val2698, :val2699, :val2700, :val2701, :val2702, :val2703, :val2704, :val2705, :val2706, :val2707, :val2708, :val2709, :val2710, :val2711, :val2712, :val2713, :val2714, :val2715, :val2716, :val2717, :val2718, :val2719, :val2720, :val2721, :val2722, :val2723, :val2724, :val2725, :val2726, :val2727, :val2728, :val2729, :val2730, :val2731, :val2732, :val2733, :val2734, :val2735, :val2736, :val2737, :val2738, :val2739, :val2740, :val2741, :val2742, :val2743, :val2744, :val2745, :val2746, :val2747, :val2748, :val2749, :val2750, :val2751, :val2752, :val2753, :val2754, :val2755, :val2756, :val2757, :val2758, :val2759, :val2760, :val2761, :val2762, :val2763, :val2764, :val2765, :val2766, :val2767, :val2768, :val2769, :val2770, :val2771, :val2772, :val2773, :val2774, :val2775, :val2776, :val2777, :val2778, :val2779, :val2780, :val2781, :val2782, :val2783, :val2784, :val2785, :val2786, :val2787, :val2788, :val2789, :val2790, :val2791, :val2792, :val2793, :val2794, :val2795, :val2796, :val2797, :val2798, :val2799, :val2800, :val2801, :val2802, :val2803, :val2804, :val2805, :val2806, :val2807, :val2808, :val2809, :val2810, :val2811, :val2812, :val2813, :val2814, :val2815, :val2816, :val2817, :val2818, :val2819, :val2820, :val2821, :val2822, :val2823, :val2824, :val2825, :val2826, :val2827, :val2828, :val2829, :val2830, :val2831, :val2832, :val2833, :val2834, :val2835, :val2836, :val2837, :val2838, :val2839, :val2840, :val2841, :val2842, :val2843, :val2844, :val2845, :val2846, :val2847, :val2848, :val2849, :val2850, :val2851, :val2852, :val2853, :val2854, :val2855, :val2856, :val2857, :val2858, :val2859, :val2860, :val2861, :val2862, :val2863, :val2864, :val2865, :val2866, :val2867, :val2868, :val2869, :val2870, :val2871, :val2872, :val2873, :val2874, :val2875, :val2876, :val2877, :val2878, :val2879, :val2880, :val2881, :val2882, :val2883, :val2884, :val2885, :val2886, :val2887, :val2888, :val2889, :val2890, :val2891, :val2892, :val2893, :val2894, :val2895, :val2896, :val2897, :val2898, :val2899, :val2900, :val2901, :val2902, :val2903, :val2904, :val2905, :val2906, :val2907, :val2908, :val2909, :val2910, :val2911, :val2912, :val2913, :val2914, :val2915, :val2916, :val2917, :val2918, :val2919, :val2920, :val2921, :val2922, :val2923, :val2924, :val2925, :val2926, :val2927, :val2928, :val2929, :val2930, :val2931, :val2932, :val2933, :val2934, :val2935, :val2936, :val2937, :val2938, :val2939, :val2940, :val2941, :val2942, :val2943, :val2944, :val2945, :val2946, :val2947, :val2948, :val2949, :val2950, :val2951, :val2952, :val2953, :val2954, :val2955, :val2956, :val2957, :val2958, :val2959, :val2960, :val2961, :val2962, :val2963, :val2964, :val2965, :val2966, :val2967, :val2968, :val2969, :val2970, :val2971, :val2972, :val2973, :val2974, :val2975, :val2976, :val2977, :val2978, :val2979, :val2980, :val2981, :val2982, :val2983, :val2984, :val2985, :val2986, :val2987, :val2988, :val2989, :val2990, :val2991, :val2992, :val2993, :val2994, :val2995, :val2996, :val2997, :val2998, :val2999, :val3000, :val3001, :val3002, :val3003, :val3004, :val3005, :val3006, :val3007, :val3008, :val3009, :val3010, :val3011, :val3012, :val3013, :val3014, :val3015, :val3016, :val3017, :val3018, :val3019, :val3020, :val3021, :val3022, :val3023, :val3024, :val3025, :val3026, :val3027, :val3028, :val3029, :val3030, :val3031, :val3032, :val3033, :val3034, :val3035, :val3036, :val3037, :val3038, :val3039, :val3040, :val3041, :val3042, :val3043, :val3044, :val3045, :val3046, :val3047, :val3048, :val3049, :val3050, :val3051, :val3052, :val3053, :val3054, :val3055, :val3056, :val3057, :val3058, :val3059, :val3060, :val3061, :val3062, :val3063, :val3064, :val3065, :val3066, :val3067, :val3068, :val3069, :val3070, :val3071, :val3072, :val3073, :val3074, :val3075, :val3076, :val3077, :val3078, :val3079, :val3080, :val3081, :val3082, :val3083, :val3084, :val3085, :val3086, :val3087, :val3088, :val3089, :val3090, :val3091, :val3092, :val3093, :val3094, :val3095, :val3096, :val3097, :val3098, :val3099, :val3100, :val3101, :val3102, :val3103, :val3104, :val3105, :val3106, :val3107, :val3108, :val3109, :val3110, :val3111, :val3112, :val3113, :val3114, :val3115, :val3116, :val3117, :val3118, :val3119, :val3120, :val3121, :val3122, :val3123, :val3124, :val3125, :val3126, :val3127, :val3128, :val3129, :val3130, :val3131, :val3132, :val3133, :val3134, :val3135, :val3136, :val3137, :val3138, :val3139, :val3140, :val3141, :val3142, :val3143, :val3144, :val3145, :val3146, :val3147, :val3148, :val3149, :val3150, :val3151, :val3152, :val3153, :val3154, :val3155, :val3156, :val3157, :val3158, :val3159, :val3160, :val3161, :val3162, :val3163, :val3164, :val3165, :val3166, :val3167, :val3168, :val3169, :val3170, :val3171, :val3172, :val3173, :val3174, :val3175, :val3176, :val3177, :val3178, :val3179, :val3180, :val3181, :val3182, :val3183, :val3184, :val3185, :val3186, :val3187, :val3188, :val3189, :val3190, :val3191, :val3192, :val3193, :val3194, :val3195, :val3196, :val3197, :val3198, :val3199, :val3200, :val3201, :val3202, :val3203, :val3204, :val3205, :val3206, :val3207, :val3208, :val3209, :val3210, :val3211, :val3212, :val3213, :val3214, :val3215, :val3216, :val3217, :val3218, :val3219, :val3220, :val3221, :val3222, :val3223, :val3224, :val3225, :val3226, :val3227, :val3228, :val3229, :val3230, :val3231, :val3232, :val3233, :val3234, :val3235, :val3236, :val3237, :val3238, :val3239, :val3240, :val3241, :val3242, :val3243, :val3244, :val3245, :val3246, :val3247, :val3248, :val3249, :val3250, :val3251, :val3252, :val3253, :val3254, :val3255, :val3256, :val3257, :val3258, :val3259, :val3260, :val3261, :val3262, :val3263, :val3264, :val3265, :val3266, :val3267, :val3268, :val3269, :val3270, :val3271, :val3272, :val3273, :val3274, :val3275, :val3276, :val3277, :val3278, :val3279, :val3280, :val3281, :val3282, :val3283, :val3284, :val3285, :val3286, :val3287, :val3288, :val3289, :val3290, :val3291, :val3292, :val3293, :val3294, :val3295, :val3296, :val3297, :val3298, :val3299, :val3300, :val3301, :val3302, :val3303, :val3304, :val3305, :val3306, :val3307, :val3308, :val3309, :val3310, :val3311, :val3312, :val3313, :val3314, :val3315, :val3316, :val3317, :val3318, :val3319, :val3320, :val3321, :val3322, :val3323, :val3324, :val3325, :val3326, :val3327, :val3328, :val3329, :val3330, :val3331, :val3332, :val3333, :val3334, :val3335, :val3336, :val3337, :val3338, :val3339, :val3340, :val3341, :val3342, :val3343, :val3344, :val3345, :val3346, :val3347, :val3348, :val3349, :val3350, :val3351, :val3352, :val3353, :val3354, :val3355, :val3356, :val3357, :val3358, :val3359, :val3360, :val3361, :val3362, :val3363, :val3364, :val3365, :val3366, :val3367, :val3368, :val3369, :val3370, :val3371, :val3372, :val3373, :val3374, :val3375, :val3376, :val3377, :val3378, :val3379, :val3380, :val3381, :val3382, :val3383, :val3384, :val3385, :val3386, :val3387, :val3388, :val3389, :val3390, :val3391, :val3392, :val3393, :val3394, :val3395, :val3396, :val3397, :val3398, :val3399, :val3400, :val3401, :val3402, :val3403, :val3404, :val3405, :val3406, :val3407, :val3408, :val3409, :val3410, :val3411, :val3412, :val3413, :val3414, :val3415, :val3416, :val3417, :val3418, :val3419, :val3420, :val3421, :val3422, :val3423, :val3424, :val3425, :val3426, :val3427, :val3428, :val3429, :val3430, :val3431, :val3432, :val3433, :val3434, :val3435, :val3436, :val3437, :val3438, :val3439, :val3440, :val3441, :val3442, :val3443, :val3444, :val3445, :val3446, :val3447, :val3448, :val3449, :val3450, :val3451, :val3452, :val3453, :val3454, :val3455, :val3456, :val3457, :val3458, :val3459, :val3460, :val3461, :val3462, :val3463, :val3464, :val3465, :val3466, :val3467, :val3468, :val3469, :val3470, :val3471, :val3472, :val3473, :val3474, :val3475, :val3476, :val3477, :val3478, :val3479, :val3480, :val3481, :val3482, :val3483, :val3484, :val3485, :val3486, :val3487, :val3488, :val3489, :val3490, :val3491, :val3492, :val3493, :val3494, :val3495, :val3496, :val3497, :val3498, :val3499, :val3500, :val3501, :val3502, :val3503, :val3504, :val3505, :val3506, :val3507, :val3508, :val3509, :val3510, :val3511, :val3512, :val3513, :val3514, :val3515, :val3516, :val3517, :val3518, :val3519, :val3520, :val3521, :val3522, :val3523, :val3524, :val3525, :val3526, :val3527, :val3528, :val3529, :val3530, :val3531, :val3532, :val3533, :val3534, :val3535, :val3536, :val3537, :val3538, :val3539, :val3540, :val3541, :val3542, :val3543, :val3544, :val3545, :val3546, :val3547, :val3548, :val3549, :val3550, :val3551, :val3552, :val3553, :val3554, :val3555, :val3556, :val3557, :val3558, :val3559, :val3560, :val3561, :val3562, :val3563, :val3564, :val3565, :val3566, :val3567, :val3568, :val3569, :val3570, :val3571, :val3572, :val3573, :val3574, :val3575, :val3576, :val3577, :val3578, :val3579, :val3580, :val3581, :val3582, :val3583, :val3584, :val3585, :val3586, :val3587, :val3588, :val3589, :val3590, :val3591, :val3592, :val3593, :val3594, :val3595, :val3596, :val3597, :val3598, :val3599, :val3600, :val3601, :val3602, :val3603, :val3604, :val3605, :val3606, :val3607, :val3608, :val3609, :val3610, :val3611, :val3612, :val3613, :val3614, :val3615, :val3616, :val3617, :val3618, :val3619, :val3620, :val3621, :val3622, :val3623, :val3624, :val3625, :val3626, :val3627, :val3628, :val3629, :val3630, :val3631, :val3632, :val3633, :val3634, :val3635, :val3636, :val3637, :val3638, :val3639, :val3640, :val3641, :val3642, :val3643, :val3644, :val3645, :val3646, :val3647, :val3648, :val3649, :val3650, :val3651, :val3652, :val3653, :val3654, :val3655, :val3656, :val3657, :val3658, :val3659, :val3660, :val3661, :val3662, :val3663, :val3664, :val3665, :val3666, :val3667, :val3668, :val3669, :val3670, :val3671, :val3672, :val3673, :val3674, :val3675, :val3676, :val3677, :val3678, :val3679, :val3680, :val3681, :val3682, :val3683, :val3684, :val3685, :val3686, :val3687, :val3688, :val3689, :val3690, :val3691, :val3692, :val3693, :val3694, :val3695, :val3696, :val3697, :val3698, :val3699, :val3700, :val3701, :val3702, :val3703, :val3704, :val3705, :val3706, :val3707, :val3708, :val3709, :val3710, :val3711, :val3712, :val3713, :val3714, :val3715, :val3716, :val3717, :val3718, :val3719, :val3720, :val3721, :val3722, :val3723, :val3724, :val3725, :val3726, :val3727, :val3728, :val3729, :val3730, :val3731, :val3732, :val3733, :val3734, :val3735, :val3736, :val3737, :val3738, :val3739, :val3740, :val3741, :val3742, :val3743, :val3744, :val3745, :val3746, :val3747, :val3748, :val3749, :val3750, :val3751, :val3752, :val3753, :val3754, :val3755, :val3756, :val3757, :val3758, :val3759, :val3760, :val3761, :val3762, :val3763, :val3764, :val3765, :val3766, :val3767, :val3768, :val3769, :val3770, :val3771, :val3772, :val3773, :val3774, :val3775, :val3776, :val3777, :val3778, :val3779, :val3780, :val3781, :val3782, :val3783, :val3784, :val3785, :val3786, :val3787, :val3788, :val3789, :val3790, :val3791, :val3792, :val3793, :val3794, :val3795, :val3796, :val3797, :val3798, :val3799, :val3800, :val3801, :val3802, :val3803, :val3804, :val3805, :val3806, :val3807, :val3808, :val3809, :val3810, :val3811, :val3812, :val3813, :val3814, :val3815, :val3816, :val3817, :val3818, :val3819, :val3820, :val3821, :val3822, :val3823, :val3824, :val3825, :val3826, :val3827, :val3828, :val3829, :val3830, :val3831, :val3832, :val3833, :val3834, :val3835, :val3836, :val3837, :val3838, :val3839, :val3840, :val3841, :val3842, :val3843, :val3844, :val3845, :val3846, :val3847, :val3848, :val3849, :val3850, :val3851, :val3852, :val3853, :val3854, :val3855, :val3856, :val3857, :val3858, :val3859, :val3860, :val3861, :val3862, :val3863, :val3864, :val3865, :val3866, :val3867, :val3868, :val3869, :val3870, :val3871, :val3872, :val3873, :val3874, :val3875, :val3876, :val3877, :val3878, :val3879, :val3880, :val3881, :val3882, :val3883, :val3884, :val3885, :val3886, :val3887, :val3888, :val3889, :val3890, :val3891, :val3892, :val3893, :val3894, :val3895, :val3896, :val3897, :val3898, :val3899, :val3900, :val3901, :val3902, :val3903, :val3904, :val3905, :val3906, :val3907, :val3908, :val3909, :val3910, :val3911, :val3912, :val3913, :val3914, :val3915, :val3916, :val3917, :val3918, :val3919, :val3920, :val3921, :val3922, :val3923, :val3924, :val3925, :val3926, :val3927, :val3928, :val3929, :val3930, :val3931, :val3932, :val3933, :val3934, :val3935, :val3936, :val3937, :val3938, :val3939, :val3940, :val3941, :val3942, :val3943, :val3944, :val3945, :val3946, :val3947, :val3948, :val3949, :val3950, :val3951, :val3952, :val3953, :val3954, :val3955, :val3956, :val3957, :val3958, :val3959, :val3960, :val3961, :val3962, :val3963, :val3964, :val3965, :val3966, :val3967, :val3968, :val3969, :val3970, :val3971, :val3972, :val3973, :val3974, :val3975, :val3976, :val3977, :val3978, :val3979, :val3980, :val3981, :val3982, :val3983, :val3984, :val3985, :val3986, :val3987, :val3988, :val3989, :val3990, :val3991, :val3992, :val3993, :val3994, :val3995, :val3996, :val3997, :val3998, :val3999, :val4000, :val4001, :val4002, :val4003, :val4004, :val4005, :val4006, :val4007, :val4008, :val4009, :val4010, :val4011, :val4012, :val4013, :val4014, :val4015, :val4016, :val4017, :val4018, :val4019, :val4020, :val4021, :val4022, :val4023, :val4024, :val4025, :val4026, :val4027, :val4028, :val4029, :val4030, :val4031, :val4032, :val4033, :val4034, :val4035, :val4036, :val4037, :val4038, :val4039, :val4040, :val4041, :val4042, :val4043, :val4044, :val4045, :val4046, :val4047, :val4048, :val4049, :val4050, :val4051, :val4052, :val4053, :val4054, :val4055, :val4056, :val4057, :val4058, :val4059, :val4060, :val4061, :val4062, :val4063, :val4064, :val4065, :val4066, :val4067, :val4068, :val4069, :val4070, :val4071, :val4072, :val4073, :val4074, :val4075, :val4076, :val4077, :val4078, :val4079, :val4080, :val4081, :val4082, :val4083, :val4084, :val4085, :val4086, :val4087, :val4088, :val4089, :val4090, :val4091, :val4092, :val4093, :val4094, :val4095, :val4096, :val4097, :val4098, :val4099, :val4100, :val4101, :val4102, :val4103, :val4104, :val4105, :val4106, :val4107, :val4108, :val4109, :val4110, :val4111, :val4112, :val4113, :val4114, :val4115, :val4116, :val4117, :val4118, :val4119, :val4120, :val4121, :val4122, :val4123, :val4124, :val4125, :val4126, :val4127, :val4128, :val4129, :val4130, :val4131, :val4132, :val4133, :val4134, :val4135, :val4136, :val4137, :val4138, :val4139, :val4140, :val4141, :val4142, :val4143, :val4144, :val4145, :val4146, :val4147, :val4148, :val4149, :val4150, :val4151, :val4152, :val4153, :val4154, :val4155, :val4156, :val4157, :val4158, :val4159, :val4160, :val4161, :val4162, :val4163, :val4164, :val4165, :val4166, :val4167, :val4168, :val4169, :val4170, :val4171, :val4172, :val4173, :val4174, :val4175, :val4176, :val4177, :val4178, :val4179, :val4180, :val4181, :val4182, :val4183, :val4184, :val4185, :val4186, :val4187, :val4188, :val4189, :val4190, :val4191, :val4192, :val4193, :val4194, :val4195, :val4196, :val4197, :val4198, :val4199, :val4200, :val4201, :val4202, :val4203, :val4204, :val4205, :val4206, :val4207, :val4208, :val4209, :val4210, :val4211, :val4212, :val4213, :val4214, :val4215, :val4216, :val4217, :val4218, :val4219, :val4220, :val4221, :val4222, :val4223, :val4224, :val4225, :val4226, :val4227, :val4228, :val4229, :val4230, :val4231, :val4232, :val4233, :val4234, :val4235, :val4236, :val4237, :val4238, :val4239, :val4240, :val4241, :val4242, :val4243, :val4244, :val4245, :val4246, :val4247, :val4248, :val4249, :val4250, :val4251, :val4252, :val4253, :val4254, :val4255, :val4256, :val4257, :val4258, :val4259, :val4260, :val4261, :val4262, :val4263, :val4264, :val4265, :val4266, :val4267, :val4268, :val4269, :val4270, :val4271, :val4272, :val4273, :val4274, :val4275, :val4276, :val4277, :val4278, :val4279, :val4280, :val4281, :val4282, :val4283, :val4284, :val4285, :val4286, :val4287, :val4288, :val4289, :val4290, :val4291, :val4292, :val4293, :val4294, :val4295, :val4296, :val4297, :val4298, :val4299, :val4300, :val4301, :val4302, :val4303, :val4304, :val4305, :val4306, :val4307, :val4308, :val4309, :val4310, :val4311, :val4312, :val4313, :val4314, :val4315, :val4316, :val4317, :val4318, :val4319, :val4320, :val4321, :val4322, :val4323, :val4324, :val4325, :val4326, :val4327, :val4328, :val4329, :val4330, :val4331, :val4332, :val4333, :val4334, :val4335, :val4336, :val4337, :val4338, :val4339, :val4340, :val4341, :val4342, :val4343, :val4344, :val4345, :val4346, :val4347, :val4348, :val4349, :val4350, :val4351, :val4352, :val4353, :val4354, :val4355, :val4356, :val4357, :val4358, :val4359, :val4360, :val4361, :val4362, :val4363, :val4364, :val4365, :val4366, :val4367, :val4368, :val4369, :val4370, :val4371, :val4372, :val4373, :val4374, :val4375, :val4376, :val4377, :val4378, :val4379, :val4380, :val4381, :val4382, :val4383, :val4384, :val4385, :val4386, :val4387, :val4388, :val4389, :val4390, :val4391, :val4392, :val4393, :val4394, :val4395, :val4396, :val4397, :val4398, :val4399, :val4400, :val4401, :val4402, :val4403, :val4404, :val4405, :val4406, :val4407, :val4408, :val4409, :val4410, :val4411, :val4412, :val4413, :val4414, :val4415, :val4416, :val4417, :val4418, :val4419, :val4420, :val4421, :val4422, :val4423, :val4424, :val4425, :val4426, :val4427, :val4428, :val4429, :val4430, :val4431, :val4432, :val4433, :val4434, :val4435, :val4436, :val4437, :val4438, :val4439, :val4440, :val4441, :val4442, :val4443, :val4444, :val4445, :val4446, :val4447, :val4448, :val4449, :val4450, :val4451, :val4452, :val4453, :val4454, :val4455, :val4456, :val4457, :val4458, :val4459, :val4460, :val4461, :val4462, :val4463, :val4464, :val4465, :val4466, :val4467, :val4468, :val4469, :val4470, :val4471, :val4472, :val4473, :val4474, :val4475, :val4476, :val4477, :val4478, :val4479, :val4480, :val4481, :val4482, :val4483, :val4484, :val4485, :val4486, :val4487, :val4488, :val4489, :val4490, :val4491, :val4492, :val4493, :val4494, :val4495, :val4496, :val4497, :val4498, :val4499, :val4500, :val4501, :val4502, :val4503, :val4504, :val4505, :val4506, :val4507, :val4508, :val4509, :val4510, :val4511, :val4512, :val4513, :val4514, :val4515, :val4516, :val4517, :val4518, :val4519, :val4520, :val4521, :val4522, :val4523, :val4524, :val4525, :val4526, :val4527, :val4528, :val4529, :val4530, :val4531, :val4532, :val4533, :val4534, :val4535, :val4536, :val4537, :val4538, :val4539, :val4540, :val4541, :val4542, :val4543, :val4544, :val4545, :val4546, :val4547, :val4548, :val4549, :val4550, :val4551, :val4552, :val4553, :val4554, :val4555, :val4556, :val4557, :val4558, :val4559, :val4560, :val4561, :val4562, :val4563, :val4564, :val4565, :val4566, :val4567, :val4568, :val4569, :val4570, :val4571, :val4572, :val4573, :val4574, :val4575, :val4576, :val4577, :val4578, :val4579, :val4580, :val4581, :val4582, :val4583, :val4584, :val4585, :val4586, :val4587, :val4588, :val4589, :val4590, :val4591, :val4592, :val4593, :val4594, :val4595, :val4596, :val4597, :val4598, :val4599, :val4600, :val4601, :val4602, :val4603, :val4604, :val4605, :val4606, :val4607, :val4608, :val4609, :val4610, :val4611, :val4612, :val4613, :val4614, :val4615, :val4616, :val4617, :val4618, :val4619, :val4620, :val4621, :val4622, :val4623, :val4624, :val4625, :val4626, :val4627, :val4628, :val4629, :val4630, :val4631, :val4632, :val4633, :val4634, :val4635, :val4636, :val4637, :val4638, :val4639, :val4640, :val4641, :val4642, :val4643, :val4644, :val4645, :val4646, :val4647, :val4648, :val4649, :val4650, :val4651, :val4652, :val4653, :val4654, :val4655, :val4656, :val4657, :val4658, :val4659, :val4660, :val4661, :val4662, :val4663, :val4664, :val4665, :val4666, :val4667, :val4668, :val4669, :val4670, :val4671, :val4672, :val4673, :val4674, :val4675, :val4676, :val4677, :val4678, :val4679, :val4680, :val4681, :val4682, :val4683, :val4684, :val4685, :val4686, :val4687, :val4688, :val4689, :val4690, :val4691, :val4692, :val4693, :val4694, :val4695, :val4696, :val4697, :val4698, :val4699, :val4700, :val4701, :val4702, :val4703, :val4704, :val4705, :val4706, :val4707, :val4708, :val4709, :val4710, :val4711, :val4712, :val4713, :val4714, :val4715, :val4716, :val4717, :val4718, :val4719, :val4720, :val4721, :val4722, :val4723, :val4724, :val4725, :val4726, :val4727, :val4728, :val4729, :val4730, :val4731, :val4732, :val4733, :val4734, :val4735, :val4736, :val4737, :val4738, :val4739, :val4740, :val4741, :val4742, :val4743, :val4744, :val4745, :val4746, :val4747, :val4748, :val4749, :val4750, :val4751, :val4752, :val4753, :val4754, :val4755, :val4756, :val4757, :val4758, :val4759, :val4760, :val4761, :val4762, :val4763, :val4764, :val4765, :val4766, :val4767, :val4768, :val4769, :val4770, :val4771, :val4772, :val4773, :val4774, :val4775, :val4776, :val4777, :val4778, :val4779, :val4780, :val4781, :val4782, :val4783, :val4784, :val4785, :val4786, :val4787, :val4788, :val4789, :val4790, :val4791, :val4792, :val4793, :val4794, :val4795, :val4796, :val4797, :val4798, :val4799, :val4800, :val4801, :val4802, :val4803, :val4804, :val4805, :val4806, :val4807, :val4808, :val4809, :val4810, :val4811, :val4812, :val4813, :val4814, :val4815, :val4816, :val4817, :val4818, :val4819, :val4820, :val4821, :val4822, :val4823, :val4824, :val4825, :val4826, :val4827, :val4828, :val4829, :val4830, :val4831, :val4832, :val4833, :val4834, :val4835, :val4836, :val4837, :val4838, :val4839, :val4840, :val4841, :val4842, :val4843, :val4844, :val4845, :val4846, :val4847, :val4848, :val4849, :val4850, :val4851, :val4852, :val4853, :val4854, :val4855, :val4856, :val4857, :val4858, :val4859, :val4860, :val4861, :val4862, :val4863, :val4864, :val4865, :val4866, :val4867, :val4868, :val4869, :val4870, :val4871, :val4872, :val4873, :val4874, :val4875, :val4876, :val4877, :val4878, :val4879, :val4880, :val4881, :val4882, :val4883, :val4884, :val4885, :val4886, :val4887, :val4888, :val4889, :val4890, :val4891, :val4892, :val4893, :val4894, :val4895, :val4896, :val4897, :val4898, :val4899, :val4900, :val4901, :val4902, :val4903, :val4904, :val4905, :val4906, :val4907, :val4908, :val4909, :val4910, :val4911, :val4912, :val4913, :val4914, :val4915, :val4916, :val4917, :val4918, :val4919, :val4920, :val4921, :val4922, :val4923, :val4924, :val4925, :val4926, :val4927, :val4928, :val4929, :val4930, :val4931, :val4932, :val4933, :val4934, :val4935, :val4936, :val4937, :val4938, :val4939, :val4940, :val4941, :val4942, :val4943, :val4944, :val4945, :val4946, :val4947, :val4948, :val4949, :val4950, :val4951, :val4952, :val4953, :val4954, :val4955, :val4956, :val4957, :val4958, :val4959, :val4960, :val4961, :val4962, :val4963, :val4964, :val4965, :val4966, :val4967, :val4968, :val4969, :val4970, :val4971, :val4972, :val4973, :val4974, :val4975, :val4976, :val4977, :val4978, :val4979, :val4980, :val4981, :val4982, :val4983, :val4984, :val4985, :val4986, :val4987, :val4988, :val4989, :val4990, :val4991, :val4992, :val4993, :val4994, :val4995, :val4996, :val4997, :val4998) GROUP BY `诉求区域` ORDER BY `数量` DESC LIMIT 5000;
2025-06-02 10:23:33,859 ChatBI->     INFO     sql 语句：SELECT * FROM shanghai WHERE `工单类型` = '咨询类' AND  `内容描述` IN (:val0, :val1, :val2, :val3, :val4, :val5, :val6, :val7, :val8, :val9, :val10, :val11, :val12, :val13, :val14, :val15, :val16, :val17, :val18, :val19, :val20, :val21, :val22, :val23, :val24, :val25, :val26, :val27, :val28, :val29, :val30, :val31, :val32, :val33, :val34, :val35, :val36, :val37, :val38, :val39, :val40, :val41, :val42, :val43, :val44, :val45, :val46, :val47, :val48, :val49, :val50, :val51, :val52, :val53, :val54, :val55, :val56, :val57, :val58, :val59, :val60, :val61, :val62, :val63, :val64, :val65, :val66, :val67, :val68, :val69, :val70, :val71, :val72, :val73, :val74, :val75, :val76, :val77, :val78, :val79, :val80, :val81, :val82, :val83, :val84, :val85, :val86, :val87, :val88, :val89, :val90, :val91, :val92, :val93, :val94, :val95, :val96, :val97, :val98, :val99, :val100, :val101, :val102, :val103, :val104, :val105, :val106, :val107, :val108, :val109, :val110, :val111, :val112, :val113, :val114, :val115, :val116, :val117, :val118, :val119, :val120, :val121, :val122, :val123, :val124, :val125, :val126, :val127, :val128, :val129, :val130, :val131, :val132, :val133, :val134, :val135, :val136, :val137, :val138, :val139, :val140, :val141, :val142, :val143, :val144, :val145, :val146, :val147, :val148, :val149, :val150, :val151, :val152, :val153, :val154, :val155, :val156, :val157, :val158, :val159, :val160, :val161, :val162, :val163, :val164, :val165, :val166, :val167, :val168, :val169, :val170, :val171, :val172, :val173, :val174, :val175, :val176, :val177, :val178, :val179, :val180, :val181, :val182, :val183, :val184, :val185, :val186, :val187, :val188, :val189, :val190, :val191, :val192, :val193, :val194, :val195, :val196, :val197, :val198, :val199, :val200, :val201, :val202, :val203, :val204, :val205, :val206, :val207, :val208, :val209, :val210, :val211, :val212, :val213, :val214, :val215, :val216, :val217, :val218, :val219, :val220, :val221, :val222, :val223, :val224, :val225, :val226, :val227, :val228, :val229, :val230, :val231, :val232, :val233, :val234, :val235, :val236, :val237, :val238, :val239, :val240, :val241, :val242, :val243, :val244, :val245, :val246, :val247, :val248, :val249, :val250, :val251, :val252, :val253, :val254, :val255, :val256, :val257, :val258, :val259, :val260, :val261, :val262, :val263, :val264, :val265, :val266, :val267, :val268, :val269, :val270, :val271, :val272, :val273, :val274, :val275, :val276, :val277, :val278, :val279, :val280, :val281, :val282, :val283, :val284, :val285, :val286, :val287, :val288, :val289, :val290, :val291, :val292, :val293, :val294, :val295, :val296, :val297, :val298, :val299, :val300, :val301, :val302, :val303, :val304, :val305, :val306, :val307, :val308, :val309, :val310, :val311, :val312, :val313, :val314, :val315, :val316, :val317, :val318, :val319, :val320, :val321, :val322, :val323, :val324, :val325, :val326, :val327, :val328, :val329, :val330, :val331, :val332, :val333, :val334, :val335, :val336, :val337, :val338, :val339, :val340, :val341, :val342, :val343, :val344, :val345, :val346, :val347, :val348, :val349, :val350, :val351, :val352, :val353, :val354, :val355, :val356, :val357, :val358, :val359, :val360, :val361, :val362, :val363, :val364, :val365, :val366, :val367, :val368, :val369, :val370, :val371, :val372, :val373, :val374, :val375, :val376, :val377, :val378, :val379, :val380, :val381, :val382, :val383, :val384, :val385, :val386, :val387, :val388, :val389, :val390, :val391, :val392, :val393, :val394, :val395, :val396, :val397, :val398, :val399, :val400, :val401, :val402, :val403, :val404, :val405, :val406, :val407, :val408, :val409, :val410, :val411, :val412, :val413, :val414, :val415, :val416, :val417, :val418, :val419, :val420, :val421, :val422, :val423, :val424, :val425, :val426, :val427, :val428, :val429, :val430, :val431, :val432, :val433, :val434, :val435, :val436, :val437, :val438, :val439, :val440, :val441, :val442, :val443, :val444, :val445, :val446, :val447, :val448, :val449, :val450, :val451, :val452, :val453, :val454, :val455, :val456, :val457, :val458, :val459, :val460, :val461, :val462, :val463, :val464, :val465, :val466, :val467, :val468, :val469, :val470, :val471, :val472, :val473, :val474, :val475, :val476, :val477, :val478, :val479, :val480, :val481, :val482, :val483, :val484, :val485, :val486, :val487, :val488, :val489, :val490, :val491, :val492, :val493, :val494, :val495, :val496, :val497, :val498, :val499, :val500, :val501, :val502, :val503, :val504, :val505, :val506, :val507, :val508, :val509, :val510, :val511, :val512, :val513, :val514, :val515, :val516, :val517, :val518, :val519, :val520, :val521, :val522, :val523, :val524, :val525, :val526, :val527, :val528, :val529, :val530, :val531, :val532, :val533, :val534, :val535, :val536, :val537, :val538, :val539, :val540, :val541, :val542, :val543, :val544, :val545, :val546, :val547, :val548, :val549, :val550, :val551, :val552, :val553, :val554, :val555, :val556, :val557, :val558, :val559, :val560, :val561, :val562, :val563, :val564, :val565, :val566, :val567, :val568, :val569, :val570, :val571, :val572, :val573, :val574, :val575, :val576, :val577, :val578, :val579, :val580, :val581, :val582, :val583, :val584, :val585, :val586, :val587, :val588, :val589, :val590, :val591, :val592, :val593, :val594, :val595, :val596, :val597, :val598, :val599, :val600, :val601, :val602, :val603, :val604, :val605, :val606, :val607, :val608, :val609, :val610, :val611, :val612, :val613, :val614, :val615, :val616, :val617, :val618, :val619, :val620, :val621, :val622, :val623, :val624, :val625, :val626, :val627, :val628, :val629, :val630, :val631, :val632, :val633, :val634, :val635, :val636, :val637, :val638, :val639, :val640, :val641, :val642, :val643, :val644, :val645, :val646, :val647, :val648, :val649, :val650, :val651, :val652, :val653, :val654, :val655, :val656, :val657, :val658, :val659, :val660, :val661, :val662, :val663, :val664, :val665, :val666, :val667, :val668, :val669, :val670, :val671, :val672, :val673, :val674, :val675, :val676, :val677, :val678, :val679, :val680, :val681, :val682, :val683, :val684, :val685, :val686, :val687, :val688, :val689, :val690, :val691, :val692, :val693, :val694, :val695, :val696, :val697, :val698, :val699, :val700, :val701, :val702, :val703, :val704, :val705, :val706, :val707, :val708, :val709, :val710, :val711, :val712, :val713, :val714, :val715, :val716, :val717, :val718, :val719, :val720, :val721, :val722, :val723, :val724, :val725, :val726, :val727, :val728, :val729, :val730, :val731, :val732, :val733, :val734, :val735, :val736, :val737, :val738, :val739, :val740, :val741, :val742, :val743, :val744, :val745, :val746, :val747, :val748, :val749, :val750, :val751, :val752, :val753, :val754, :val755, :val756, :val757, :val758, :val759, :val760, :val761, :val762, :val763, :val764, :val765, :val766, :val767, :val768, :val769, :val770, :val771, :val772, :val773, :val774, :val775, :val776, :val777, :val778, :val779, :val780, :val781, :val782, :val783, :val784, :val785, :val786, :val787, :val788, :val789, :val790, :val791, :val792, :val793, :val794, :val795, :val796, :val797, :val798, :val799, :val800, :val801, :val802, :val803, :val804, :val805, :val806, :val807, :val808, :val809, :val810, :val811, :val812, :val813, :val814, :val815, :val816, :val817, :val818, :val819, :val820, :val821, :val822, :val823, :val824, :val825, :val826, :val827, :val828, :val829, :val830, :val831, :val832, :val833, :val834, :val835, :val836, :val837, :val838, :val839, :val840, :val841, :val842, :val843, :val844, :val845, :val846, :val847, :val848, :val849, :val850, :val851, :val852, :val853, :val854, :val855, :val856, :val857, :val858, :val859, :val860, :val861, :val862, :val863, :val864, :val865, :val866, :val867, :val868, :val869, :val870, :val871, :val872, :val873, :val874, :val875, :val876, :val877, :val878, :val879, :val880, :val881, :val882, :val883, :val884, :val885, :val886, :val887, :val888, :val889, :val890, :val891, :val892, :val893, :val894, :val895, :val896, :val897, :val898, :val899, :val900, :val901, :val902, :val903, :val904, :val905, :val906, :val907, :val908, :val909, :val910, :val911, :val912, :val913, :val914, :val915, :val916, :val917, :val918, :val919, :val920, :val921, :val922, :val923, :val924, :val925, :val926, :val927, :val928, :val929, :val930, :val931, :val932, :val933, :val934, :val935, :val936, :val937, :val938, :val939, :val940, :val941, :val942, :val943, :val944, :val945, :val946, :val947, :val948, :val949, :val950, :val951, :val952, :val953, :val954, :val955, :val956, :val957, :val958, :val959, :val960, :val961, :val962, :val963, :val964, :val965, :val966, :val967, :val968, :val969, :val970, :val971, :val972, :val973, :val974, :val975, :val976, :val977, :val978, :val979, :val980, :val981, :val982, :val983, :val984, :val985, :val986, :val987, :val988, :val989, :val990, :val991, :val992, :val993, :val994, :val995, :val996, :val997, :val998, :val999, :val1000, :val1001, :val1002, :val1003, :val1004, :val1005, :val1006, :val1007, :val1008, :val1009, :val1010, :val1011, :val1012, :val1013, :val1014, :val1015, :val1016, :val1017, :val1018, :val1019, :val1020, :val1021, :val1022, :val1023, :val1024, :val1025, :val1026, :val1027, :val1028, :val1029, :val1030, :val1031, :val1032, :val1033, :val1034, :val1035, :val1036, :val1037, :val1038, :val1039, :val1040, :val1041, :val1042, :val1043, :val1044, :val1045, :val1046, :val1047, :val1048, :val1049, :val1050, :val1051, :val1052, :val1053, :val1054, :val1055, :val1056, :val1057, :val1058, :val1059, :val1060, :val1061, :val1062, :val1063, :val1064, :val1065, :val1066, :val1067, :val1068, :val1069, :val1070, :val1071, :val1072, :val1073, :val1074, :val1075, :val1076, :val1077, :val1078, :val1079, :val1080, :val1081, :val1082, :val1083, :val1084, :val1085, :val1086, :val1087, :val1088, :val1089, :val1090, :val1091, :val1092, :val1093, :val1094, :val1095, :val1096, :val1097, :val1098, :val1099, :val1100, :val1101, :val1102, :val1103, :val1104, :val1105, :val1106, :val1107, :val1108, :val1109, :val1110, :val1111, :val1112, :val1113, :val1114, :val1115, :val1116, :val1117, :val1118, :val1119, :val1120, :val1121, :val1122, :val1123, :val1124, :val1125, :val1126, :val1127, :val1128, :val1129, :val1130, :val1131, :val1132, :val1133, :val1134, :val1135, :val1136, :val1137, :val1138, :val1139, :val1140, :val1141, :val1142, :val1143, :val1144, :val1145, :val1146, :val1147, :val1148, :val1149, :val1150, :val1151, :val1152, :val1153, :val1154, :val1155, :val1156, :val1157, :val1158, :val1159, :val1160, :val1161, :val1162, :val1163, :val1164, :val1165, :val1166, :val1167, :val1168, :val1169, :val1170, :val1171, :val1172, :val1173, :val1174, :val1175, :val1176, :val1177, :val1178, :val1179, :val1180, :val1181, :val1182, :val1183, :val1184, :val1185, :val1186, :val1187, :val1188, :val1189, :val1190, :val1191, :val1192, :val1193, :val1194, :val1195, :val1196, :val1197, :val1198, :val1199, :val1200, :val1201, :val1202, :val1203, :val1204, :val1205, :val1206, :val1207, :val1208, :val1209, :val1210, :val1211, :val1212, :val1213, :val1214, :val1215, :val1216, :val1217, :val1218, :val1219, :val1220, :val1221, :val1222, :val1223, :val1224, :val1225, :val1226, :val1227, :val1228, :val1229, :val1230, :val1231, :val1232, :val1233, :val1234, :val1235, :val1236, :val1237, :val1238, :val1239, :val1240, :val1241, :val1242, :val1243, :val1244, :val1245, :val1246, :val1247, :val1248, :val1249, :val1250, :val1251, :val1252, :val1253, :val1254, :val1255, :val1256, :val1257, :val1258, :val1259, :val1260, :val1261, :val1262, :val1263, :val1264, :val1265, :val1266, :val1267, :val1268, :val1269, :val1270, :val1271, :val1272, :val1273, :val1274, :val1275, :val1276, :val1277, :val1278, :val1279, :val1280, :val1281, :val1282, :val1283, :val1284, :val1285, :val1286, :val1287, :val1288, :val1289, :val1290, :val1291, :val1292, :val1293, :val1294, :val1295, :val1296, :val1297, :val1298, :val1299, :val1300, :val1301, :val1302, :val1303, :val1304, :val1305, :val1306, :val1307, :val1308, :val1309, :val1310, :val1311, :val1312, :val1313, :val1314, :val1315, :val1316, :val1317, :val1318, :val1319, :val1320, :val1321, :val1322, :val1323, :val1324, :val1325, :val1326, :val1327, :val1328, :val1329, :val1330, :val1331, :val1332, :val1333, :val1334, :val1335, :val1336, :val1337, :val1338, :val1339, :val1340, :val1341, :val1342, :val1343, :val1344, :val1345, :val1346, :val1347, :val1348, :val1349, :val1350, :val1351, :val1352, :val1353, :val1354, :val1355, :val1356, :val1357, :val1358, :val1359, :val1360, :val1361, :val1362, :val1363, :val1364, :val1365, :val1366, :val1367, :val1368, :val1369, :val1370, :val1371, :val1372, :val1373, :val1374, :val1375, :val1376, :val1377, :val1378, :val1379, :val1380, :val1381, :val1382, :val1383, :val1384, :val1385, :val1386, :val1387, :val1388, :val1389, :val1390, :val1391, :val1392, :val1393, :val1394, :val1395, :val1396, :val1397, :val1398, :val1399, :val1400, :val1401, :val1402, :val1403, :val1404, :val1405, :val1406, :val1407, :val1408, :val1409, :val1410, :val1411, :val1412, :val1413, :val1414, :val1415, :val1416, :val1417, :val1418, :val1419, :val1420, :val1421, :val1422, :val1423, :val1424, :val1425, :val1426, :val1427, :val1428, :val1429, :val1430, :val1431, :val1432, :val1433, :val1434, :val1435, :val1436, :val1437, :val1438, :val1439, :val1440, :val1441, :val1442, :val1443, :val1444, :val1445, :val1446, :val1447, :val1448, :val1449, :val1450, :val1451, :val1452, :val1453, :val1454, :val1455, :val1456, :val1457, :val1458, :val1459, :val1460, :val1461, :val1462, :val1463, :val1464, :val1465, :val1466, :val1467, :val1468, :val1469, :val1470, :val1471, :val1472, :val1473, :val1474, :val1475, :val1476, :val1477, :val1478, :val1479, :val1480, :val1481, :val1482, :val1483, :val1484, :val1485, :val1486, :val1487, :val1488, :val1489, :val1490, :val1491, :val1492, :val1493, :val1494, :val1495, :val1496, :val1497, :val1498, :val1499, :val1500, :val1501, :val1502, :val1503, :val1504, :val1505, :val1506, :val1507, :val1508, :val1509, :val1510, :val1511, :val1512, :val1513, :val1514, :val1515, :val1516, :val1517, :val1518, :val1519, :val1520, :val1521, :val1522, :val1523, :val1524, :val1525, :val1526, :val1527, :val1528, :val1529, :val1530, :val1531, :val1532, :val1533, :val1534, :val1535, :val1536, :val1537, :val1538, :val1539, :val1540, :val1541, :val1542, :val1543, :val1544, :val1545, :val1546, :val1547, :val1548, :val1549, :val1550, :val1551, :val1552, :val1553, :val1554, :val1555, :val1556, :val1557, :val1558, :val1559, :val1560, :val1561, :val1562, :val1563, :val1564, :val1565, :val1566, :val1567, :val1568, :val1569, :val1570, :val1571, :val1572, :val1573, :val1574, :val1575, :val1576, :val1577, :val1578, :val1579, :val1580, :val1581, :val1582, :val1583, :val1584, :val1585, :val1586, :val1587, :val1588, :val1589, :val1590, :val1591, :val1592, :val1593, :val1594, :val1595, :val1596, :val1597, :val1598, :val1599, :val1600, :val1601, :val1602, :val1603, :val1604, :val1605, :val1606, :val1607, :val1608, :val1609, :val1610, :val1611, :val1612, :val1613, :val1614, :val1615, :val1616, :val1617, :val1618, :val1619, :val1620, :val1621, :val1622, :val1623, :val1624, :val1625, :val1626, :val1627, :val1628, :val1629, :val1630, :val1631, :val1632, :val1633, :val1634, :val1635, :val1636, :val1637, :val1638, :val1639, :val1640, :val1641, :val1642, :val1643, :val1644, :val1645, :val1646, :val1647, :val1648, :val1649, :val1650, :val1651, :val1652, :val1653, :val1654, :val1655, :val1656, :val1657, :val1658, :val1659, :val1660, :val1661, :val1662, :val1663, :val1664, :val1665, :val1666, :val1667, :val1668, :val1669, :val1670, :val1671, :val1672, :val1673, :val1674, :val1675, :val1676, :val1677, :val1678, :val1679, :val1680, :val1681, :val1682, :val1683, :val1684, :val1685, :val1686, :val1687, :val1688, :val1689, :val1690, :val1691, :val1692, :val1693, :val1694, :val1695, :val1696, :val1697, :val1698, :val1699, :val1700, :val1701, :val1702, :val1703, :val1704, :val1705, :val1706, :val1707, :val1708, :val1709, :val1710, :val1711, :val1712, :val1713, :val1714, :val1715, :val1716, :val1717, :val1718, :val1719, :val1720, :val1721, :val1722, :val1723, :val1724, :val1725, :val1726, :val1727, :val1728, :val1729, :val1730, :val1731, :val1732, :val1733, :val1734, :val1735, :val1736, :val1737, :val1738, :val1739, :val1740, :val1741, :val1742, :val1743, :val1744, :val1745, :val1746, :val1747, :val1748, :val1749, :val1750, :val1751, :val1752, :val1753, :val1754, :val1755, :val1756, :val1757, :val1758, :val1759, :val1760, :val1761, :val1762, :val1763, :val1764, :val1765, :val1766, :val1767, :val1768, :val1769, :val1770, :val1771, :val1772, :val1773, :val1774, :val1775, :val1776, :val1777, :val1778, :val1779, :val1780, :val1781, :val1782, :val1783, :val1784, :val1785, :val1786, :val1787, :val1788, :val1789, :val1790, :val1791, :val1792, :val1793, :val1794, :val1795, :val1796, :val1797, :val1798, :val1799, :val1800, :val1801, :val1802, :val1803, :val1804, :val1805, :val1806, :val1807, :val1808, :val1809, :val1810, :val1811, :val1812, :val1813, :val1814, :val1815, :val1816, :val1817, :val1818, :val1819, :val1820, :val1821, :val1822, :val1823, :val1824, :val1825, :val1826, :val1827, :val1828, :val1829, :val1830, :val1831, :val1832, :val1833, :val1834, :val1835, :val1836, :val1837, :val1838, :val1839, :val1840, :val1841, :val1842, :val1843, :val1844, :val1845, :val1846, :val1847, :val1848, :val1849, :val1850, :val1851, :val1852, :val1853, :val1854, :val1855, :val1856, :val1857, :val1858, :val1859, :val1860, :val1861, :val1862, :val1863, :val1864, :val1865, :val1866, :val1867, :val1868, :val1869, :val1870, :val1871, :val1872, :val1873, :val1874, :val1875, :val1876, :val1877, :val1878, :val1879, :val1880, :val1881, :val1882, :val1883, :val1884, :val1885, :val1886, :val1887, :val1888, :val1889, :val1890, :val1891, :val1892, :val1893, :val1894, :val1895, :val1896, :val1897, :val1898, :val1899, :val1900, :val1901, :val1902, :val1903, :val1904, :val1905, :val1906, :val1907, :val1908, :val1909, :val1910, :val1911, :val1912, :val1913, :val1914, :val1915, :val1916, :val1917, :val1918, :val1919, :val1920, :val1921, :val1922, :val1923, :val1924, :val1925, :val1926, :val1927, :val1928, :val1929, :val1930, :val1931, :val1932, :val1933, :val1934, :val1935, :val1936, :val1937, :val1938, :val1939, :val1940, :val1941, :val1942, :val1943, :val1944, :val1945, :val1946, :val1947, :val1948, :val1949, :val1950, :val1951, :val1952, :val1953, :val1954, :val1955, :val1956, :val1957, :val1958, :val1959, :val1960, :val1961, :val1962, :val1963, :val1964, :val1965, :val1966, :val1967, :val1968, :val1969, :val1970, :val1971, :val1972, :val1973, :val1974, :val1975, :val1976, :val1977, :val1978, :val1979, :val1980, :val1981, :val1982, :val1983, :val1984, :val1985, :val1986, :val1987, :val1988, :val1989, :val1990, :val1991, :val1992, :val1993, :val1994, :val1995, :val1996, :val1997, :val1998, :val1999, :val2000, :val2001, :val2002, :val2003, :val2004, :val2005, :val2006, :val2007, :val2008, :val2009, :val2010, :val2011, :val2012, :val2013, :val2014, :val2015, :val2016, :val2017, :val2018, :val2019, :val2020, :val2021, :val2022, :val2023, :val2024, :val2025, :val2026, :val2027, :val2028, :val2029, :val2030, :val2031, :val2032, :val2033, :val2034, :val2035, :val2036, :val2037, :val2038, :val2039, :val2040, :val2041, :val2042, :val2043, :val2044, :val2045, :val2046, :val2047, :val2048, :val2049, :val2050, :val2051, :val2052, :val2053, :val2054, :val2055, :val2056, :val2057, :val2058, :val2059, :val2060, :val2061, :val2062, :val2063, :val2064, :val2065, :val2066, :val2067, :val2068, :val2069, :val2070, :val2071, :val2072, :val2073, :val2074, :val2075, :val2076, :val2077, :val2078, :val2079, :val2080, :val2081, :val2082, :val2083, :val2084, :val2085, :val2086, :val2087, :val2088, :val2089, :val2090, :val2091, :val2092, :val2093, :val2094, :val2095, :val2096, :val2097, :val2098, :val2099, :val2100, :val2101, :val2102, :val2103, :val2104, :val2105, :val2106, :val2107, :val2108, :val2109, :val2110, :val2111, :val2112, :val2113, :val2114, :val2115, :val2116, :val2117, :val2118, :val2119, :val2120, :val2121, :val2122, :val2123, :val2124, :val2125, :val2126, :val2127, :val2128, :val2129, :val2130, :val2131, :val2132, :val2133, :val2134, :val2135, :val2136, :val2137, :val2138, :val2139, :val2140, :val2141, :val2142, :val2143, :val2144, :val2145, :val2146, :val2147, :val2148, :val2149, :val2150, :val2151, :val2152, :val2153, :val2154, :val2155, :val2156, :val2157, :val2158, :val2159, :val2160, :val2161, :val2162, :val2163, :val2164, :val2165, :val2166, :val2167, :val2168, :val2169, :val2170, :val2171, :val2172, :val2173, :val2174, :val2175, :val2176, :val2177, :val2178, :val2179, :val2180, :val2181, :val2182, :val2183, :val2184, :val2185, :val2186, :val2187, :val2188, :val2189, :val2190, :val2191, :val2192, :val2193, :val2194, :val2195, :val2196, :val2197, :val2198, :val2199, :val2200, :val2201, :val2202, :val2203, :val2204, :val2205, :val2206, :val2207, :val2208, :val2209, :val2210, :val2211, :val2212, :val2213, :val2214, :val2215, :val2216, :val2217, :val2218, :val2219, :val2220, :val2221, :val2222, :val2223, :val2224, :val2225, :val2226, :val2227, :val2228, :val2229, :val2230, :val2231, :val2232, :val2233, :val2234, :val2235, :val2236, :val2237, :val2238, :val2239, :val2240, :val2241, :val2242, :val2243, :val2244, :val2245, :val2246, :val2247, :val2248, :val2249, :val2250, :val2251, :val2252, :val2253, :val2254, :val2255, :val2256, :val2257, :val2258, :val2259, :val2260, :val2261, :val2262, :val2263, :val2264, :val2265, :val2266, :val2267, :val2268, :val2269, :val2270, :val2271, :val2272, :val2273, :val2274, :val2275, :val2276, :val2277, :val2278, :val2279, :val2280, :val2281, :val2282, :val2283, :val2284, :val2285, :val2286, :val2287, :val2288, :val2289, :val2290, :val2291, :val2292, :val2293, :val2294, :val2295, :val2296, :val2297, :val2298, :val2299, :val2300, :val2301, :val2302, :val2303, :val2304, :val2305, :val2306, :val2307, :val2308, :val2309, :val2310, :val2311, :val2312, :val2313, :val2314, :val2315, :val2316, :val2317, :val2318, :val2319, :val2320, :val2321, :val2322, :val2323, :val2324, :val2325, :val2326, :val2327, :val2328, :val2329, :val2330, :val2331, :val2332, :val2333, :val2334, :val2335, :val2336, :val2337, :val2338, :val2339, :val2340, :val2341, :val2342, :val2343, :val2344, :val2345, :val2346, :val2347, :val2348, :val2349, :val2350, :val2351, :val2352, :val2353, :val2354, :val2355, :val2356, :val2357, :val2358, :val2359, :val2360, :val2361, :val2362, :val2363, :val2364, :val2365, :val2366, :val2367, :val2368, :val2369, :val2370, :val2371, :val2372, :val2373, :val2374, :val2375, :val2376, :val2377, :val2378, :val2379, :val2380, :val2381, :val2382, :val2383, :val2384, :val2385, :val2386, :val2387, :val2388, :val2389, :val2390, :val2391, :val2392, :val2393, :val2394, :val2395, :val2396, :val2397, :val2398, :val2399, :val2400, :val2401, :val2402, :val2403, :val2404, :val2405, :val2406, :val2407, :val2408, :val2409, :val2410, :val2411, :val2412, :val2413, :val2414, :val2415, :val2416, :val2417, :val2418, :val2419, :val2420, :val2421, :val2422, :val2423, :val2424, :val2425, :val2426, :val2427, :val2428, :val2429, :val2430, :val2431, :val2432, :val2433, :val2434, :val2435, :val2436, :val2437, :val2438, :val2439, :val2440, :val2441, :val2442, :val2443, :val2444, :val2445, :val2446, :val2447, :val2448, :val2449, :val2450, :val2451, :val2452, :val2453, :val2454, :val2455, :val2456, :val2457, :val2458, :val2459, :val2460, :val2461, :val2462, :val2463, :val2464, :val2465, :val2466, :val2467, :val2468, :val2469, :val2470, :val2471, :val2472, :val2473, :val2474, :val2475, :val2476, :val2477, :val2478, :val2479, :val2480, :val2481, :val2482, :val2483, :val2484, :val2485, :val2486, :val2487, :val2488, :val2489, :val2490, :val2491, :val2492, :val2493, :val2494, :val2495, :val2496, :val2497, :val2498, :val2499, :val2500, :val2501, :val2502, :val2503, :val2504, :val2505, :val2506, :val2507, :val2508, :val2509, :val2510, :val2511, :val2512, :val2513, :val2514, :val2515, :val2516, :val2517, :val2518, :val2519, :val2520, :val2521, :val2522, :val2523, :val2524, :val2525, :val2526, :val2527, :val2528, :val2529, :val2530, :val2531, :val2532, :val2533, :val2534, :val2535, :val2536, :val2537, :val2538, :val2539, :val2540, :val2541, :val2542, :val2543, :val2544, :val2545, :val2546, :val2547, :val2548, :val2549, :val2550, :val2551, :val2552, :val2553, :val2554, :val2555, :val2556, :val2557, :val2558, :val2559, :val2560, :val2561, :val2562, :val2563, :val2564, :val2565, :val2566, :val2567, :val2568, :val2569, :val2570, :val2571, :val2572, :val2573, :val2574, :val2575, :val2576, :val2577, :val2578, :val2579, :val2580, :val2581, :val2582, :val2583, :val2584, :val2585, :val2586, :val2587, :val2588, :val2589, :val2590, :val2591, :val2592, :val2593, :val2594, :val2595, :val2596, :val2597, :val2598, :val2599, :val2600, :val2601, :val2602, :val2603, :val2604, :val2605, :val2606, :val2607, :val2608, :val2609, :val2610, :val2611, :val2612, :val2613, :val2614, :val2615, :val2616, :val2617, :val2618, :val2619, :val2620, :val2621, :val2622, :val2623, :val2624, :val2625, :val2626, :val2627, :val2628, :val2629, :val2630, :val2631, :val2632, :val2633, :val2634, :val2635, :val2636, :val2637, :val2638, :val2639, :val2640, :val2641, :val2642, :val2643, :val2644, :val2645, :val2646, :val2647, :val2648, :val2649, :val2650, :val2651, :val2652, :val2653, :val2654, :val2655, :val2656, :val2657, :val2658, :val2659, :val2660, :val2661, :val2662, :val2663, :val2664, :val2665, :val2666, :val2667, :val2668, :val2669, :val2670, :val2671, :val2672, :val2673, :val2674, :val2675, :val2676, :val2677, :val2678, :val2679, :val2680, :val2681, :val2682, :val2683, :val2684, :val2685, :val2686, :val2687, :val2688, :val2689, :val2690, :val2691, :val2692, :val2693, :val2694, :val2695, :val2696, :val2697, :val2698, :val2699, :val2700, :val2701, :val2702, :val2703, :val2704, :val2705, :val2706, :val2707, :val2708, :val2709, :val2710, :val2711, :val2712, :val2713, :val2714, :val2715, :val2716, :val2717, :val2718, :val2719, :val2720, :val2721, :val2722, :val2723, :val2724, :val2725, :val2726, :val2727, :val2728, :val2729, :val2730, :val2731, :val2732, :val2733, :val2734, :val2735, :val2736, :val2737, :val2738, :val2739, :val2740, :val2741, :val2742, :val2743, :val2744, :val2745, :val2746, :val2747, :val2748, :val2749, :val2750, :val2751, :val2752, :val2753, :val2754, :val2755, :val2756, :val2757, :val2758, :val2759, :val2760, :val2761, :val2762, :val2763, :val2764, :val2765, :val2766, :val2767, :val2768, :val2769, :val2770, :val2771, :val2772, :val2773, :val2774, :val2775, :val2776, :val2777, :val2778, :val2779, :val2780, :val2781, :val2782, :val2783, :val2784, :val2785, :val2786, :val2787, :val2788, :val2789, :val2790, :val2791, :val2792, :val2793, :val2794, :val2795, :val2796, :val2797, :val2798, :val2799, :val2800, :val2801, :val2802, :val2803, :val2804, :val2805, :val2806, :val2807, :val2808, :val2809, :val2810, :val2811, :val2812, :val2813, :val2814, :val2815, :val2816, :val2817, :val2818, :val2819, :val2820, :val2821, :val2822, :val2823, :val2824, :val2825, :val2826, :val2827, :val2828, :val2829, :val2830, :val2831, :val2832, :val2833, :val2834, :val2835, :val2836, :val2837, :val2838, :val2839, :val2840, :val2841, :val2842, :val2843, :val2844, :val2845, :val2846, :val2847, :val2848, :val2849, :val2850, :val2851, :val2852, :val2853, :val2854, :val2855, :val2856, :val2857, :val2858, :val2859, :val2860, :val2861, :val2862, :val2863, :val2864, :val2865, :val2866, :val2867, :val2868, :val2869, :val2870, :val2871, :val2872, :val2873, :val2874, :val2875, :val2876, :val2877, :val2878, :val2879, :val2880, :val2881, :val2882, :val2883, :val2884, :val2885, :val2886, :val2887, :val2888, :val2889, :val2890, :val2891, :val2892, :val2893, :val2894, :val2895, :val2896, :val2897, :val2898, :val2899, :val2900, :val2901, :val2902, :val2903, :val2904, :val2905, :val2906, :val2907, :val2908, :val2909, :val2910, :val2911, :val2912, :val2913, :val2914, :val2915, :val2916, :val2917, :val2918, :val2919, :val2920, :val2921, :val2922, :val2923, :val2924, :val2925, :val2926, :val2927, :val2928, :val2929, :val2930, :val2931, :val2932, :val2933, :val2934, :val2935, :val2936, :val2937, :val2938, :val2939, :val2940, :val2941, :val2942, :val2943, :val2944, :val2945, :val2946, :val2947, :val2948, :val2949, :val2950, :val2951, :val2952, :val2953, :val2954, :val2955, :val2956, :val2957, :val2958, :val2959, :val2960, :val2961, :val2962, :val2963, :val2964, :val2965, :val2966, :val2967, :val2968, :val2969, :val2970, :val2971, :val2972, :val2973, :val2974, :val2975, :val2976, :val2977, :val2978, :val2979, :val2980, :val2981, :val2982, :val2983, :val2984, :val2985, :val2986, :val2987, :val2988, :val2989, :val2990, :val2991, :val2992, :val2993, :val2994, :val2995, :val2996, :val2997, :val2998, :val2999, :val3000, :val3001, :val3002, :val3003, :val3004, :val3005, :val3006, :val3007, :val3008, :val3009, :val3010, :val3011, :val3012, :val3013, :val3014, :val3015, :val3016, :val3017, :val3018, :val3019, :val3020, :val3021, :val3022, :val3023, :val3024, :val3025, :val3026, :val3027, :val3028, :val3029, :val3030, :val3031, :val3032, :val3033, :val3034, :val3035, :val3036, :val3037, :val3038, :val3039, :val3040, :val3041, :val3042, :val3043, :val3044, :val3045, :val3046, :val3047, :val3048, :val3049, :val3050, :val3051, :val3052, :val3053, :val3054, :val3055, :val3056, :val3057, :val3058, :val3059, :val3060, :val3061, :val3062, :val3063, :val3064, :val3065, :val3066, :val3067, :val3068, :val3069, :val3070, :val3071, :val3072, :val3073, :val3074, :val3075, :val3076, :val3077, :val3078, :val3079, :val3080, :val3081, :val3082, :val3083, :val3084, :val3085, :val3086, :val3087, :val3088, :val3089, :val3090, :val3091, :val3092, :val3093, :val3094, :val3095, :val3096, :val3097, :val3098, :val3099, :val3100, :val3101, :val3102, :val3103, :val3104, :val3105, :val3106, :val3107, :val3108, :val3109, :val3110, :val3111, :val3112, :val3113, :val3114, :val3115, :val3116, :val3117, :val3118, :val3119, :val3120, :val3121, :val3122, :val3123, :val3124, :val3125, :val3126, :val3127, :val3128, :val3129, :val3130, :val3131, :val3132, :val3133, :val3134, :val3135, :val3136, :val3137, :val3138, :val3139, :val3140, :val3141, :val3142, :val3143, :val3144, :val3145, :val3146, :val3147, :val3148, :val3149, :val3150, :val3151, :val3152, :val3153, :val3154, :val3155, :val3156, :val3157, :val3158, :val3159, :val3160, :val3161, :val3162, :val3163, :val3164, :val3165, :val3166, :val3167, :val3168, :val3169, :val3170, :val3171, :val3172, :val3173, :val3174, :val3175, :val3176, :val3177, :val3178, :val3179, :val3180, :val3181, :val3182, :val3183, :val3184, :val3185, :val3186, :val3187, :val3188, :val3189, :val3190, :val3191, :val3192, :val3193, :val3194, :val3195, :val3196, :val3197, :val3198, :val3199, :val3200, :val3201, :val3202, :val3203, :val3204, :val3205, :val3206, :val3207, :val3208, :val3209, :val3210, :val3211, :val3212, :val3213, :val3214, :val3215, :val3216, :val3217, :val3218, :val3219, :val3220, :val3221, :val3222, :val3223, :val3224, :val3225, :val3226, :val3227, :val3228, :val3229, :val3230, :val3231, :val3232, :val3233, :val3234, :val3235, :val3236, :val3237, :val3238, :val3239, :val3240, :val3241, :val3242, :val3243, :val3244, :val3245, :val3246, :val3247, :val3248, :val3249, :val3250, :val3251, :val3252, :val3253, :val3254, :val3255, :val3256, :val3257, :val3258, :val3259, :val3260, :val3261, :val3262, :val3263, :val3264, :val3265, :val3266, :val3267, :val3268, :val3269, :val3270, :val3271, :val3272, :val3273, :val3274, :val3275, :val3276, :val3277, :val3278, :val3279, :val3280, :val3281, :val3282, :val3283, :val3284, :val3285, :val3286, :val3287, :val3288, :val3289, :val3290, :val3291, :val3292, :val3293, :val3294, :val3295, :val3296, :val3297, :val3298, :val3299, :val3300, :val3301, :val3302, :val3303, :val3304, :val3305, :val3306, :val3307, :val3308, :val3309, :val3310, :val3311, :val3312, :val3313, :val3314, :val3315, :val3316, :val3317, :val3318, :val3319, :val3320, :val3321, :val3322, :val3323, :val3324, :val3325, :val3326, :val3327, :val3328, :val3329, :val3330, :val3331, :val3332, :val3333, :val3334, :val3335, :val3336, :val3337, :val3338, :val3339, :val3340, :val3341, :val3342, :val3343, :val3344, :val3345, :val3346, :val3347, :val3348, :val3349, :val3350, :val3351, :val3352, :val3353, :val3354, :val3355, :val3356, :val3357, :val3358, :val3359, :val3360, :val3361, :val3362, :val3363, :val3364, :val3365, :val3366, :val3367, :val3368, :val3369, :val3370, :val3371, :val3372, :val3373, :val3374, :val3375, :val3376, :val3377, :val3378, :val3379, :val3380, :val3381, :val3382, :val3383, :val3384, :val3385, :val3386, :val3387, :val3388, :val3389, :val3390, :val3391, :val3392, :val3393, :val3394, :val3395, :val3396, :val3397, :val3398, :val3399, :val3400, :val3401, :val3402, :val3403, :val3404, :val3405, :val3406, :val3407, :val3408, :val3409, :val3410, :val3411, :val3412, :val3413, :val3414, :val3415, :val3416, :val3417, :val3418, :val3419, :val3420, :val3421, :val3422, :val3423, :val3424, :val3425, :val3426, :val3427, :val3428, :val3429, :val3430, :val3431, :val3432, :val3433, :val3434, :val3435, :val3436, :val3437, :val3438, :val3439, :val3440, :val3441, :val3442, :val3443, :val3444, :val3445, :val3446, :val3447, :val3448, :val3449, :val3450, :val3451, :val3452, :val3453, :val3454, :val3455, :val3456, :val3457, :val3458, :val3459, :val3460, :val3461, :val3462, :val3463, :val3464, :val3465, :val3466, :val3467, :val3468, :val3469, :val3470, :val3471, :val3472, :val3473, :val3474, :val3475, :val3476, :val3477, :val3478, :val3479, :val3480, :val3481, :val3482, :val3483, :val3484, :val3485, :val3486, :val3487, :val3488, :val3489, :val3490, :val3491, :val3492, :val3493, :val3494, :val3495, :val3496, :val3497, :val3498, :val3499, :val3500, :val3501, :val3502, :val3503, :val3504, :val3505, :val3506, :val3507, :val3508, :val3509, :val3510, :val3511, :val3512, :val3513, :val3514, :val3515, :val3516, :val3517, :val3518, :val3519, :val3520, :val3521, :val3522, :val3523, :val3524, :val3525, :val3526, :val3527, :val3528, :val3529, :val3530, :val3531, :val3532, :val3533, :val3534, :val3535, :val3536, :val3537, :val3538, :val3539, :val3540, :val3541, :val3542, :val3543, :val3544, :val3545, :val3546, :val3547, :val3548, :val3549, :val3550, :val3551, :val3552, :val3553, :val3554, :val3555, :val3556, :val3557, :val3558, :val3559, :val3560, :val3561, :val3562, :val3563, :val3564, :val3565, :val3566, :val3567, :val3568, :val3569, :val3570, :val3571, :val3572, :val3573, :val3574, :val3575, :val3576, :val3577, :val3578, :val3579, :val3580, :val3581, :val3582, :val3583, :val3584, :val3585, :val3586, :val3587, :val3588, :val3589, :val3590, :val3591, :val3592, :val3593, :val3594, :val3595, :val3596, :val3597, :val3598, :val3599, :val3600, :val3601, :val3602, :val3603, :val3604, :val3605, :val3606, :val3607, :val3608, :val3609, :val3610, :val3611, :val3612, :val3613, :val3614, :val3615, :val3616, :val3617, :val3618, :val3619, :val3620, :val3621, :val3622, :val3623, :val3624, :val3625, :val3626, :val3627, :val3628, :val3629, :val3630, :val3631, :val3632, :val3633, :val3634, :val3635, :val3636, :val3637, :val3638, :val3639, :val3640, :val3641, :val3642, :val3643, :val3644, :val3645, :val3646, :val3647, :val3648, :val3649, :val3650, :val3651, :val3652, :val3653, :val3654, :val3655, :val3656, :val3657, :val3658, :val3659, :val3660, :val3661, :val3662, :val3663, :val3664, :val3665, :val3666, :val3667, :val3668, :val3669, :val3670, :val3671, :val3672, :val3673, :val3674, :val3675, :val3676, :val3677, :val3678, :val3679, :val3680, :val3681, :val3682, :val3683, :val3684, :val3685, :val3686, :val3687, :val3688, :val3689, :val3690, :val3691, :val3692, :val3693, :val3694, :val3695, :val3696, :val3697, :val3698, :val3699, :val3700, :val3701, :val3702, :val3703, :val3704, :val3705, :val3706, :val3707, :val3708, :val3709, :val3710, :val3711, :val3712, :val3713, :val3714, :val3715, :val3716, :val3717, :val3718, :val3719, :val3720, :val3721, :val3722, :val3723, :val3724, :val3725, :val3726, :val3727, :val3728, :val3729, :val3730, :val3731, :val3732, :val3733, :val3734, :val3735, :val3736, :val3737, :val3738, :val3739, :val3740, :val3741, :val3742, :val3743, :val3744, :val3745, :val3746, :val3747, :val3748, :val3749, :val3750, :val3751, :val3752, :val3753, :val3754, :val3755, :val3756, :val3757, :val3758, :val3759, :val3760, :val3761, :val3762, :val3763, :val3764, :val3765, :val3766, :val3767, :val3768, :val3769, :val3770, :val3771, :val3772, :val3773, :val3774, :val3775, :val3776, :val3777, :val3778, :val3779, :val3780, :val3781, :val3782, :val3783, :val3784, :val3785, :val3786, :val3787, :val3788, :val3789, :val3790, :val3791, :val3792, :val3793, :val3794, :val3795, :val3796, :val3797, :val3798, :val3799, :val3800, :val3801, :val3802, :val3803, :val3804, :val3805, :val3806, :val3807, :val3808, :val3809, :val3810, :val3811, :val3812, :val3813, :val3814, :val3815, :val3816, :val3817, :val3818, :val3819, :val3820, :val3821, :val3822, :val3823, :val3824, :val3825, :val3826, :val3827, :val3828, :val3829, :val3830, :val3831, :val3832, :val3833, :val3834, :val3835, :val3836, :val3837, :val3838, :val3839, :val3840, :val3841, :val3842, :val3843, :val3844, :val3845, :val3846, :val3847, :val3848, :val3849, :val3850, :val3851, :val3852, :val3853, :val3854, :val3855, :val3856, :val3857, :val3858, :val3859, :val3860, :val3861, :val3862, :val3863, :val3864, :val3865, :val3866, :val3867, :val3868, :val3869, :val3870, :val3871, :val3872, :val3873, :val3874, :val3875, :val3876, :val3877, :val3878, :val3879, :val3880, :val3881, :val3882, :val3883, :val3884, :val3885, :val3886, :val3887, :val3888, :val3889, :val3890, :val3891, :val3892, :val3893, :val3894, :val3895, :val3896, :val3897, :val3898, :val3899, :val3900, :val3901, :val3902, :val3903, :val3904, :val3905, :val3906, :val3907, :val3908, :val3909, :val3910, :val3911, :val3912, :val3913, :val3914, :val3915, :val3916, :val3917, :val3918, :val3919, :val3920, :val3921, :val3922, :val3923, :val3924, :val3925, :val3926, :val3927, :val3928, :val3929, :val3930, :val3931, :val3932, :val3933, :val3934, :val3935, :val3936, :val3937, :val3938, :val3939, :val3940, :val3941, :val3942, :val3943, :val3944, :val3945, :val3946, :val3947, :val3948, :val3949, :val3950, :val3951, :val3952, :val3953, :val3954, :val3955, :val3956, :val3957, :val3958, :val3959, :val3960, :val3961, :val3962, :val3963, :val3964, :val3965, :val3966, :val3967, :val3968, :val3969, :val3970, :val3971, :val3972, :val3973, :val3974, :val3975, :val3976, :val3977, :val3978, :val3979, :val3980, :val3981, :val3982, :val3983, :val3984, :val3985, :val3986, :val3987, :val3988, :val3989, :val3990, :val3991, :val3992, :val3993, :val3994, :val3995, :val3996, :val3997, :val3998, :val3999, :val4000, :val4001, :val4002, :val4003, :val4004, :val4005, :val4006, :val4007, :val4008, :val4009, :val4010, :val4011, :val4012, :val4013, :val4014, :val4015, :val4016, :val4017, :val4018, :val4019, :val4020, :val4021, :val4022, :val4023, :val4024, :val4025, :val4026, :val4027, :val4028, :val4029, :val4030, :val4031, :val4032, :val4033, :val4034, :val4035, :val4036, :val4037, :val4038, :val4039, :val4040, :val4041, :val4042, :val4043, :val4044, :val4045, :val4046, :val4047, :val4048, :val4049, :val4050, :val4051, :val4052, :val4053, :val4054, :val4055, :val4056, :val4057, :val4058, :val4059, :val4060, :val4061, :val4062, :val4063, :val4064, :val4065, :val4066, :val4067, :val4068, :val4069, :val4070, :val4071, :val4072, :val4073, :val4074, :val4075, :val4076, :val4077, :val4078, :val4079, :val4080, :val4081, :val4082, :val4083, :val4084, :val4085, :val4086, :val4087, :val4088, :val4089, :val4090, :val4091, :val4092, :val4093, :val4094, :val4095, :val4096, :val4097, :val4098, :val4099, :val4100, :val4101, :val4102, :val4103, :val4104, :val4105, :val4106, :val4107, :val4108, :val4109, :val4110, :val4111, :val4112, :val4113, :val4114, :val4115, :val4116, :val4117, :val4118, :val4119, :val4120, :val4121, :val4122, :val4123, :val4124, :val4125, :val4126, :val4127, :val4128, :val4129, :val4130, :val4131, :val4132, :val4133, :val4134, :val4135, :val4136, :val4137, :val4138, :val4139, :val4140, :val4141, :val4142, :val4143, :val4144, :val4145, :val4146, :val4147, :val4148, :val4149, :val4150, :val4151, :val4152, :val4153, :val4154, :val4155, :val4156, :val4157, :val4158, :val4159, :val4160, :val4161, :val4162, :val4163, :val4164, :val4165, :val4166, :val4167, :val4168, :val4169, :val4170, :val4171, :val4172, :val4173, :val4174, :val4175, :val4176, :val4177, :val4178, :val4179, :val4180, :val4181, :val4182, :val4183, :val4184, :val4185, :val4186, :val4187, :val4188, :val4189, :val4190, :val4191, :val4192, :val4193, :val4194, :val4195, :val4196, :val4197, :val4198, :val4199, :val4200, :val4201, :val4202, :val4203, :val4204, :val4205, :val4206, :val4207, :val4208, :val4209, :val4210, :val4211, :val4212, :val4213, :val4214, :val4215, :val4216, :val4217, :val4218, :val4219, :val4220, :val4221, :val4222, :val4223, :val4224, :val4225, :val4226, :val4227, :val4228, :val4229, :val4230, :val4231, :val4232, :val4233, :val4234, :val4235, :val4236, :val4237, :val4238, :val4239, :val4240, :val4241, :val4242, :val4243, :val4244, :val4245, :val4246, :val4247, :val4248, :val4249, :val4250, :val4251, :val4252, :val4253, :val4254, :val4255, :val4256, :val4257, :val4258, :val4259, :val4260, :val4261, :val4262, :val4263, :val4264, :val4265, :val4266, :val4267, :val4268, :val4269, :val4270, :val4271, :val4272, :val4273, :val4274, :val4275, :val4276, :val4277, :val4278, :val4279, :val4280, :val4281, :val4282, :val4283, :val4284, :val4285, :val4286, :val4287, :val4288, :val4289, :val4290, :val4291, :val4292, :val4293, :val4294, :val4295, :val4296, :val4297, :val4298, :val4299, :val4300, :val4301, :val4302, :val4303, :val4304, :val4305, :val4306, :val4307, :val4308, :val4309, :val4310, :val4311, :val4312, :val4313, :val4314, :val4315, :val4316, :val4317, :val4318, :val4319, :val4320, :val4321, :val4322, :val4323, :val4324, :val4325, :val4326, :val4327, :val4328, :val4329, :val4330, :val4331, :val4332, :val4333, :val4334, :val4335, :val4336, :val4337, :val4338, :val4339, :val4340, :val4341, :val4342, :val4343, :val4344, :val4345, :val4346, :val4347, :val4348, :val4349, :val4350, :val4351, :val4352, :val4353, :val4354, :val4355, :val4356, :val4357, :val4358, :val4359, :val4360, :val4361, :val4362, :val4363, :val4364, :val4365, :val4366, :val4367, :val4368, :val4369, :val4370, :val4371, :val4372, :val4373, :val4374, :val4375, :val4376, :val4377, :val4378, :val4379, :val4380, :val4381, :val4382, :val4383, :val4384, :val4385, :val4386, :val4387, :val4388, :val4389, :val4390, :val4391, :val4392, :val4393, :val4394, :val4395, :val4396, :val4397, :val4398, :val4399, :val4400, :val4401, :val4402, :val4403, :val4404, :val4405, :val4406, :val4407, :val4408, :val4409, :val4410, :val4411, :val4412, :val4413, :val4414, :val4415, :val4416, :val4417, :val4418, :val4419, :val4420, :val4421, :val4422, :val4423, :val4424, :val4425, :val4426, :val4427, :val4428, :val4429, :val4430, :val4431, :val4432, :val4433, :val4434, :val4435, :val4436, :val4437, :val4438, :val4439, :val4440, :val4441, :val4442, :val4443, :val4444, :val4445, :val4446, :val4447, :val4448, :val4449, :val4450, :val4451, :val4452, :val4453, :val4454, :val4455, :val4456, :val4457, :val4458, :val4459, :val4460, :val4461, :val4462, :val4463, :val4464, :val4465, :val4466, :val4467, :val4468, :val4469, :val4470, :val4471, :val4472, :val4473, :val4474, :val4475, :val4476, :val4477, :val4478, :val4479, :val4480, :val4481, :val4482, :val4483, :val4484, :val4485, :val4486, :val4487, :val4488, :val4489, :val4490, :val4491, :val4492, :val4493, :val4494, :val4495, :val4496, :val4497, :val4498, :val4499, :val4500, :val4501, :val4502, :val4503, :val4504, :val4505, :val4506, :val4507, :val4508, :val4509, :val4510, :val4511, :val4512, :val4513, :val4514, :val4515, :val4516, :val4517, :val4518, :val4519, :val4520, :val4521, :val4522, :val4523, :val4524, :val4525, :val4526, :val4527, :val4528, :val4529, :val4530, :val4531, :val4532, :val4533, :val4534, :val4535, :val4536, :val4537, :val4538, :val4539, :val4540, :val4541, :val4542, :val4543, :val4544, :val4545, :val4546, :val4547, :val4548, :val4549, :val4550, :val4551, :val4552, :val4553, :val4554, :val4555, :val4556, :val4557, :val4558, :val4559, :val4560, :val4561, :val4562, :val4563, :val4564, :val4565, :val4566, :val4567, :val4568, :val4569, :val4570, :val4571, :val4572, :val4573, :val4574, :val4575, :val4576, :val4577, :val4578, :val4579, :val4580, :val4581, :val4582, :val4583, :val4584, :val4585, :val4586, :val4587, :val4588, :val4589, :val4590, :val4591, :val4592, :val4593, :val4594, :val4595, :val4596, :val4597, :val4598, :val4599, :val4600, :val4601, :val4602, :val4603, :val4604, :val4605, :val4606, :val4607, :val4608, :val4609, :val4610, :val4611, :val4612, :val4613, :val4614, :val4615, :val4616, :val4617, :val4618, :val4619, :val4620, :val4621, :val4622, :val4623, :val4624, :val4625, :val4626, :val4627, :val4628, :val4629, :val4630, :val4631, :val4632, :val4633, :val4634, :val4635, :val4636, :val4637, :val4638, :val4639, :val4640, :val4641, :val4642, :val4643, :val4644, :val4645, :val4646, :val4647, :val4648, :val4649, :val4650, :val4651, :val4652, :val4653, :val4654, :val4655, :val4656, :val4657, :val4658, :val4659, :val4660, :val4661, :val4662, :val4663, :val4664, :val4665, :val4666, :val4667, :val4668, :val4669, :val4670, :val4671, :val4672, :val4673, :val4674, :val4675, :val4676, :val4677, :val4678, :val4679, :val4680, :val4681, :val4682, :val4683, :val4684, :val4685, :val4686, :val4687, :val4688, :val4689, :val4690, :val4691, :val4692, :val4693, :val4694, :val4695, :val4696, :val4697, :val4698, :val4699, :val4700, :val4701, :val4702, :val4703, :val4704, :val4705, :val4706, :val4707, :val4708, :val4709, :val4710, :val4711, :val4712, :val4713, :val4714, :val4715, :val4716, :val4717, :val4718, :val4719, :val4720, :val4721, :val4722, :val4723, :val4724, :val4725, :val4726, :val4727, :val4728, :val4729, :val4730, :val4731, :val4732, :val4733, :val4734, :val4735, :val4736, :val4737, :val4738, :val4739, :val4740, :val4741, :val4742, :val4743, :val4744, :val4745, :val4746, :val4747, :val4748, :val4749, :val4750, :val4751, :val4752, :val4753, :val4754, :val4755, :val4756, :val4757, :val4758, :val4759, :val4760, :val4761, :val4762, :val4763, :val4764, :val4765, :val4766, :val4767, :val4768, :val4769, :val4770, :val4771, :val4772, :val4773, :val4774, :val4775, :val4776, :val4777, :val4778, :val4779, :val4780, :val4781, :val4782, :val4783, :val4784, :val4785, :val4786, :val4787, :val4788, :val4789, :val4790, :val4791, :val4792, :val4793, :val4794, :val4795, :val4796, :val4797, :val4798, :val4799, :val4800, :val4801, :val4802, :val4803, :val4804, :val4805, :val4806, :val4807, :val4808, :val4809, :val4810, :val4811, :val4812, :val4813, :val4814, :val4815, :val4816, :val4817, :val4818, :val4819, :val4820, :val4821, :val4822, :val4823, :val4824, :val4825, :val4826, :val4827, :val4828, :val4829, :val4830, :val4831, :val4832, :val4833, :val4834, :val4835, :val4836, :val4837, :val4838, :val4839, :val4840, :val4841, :val4842, :val4843, :val4844, :val4845, :val4846, :val4847, :val4848, :val4849, :val4850, :val4851, :val4852, :val4853, :val4854, :val4855, :val4856, :val4857, :val4858, :val4859, :val4860, :val4861, :val4862, :val4863, :val4864, :val4865, :val4866, :val4867, :val4868, :val4869, :val4870, :val4871, :val4872, :val4873, :val4874, :val4875, :val4876, :val4877, :val4878, :val4879, :val4880, :val4881, :val4882, :val4883, :val4884, :val4885, :val4886, :val4887, :val4888, :val4889, :val4890, :val4891, :val4892, :val4893, :val4894, :val4895, :val4896, :val4897, :val4898, :val4899, :val4900, :val4901, :val4902, :val4903, :val4904, :val4905, :val4906, :val4907, :val4908, :val4909, :val4910, :val4911, :val4912, :val4913, :val4914, :val4915, :val4916, :val4917, :val4918, :val4919, :val4920, :val4921, :val4922, :val4923, :val4924, :val4925, :val4926, :val4927, :val4928, :val4929, :val4930, :val4931, :val4932, :val4933, :val4934, :val4935, :val4936, :val4937, :val4938, :val4939, :val4940, :val4941, :val4942, :val4943, :val4944, :val4945, :val4946, :val4947, :val4948, :val4949, :val4950, :val4951, :val4952, :val4953, :val4954, :val4955, :val4956, :val4957, :val4958, :val4959, :val4960, :val4961, :val4962, :val4963, :val4964, :val4965, :val4966, :val4967, :val4968, :val4969, :val4970, :val4971, :val4972, :val4973, :val4974, :val4975, :val4976, :val4977, :val4978, :val4979, :val4980, :val4981, :val4982, :val4983, :val4984, :val4985, :val4986, :val4987, :val4988, :val4989, :val4990, :val4991, :val4992, :val4993, :val4994, :val4995, :val4996, :val4997, :val4998)
2025-06-02 10:23:37,566 ChatBI->     INFO     query: {query} 处理完毕
2025-06-02 10:26:10,928 ChatBI->     INFO     案例库查询
2025-06-02 10:26:10,967 ChatBI->     INFO     案例库查询结果: ["{'query': '去年有多少起社保业务办理的咨询事件', '目标列': ['内容描述'], '条件列': {'工单生成时间': '去年', '四级分类': '社保业务办理', '工单类型': '咨询类'}}", "{'query': '近半年医保相关的咨询事件有多少起', '目标列': ['工单类型'], '条件列': {'四级分类': '医保', '工单类型': '咨询类', '工单生成时间': '近半年'}}", "{'query': '医保相关的咨询事件有那些', '目标列': ['内容描述'], '条件列': {'四级分类': '医保相关', '工单类型': '咨询类'}}"]
2025-06-02 10:26:11,868 ChatBI->     INFO     schema linking: {'target_columns': ['工单生成时间', '内容描述'], 'condition_columns': {'工单类型': '咨询类', '内容描述': '社保'}}
2025-06-02 10:26:13,274 ChatBI->     INFO     任务类型: SQL
2025-06-02 10:26:15,095 ChatBI->     INFO     stad sql: SELECT DATE_FORMAT(`工单生成时间`, '%Y-%m-%d %H:00:00') AS `小时`, COUNT(*) AS `数量` FROM shanghai WHERE `工单类型` = '咨询类' AND `内容描述` LIKE '%社保%' GROUP BY `小时` ORDER BY `小时` LIMIT 5000;
2025-06-02 10:26:15,097 ChatBI->     INFO     非结构化信息为: {"`内容描述` LIKE '%社保%'": '社保'}
2025-06-02 10:26:15,097 ChatBI->     INFO     开始语义分析 ..  .. 
2025-06-02 10:26:15,369 ChatBI->     INFO     社保 的命名实体判别： no
2025-06-02 10:26:15,370 ChatBI->     INFO     开始对非结构化文档【粗略】检索
2025-06-02 10:26:15,886 ChatBI->     INFO     检索到的文档总数量为：5000
2025-06-02 10:26:16,186 ChatBI->     INFO     开始对非结构化文档【深度】检索
2025-06-02 10:26:16,369 ChatBI->     INFO     step_scores: ['yes', 'yes', 'yes', 'yes', 'yes', 'yes', 'yes', 'yes', 'yes', 'yes']
2025-06-02 10:26:16,369 ChatBI->     INFO     层级抽取文档： 市民来电咨询:缴纳社保公司分为两部门，社保平台缴费社保。 ==> yes  
2025-06-02 10:26:16,369 ChatBI->     INFO     层级抽取文档： 市民来电咨询:是个体工商户的夫妻两人交社保，目前扣社保的对公账户卡被冻结，能不能用灵活方式或其它方式交社保，公司名称不方便留，是注册在崇明区的，诉求：希望管理部门予以告知交社保的问题。 ==> yes  
2025-06-02 10:26:16,369 ChatBI->     INFO     层级抽取文档： 市民来电反映相同问题【最近派发的工单编号:20241006019999，工单内容:市民来电反映:其表示此单位没有缴纳社保，没有签过劳动合同，2010年-2019年都没有给其缴纳社保，在这些年间只缴纳了2013和2014年的社保，诉求：要求尽快把没有缴纳的社保都补上。（需回复）】 ==> yes  
2025-06-02 10:26:16,369 ChatBI->     INFO     层级抽取文档： 【为企服务】市民来电咨询:其是企业，要咨询要给员工补缴2015年4月-2015年12月的社保，如资料不齐全怎么办。 ==> yes  
2025-06-02 10:26:16,369 ChatBI->     INFO     层级抽取文档： 市民来电咨询:如何查询单位和个人缴纳的社保金。 ==> yes  
2025-06-02 10:26:16,369 ChatBI->     INFO     层级抽取文档： 市民来电咨询:市民以前的社保在江苏，现在单位帮缴纳了上海的社保，江苏的社保卡还能使用，是否要更换上海的社保卡，查询社保记录的渠道。 ==> yes  
2025-06-02 10:26:16,370 ChatBI->     INFO     层级抽取文档： 市民来电咨询:企业要给员工缴纳社保，不清楚通过哪个渠道。 ==> yes  
2025-06-02 10:26:16,370 ChatBI->     INFO     层级抽取文档： 市民来电咨询:其人在厦门，但是公司缴纳的社保在上海，咨询社保如何办理转移。 ==> yes  
2025-06-02 10:26:16,370 ChatBI->     INFO     层级抽取文档： 市民来电咨询:其自己开的公司上半年没有缴纳社保，本月缴纳社保，在柜台咨询医保需要下个月才能使用，十分可以加急。 ==> yes  
2025-06-02 10:26:16,370 ChatBI->     INFO     层级抽取文档： 市民来电咨询:杭州社保缴纳。 ==> yes  
2025-06-02 10:26:16,605 ChatBI->     INFO     step_scores: ['yes', 'yes', 'yes', 'yes', 'yes', 'yes', 'yes', 'yes', 'yes', 'yes']
2025-06-02 10:26:16,605 ChatBI->     INFO     层级抽取文档： 市民来电咨询:原来在安徽交社保，现在想在上海交社保，询问如何转移 ==> yes  
2025-06-02 10:26:16,605 ChatBI->     INFO     层级抽取文档： 市民来电咨询:社保暂停了市民咨询如何要转到外省市。 ==> yes  
2025-06-02 10:26:16,605 ChatBI->     INFO     层级抽取文档： 市民来电咨询:市民之前在上海交纳社保，目前去云南，询问社保关系如何转移。 ==> yes  
2025-06-02 10:26:16,605 ChatBI->     INFO     层级抽取文档： 市民来电咨询:在本市的社保停缴以后，如果将社保账户转移到外省市，是否可以提取个人缴纳部门 ==> yes  
2025-06-02 10:26:16,605 ChatBI->     INFO     层级抽取文档： 市民来电咨询:4月1日入职单位，单位没有来电及做参保登记，表示4月份的社保要6月份才能交，其担心补交汇影响后续购房，故咨询。 ==> yes  
2025-06-02 10:26:16,605 ChatBI->     INFO     层级抽取文档： 市民来电反映:8月20日退休了，社保没有满15年，随后自己交灵活就业交了9-10月份，11月份找到新的单位帮其继续交，其到街道办理，但是11月份灵活就业社保又扣费，单位无法缴纳社保了，身份证352122197308204227，诉求：灵活就业退出。 ==> yes  
2025-06-02 10:26:16,605 ChatBI->     INFO     层级抽取文档： 市民来电反映:其曾在上述公司做电工。1999年7月到2001年共有21个月公司没有为其缴社保。诉求：要求补缴社保。 ==> yes  
2025-06-02 10:26:16,605 ChatBI->     INFO     层级抽取文档： 市民来电咨询:社保的金融账户需要激活。 ==> yes  
2025-06-02 10:26:16,605 ChatBI->     INFO     层级抽取文档： 市民来电反映:市民在上海交社保，配偶没有社保，在外地生孩子是否可以使用市民的生育保险。 ==> yes  
2025-06-02 10:26:16,605 ChatBI->     INFO     层级抽取文档： 市民来电咨询:外省市户籍在外地缴纳了十几年社保，在上海也缴纳了十几年社保，是否可以在上海办理退休。 ==> yes  
2025-06-02 10:26:16,816 ChatBI->     INFO     step_scores: ['yes', 'yes', 'yes', 'yes', 'yes', 'yes', 'yes', 'yes', 'yes', 'yes']
2025-06-02 10:26:16,816 ChatBI->     INFO     层级抽取文档： 市民来电咨询:社保缴纳和退休的问题。 ==> yes  
2025-06-02 10:26:16,817 ChatBI->     INFO     层级抽取文档： 市民来电咨询:其在本市参保一直没有申请社保卡现想知道如何申请社保卡，有哪些银行支持办理。 ==> yes  
2025-06-02 10:26:16,817 ChatBI->     INFO     层级抽取文档： 市民来电咨询:企业为职工办理了社保登记缴纳社保费用，职工如何申领新版社保卡 ==> yes  
2025-06-02 10:26:16,817 ChatBI->     INFO     层级抽取文档： 市民来电咨询:领取失业保险金期间，社保是否有缴纳，具体什么政策 ==> yes  
2025-06-02 10:26:16,817 ChatBI->     INFO     层级抽取文档： 市民来电咨询:公司员工3月份社保未缴纳，5月份要缴纳3月份、4月份的社保，是否是一起补缴。  ==> yes  
2025-06-02 10:26:16,817 ChatBI->     INFO     层级抽取文档： 市民来电咨询:其5月份退休，4月份缴纳一次社保跟其不交4月份的社保对退休有什么区别。 ==> yes  
2025-06-02 10:26:16,817 ChatBI->     INFO     层级抽取文档： 市民来电咨询:12月29日登记为失业，离职后公司为其缴纳社保，社保金额没有入账。 ==> yes  
2025-06-02 10:26:16,817 ChatBI->     INFO     层级抽取文档： 市民来电反映:企业与其解除劳动合同除了经济补偿金，社保缴纳是否有补偿。 ==> yes  
2025-06-02 10:26:16,817 ChatBI->     INFO     层级抽取文档： 市民来电咨询:社保与公积金缴纳基数是否必须一致。（需回复） ==> yes  
2025-06-02 10:26:16,817 ChatBI->     INFO     层级抽取文档： 市民来电咨询:外省市户籍，从未参加上海社保，12月有入职，1月开始缴纳社保，咨询其医保何时开始享受。 ==> yes  
2025-06-02 10:26:17,015 ChatBI->     INFO     step_scores: ['yes', 'yes', 'yes', 'yes', 'yes', 'yes', 'yes', 'yes', 'yes', 'yes']
2025-06-02 10:26:17,015 ChatBI->     INFO     层级抽取文档： 市民来电咨询:市民表示其于2015年在本市工作的时候离职了，后面离职期间没有缴纳社保，询问现在是否可以补缴。 ==> yes  
2025-06-02 10:26:17,015 ChatBI->     INFO     层级抽取文档： 【重新交办,要求：按答复要点告知市民,市民表示答复要点不明确,市民表示该企业答复要于25年7月补缴，市民不认可，担心企业不交，其表示应该让企业支付1万5000元抵押在市民这，等补缴后其再归还，市民表示管理部门再不及时处理会去市政府吆喝并要求补偿误工费了。诉求：请管理部门尽快核实催缴社保。最近办结的工单编号:20241022043108，工单内容:【重新交办，要求：按答复要点告知市民，市民表示答复要点与实际情况不符，市民来电反映：其表示管理部门称对方会在10月为其续交2个月的社保，并截止至12月，会将所有的社保交完，但目前没有做到，请再次核实。诉求不变。最近办结的工单编号：20240911... ==> yes  
2025-06-02 10:26:17,015 ChatBI->     INFO     层级抽取文档： 市民来电反映:外省市户籍，在上海缴纳4、5年社保，之前昆山社保，从未申请社保，现在网上申请社保，有照片，就提示核验超时，姓名：姜冰，身份证：341282199006065514，诉求：请管理部门核实后查明为何无法网上申请。（我处已建议市民到附近松江区中山街道社区事务受理中心线下尝试，市民要求查明。） ==> yes  
2025-06-02 10:26:17,015 ChatBI->     INFO     层级抽取文档： 市民来电咨询:职业技能补贴，2023年10月，人力资源四级，申请补贴显示社保没有交，社保交了还是不能申请补贴，如何处理。 ==> yes  
2025-06-02 10:26:17,016 ChatBI->     INFO     层级抽取文档： 【重新交办，要求：按答复市民要点告知市民，市民表示答复市民要点与实际情况明显不符，市民表示其2024年12月份来电，表示该社保，2024年4月份会补缴，但是并未补缴。只是表示没有钱，其会催缴，不强制。诉求：同前。（需回复）最近办结的工单编号：20240403029465... ==> yes  
2025-06-02 10:26:17,016 ChatBI->     INFO     层级抽取文档： 市民来电咨询: 其是企业管理人员，但是社保只缴纳了13年，咨询：其这种情况是否可以作为管理人员55岁退休，剩余的时间自己缴纳社保。    ==> yes  
2025-06-02 10:26:17,016 ChatBI->     INFO     层级抽取文档： 市民来电咨询:其之后想前往香港留学，市民在留学期间缴纳社保，留学回沪找工作，缴纳社保是否会对其应届生身份有所影响 ==> yes  
2025-06-02 10:26:17,016 ChatBI->     INFO     层级抽取文档： 市民来电反映:如何查询自己的社保缴费年限。 ==> yes  
2025-06-02 10:26:17,016 ChatBI->     INFO     层级抽取文档： 市民来电咨询: 咨询社保中心电话 ==> yes  
2025-06-02 10:26:17,016 ChatBI->     INFO     层级抽取文档： 市民来电补充信息。市民补充信息内容为市民表示公司缴纳是4090元，其个人缴纳是1575元，现在公司不给其缴纳的话，市民自己也无法缴纳，希望尽快由管理部门协调处理【最近派发的工单编号：20240918020648，工单内容：重新交办，要求：答复要点与实际情况不符，现市民愿意缴纳个人社保部分，但企业不愿缴纳，市民表示该企业现在还在为其他员工缴纳社保，要求管理部门加大追缴力度。最近办结的工单编号：20240830019146，工单内容：重新交办，交办要求，已按答复市民要点告知，市民表示税务局老师告知公司愿意缴纳了，市民表示自己缴纳自己的，公司缴纳公司的，但是8月29日和8月30日公司又拒绝了。... ==> yes  
2025-06-02 10:26:17,249 ChatBI->     INFO     step_scores: ['yes', 'yes', 'yes', 'yes', 'yes', 'yes', 'yes', 'yes', 'yes', 'yes']
2025-06-02 10:26:17,250 ChatBI->     INFO     层级抽取文档： 市民来电咨询:2003年其在上海一家公司做试用工当时公司承诺为其缴纳社保，但是实际并未缴纳其想知道现是否还能找公司为其补缴。 ==> yes  
2025-06-02 10:26:17,250 ChatBI->     INFO     层级抽取文档： 市民来电反复催单。催单原因：市民称管理部门至今未给予任何回复，请管理部门尽快处理。【最近派发的工单编号：20240918046847，工单内容：市民来电反映:其在上述地址公司从事技术员工作，2023年12月至2024年1月、4月、5月的社保未给其缴纳。诉求：请管理部门核实，要求补缴社保。】 ==> yes  
2025-06-02 10:26:17,250 ChatBI->     INFO     层级抽取文档： 市民来电反映:需要激活社保卡的社保功能。 ==> yes  
2025-06-02 10:26:17,250 ChatBI->     INFO     层级抽取文档： 市民来电反映:需要激活社保卡的社保功能。 ==> yes  
2025-06-02 10:26:17,250 ChatBI->     INFO     层级抽取文档： 市民来电咨询:缴纳本市社保相关问题 ==> yes  
2025-06-02 10:26:17,250 ChatBI->     INFO     层级抽取文档： 市民来电咨询:按规定市民如何查2022年社保？ ==> yes  
2025-06-02 10:26:17,250 ChatBI->     INFO     层级抽取文档： 市民来电咨询:如何给港澳台人员缴纳社保。 ==> yes  
2025-06-02 10:26:17,250 ChatBI->     INFO     层级抽取文档： 市民来电咨询:公司给员工交社保，操作时有个密码不清楚，市民问了税务局，税务局工作人员告知市民要问社保局。 ==> yes  
2025-06-02 10:26:17,250 ChatBI->     INFO     层级抽取文档： 市民来电咨询:其父亲为外省市户口，目前在本市工作并且已经缴纳满15年的社保了，之前也在外省市工作并缴纳了社保，2024年8月底就要退休了，目前想要在本市办理退休及领取养老金，询问何时帮其父亲把外省市的社保转移过来及办理退休手续，及相关的流程和手续是什么样子的。 ==> yes  
2025-06-02 10:26:17,250 ChatBI->     INFO     层级抽取文档： 市民来电反映:咨询外省市缴纳社保退休问题 ==> yes  
2025-06-02 10:26:17,422 ChatBI->     INFO     step_scores: ['yes', 'yes', 'yes', 'yes', 'yes', 'yes', 'yes', 'yes', 'yes', 'yes']
2025-06-02 10:26:17,423 ChatBI->     INFO     层级抽取文档： 市民来电咨询:其公司新进员工，是外省市户籍，咨询单位是否能够帮忙代办社保卡。 ==> yes  
2025-06-02 10:26:17,423 ChatBI->     INFO     层级抽取文档： 市民来电反映:新生儿社保激活开通。 ==> yes  
2025-06-02 10:26:17,423 ChatBI->     INFO     层级抽取文档： 市民来电咨询:如何查询所有的个人社保缴费记录。 ==> yes  
2025-06-02 10:26:17,423 ChatBI->     INFO     层级抽取文档： 市民来电咨询:上海市的社保的缴费比例。 ==> yes  
2025-06-02 10:26:17,423 ChatBI->     INFO     层级抽取文档： 市民来电咨询:外地的社保缴纳记录问题。 ==> yes  
2025-06-02 10:26:17,423 ChatBI->     INFO     层级抽取文档： 市民来电咨询:‘台湾地区人员参加社保， ==> yes  
2025-06-02 10:26:17,423 ChatBI->     INFO     层级抽取文档： 市民来电咨询:社保断缴之后医保是否会有影响，在多久之后会受到影响，如果医保不能够使用那么后续如何操作。诉求：请管理部门解答相关问题。 ==> yes  
2025-06-02 10:26:17,423 ChatBI->     INFO     层级抽取文档： 重复来电，反映相同问题。【最近派发的工单编号：20241111042971，工单内容：市民来电反映：其在上述地址，公司名称：上海才众餐饮管理有限公司，该处拖欠其7-8月社保，姓名：周彦明，身份证：340621198601064093。该公司任经理，电话：13564253231，承诺其10月5日前后给其补缴7-8月社保。前工单编号：20241015030187，实际至今一个多月没有处理，现在其联系不到该公司。诉求：要求尽快给其补缴社保。】 ==> yes  
2025-06-02 10:26:17,423 ChatBI->     INFO     层级抽取文档： 市民来电咨询:2024年度最新社保基数。 ==> yes  
2025-06-02 10:26:17,423 ChatBI->     INFO     层级抽取文档： 市民来电咨询:上海社保，没有办理过社保卡，咨询是否可以代办。 ==> yes  
2025-06-02 10:26:17,599 ChatBI->     INFO     step_scores: ['yes', 'yes', 'yes', 'yes', 'yes', 'yes', 'yes', 'yes', 'yes', 'yes']
2025-06-02 10:26:17,599 ChatBI->     INFO     层级抽取文档： 市民来电咨询:补交社保询问是否影响退休。 ==> yes  
2025-06-02 10:26:17,600 ChatBI->     INFO     层级抽取文档： 市民来电反映:于2023年12月新规，统一通过“社保费管理客户端”办理企业招工、工资填写等业务。已在线完成招工及工资填写手续，单位名称：上海钰坤包装材料科技有限公司。诉求：望管理部门核实，要求1、告知如何查看。2、该系统除社保缴费还有何种功能。（需回复） ==> yes  
2025-06-02 10:26:17,600 ChatBI->     INFO     层级抽取文档： 市民来电补充信息。市民补充信息内容为其要求宣桥镇政府领导帮其处理，要求尽快处理【最近派发的工单编号：20240803008662，工单内容：【重新交办，要求：按答复要点告知市民，市民表示答复要点与实际情况不符，管理部门并未电话联系市民告知或解释相关的政策，而且市民也咨询过公安，公安明确表示需要宣桥镇政府开具证明，诉求：希望管理部门能尽快处理补偿33个月的社保】 ==> yes  
2025-06-02 10:26:17,600 ChatBI->     INFO     层级抽取文档： 市民来电咨询:其家人在上海缴纳过社保，现在考虑回老家，但老家缴纳的是农保，无法转出，咨询能否提取 ==> yes  
2025-06-02 10:26:17,600 ChatBI->     INFO     层级抽取文档： 市民来电咨询:刚缴纳了社保，现在是否可以办理社保卡，市民是外省市户籍。 ==> yes  
2025-06-02 10:26:17,600 ChatBI->     INFO     层级抽取文档： 市民来电咨询:其要去街道相关部门借档案，询问上钢街道社保中心和社区事务受理中心的电话和浦东新区社保中心电话。 ==> yes  
2025-06-02 10:26:17,600 ChatBI->     INFO     层级抽取文档： 市民来电反映:其是上述地址披萨王的员工，已经离职，其表示该餐厅9-10月份2个月的社保未给其进行缴纳。诉求：希望管理部门核实，帮助解决拖欠社保问题。 ==> yes  
2025-06-02 10:26:17,600 ChatBI->     INFO     层级抽取文档： 市民来电咨询:社保中断3个月，目前工作了，医保是否能正常使用。 ==> yes  
2025-06-02 10:26:17,600 ChatBI->     INFO     层级抽取文档： 市民来电反映:其在2024年1月中旬离职的，其表示2023年12月份和2024年1月份的社保费用已经扣除了但是至今没有缴纳记录。诉求：请管理部门核实，尽快补齐社保。 ==> yes  
2025-06-02 10:26:17,600 ChatBI->     INFO     层级抽取文档： 市民来电咨询:其是南京市民，原来在南京上学有办理南京的社保卡，现在在上海上班两个月，企业缴纳社保，上海社保卡如何申请， ==> yes  
2025-06-02 10:26:17,798 ChatBI->     INFO     step_scores: ['yes', 'yes', 'yes', 'yes', 'yes', 'yes', 'yes', 'yes', 'yes', 'yes']
2025-06-02 10:26:17,799 ChatBI->     INFO     层级抽取文档： 市民来电反映:新生儿社保卡激活社保功能。 ==> yes  
2025-06-02 10:26:17,799 ChatBI->     INFO     层级抽取文档： 市民来电咨询:咨询企业如何为新员工开通社保 ==> yes  
2025-06-02 10:26:17,799 ChatBI->     INFO     层级抽取文档： 市民留言咨询黄浦区社保中心电话号码。 ==> yes  
2025-06-02 10:26:17,799 ChatBI->     INFO     层级抽取文档： 市民来电咨询:其是本市人员，其的社保需要与孩子的社保做医保共济，发起人资格审验，显示本市职工基本医保保险有历年结余的人员，其卡内有余额，但其无法申请， ==> yes  
2025-06-02 10:26:17,799 ChatBI->     INFO     层级抽取文档： 市民来电咨询:外省市户籍员工，在本市缴纳社保。咨询：是否必须在缴纳所在区领取新版社保卡。 ==> yes  
2025-06-02 10:26:17,799 ChatBI->     INFO     层级抽取文档： 市民来电咨询: 如何在网上查询社保缴费明细。 ==> yes  
2025-06-02 10:26:17,799 ChatBI->     INFO     层级抽取文档： 市民来电咨询:曾经在山东胜利油田有社保卡，2004年落户上海后又有了一张社保卡，2者之间有什么关联吗？ ==> yes  
2025-06-02 10:26:17,799 ChatBI->     INFO     层级抽取文档： 市民来电咨询:本市户籍，1978年出生没有在本市缴纳社保，只缴纳农村合作医疗，但在南京缴纳了满15年的社保，咨询50岁是否可以在上海办理退休 ==> yes  
2025-06-02 10:26:17,799 ChatBI->     INFO     层级抽取文档： 市民来电反映: 上述地址公司于1995年4月-8月未为市民缴纳社保,身份证:31010519671125163X,诉求: 希望管理部门核实让该公司为市民补缴社保.(需回复)   ==> yes  
2025-06-02 10:26:17,799 ChatBI->     INFO     层级抽取文档： 市民来电咨询:  市民咨询本市社保连续缴纳的问题. ==> yes  
2025-06-02 10:26:17,985 ChatBI->     INFO     step_scores: ['yes', 'yes', 'yes', 'yes', 'yes', 'yes', 'yes', 'yes', 'yes', 'yes']
2025-06-02 10:26:17,986 ChatBI->     INFO     层级抽取文档： 市民来电咨询:其为企业员工，原单位退工，社保关系没有转出来，导致新单位交不进去。 ==> yes  
2025-06-02 10:26:17,986 ChatBI->     INFO     层级抽取文档： 市民来电咨询:其在上海没有缴纳过社保，是否可以领取上海的社保卡。 ==> yes  
2025-06-02 10:26:17,986 ChatBI->     INFO     层级抽取文档： 市民来电反映:其2023年8月份入职上述公司，工作地址：浦东新区鹤沙路712号（阿甘兄弟 ），2024年7月19日离职的，市民称有签署劳动合同，但是该公司一直没有给其缴纳社保，望管理部门查处，督促该公司尽快给其补缴社保。（需回复） ==> yes  
2025-06-02 10:26:17,986 ChatBI->     INFO     层级抽取文档： 市民来电咨询:不在本市工作了，社保停掉了，但医保还没被停掉，问一下原因 ==> yes  
2025-06-02 10:26:17,986 ChatBI->     INFO     层级抽取文档： 市民留言反映：在上海缴纳社保至60周岁，回到外省市退休，现在已经将上海社保转移至外省市，但上海医保账户内任有资金。诉求：账户内剩余是否会清零以及使用问题。 ==> yes  
2025-06-02 10:26:17,986 ChatBI->     INFO     层级抽取文档： 市民来电反复催单。催单原因：请管理部门尽快处理。【最近派发的工单编号：20240910021396，工单内容：市民来电反映:投诉宝山区人力资源和社会保障局，因市民举报上海宝江保安服务有限公司，未足额缴纳社保的问题，上海宝江保安服务有限公司书面通知已处理，但是具体怎么处理，处理结果，书面答复中并未告知，对此市民非常不满，故来电投诉，诉求要求上海宝江保安服务有限公司明确告知处理结果。】 ==> yes  
2025-06-02 10:26:17,986 ChatBI->     INFO     层级抽取文档： 市民来电反映:社保卡挂失 ==> yes  
2025-06-02 10:26:17,986 ChatBI->     INFO     层级抽取文档： 市民来电咨询:之前在上海参保，现在外地工作，如何把上海社保或提取。 ==> yes  
2025-06-02 10:26:17,986 ChatBI->     INFO     层级抽取文档： 市民来电咨询: 中小微企业，拖欠2022年社保，现在公司不经营了 ==> yes  
2025-06-02 10:26:17,986 ChatBI->     INFO     层级抽取文档： 市民来电咨询:员工是6月份入职，现在社保只能缴纳7、8月份的，6月份的社保无法补缴，询问如何解决问题。（需回复）单位地址名称其不方便透露。员工姓名等信息其也不方便透露。其表示其就是问一下。 ==> yes  
2025-06-02 10:26:18,214 ChatBI->     INFO     step_scores: ['yes', 'yes', 'yes', 'yes', 'yes', 'yes', 'yes', 'yes', 'yes', 'yes']
2025-06-02 10:26:18,214 ChatBI->     INFO     层级抽取文档： 市民来电反映:咨询处理进程。【最近办结的工单：20231208002291，工单内容：市民来电反映:此处是公司注册地，2020年9月1日入职，2023年6月30日离职，公司拖欠社保1年半，停止日期在2022年3月份。市民找过税务部门投诉，税务部门去和前公司沟通了，说可能在2024年2月底完成补缴，但是不能保障一定完成，故市民来电反映。请管理部门督促企业在2023年12月底完成社保补缴。】 ==> yes  
2025-06-02 10:26:18,214 ChatBI->     INFO     层级抽取文档： 市民来电反映:咨询企业给员工办理社保退费问题 ==> yes  
2025-06-02 10:26:18,215 ChatBI->     INFO     层级抽取文档： 市民来电咨询:缴纳社保多年，如何首次申领社保卡。 ==> yes  
2025-06-02 10:26:18,215 ChatBI->     INFO     层级抽取文档： 市民来电咨询:其告知有个孩子需要办理社保卡，但是显示孩子是非本市户籍，也没有缴纳社保，没有居住证，社保卡人员告知其是人社数据存在问题，要求转接 ==> yes  
2025-06-02 10:26:18,215 ChatBI->     INFO     层级抽取文档： 市民来电咨询:个体工商户，其是外地的户口，其在上海没有交过社保，以前交过的销户了，身份证号码：41302619911105361X，诉求：是否可以在上海缴纳医保。 ==> yes  
2025-06-02 10:26:18,215 ChatBI->     INFO     层级抽取文档： 市民来电反映: 农村在上海打工，在火锅店打工，摔伤了，买的不是政府的社保，是商业保险，咨询是否算工伤，是否可以理赔。 ==> yes  
2025-06-02 10:26:18,215 ChatBI->     INFO     层级抽取文档： 市民来电反映:其总公司在苏州，分公司在上海，现在要将总公司的社保转移到上海，咨询如何处理。 ==> yes  
2025-06-02 10:26:18,215 ChatBI->     INFO     层级抽取文档： 市民来电咨询:是否可以通过社保卡查询到市民社保的缴纳状态 ==> yes  
2025-06-02 10:26:18,215 ChatBI->     INFO     层级抽取文档： 市民来电咨询:如何获取社保缴费记录证明。 ==> yes  
2025-06-02 10:26:18,215 ChatBI->     INFO     层级抽取文档： 市民来电咨询:社保中心缴纳了建筑项目类保险，称填错了信息，询问怎么办。 ==> yes  
2025-06-02 10:26:18,393 ChatBI->     INFO     step_scores: ['yes', 'yes', 'yes', 'yes', 'yes', 'yes', 'yes', 'yes', 'yes', 'yes']
2025-06-02 10:26:18,393 ChatBI->     INFO     层级抽取文档： 市民来电咨询:其现在断缴了社保，是否可以申领社保卡，如何申领。 ==> yes  
2025-06-02 10:26:18,393 ChatBI->     INFO     层级抽取文档： 市民来电咨询:其现在开始缴纳社保，其何时可以领取生育津贴 ==> yes  
2025-06-02 10:26:18,394 ChatBI->     INFO     层级抽取文档： 市民来电咨询:外省市户籍人员怎样申领社保卡，工商银行网点是否可以办理。   ==> yes  
2025-06-02 10:26:18,394 ChatBI->     INFO     层级抽取文档： 市民来电咨询:咨询社保缴纳基数浮动问题 ==> yes  
2025-06-02 10:26:18,394 ChatBI->     INFO     层级抽取文档： 市民来电咨询:  如何查询在上海缴纳社保的累计缴费时间。 ==> yes  
2025-06-02 10:26:18,394 ChatBI->     INFO     层级抽取文档： 市民来电咨询:其是本市人员，并且是2023年6月份上海毕业生，其在很多个网上看到一个人力资源和社会保障局 发布的政策，内容写着不管是否缴纳社保，两年内均可以按照上海应届毕业生报考上海事业编制，但其没有查到出政策文件，诉求：请管理部门核实并告知其此信息政策是否正确应该咋哪里找到相关文件（需回复） ==> yes  
2025-06-02 10:26:18,394 ChatBI->     INFO     层级抽取文档： 市民来电咨询:市民是企业，帮助员工办理九月份就业参保登记时被告知当月存在退工记录以及社保未转出的情况，需核实该员工参保情况。 ==> yes  
2025-06-02 10:26:18,394 ChatBI->     INFO     层级抽取文档： 市民来电咨询:首次办理社保卡，外省人员在上海缴纳社保了。诉求：如何办理。 ==> yes  
2025-06-02 10:26:18,394 ChatBI->     INFO     层级抽取文档： 市民来电反映:要求开通社保卡。 ==> yes  
2025-06-02 10:26:18,394 ChatBI->     INFO     层级抽取文档： 市民来电咨询:2019年缴纳了半年上海社保，金额能否退款。 ==> yes  
2025-06-02 10:26:18,566 ChatBI->     INFO     step_scores: ['yes', 'yes', 'yes', 'yes', 'yes', 'yes', 'yes', 'yes', 'yes', 'yes']
2025-06-02 10:26:18,567 ChatBI->     INFO     层级抽取文档： 市民来电反映:新加坡籍人员，很久不缴纳上海的社保，目前去医院使用社保卡显示无法使用。 ==> yes  
2025-06-02 10:26:18,567 ChatBI->     INFO     层级抽取文档： 市民来电咨询:其本月离职，社保缴纳到本月。咨询：下月医保是否可以正常使用。 ==> yes  
2025-06-02 10:26:18,567 ChatBI->     INFO     层级抽取文档： 市民来电咨询: 失业登记状态，新入职公司，医保状态不能断。 ==> yes  
2025-06-02 10:26:18,567 ChatBI->     INFO     层级抽取文档： 市民反映：其在2006至2011之间缴纳的综合保险，因不能与社保合并，导致其这几年的工作年限不被承认。市民称当时市政府承诺会拿出具体的解决方案，但13年过去其仍未等到解决方案。诉求：请管理部门核实尽快为其解决综合保险问题。 ==> yes  
2025-06-02 10:26:18,567 ChatBI->     INFO     层级抽取文档： 市民来电咨询:其通过灵活就业缴纳社保，咨询如何申领新版社保卡。 ==> yes  
2025-06-02 10:26:18,567 ChatBI->     INFO     层级抽取文档： 市民来电反映:因社保补缴问题，其申请劳动仲裁。目前已经有仲裁结果，并要求企业补缴。事项至今无回复，故市民来电。
 ==> yes  
2025-06-02 10:26:18,567 ChatBI->     INFO     层级抽取文档： 市民来电咨询:上海社保转深圳，想知道具体的流程。 ==> yes  
2025-06-02 10:26:18,567 ChatBI->     INFO     层级抽取文档： 市民来电反映:其为外省市来沪人员，于2017年5月-2022年12月，两地重复缴纳社保，已向当地及本市社保中心询问，均互相推诿。姓名：杜宇，身份证号码：222403197806072528。诉求：望管理部门核实，要求告知如何退还重复缴纳部分。（需回复） ==> yes  
2025-06-02 10:26:18,567 ChatBI->     INFO     层级抽取文档： 市民来电反映:外省市户籍市民的家人曾缴纳了11年整的社保，询问是否可以领取失业金。 ==> yes  
2025-06-02 10:26:18,567 ChatBI->     INFO     层级抽取文档： 市民来电咨询:2023年3月份开始在上海交社保，办社保卡要带什么材料。 ==> yes  
2025-06-02 10:26:18,777 ChatBI->     INFO     step_scores: ['yes', 'yes', 'yes', 'yes', 'yes', 'yes', 'yes', 'yes', 'yes', 'yes']
2025-06-02 10:26:18,777 ChatBI->     INFO     层级抽取文档： 市民来电反映:社保卡丢了，需要挂失 ==> yes  
2025-06-02 10:26:18,777 ChatBI->     INFO     层级抽取文档： 市民来电咨询:有限公司为员工缴纳社保线上途径遇到问题。问能否线下办理。 ==> yes  
2025-06-02 10:26:18,777 ChatBI->     INFO     层级抽取文档： 市民来电咨询:市民持社保卡在医院办入院，被告知医保封存了，市民表示单位正常为其缴纳医保，查询账户情况。 ==> yes  
2025-06-02 10:26:18,777 ChatBI->     INFO     层级抽取文档： 市民来电咨询:单位员工2023年12月份离职，2024年2月办理退工，1月份员工社保是否需要缴纳。 ==> yes  
2025-06-02 10:26:18,777 ChatBI->     INFO     层级抽取文档： 市民来电咨询:市民是上海户籍，在外地缴纳了12年社保，在上海缴纳了3年，咨询能否50周岁退休，退休条件，大龄补贴事宜。 ==> yes  
2025-06-02 10:26:18,777 ChatBI->     INFO     层级抽取文档： 市民来电咨询:上一家单位不将其社保退出来，多次沟通，就说忙。 ==> yes  
2025-06-02 10:26:18,777 ChatBI->     INFO     层级抽取文档： 【重新交办,要求：按答复要点告知市民,市民表示给予处理结果。诉求：请管理部门尽快处理给予处理结果。最近办结的工单编号:20240122009098，工单内容:市民来电反映:上述公司2018年8月违规为市民缴纳1个月社保，市民从未在此机构上班，姓名：姜普，身份证：43022119820420593X。诉求：请管理部门核实并对违规缴纳的社保问题进行认定，出证明。（需回复）】 ==> yes  
2025-06-02 10:26:18,777 ChatBI->     INFO     层级抽取文档： 市民来电反映:企业名称:上海云恩启电子商务经营部，有6位员工多缴了一个月的社保，从10月份申请退费，到现在还没有收到退款，请管理部门告知处理进度。 ==> yes  
2025-06-02 10:26:18,777 ChatBI->     INFO     层级抽取文档： 市民来电咨询:之前在上海工作，社保已经转出，现要把医保转到内蒙，其人在内蒙，要怎么通过线上办理。 ==> yes  
2025-06-02 10:26:18,777 ChatBI->     INFO     层级抽取文档： 市民来电咨询:其母亲办理养老金时发现参保时间是40周岁以后缴纳，实际情况是40周岁之前开始缴纳社保。诉求：询问如何更改时间 ==> yes  
2025-06-02 10:26:18,970 ChatBI->     INFO     step_scores: ['no', 'yes', 'yes', 'yes', 'yes', 'yes', 'yes', 'yes', 'yes', 'yes']
2025-06-02 10:26:18,970 ChatBI->     INFO     层级抽取文档： 市民来电咨询:本市户籍，医保暂停，没有工作。如何缴纳医保。 ==> no  
2025-06-02 10:26:18,970 ChatBI->     INFO     层级抽取文档： 市民来电咨询:市民2017年-2021年在上海工作，现在在宁波工作了，市民想要咨询如何开具2017-2021年社保记录证明。 ==> yes  
2025-06-02 10:26:18,970 ChatBI->     INFO     层级抽取文档： 市民来电咨询:7月29日企业为其缴纳了职工社保，其的医保何时可以生效使用。 ==> yes  
2025-06-02 10:26:18,970 ChatBI->     INFO     层级抽取文档： 市民来电咨询:市民发现自己的社保8月份欠缴，9月份已经登记，公司名：上海育荣文化艺术有限公司，想要查询公司有没有缴纳 ==> yes  
2025-06-02 10:26:18,970 ChatBI->     INFO     层级抽取文档： 市民咨询：之前在网上办理了新生儿社保卡，社保功能在哪里办理激活。诉求：管理部门解答。 ==> yes  
2025-06-02 10:26:18,970 ChatBI->     INFO     层级抽取文档： 【长三角】市民来电反映:之前来电反映过，一直没有得到回音，具体事项：6月份到社区进行生育登记，后期流产未去注销，第二次怀孕再次登记，被告知需要先注销才能登记。经查未查到前序工单，由于其是在昆山缴纳社保，同意转接至江苏12345进一步处理。 ==> yes  
2025-06-02 10:26:18,970 ChatBI->     INFO     层级抽取文档： 市民来电咨询:2024年7月已经办理退休，并要求7月继续缴纳社保，9月开始领取退休工资，之前是通过灵活就业缴纳社保，并政府每月补贴缴纳费用，但市民9月13日收到短信，发现已经收到补贴，按照惯例，明日会进行扣费。咨询：请处理部门核实，市民收到的补贴是哪个月份的补贴，是否合理。姓名：顾秋弟，身份证：310229196407032834 ==> yes  
2025-06-02 10:26:18,971 ChatBI->     INFO     层级抽取文档： 【为企服务】市民来电咨询:怎么帮员工办理社保退保 ==> yes  
2025-06-02 10:26:18,971 ChatBI->     INFO     层级抽取文档： 市民来电咨询:其妻子在本市缴纳社保，月工资为12000元左右，但是按照最低标准缴纳的个税，市民想了解该情况是否属于涉税不一致。诉求：希望管理部门核实，并告知市民是否属于涉税不一致 ==> yes  
2025-06-02 10:26:18,971 ChatBI->     INFO     层级抽取文档： 市民来电反映:自己在安徽买了12年社会保险，在上海是否还要重新办理社保卡 ==> yes  
2025-06-02 10:26:19,185 ChatBI->     INFO     step_scores: ['yes', 'yes', 'yes', 'yes', 'yes', 'yes', 'yes', 'yes', 'yes', 'yes']
2025-06-02 10:26:19,186 ChatBI->     INFO     层级抽取文档： 市民来电反映:社保卡要开通。 ==> yes  
2025-06-02 10:26:19,186 ChatBI->     INFO     层级抽取文档： 市民来电反映:其通过上述部门反映公司欠缴其社保的问题，奉贤区税务局不处理，公司名称：鑫鸿劳务派遣有限公司。诉求：投诉上述部门不作为。（需回复） ==> yes  
2025-06-02 10:26:19,186 ChatBI->     INFO     层级抽取文档： 市民来电反映:其了解到国家有出台政策灵活就业人员社保缴费基数有下降，其3月11日扣的灵活就业社保费用未下降还是按照原来扣。诉求:望管理部门核实，给予市民合理解释。（需回复） ==> yes  
2025-06-02 10:26:19,186 ChatBI->     INFO     层级抽取文档： 市民来电反映:其在2023年9月份突然被扣除了6000多元的社保金，询问了社保中心以后称其可能是坐过5年半的牢，坐牢期间的养老金是不发放的，一共是57万，市民不认可，社保局只是说可能其坐过牢没有任何书面证据，故其对于社保局这种做法其不认可，后续对方又改口称其曾经在708研究所受过处罚，诉求：希望管理部门协调查处提供相应书面证据以及法律文书。身份证：310104195104031212 ==> yes  
2025-06-02 10:26:19,186 ChatBI->     INFO     层级抽取文档： 市民来电咨询:孩子在上海公司上班，社保和医保在上海缴纳，个税公积金没有在上海缴纳，咨询居转户相关政策 ==> yes  
2025-06-02 10:26:19,186 ChatBI->     INFO     层级抽取文档： 【为企服务】市民来电咨询:社保迁移网上怎么办理是否需要线下办理。 ==> yes  
2025-06-02 10:26:19,186 ChatBI->     INFO     层级抽取文档： 市民来电反映:社保卡挂失。 ==> yes  
2025-06-02 10:26:19,186 ChatBI->     INFO     层级抽取文档： 市民来电咨询:上海的社保，到外地就医，已经在平台异地就医备案，诉求：告知回上海哪里报销。 ==> yes  
2025-06-02 10:26:19,186 ChatBI->     INFO     层级抽取文档： 市民来电反映:丈夫社保在上海缴纳，现在人在广东，用电子医保是否能就医 ==> yes  
2025-06-02 10:26:19,186 ChatBI->     INFO     层级抽取文档： 市民来电咨询:老婆是上海的社保，准备去外地生孩子如何报销。 ==> yes  
2025-06-02 10:26:19,395 ChatBI->     INFO     step_scores: ['yes', 'yes', 'yes', 'yes', 'yes', 'yes', 'yes', 'yes', 'yes', 'yes']
2025-06-02 10:26:19,395 ChatBI->     INFO     层级抽取文档： 市民来电咨询:其企业是新注册的公司，咨询享受社保补贴政策需要符合什么条件，希望管理部门告知。（需回复） ==> yes  
2025-06-02 10:26:19,395 ChatBI->     INFO     层级抽取文档： 市民来电咨询:市民是公司，帮员工调取社保缴纳记录，但是显示调用失败。需核实原因。 ==> yes  
2025-06-02 10:26:19,395 ChatBI->     INFO     层级抽取文档： 市民来电反映:社保卡要激活。 ==> yes  
2025-06-02 10:26:19,395 ChatBI->     INFO     层级抽取文档： 市民来电咨询: 市民有江苏社保卡，现在在上海缴纳社保，如果申领了上海社保卡以后，是否需要将江苏的社保卡注销。（需回复） ==> yes  
2025-06-02 10:26:19,396 ChatBI->     INFO     层级抽取文档： 市民来电咨询:灵活就业缴纳社保的人员就医住院开刀怎么报销。 ==> yes  
2025-06-02 10:26:19,396 ChatBI->     INFO     层级抽取文档： 【为企服务】市民来电咨询:公司新进员工，已做了参保登记，但在缴纳社保的客户端，办理参保人员（单位职工）缴费基数调整，提示非本单位人员无法办理缴费基数调整。 ==> yes  
2025-06-02 10:26:19,396 ChatBI->     INFO     层级抽取文档： 市民来电补充信息。市民补充信息内容为企业非兼职律师都是全职人员，企业也表示有偷税漏税现象，市民表示企业提供给税务部门的信息是虚假的，要求管理部门再次核实处理。最近派发的工单编号：20240601006745，工单内容：市民来电反映:公司地址如上，公司名称：上海左券律师事务所。2024年3月20日开始，其在上述公司工作了三个月，该公司从未为其缴纳过社保，且该公司存在偷税漏税的情况，询问具体信息，市民表示没有具体证据，因为该公司是法律服务行业的，处理的很小心。诉求：市民投诉该公司偷税漏税 不缴纳社保（市民要求信息保密 需回复）】 ==> yes  
2025-06-02 10:26:19,396 ChatBI->     INFO     层级抽取文档： 市民来电咨询:之前其在上海有缴纳社保，后在2012年开始断缴。其有办理异地就医备案。近期其在外省市使用医保买药。现其被告知其医保无法使用，故来电咨询原因。其医保余额是285.7元。 ==> yes  
2025-06-02 10:26:19,396 ChatBI->     INFO     层级抽取文档： 市民来电咨询:其外省市户籍的还在在上海就读，办理有上海的医保，但还没有办理社保卡，现在要办理家庭医保共济，问该如何办理 ==> yes  
2025-06-02 10:26:19,396 ChatBI->     INFO     层级抽取文档： 市民留言反映要求开通社保卡，8月8日回电时市民表示问题已经解决，归档。 ==> yes  
2025-06-02 10:26:19,587 ChatBI->     INFO     step_scores: ['yes', 'yes', 'yes', 'yes', 'yes', 'yes', 'yes', 'yes', 'yes', 'yes']
2025-06-02 10:26:19,587 ChatBI->     INFO     层级抽取文档： 市民来电咨询:宝山区凇南镇补办社保卡 ==> yes  
2025-06-02 10:26:19,587 ChatBI->     INFO     层级抽取文档： 市民来电咨询:其是劳务合同，当时说是派遣，后来又说改变成外包了，在一个企业工作了10年零9个月，后来劳务公司联系其，关于协议离职，赔偿其11个月的工资，说2023年12月的社保帮其交掉，税前工资4200元一个月，对方说赔偿是4060元一个月，也没有加1赔偿，社保交到2023年12月，2024年1月不交了，询问单位这样操作是否违规，另询问在一个企业工作了10年零9个月，是否赔偿的金额会不同。（信息保密，需回复）其表示是咨询一下 ==> yes  
2025-06-02 10:26:19,587 ChatBI->     INFO     层级抽取文档： 市民来电反映:市民是闵行区浦江镇居民，近期于浦江镇社保中心申请廉租房。社保中心要求出具拆迁协议。市民已拿到拆迁协议，协议显示没有市民的份额。但是社保中心又要市民去拆迁办开具无份额证明。但是市民认为拆迁协议已经显示没有市民份额。诉求：请管理部门核实，是否市民还要去拆迁办开具无份额证明。如需开具，请告知流程。 ==> yes  
2025-06-02 10:26:19,587 ChatBI->     INFO     层级抽取文档： 市民来电咨询:要求转接江西省人社局，咨询的哪敢问题。 ==> yes  
2025-06-02 10:26:19,587 ChatBI->     INFO     层级抽取文档： 市民来电反映:本市缴纳社保，想要查询其生育基金，有没有少发或漏补情况。 ==> yes  
2025-06-02 10:26:19,587 ChatBI->     INFO     层级抽取文档： 市民来电咨询:在本市缴纳社保，如在安徽生育是否可以报销，以及是否影响申领生育金。 ==> yes  
2025-06-02 10:26:19,587 ChatBI->     INFO     层级抽取文档： 市民来电反映:社保卡要挂失。 ==> yes  
2025-06-02 10:26:19,587 ChatBI->     INFO     层级抽取文档： 重复来电：咨询处理进程。【最近办结的工单号：20231127001248，工单内容：市民来电反映:上述地址的公司让市民去了后私自签订了一个放弃缴纳社保的协议，市民认为是违规的。诉求：希望管理部门核实要求查处。】
 ==> yes  
2025-06-02 10:26:19,587 ChatBI->     INFO     层级抽取文档： 市民补充信息：姓名贺枭。2023年3月跟朋友一起入职的公司，工资是6000元，5月离职的。在职期间公司未申报个税，工资都是从财务个人微信走账，没有对公账户发放。【最近派发的工单编号：20240826018466，工单内容：上述地址上海融轩汇汽车科技有限公司未给全体员工缴纳社保，看到松江区社会保险中心已立案稽核，因涉及到个税事宜，松江区税务局举报中心8月26日联系市民，市民将材料也发到告知的邮箱，但松江区社会保险中心留的电话打不通，希望能够告知邮箱号，诉求：希望管理部门帮助解决社保补缴事宜。】 ==> yes  
2025-06-02 10:26:19,587 ChatBI->     INFO     层级抽取文档： 市民来电反映:社保卡遗失要挂失。 ==> yes  
2025-06-02 10:26:19,777 ChatBI->     INFO     step_scores: ['yes', 'yes', 'yes', 'yes', 'yes', 'yes', 'yes', 'yes', 'yes', 'yes']
2025-06-02 10:26:19,777 ChatBI->     INFO     层级抽取文档： 市民来电咨询:之前在江西生活缴纳当地医保，现在在上海工作缴纳职工医保，市民询问这两种医保冲突吗，其现在还能否继续缴纳江西医保，是否影响其开慢特病的药。 ==> yes  
2025-06-02 10:26:19,777 ChatBI->     INFO     层级抽取文档： 市民来电咨询:其于2024年毕业在本市工作，需要将预备党员关系转到老家，但是老家告知如果将预备党员关系转移到外省市对其在本市缴纳社保会有影响。诉求：希望上述街道告知是否可以将其预备党员关系转移到街道的党群服务中心。（需回复） ==> yes  
2025-06-02 10:26:19,778 ChatBI->     INFO     层级抽取文档： 【为企服务】市民来电咨询:想帮员工补缴3月的社保，在网上帮员工填写的就业起始日期选的是今年3月1日，但打印出来的核定表上缴费日期是4月的，诉求：有没有帮员工申请补缴成功。 ==> yes  
2025-06-02 10:26:19,778 ChatBI->     INFO     层级抽取文档： 市民来电反映:开通社保卡。 ==> yes  
2025-06-02 10:26:19,778 ChatBI->     INFO     层级抽取文档： 市民来电咨询:挂失社保卡 ==> yes  
2025-06-02 10:26:19,778 ChatBI->     INFO     层级抽取文档： 市民来电反映:孩子刚刚出生，社保卡已经拿到，社会保障号没有和孩子身份关联。 ==> yes  
2025-06-02 10:26:19,778 ChatBI->     INFO     层级抽取文档： 市民来电咨询:其亲属是上海城乡居民退休人员，享受城乡居民医保，近期发生交通事故，市民亲属受伤住院，交警认定市民亲属责任较多，想了解住院治疗费用如何申请医保报销。 ==> yes  
2025-06-02 10:26:19,778 ChatBI->     INFO     层级抽取文档： 市民来电咨询:其为杨浦区上海尧轩餐饮管理有限公司职员。1月2日在网上办理缴纳社保相关业务。需要网上申报再扣款，市民申报了，但当时账户里没钱，故未扣款成功。现在市民已把钱打到账号。咨询后续相关流程是怎样的，是否会自动补扣，还是需要再做什么操作，请管理部门核实告知。 ==> yes  
2025-06-02 10:26:19,778 ChatBI->     INFO     层级抽取文档： 市民来电咨询:其孩子参加本市医保，现办理了家庭共济，咨询如通过家庭共济缴费，是否还需参加学校的集体缴费，或如参加学校集体缴费，是否还需通过家庭共济缴费，请管理部门告知。（需回复） ==> yes  
2025-06-02 10:26:19,778 ChatBI->     INFO     层级抽取文档： 市民来电咨询:其企业社保缴费选择的银行客户端，但是其现在没有时间去银行，咨询：怎样进行取消。   ==> yes  
2025-06-02 10:26:19,987 ChatBI->     INFO     step_scores: ['yes', 'yes', 'yes', 'yes', 'yes', 'yes', 'yes', 'yes', 'yes', 'yes']
2025-06-02 10:26:19,987 ChatBI->     INFO     层级抽取文档： 【重复事项】市民来电反映:疫情期间，公司社保延期办理，市民公司于2022年接到社保局的电话，需延期补缴社保，市民于2022年9月14日前往徐汇社保中心柜台申报处理。当时已经及时处理，2020年7、8、9，3个月的社保。但在近日得知申报作废，扣款未成功，目前已形成滞纳金，市民不解已时隔两年了，如今2024年6月才接到此电话。之前其想税务部门反映，对方明确告知非受理范围，让其想人社部门反映，企业名称：上海秒赛通信技术有限公司。诉求：希望管理部门核实具体信息，给到市民解决方案。 ==> yes  
2025-06-02 10:26:19,987 ChatBI->     INFO     层级抽取文档： 市民来电咨询:领取生育金期间，员工自己缴纳部分的公积金与社保是否还需本人承担。 ==> yes  
2025-06-02 10:26:19,987 ChatBI->     INFO     层级抽取文档： 市民来电反映:社保卡遗失需要挂失。 ==> yes  
2025-06-02 10:26:19,987 ChatBI->     INFO     层级抽取文档： 市民来电咨询:上海社保只有养老金，医疗保险只有1月2月，导致无法申请生育金。 ==> yes  
2025-06-02 10:26:19,987 ChatBI->     INFO     层级抽取文档： 市民来电咨询:上海社保做了异地就医备案在苏州做产检，是否影响生育保险领取。 ==> yes  
2025-06-02 10:26:19,988 ChatBI->     INFO     层级抽取文档： 市民来电咨询:其是本市社保，已经办理异地就医备案，现在在广州无法使用本市医保，查询原因。       ==> yes  
2025-06-02 10:26:19,988 ChatBI->     INFO     层级抽取文档： 市民来电反映:社保卡要挂失补办 ==> yes  
2025-06-02 10:26:19,988 ChatBI->     INFO     层级抽取文档： 市民来电咨询:宝山区社保中心工作时间联系电话及宝山区吴淞街道社区事务受理服务中心的联系方式。 ==> yes  
2025-06-02 10:26:19,988 ChatBI->     INFO     层级抽取文档： 市民来电咨询:11月29日下班前，其申请了社保卡，现在觉得当时绑定的银行有点不方便，咨询在卡片还没有制作出来之前，是否可以换一家银行。 ==> yes  
2025-06-02 10:26:19,988 ChatBI->     INFO     层级抽取文档： 市民来电咨询:社保卡无法使用的市民孩子，告知是存钱进入。 ==> yes  
2025-06-02 10:26:20,185 ChatBI->     INFO     step_scores: ['yes', 'yes', 'yes', 'yes', 'yes', 'yes', 'yes', 'yes', 'yes', 'yes']
2025-06-02 10:26:20,186 ChatBI->     INFO     层级抽取文档： 市民来电咨询:其老公社保卡丢了需要挂失及如何补办。 ==> yes  
2025-06-02 10:26:20,186 ChatBI->     INFO     层级抽取文档： 市民来电咨询:在本市居住但无居住证且也未在本市缴纳社保，现市民询问如何办理护照。 ==> yes  
2025-06-02 10:26:20,186 ChatBI->     INFO     层级抽取文档： 市民来电反映:市民来电表示撤销工单，撤销原因他们会帮其解决。【最近派发的工单编号：20241127041999，工单内容：市民来电反映:市民于2024年4月到上述地址的上海国勤物业工作，但是到了11月该公司却要求辞退市民，市民表示该公司缴纳社保。诉求：尽快为其补缴社保。】 ==> yes  
2025-06-02 10:26:20,186 ChatBI->     INFO     层级抽取文档： 市民来电咨询: 其是外省市户籍，未在本市工作缴纳社保，询问是否可以在本市申请换领港澳通行证。 ==> yes  
2025-06-02 10:26:20,186 ChatBI->     INFO     层级抽取文档： 市民来电咨询:其社会保障卡锁住了，诉求：告知具体原因。 ==> yes  
2025-06-02 10:26:20,186 ChatBI->     INFO     层级抽取文档： 市民来电咨询:其怀孕还2个月生产，公司老板跑路了。社保断缴是否能领到生育津贴。 ==> yes  
2025-06-02 10:26:20,186 ChatBI->     INFO     层级抽取文档： 市民来电要求开通新版社保卡 ==> yes  
2025-06-02 10:26:20,186 ChatBI->     INFO     层级抽取文档： 市民来电反映:企业员工，在本市缴纳社保，人在外省市，网上申领社保卡，照片不合格，如何上传照片。 ==> yes  
2025-06-02 10:26:20,186 ChatBI->     INFO     层级抽取文档： 市民来电咨询:其户籍与身份证号码进行了更改，咨询：社保卡要怎样进行信息变更。 ==> yes  
2025-06-02 10:26:20,186 ChatBI->     INFO     层级抽取文档： 市民来电反映:社保卡开通。 ==> yes  
2025-06-02 10:26:20,393 ChatBI->     INFO     step_scores: ['yes', 'yes', 'yes', 'yes', 'yes', 'yes', 'yes', 'yes', 'yes', 'yes']
2025-06-02 10:26:20,393 ChatBI->     INFO     层级抽取文档： 【为企服务】市民来电咨询:5月10日在社保缴费客户端申报一直显示审核中询问原因。 ==> yes  
2025-06-02 10:26:20,393 ChatBI->     INFO     层级抽取文档： 市民来电反映:社保卡开通。 ==> yes  
2025-06-02 10:26:20,393 ChatBI->     INFO     层级抽取文档： 市民来电咨询:帮员工办理社保，身份证不见了，其去补办临时身份证，咨询：临时身份证是否可以办理该业务。 ==> yes  
2025-06-02 10:26:20,393 ChatBI->     INFO     层级抽取文档： 市民来电咨询:市民为企业用户，在一网通办上自助交社保费多交了怎么退。 ==> yes  
2025-06-02 10:26:20,393 ChatBI->     INFO     层级抽取文档： 市民反映：其合同上写着缴纳五险一金，至今未缴费。诉求：管理部门追缴公积金。 ==> yes  
2025-06-02 10:26:20,393 ChatBI->     INFO     层级抽取文档： 市民来电咨询:其是上海的职工社保，在福州挂的急诊，询问报销流程。诉求：请管理部门核实告知。 ==> yes  
2025-06-02 10:26:20,393 ChatBI->     INFO     层级抽取文档： 市民来电反映:社保卡丢了，如何挂失。 ==> yes  
2025-06-02 10:26:20,393 ChatBI->     INFO     层级抽取文档： 【长三角】市民来电反映:太仓社保卡掉了要挂失。 ==> yes  
2025-06-02 10:26:20,393 ChatBI->     INFO     层级抽取文档： 市民来电咨询:其是外省市居民，现在办理个人旅游签注的护照，其在上海开办有小额公司，但没有缴纳社保，也没有居住证，问能不能办理护照 ==> yes  
2025-06-02 10:26:20,393 ChatBI->     INFO     层级抽取文档： 市民来电咨询:市民来电反映 之前给市民孩子办理医保共济，社保有停缴，2024年4月份开始缴纳，但医保共济没有扣 ==> yes  
2025-06-02 10:26:20,603 ChatBI->     INFO     step_scores: ['yes', 'yes', 'yes', 'yes', 'yes', 'yes', 'yes', 'yes', 'yes', 'yes']
2025-06-02 10:26:20,604 ChatBI->     INFO     层级抽取文档： 市民来电反映:开通社保卡 ==> yes  
2025-06-02 10:26:20,604 ChatBI->     INFO     层级抽取文档： 市民来电反映:开通社保卡 ==> yes  
2025-06-02 10:26:20,604 ChatBI->     INFO     层级抽取文档： 市民来电咨询:上海户籍男性55周岁，社保缴纳十年，有上海的肢体残疾证，能否申请提前退休，请管理部门核实告知。 ==> yes  
2025-06-02 10:26:20,604 ChatBI->     INFO     层级抽取文档： 市民来电咨询:市民想在上海买房，居住证积分已经足够，但社保不达标，子女目前在上海就读私立学校，咨询能否就读公立学校
 ==> yes  
2025-06-02 10:26:20,604 ChatBI->     INFO     层级抽取文档： 市民来电咨询:社保卡开通。 ==> yes  
2025-06-02 10:26:20,604 ChatBI->     INFO     层级抽取文档： 市民来电咨询:孩子在读幼儿园，之前医保和爸爸共济，不参加25年城乡居保是否会影响孩子使用其父亲的共济医保 ==> yes  
2025-06-02 10:26:20,604 ChatBI->     INFO     层级抽取文档： 市民来电咨询: 自己想要交灵活就业的五险一金，咨询如何交。 ==> yes  
2025-06-02 10:26:20,604 ChatBI->     INFO     层级抽取文档： 市民来电咨询:电子社保卡为何显示为外省市的，现在已经是上海户籍，还未领取实体社保卡。 ==> yes  
2025-06-02 10:26:20,604 ChatBI->     INFO     层级抽取文档： 市民来电补充信息。市民补充信息内容为:无业证明照片已经打印出来，是否一定要用原件，请尽快处理。【最近派发的工单编号：20240513022776，工单内容：市民来电咨询:其老婆是本市户籍，其要办理夫妻投靠落户，前几个月社保中断了，现在已去办理灵活就业缴费，拿到了社保交费项目确认表，诉求：请管理部门核实，告知是否可以办理落户手续。】 ==> yes  
2025-06-02 10:26:20,604 ChatBI->     INFO     层级抽取文档： 市民来电咨询:社保卡办理进度。 ==> yes  
2025-06-02 10:26:20,781 ChatBI->     INFO     step_scores: ['yes', 'yes', 'yes', 'yes', 'yes', 'yes', 'yes', 'yes', 'yes', 'yes']
2025-06-02 10:26:20,781 ChatBI->     INFO     层级抽取文档： 市民来电咨询: 公司效益不好，通知员工在家等通知上班。也没有签合同。到手工资三千，交社保医保，咨询现在效益不好，工资是否按照规定要正常发放。 ==> yes  
2025-06-02 10:26:20,781 ChatBI->     INFO     层级抽取文档： 市民来电开通社保卡。 ==> yes  
2025-06-02 10:26:20,781 ChatBI->     INFO     层级抽取文档： 市民来电反映:其本市社保卡显示为注销状态 ==> yes  
2025-06-02 10:26:20,781 ChatBI->     INFO     层级抽取文档： 市民来电反映:挂失社保卡。 ==> yes  
2025-06-02 10:26:20,781 ChatBI->     INFO     层级抽取文档： 市民来电反映:要求查询社保卡卡号。 ==> yes  
2025-06-02 10:26:20,781 ChatBI->     INFO     层级抽取文档： 市民来电咨询:公积金提取。市民提取父亲的公积金，以未在异地缴存且封存满半年的条件提取，但是父亲的社保孩还在苏州缴纳，公积金提取失败。 ==> yes  
2025-06-02 10:26:20,781 ChatBI->     INFO     层级抽取文档： 市民来电咨询:企业员工与企业签订劳动合同，目前在上海缴纳社保，但户籍是外省市，目前孩子也在外省市读幼儿园。咨询：每月50元的幼托费补贴企业是否需要支付 ==> yes  
2025-06-02 10:26:20,781 ChatBI->     INFO     层级抽取文档： 市民来电反映:市民干了50天，开大卡车运输，上述公司没和市民签署劳动合同，没帮市民缴纳社保，现在解雇市民，也没有提前告知，诉求：核实是否存在违规行为，若存在，请处理 ==> yes  
2025-06-02 10:26:20,782 ChatBI->     INFO     层级抽取文档： 市民来电咨询:市民丈夫是职工保险，有历年余额的，市民12月22日刚办理好居民保险，选择共济支付的，由于12月25日前要支付掉，现在不清楚共济是否还要操作什么。 ==> yes  
2025-06-02 10:26:20,782 ChatBI->     INFO     层级抽取文档： 市民来电咨询:外省市户籍以家庭名义在本市购买房屋政策，根据《本市购买住房（住房限购）的问题》其询问社保要缴纳在上海。诉求：希望核查告知其关于限购房屋的细则 ==> yes  
2025-06-02 10:26:20,963 ChatBI->     INFO     step_scores: ['yes', 'yes', 'yes', 'yes', 'yes', 'yes', 'yes', 'yes', 'yes', 'yes']
2025-06-02 10:26:20,963 ChatBI->     INFO     层级抽取文档： 市民来电咨询:其居住证积分模拟估分能达到150多分，孩子在沪读书，现咨询：其居住证积分实际能否达到120分，居住证积分是否有有效期，如断交社保居住证积分是否会扣减。 ==> yes  
2025-06-02 10:26:20,963 ChatBI->     INFO     层级抽取文档： 市民来电反映:其在上海工作缴纳了4年养老保险，目前需要转回山东，其拨打浦东新区社保部门电话50995001一直无人接听，故来电。诉求：请管理部门联系帮助其办理转移手续。（需回复） ==> yes  
2025-06-02 10:26:20,963 ChatBI->     INFO     层级抽取文档： 市民来电咨询:孩子上海社保卡突然无法使用，之前都能正常使用，故来电询问什么原因 ==> yes  
2025-06-02 10:26:20,963 ChatBI->     INFO     层级抽取文档： 市民来电反映:激活社保卡。 ==> yes  
2025-06-02 10:26:20,963 ChatBI->     INFO     层级抽取文档： 市民反映：老年人需要拉取一下医保账单明细，但是家里的老年人走不了太多路，社保中心搬的有点远了，居委是能拉取医保账单明细。诉求：希望居委能够告知一下。（市民要求信息保密，需回复） ==> yes  
2025-06-02 10:26:20,963 ChatBI->     INFO     层级抽取文档： 【长三角】市民来电咨询: 其是外地户籍，社保和居住证的条件都符合购买新能源车的资格条件，现在想购买二手新能源车，是否可以申请新能源车专用额度。

 
 ==> yes  
2025-06-02 10:26:20,963 ChatBI->     INFO     层级抽取文档： 市民来电咨询:其是本市职工医保，但是长期在外地，询问关于异地就医的问题，但是其的社保卡不是最新的社保卡，询问能否异地就医。 ==> yes  
2025-06-02 10:26:20,963 ChatBI->     INFO     层级抽取文档： 市民来电反映:社保卡激活。 ==> yes  
2025-06-02 10:26:20,963 ChatBI->     INFO     层级抽取文档： 市民来电反映:公司月底部门解散裁员，5月中旬社保转出时候，其登记了失业金，现在工作已经找到，但失业金显示正在办理中，没有点击取消的渠道，诉求：请管理部门核实并为其取消。 ==> yes  
2025-06-02 10:26:20,964 ChatBI->     INFO     层级抽取文档： 市民来电咨询:社保卡激活。 ==> yes  
2025-06-02 10:26:21,141 ChatBI->     INFO     step_scores: ['yes', 'no', 'yes', 'yes', 'yes', 'yes', 'yes', 'yes', 'yes', 'yes']
2025-06-02 10:26:21,141 ChatBI->     INFO     层级抽取文档： 市民来电咨询:其是外省市户籍，其小孩在本市无法就医，有外省市的社保卡。 ==> yes  
2025-06-02 10:26:21,141 ChatBI->     INFO     层级抽取文档： 市民来电反映:其小孩16周岁，己在在社区事务受理中心为孩子办理了一个医保，只包含门急诊不包含住院。咨询住院医保如何购买。 ==> no  
2025-06-02 10:26:21,141 ChatBI->     INFO     层级抽取文档： 市民来电反映:到医院看病，社保卡显示不出来，核实一下是否是卡的问题 ==> yes  
2025-06-02 10:26:21,141 ChatBI->     INFO     层级抽取文档： 市民来电咨询:非上海户籍居民的未成年人子女能否办理上海社保卡。 ==> yes  
2025-06-02 10:26:21,142 ChatBI->     INFO     层级抽取文档： 市民来电咨询:非本市户籍孩子幼升小，由于大人没有社保，不清楚是否可以晚读书1年，在宝山区读小学（我处已告知2017年9月1日至2018年8月31日出生，年满6周岁的儿童；确因身体状况等特殊原因不能当年度入学的，可向所在镇教委或街道所属幼教学区申请推迟一年入学需提供相关证明。），诉求：请管理部门核实后告知大人没有上海社保，不清楚是否可以宝山区晚读小学1年，另外外省市小学2年纪转入宝山区小学2年纪的规定。 ==> yes  
2025-06-02 10:26:21,142 ChatBI->     INFO     层级抽取文档： 市民来电咨询:小朋友的居保的共济账户缴费。 ==> yes  
2025-06-02 10:26:21,142 ChatBI->     INFO     层级抽取文档： 市民来电咨询:其与其妻子为外省市户籍，其已有本市居住证，其妻子的居住证尚在办理中，目前在本市工作，缴纳本市社保，居住在浦东新区周浦镇，咨询关于免费孕检的政策。诉求：请管理部门告知相关政策以及上述情况是否符合享受条件。（需回复） ==> yes  
2025-06-02 10:26:21,142 ChatBI->     INFO     层级抽取文档： 市民来电咨询:上海的医保，生育金问题需要咨询。 ==> yes  
2025-06-02 10:26:21,142 ChatBI->     INFO     层级抽取文档： 市民来电反映:社保卡开通 ==> yes  
2025-06-02 10:26:21,142 ChatBI->     INFO     层级抽取文档： 市民来电咨询:港澳台居民如何申领社保卡。 ==> yes  
2025-06-02 10:26:21,142 ChatBI->     INFO     阈值索引为：4999, 窗口大小为: 100 
2025-06-02 10:26:21,142 ChatBI->     INFO     确定的文档: 4900; 在次确认的文档: 100
2025-06-02 10:26:22,743 ChatBI->     INFO     从100个需再次确认的文档中筛选出的相关文档数量：99
2025-06-02 10:26:22,743 ChatBI->     INFO     示例文档：['市民来电反映:在随申办上申请灵活就业人员社会保险费缴纳，2024年4月18日有收到短信表示其灵活就业社保缴纳失败。其表示银行卡是有扣费记录的。通过随申办想再去缴纳时，是灰色的。姓名：宁欣。身份证号码：342523199804046120。诉求：希望管理部门协助查询缴费是否成功。', '市民来电咨询:其是外来人员，其之前在本市缴纳的综合保险是否算入工龄。身份证号：340323197208151715，诉求：请管理部门核实给予回复。', '【长三角】市民来电反映:其是外省市户籍人员，其在上海工作退休，社保都是缴在上海，现退休要领取独自子女一次性奖励费，但老家告知因其是在上海退休故只能到上海办理，但现上海却不给其办理，市民询问如何处理。诉求：希望管理部门核实并告知市民（需回复）', '市民来电反映:孩子上海户籍，上海医保，2019年5月拿到银联上海社会保障卡，现在去上海医院看病，提示社保卡会激活，需要激活。', '市民来电反映:其2022年的2月21日入职上述地址的上海季宏体育场地设施工程有限公司，是该公司总的负责人，目前被拖欠2023年2月-12月工资2万6千元，而且没有签过劳动合同、也没有交社保。诉求：请管理部门尽快针对没有签过劳动合同帮助市民拿到经济补偿。']
2025-06-02 10:26:22,760 ChatBI->     INFO     没有找到<  >对应的视图
2025-06-02 10:26:22,761 ChatBI->     INFO     sql 语句：SELECT DATE_FORMAT(`工单生成时间`, '%Y-%m-%d %H:00:00') AS `小时`, COUNT(*) AS `数量` FROM shanghai WHERE `工单类型` = '咨询类' AND  `内容描述` IN (:val0, :val1, :val2, :val3, :val4, :val5, :val6, :val7, :val8, :val9, :val10, :val11, :val12, :val13, :val14, :val15, :val16, :val17, :val18, :val19, :val20, :val21, :val22, :val23, :val24, :val25, :val26, :val27, :val28, :val29, :val30, :val31, :val32, :val33, :val34, :val35, :val36, :val37, :val38, :val39, :val40, :val41, :val42, :val43, :val44, :val45, :val46, :val47, :val48, :val49, :val50, :val51, :val52, :val53, :val54, :val55, :val56, :val57, :val58, :val59, :val60, :val61, :val62, :val63, :val64, :val65, :val66, :val67, :val68, :val69, :val70, :val71, :val72, :val73, :val74, :val75, :val76, :val77, :val78, :val79, :val80, :val81, :val82, :val83, :val84, :val85, :val86, :val87, :val88, :val89, :val90, :val91, :val92, :val93, :val94, :val95, :val96, :val97, :val98, :val99, :val100, :val101, :val102, :val103, :val104, :val105, :val106, :val107, :val108, :val109, :val110, :val111, :val112, :val113, :val114, :val115, :val116, :val117, :val118, :val119, :val120, :val121, :val122, :val123, :val124, :val125, :val126, :val127, :val128, :val129, :val130, :val131, :val132, :val133, :val134, :val135, :val136, :val137, :val138, :val139, :val140, :val141, :val142, :val143, :val144, :val145, :val146, :val147, :val148, :val149, :val150, :val151, :val152, :val153, :val154, :val155, :val156, :val157, :val158, :val159, :val160, :val161, :val162, :val163, :val164, :val165, :val166, :val167, :val168, :val169, :val170, :val171, :val172, :val173, :val174, :val175, :val176, :val177, :val178, :val179, :val180, :val181, :val182, :val183, :val184, :val185, :val186, :val187, :val188, :val189, :val190, :val191, :val192, :val193, :val194, :val195, :val196, :val197, :val198, :val199, :val200, :val201, :val202, :val203, :val204, :val205, :val206, :val207, :val208, :val209, :val210, :val211, :val212, :val213, :val214, :val215, :val216, :val217, :val218, :val219, :val220, :val221, :val222, :val223, :val224, :val225, :val226, :val227, :val228, :val229, :val230, :val231, :val232, :val233, :val234, :val235, :val236, :val237, :val238, :val239, :val240, :val241, :val242, :val243, :val244, :val245, :val246, :val247, :val248, :val249, :val250, :val251, :val252, :val253, :val254, :val255, :val256, :val257, :val258, :val259, :val260, :val261, :val262, :val263, :val264, :val265, :val266, :val267, :val268, :val269, :val270, :val271, :val272, :val273, :val274, :val275, :val276, :val277, :val278, :val279, :val280, :val281, :val282, :val283, :val284, :val285, :val286, :val287, :val288, :val289, :val290, :val291, :val292, :val293, :val294, :val295, :val296, :val297, :val298, :val299, :val300, :val301, :val302, :val303, :val304, :val305, :val306, :val307, :val308, :val309, :val310, :val311, :val312, :val313, :val314, :val315, :val316, :val317, :val318, :val319, :val320, :val321, :val322, :val323, :val324, :val325, :val326, :val327, :val328, :val329, :val330, :val331, :val332, :val333, :val334, :val335, :val336, :val337, :val338, :val339, :val340, :val341, :val342, :val343, :val344, :val345, :val346, :val347, :val348, :val349, :val350, :val351, :val352, :val353, :val354, :val355, :val356, :val357, :val358, :val359, :val360, :val361, :val362, :val363, :val364, :val365, :val366, :val367, :val368, :val369, :val370, :val371, :val372, :val373, :val374, :val375, :val376, :val377, :val378, :val379, :val380, :val381, :val382, :val383, :val384, :val385, :val386, :val387, :val388, :val389, :val390, :val391, :val392, :val393, :val394, :val395, :val396, :val397, :val398, :val399, :val400, :val401, :val402, :val403, :val404, :val405, :val406, :val407, :val408, :val409, :val410, :val411, :val412, :val413, :val414, :val415, :val416, :val417, :val418, :val419, :val420, :val421, :val422, :val423, :val424, :val425, :val426, :val427, :val428, :val429, :val430, :val431, :val432, :val433, :val434, :val435, :val436, :val437, :val438, :val439, :val440, :val441, :val442, :val443, :val444, :val445, :val446, :val447, :val448, :val449, :val450, :val451, :val452, :val453, :val454, :val455, :val456, :val457, :val458, :val459, :val460, :val461, :val462, :val463, :val464, :val465, :val466, :val467, :val468, :val469, :val470, :val471, :val472, :val473, :val474, :val475, :val476, :val477, :val478, :val479, :val480, :val481, :val482, :val483, :val484, :val485, :val486, :val487, :val488, :val489, :val490, :val491, :val492, :val493, :val494, :val495, :val496, :val497, :val498, :val499, :val500, :val501, :val502, :val503, :val504, :val505, :val506, :val507, :val508, :val509, :val510, :val511, :val512, :val513, :val514, :val515, :val516, :val517, :val518, :val519, :val520, :val521, :val522, :val523, :val524, :val525, :val526, :val527, :val528, :val529, :val530, :val531, :val532, :val533, :val534, :val535, :val536, :val537, :val538, :val539, :val540, :val541, :val542, :val543, :val544, :val545, :val546, :val547, :val548, :val549, :val550, :val551, :val552, :val553, :val554, :val555, :val556, :val557, :val558, :val559, :val560, :val561, :val562, :val563, :val564, :val565, :val566, :val567, :val568, :val569, :val570, :val571, :val572, :val573, :val574, :val575, :val576, :val577, :val578, :val579, :val580, :val581, :val582, :val583, :val584, :val585, :val586, :val587, :val588, :val589, :val590, :val591, :val592, :val593, :val594, :val595, :val596, :val597, :val598, :val599, :val600, :val601, :val602, :val603, :val604, :val605, :val606, :val607, :val608, :val609, :val610, :val611, :val612, :val613, :val614, :val615, :val616, :val617, :val618, :val619, :val620, :val621, :val622, :val623, :val624, :val625, :val626, :val627, :val628, :val629, :val630, :val631, :val632, :val633, :val634, :val635, :val636, :val637, :val638, :val639, :val640, :val641, :val642, :val643, :val644, :val645, :val646, :val647, :val648, :val649, :val650, :val651, :val652, :val653, :val654, :val655, :val656, :val657, :val658, :val659, :val660, :val661, :val662, :val663, :val664, :val665, :val666, :val667, :val668, :val669, :val670, :val671, :val672, :val673, :val674, :val675, :val676, :val677, :val678, :val679, :val680, :val681, :val682, :val683, :val684, :val685, :val686, :val687, :val688, :val689, :val690, :val691, :val692, :val693, :val694, :val695, :val696, :val697, :val698, :val699, :val700, :val701, :val702, :val703, :val704, :val705, :val706, :val707, :val708, :val709, :val710, :val711, :val712, :val713, :val714, :val715, :val716, :val717, :val718, :val719, :val720, :val721, :val722, :val723, :val724, :val725, :val726, :val727, :val728, :val729, :val730, :val731, :val732, :val733, :val734, :val735, :val736, :val737, :val738, :val739, :val740, :val741, :val742, :val743, :val744, :val745, :val746, :val747, :val748, :val749, :val750, :val751, :val752, :val753, :val754, :val755, :val756, :val757, :val758, :val759, :val760, :val761, :val762, :val763, :val764, :val765, :val766, :val767, :val768, :val769, :val770, :val771, :val772, :val773, :val774, :val775, :val776, :val777, :val778, :val779, :val780, :val781, :val782, :val783, :val784, :val785, :val786, :val787, :val788, :val789, :val790, :val791, :val792, :val793, :val794, :val795, :val796, :val797, :val798, :val799, :val800, :val801, :val802, :val803, :val804, :val805, :val806, :val807, :val808, :val809, :val810, :val811, :val812, :val813, :val814, :val815, :val816, :val817, :val818, :val819, :val820, :val821, :val822, :val823, :val824, :val825, :val826, :val827, :val828, :val829, :val830, :val831, :val832, :val833, :val834, :val835, :val836, :val837, :val838, :val839, :val840, :val841, :val842, :val843, :val844, :val845, :val846, :val847, :val848, :val849, :val850, :val851, :val852, :val853, :val854, :val855, :val856, :val857, :val858, :val859, :val860, :val861, :val862, :val863, :val864, :val865, :val866, :val867, :val868, :val869, :val870, :val871, :val872, :val873, :val874, :val875, :val876, :val877, :val878, :val879, :val880, :val881, :val882, :val883, :val884, :val885, :val886, :val887, :val888, :val889, :val890, :val891, :val892, :val893, :val894, :val895, :val896, :val897, :val898, :val899, :val900, :val901, :val902, :val903, :val904, :val905, :val906, :val907, :val908, :val909, :val910, :val911, :val912, :val913, :val914, :val915, :val916, :val917, :val918, :val919, :val920, :val921, :val922, :val923, :val924, :val925, :val926, :val927, :val928, :val929, :val930, :val931, :val932, :val933, :val934, :val935, :val936, :val937, :val938, :val939, :val940, :val941, :val942, :val943, :val944, :val945, :val946, :val947, :val948, :val949, :val950, :val951, :val952, :val953, :val954, :val955, :val956, :val957, :val958, :val959, :val960, :val961, :val962, :val963, :val964, :val965, :val966, :val967, :val968, :val969, :val970, :val971, :val972, :val973, :val974, :val975, :val976, :val977, :val978, :val979, :val980, :val981, :val982, :val983, :val984, :val985, :val986, :val987, :val988, :val989, :val990, :val991, :val992, :val993, :val994, :val995, :val996, :val997, :val998, :val999, :val1000, :val1001, :val1002, :val1003, :val1004, :val1005, :val1006, :val1007, :val1008, :val1009, :val1010, :val1011, :val1012, :val1013, :val1014, :val1015, :val1016, :val1017, :val1018, :val1019, :val1020, :val1021, :val1022, :val1023, :val1024, :val1025, :val1026, :val1027, :val1028, :val1029, :val1030, :val1031, :val1032, :val1033, :val1034, :val1035, :val1036, :val1037, :val1038, :val1039, :val1040, :val1041, :val1042, :val1043, :val1044, :val1045, :val1046, :val1047, :val1048, :val1049, :val1050, :val1051, :val1052, :val1053, :val1054, :val1055, :val1056, :val1057, :val1058, :val1059, :val1060, :val1061, :val1062, :val1063, :val1064, :val1065, :val1066, :val1067, :val1068, :val1069, :val1070, :val1071, :val1072, :val1073, :val1074, :val1075, :val1076, :val1077, :val1078, :val1079, :val1080, :val1081, :val1082, :val1083, :val1084, :val1085, :val1086, :val1087, :val1088, :val1089, :val1090, :val1091, :val1092, :val1093, :val1094, :val1095, :val1096, :val1097, :val1098, :val1099, :val1100, :val1101, :val1102, :val1103, :val1104, :val1105, :val1106, :val1107, :val1108, :val1109, :val1110, :val1111, :val1112, :val1113, :val1114, :val1115, :val1116, :val1117, :val1118, :val1119, :val1120, :val1121, :val1122, :val1123, :val1124, :val1125, :val1126, :val1127, :val1128, :val1129, :val1130, :val1131, :val1132, :val1133, :val1134, :val1135, :val1136, :val1137, :val1138, :val1139, :val1140, :val1141, :val1142, :val1143, :val1144, :val1145, :val1146, :val1147, :val1148, :val1149, :val1150, :val1151, :val1152, :val1153, :val1154, :val1155, :val1156, :val1157, :val1158, :val1159, :val1160, :val1161, :val1162, :val1163, :val1164, :val1165, :val1166, :val1167, :val1168, :val1169, :val1170, :val1171, :val1172, :val1173, :val1174, :val1175, :val1176, :val1177, :val1178, :val1179, :val1180, :val1181, :val1182, :val1183, :val1184, :val1185, :val1186, :val1187, :val1188, :val1189, :val1190, :val1191, :val1192, :val1193, :val1194, :val1195, :val1196, :val1197, :val1198, :val1199, :val1200, :val1201, :val1202, :val1203, :val1204, :val1205, :val1206, :val1207, :val1208, :val1209, :val1210, :val1211, :val1212, :val1213, :val1214, :val1215, :val1216, :val1217, :val1218, :val1219, :val1220, :val1221, :val1222, :val1223, :val1224, :val1225, :val1226, :val1227, :val1228, :val1229, :val1230, :val1231, :val1232, :val1233, :val1234, :val1235, :val1236, :val1237, :val1238, :val1239, :val1240, :val1241, :val1242, :val1243, :val1244, :val1245, :val1246, :val1247, :val1248, :val1249, :val1250, :val1251, :val1252, :val1253, :val1254, :val1255, :val1256, :val1257, :val1258, :val1259, :val1260, :val1261, :val1262, :val1263, :val1264, :val1265, :val1266, :val1267, :val1268, :val1269, :val1270, :val1271, :val1272, :val1273, :val1274, :val1275, :val1276, :val1277, :val1278, :val1279, :val1280, :val1281, :val1282, :val1283, :val1284, :val1285, :val1286, :val1287, :val1288, :val1289, :val1290, :val1291, :val1292, :val1293, :val1294, :val1295, :val1296, :val1297, :val1298, :val1299, :val1300, :val1301, :val1302, :val1303, :val1304, :val1305, :val1306, :val1307, :val1308, :val1309, :val1310, :val1311, :val1312, :val1313, :val1314, :val1315, :val1316, :val1317, :val1318, :val1319, :val1320, :val1321, :val1322, :val1323, :val1324, :val1325, :val1326, :val1327, :val1328, :val1329, :val1330, :val1331, :val1332, :val1333, :val1334, :val1335, :val1336, :val1337, :val1338, :val1339, :val1340, :val1341, :val1342, :val1343, :val1344, :val1345, :val1346, :val1347, :val1348, :val1349, :val1350, :val1351, :val1352, :val1353, :val1354, :val1355, :val1356, :val1357, :val1358, :val1359, :val1360, :val1361, :val1362, :val1363, :val1364, :val1365, :val1366, :val1367, :val1368, :val1369, :val1370, :val1371, :val1372, :val1373, :val1374, :val1375, :val1376, :val1377, :val1378, :val1379, :val1380, :val1381, :val1382, :val1383, :val1384, :val1385, :val1386, :val1387, :val1388, :val1389, :val1390, :val1391, :val1392, :val1393, :val1394, :val1395, :val1396, :val1397, :val1398, :val1399, :val1400, :val1401, :val1402, :val1403, :val1404, :val1405, :val1406, :val1407, :val1408, :val1409, :val1410, :val1411, :val1412, :val1413, :val1414, :val1415, :val1416, :val1417, :val1418, :val1419, :val1420, :val1421, :val1422, :val1423, :val1424, :val1425, :val1426, :val1427, :val1428, :val1429, :val1430, :val1431, :val1432, :val1433, :val1434, :val1435, :val1436, :val1437, :val1438, :val1439, :val1440, :val1441, :val1442, :val1443, :val1444, :val1445, :val1446, :val1447, :val1448, :val1449, :val1450, :val1451, :val1452, :val1453, :val1454, :val1455, :val1456, :val1457, :val1458, :val1459, :val1460, :val1461, :val1462, :val1463, :val1464, :val1465, :val1466, :val1467, :val1468, :val1469, :val1470, :val1471, :val1472, :val1473, :val1474, :val1475, :val1476, :val1477, :val1478, :val1479, :val1480, :val1481, :val1482, :val1483, :val1484, :val1485, :val1486, :val1487, :val1488, :val1489, :val1490, :val1491, :val1492, :val1493, :val1494, :val1495, :val1496, :val1497, :val1498, :val1499, :val1500, :val1501, :val1502, :val1503, :val1504, :val1505, :val1506, :val1507, :val1508, :val1509, :val1510, :val1511, :val1512, :val1513, :val1514, :val1515, :val1516, :val1517, :val1518, :val1519, :val1520, :val1521, :val1522, :val1523, :val1524, :val1525, :val1526, :val1527, :val1528, :val1529, :val1530, :val1531, :val1532, :val1533, :val1534, :val1535, :val1536, :val1537, :val1538, :val1539, :val1540, :val1541, :val1542, :val1543, :val1544, :val1545, :val1546, :val1547, :val1548, :val1549, :val1550, :val1551, :val1552, :val1553, :val1554, :val1555, :val1556, :val1557, :val1558, :val1559, :val1560, :val1561, :val1562, :val1563, :val1564, :val1565, :val1566, :val1567, :val1568, :val1569, :val1570, :val1571, :val1572, :val1573, :val1574, :val1575, :val1576, :val1577, :val1578, :val1579, :val1580, :val1581, :val1582, :val1583, :val1584, :val1585, :val1586, :val1587, :val1588, :val1589, :val1590, :val1591, :val1592, :val1593, :val1594, :val1595, :val1596, :val1597, :val1598, :val1599, :val1600, :val1601, :val1602, :val1603, :val1604, :val1605, :val1606, :val1607, :val1608, :val1609, :val1610, :val1611, :val1612, :val1613, :val1614, :val1615, :val1616, :val1617, :val1618, :val1619, :val1620, :val1621, :val1622, :val1623, :val1624, :val1625, :val1626, :val1627, :val1628, :val1629, :val1630, :val1631, :val1632, :val1633, :val1634, :val1635, :val1636, :val1637, :val1638, :val1639, :val1640, :val1641, :val1642, :val1643, :val1644, :val1645, :val1646, :val1647, :val1648, :val1649, :val1650, :val1651, :val1652, :val1653, :val1654, :val1655, :val1656, :val1657, :val1658, :val1659, :val1660, :val1661, :val1662, :val1663, :val1664, :val1665, :val1666, :val1667, :val1668, :val1669, :val1670, :val1671, :val1672, :val1673, :val1674, :val1675, :val1676, :val1677, :val1678, :val1679, :val1680, :val1681, :val1682, :val1683, :val1684, :val1685, :val1686, :val1687, :val1688, :val1689, :val1690, :val1691, :val1692, :val1693, :val1694, :val1695, :val1696, :val1697, :val1698, :val1699, :val1700, :val1701, :val1702, :val1703, :val1704, :val1705, :val1706, :val1707, :val1708, :val1709, :val1710, :val1711, :val1712, :val1713, :val1714, :val1715, :val1716, :val1717, :val1718, :val1719, :val1720, :val1721, :val1722, :val1723, :val1724, :val1725, :val1726, :val1727, :val1728, :val1729, :val1730, :val1731, :val1732, :val1733, :val1734, :val1735, :val1736, :val1737, :val1738, :val1739, :val1740, :val1741, :val1742, :val1743, :val1744, :val1745, :val1746, :val1747, :val1748, :val1749, :val1750, :val1751, :val1752, :val1753, :val1754, :val1755, :val1756, :val1757, :val1758, :val1759, :val1760, :val1761, :val1762, :val1763, :val1764, :val1765, :val1766, :val1767, :val1768, :val1769, :val1770, :val1771, :val1772, :val1773, :val1774, :val1775, :val1776, :val1777, :val1778, :val1779, :val1780, :val1781, :val1782, :val1783, :val1784, :val1785, :val1786, :val1787, :val1788, :val1789, :val1790, :val1791, :val1792, :val1793, :val1794, :val1795, :val1796, :val1797, :val1798, :val1799, :val1800, :val1801, :val1802, :val1803, :val1804, :val1805, :val1806, :val1807, :val1808, :val1809, :val1810, :val1811, :val1812, :val1813, :val1814, :val1815, :val1816, :val1817, :val1818, :val1819, :val1820, :val1821, :val1822, :val1823, :val1824, :val1825, :val1826, :val1827, :val1828, :val1829, :val1830, :val1831, :val1832, :val1833, :val1834, :val1835, :val1836, :val1837, :val1838, :val1839, :val1840, :val1841, :val1842, :val1843, :val1844, :val1845, :val1846, :val1847, :val1848, :val1849, :val1850, :val1851, :val1852, :val1853, :val1854, :val1855, :val1856, :val1857, :val1858, :val1859, :val1860, :val1861, :val1862, :val1863, :val1864, :val1865, :val1866, :val1867, :val1868, :val1869, :val1870, :val1871, :val1872, :val1873, :val1874, :val1875, :val1876, :val1877, :val1878, :val1879, :val1880, :val1881, :val1882, :val1883, :val1884, :val1885, :val1886, :val1887, :val1888, :val1889, :val1890, :val1891, :val1892, :val1893, :val1894, :val1895, :val1896, :val1897, :val1898, :val1899, :val1900, :val1901, :val1902, :val1903, :val1904, :val1905, :val1906, :val1907, :val1908, :val1909, :val1910, :val1911, :val1912, :val1913, :val1914, :val1915, :val1916, :val1917, :val1918, :val1919, :val1920, :val1921, :val1922, :val1923, :val1924, :val1925, :val1926, :val1927, :val1928, :val1929, :val1930, :val1931, :val1932, :val1933, :val1934, :val1935, :val1936, :val1937, :val1938, :val1939, :val1940, :val1941, :val1942, :val1943, :val1944, :val1945, :val1946, :val1947, :val1948, :val1949, :val1950, :val1951, :val1952, :val1953, :val1954, :val1955, :val1956, :val1957, :val1958, :val1959, :val1960, :val1961, :val1962, :val1963, :val1964, :val1965, :val1966, :val1967, :val1968, :val1969, :val1970, :val1971, :val1972, :val1973, :val1974, :val1975, :val1976, :val1977, :val1978, :val1979, :val1980, :val1981, :val1982, :val1983, :val1984, :val1985, :val1986, :val1987, :val1988, :val1989, :val1990, :val1991, :val1992, :val1993, :val1994, :val1995, :val1996, :val1997, :val1998, :val1999, :val2000, :val2001, :val2002, :val2003, :val2004, :val2005, :val2006, :val2007, :val2008, :val2009, :val2010, :val2011, :val2012, :val2013, :val2014, :val2015, :val2016, :val2017, :val2018, :val2019, :val2020, :val2021, :val2022, :val2023, :val2024, :val2025, :val2026, :val2027, :val2028, :val2029, :val2030, :val2031, :val2032, :val2033, :val2034, :val2035, :val2036, :val2037, :val2038, :val2039, :val2040, :val2041, :val2042, :val2043, :val2044, :val2045, :val2046, :val2047, :val2048, :val2049, :val2050, :val2051, :val2052, :val2053, :val2054, :val2055, :val2056, :val2057, :val2058, :val2059, :val2060, :val2061, :val2062, :val2063, :val2064, :val2065, :val2066, :val2067, :val2068, :val2069, :val2070, :val2071, :val2072, :val2073, :val2074, :val2075, :val2076, :val2077, :val2078, :val2079, :val2080, :val2081, :val2082, :val2083, :val2084, :val2085, :val2086, :val2087, :val2088, :val2089, :val2090, :val2091, :val2092, :val2093, :val2094, :val2095, :val2096, :val2097, :val2098, :val2099, :val2100, :val2101, :val2102, :val2103, :val2104, :val2105, :val2106, :val2107, :val2108, :val2109, :val2110, :val2111, :val2112, :val2113, :val2114, :val2115, :val2116, :val2117, :val2118, :val2119, :val2120, :val2121, :val2122, :val2123, :val2124, :val2125, :val2126, :val2127, :val2128, :val2129, :val2130, :val2131, :val2132, :val2133, :val2134, :val2135, :val2136, :val2137, :val2138, :val2139, :val2140, :val2141, :val2142, :val2143, :val2144, :val2145, :val2146, :val2147, :val2148, :val2149, :val2150, :val2151, :val2152, :val2153, :val2154, :val2155, :val2156, :val2157, :val2158, :val2159, :val2160, :val2161, :val2162, :val2163, :val2164, :val2165, :val2166, :val2167, :val2168, :val2169, :val2170, :val2171, :val2172, :val2173, :val2174, :val2175, :val2176, :val2177, :val2178, :val2179, :val2180, :val2181, :val2182, :val2183, :val2184, :val2185, :val2186, :val2187, :val2188, :val2189, :val2190, :val2191, :val2192, :val2193, :val2194, :val2195, :val2196, :val2197, :val2198, :val2199, :val2200, :val2201, :val2202, :val2203, :val2204, :val2205, :val2206, :val2207, :val2208, :val2209, :val2210, :val2211, :val2212, :val2213, :val2214, :val2215, :val2216, :val2217, :val2218, :val2219, :val2220, :val2221, :val2222, :val2223, :val2224, :val2225, :val2226, :val2227, :val2228, :val2229, :val2230, :val2231, :val2232, :val2233, :val2234, :val2235, :val2236, :val2237, :val2238, :val2239, :val2240, :val2241, :val2242, :val2243, :val2244, :val2245, :val2246, :val2247, :val2248, :val2249, :val2250, :val2251, :val2252, :val2253, :val2254, :val2255, :val2256, :val2257, :val2258, :val2259, :val2260, :val2261, :val2262, :val2263, :val2264, :val2265, :val2266, :val2267, :val2268, :val2269, :val2270, :val2271, :val2272, :val2273, :val2274, :val2275, :val2276, :val2277, :val2278, :val2279, :val2280, :val2281, :val2282, :val2283, :val2284, :val2285, :val2286, :val2287, :val2288, :val2289, :val2290, :val2291, :val2292, :val2293, :val2294, :val2295, :val2296, :val2297, :val2298, :val2299, :val2300, :val2301, :val2302, :val2303, :val2304, :val2305, :val2306, :val2307, :val2308, :val2309, :val2310, :val2311, :val2312, :val2313, :val2314, :val2315, :val2316, :val2317, :val2318, :val2319, :val2320, :val2321, :val2322, :val2323, :val2324, :val2325, :val2326, :val2327, :val2328, :val2329, :val2330, :val2331, :val2332, :val2333, :val2334, :val2335, :val2336, :val2337, :val2338, :val2339, :val2340, :val2341, :val2342, :val2343, :val2344, :val2345, :val2346, :val2347, :val2348, :val2349, :val2350, :val2351, :val2352, :val2353, :val2354, :val2355, :val2356, :val2357, :val2358, :val2359, :val2360, :val2361, :val2362, :val2363, :val2364, :val2365, :val2366, :val2367, :val2368, :val2369, :val2370, :val2371, :val2372, :val2373, :val2374, :val2375, :val2376, :val2377, :val2378, :val2379, :val2380, :val2381, :val2382, :val2383, :val2384, :val2385, :val2386, :val2387, :val2388, :val2389, :val2390, :val2391, :val2392, :val2393, :val2394, :val2395, :val2396, :val2397, :val2398, :val2399, :val2400, :val2401, :val2402, :val2403, :val2404, :val2405, :val2406, :val2407, :val2408, :val2409, :val2410, :val2411, :val2412, :val2413, :val2414, :val2415, :val2416, :val2417, :val2418, :val2419, :val2420, :val2421, :val2422, :val2423, :val2424, :val2425, :val2426, :val2427, :val2428, :val2429, :val2430, :val2431, :val2432, :val2433, :val2434, :val2435, :val2436, :val2437, :val2438, :val2439, :val2440, :val2441, :val2442, :val2443, :val2444, :val2445, :val2446, :val2447, :val2448, :val2449, :val2450, :val2451, :val2452, :val2453, :val2454, :val2455, :val2456, :val2457, :val2458, :val2459, :val2460, :val2461, :val2462, :val2463, :val2464, :val2465, :val2466, :val2467, :val2468, :val2469, :val2470, :val2471, :val2472, :val2473, :val2474, :val2475, :val2476, :val2477, :val2478, :val2479, :val2480, :val2481, :val2482, :val2483, :val2484, :val2485, :val2486, :val2487, :val2488, :val2489, :val2490, :val2491, :val2492, :val2493, :val2494, :val2495, :val2496, :val2497, :val2498, :val2499, :val2500, :val2501, :val2502, :val2503, :val2504, :val2505, :val2506, :val2507, :val2508, :val2509, :val2510, :val2511, :val2512, :val2513, :val2514, :val2515, :val2516, :val2517, :val2518, :val2519, :val2520, :val2521, :val2522, :val2523, :val2524, :val2525, :val2526, :val2527, :val2528, :val2529, :val2530, :val2531, :val2532, :val2533, :val2534, :val2535, :val2536, :val2537, :val2538, :val2539, :val2540, :val2541, :val2542, :val2543, :val2544, :val2545, :val2546, :val2547, :val2548, :val2549, :val2550, :val2551, :val2552, :val2553, :val2554, :val2555, :val2556, :val2557, :val2558, :val2559, :val2560, :val2561, :val2562, :val2563, :val2564, :val2565, :val2566, :val2567, :val2568, :val2569, :val2570, :val2571, :val2572, :val2573, :val2574, :val2575, :val2576, :val2577, :val2578, :val2579, :val2580, :val2581, :val2582, :val2583, :val2584, :val2585, :val2586, :val2587, :val2588, :val2589, :val2590, :val2591, :val2592, :val2593, :val2594, :val2595, :val2596, :val2597, :val2598, :val2599, :val2600, :val2601, :val2602, :val2603, :val2604, :val2605, :val2606, :val2607, :val2608, :val2609, :val2610, :val2611, :val2612, :val2613, :val2614, :val2615, :val2616, :val2617, :val2618, :val2619, :val2620, :val2621, :val2622, :val2623, :val2624, :val2625, :val2626, :val2627, :val2628, :val2629, :val2630, :val2631, :val2632, :val2633, :val2634, :val2635, :val2636, :val2637, :val2638, :val2639, :val2640, :val2641, :val2642, :val2643, :val2644, :val2645, :val2646, :val2647, :val2648, :val2649, :val2650, :val2651, :val2652, :val2653, :val2654, :val2655, :val2656, :val2657, :val2658, :val2659, :val2660, :val2661, :val2662, :val2663, :val2664, :val2665, :val2666, :val2667, :val2668, :val2669, :val2670, :val2671, :val2672, :val2673, :val2674, :val2675, :val2676, :val2677, :val2678, :val2679, :val2680, :val2681, :val2682, :val2683, :val2684, :val2685, :val2686, :val2687, :val2688, :val2689, :val2690, :val2691, :val2692, :val2693, :val2694, :val2695, :val2696, :val2697, :val2698, :val2699, :val2700, :val2701, :val2702, :val2703, :val2704, :val2705, :val2706, :val2707, :val2708, :val2709, :val2710, :val2711, :val2712, :val2713, :val2714, :val2715, :val2716, :val2717, :val2718, :val2719, :val2720, :val2721, :val2722, :val2723, :val2724, :val2725, :val2726, :val2727, :val2728, :val2729, :val2730, :val2731, :val2732, :val2733, :val2734, :val2735, :val2736, :val2737, :val2738, :val2739, :val2740, :val2741, :val2742, :val2743, :val2744, :val2745, :val2746, :val2747, :val2748, :val2749, :val2750, :val2751, :val2752, :val2753, :val2754, :val2755, :val2756, :val2757, :val2758, :val2759, :val2760, :val2761, :val2762, :val2763, :val2764, :val2765, :val2766, :val2767, :val2768, :val2769, :val2770, :val2771, :val2772, :val2773, :val2774, :val2775, :val2776, :val2777, :val2778, :val2779, :val2780, :val2781, :val2782, :val2783, :val2784, :val2785, :val2786, :val2787, :val2788, :val2789, :val2790, :val2791, :val2792, :val2793, :val2794, :val2795, :val2796, :val2797, :val2798, :val2799, :val2800, :val2801, :val2802, :val2803, :val2804, :val2805, :val2806, :val2807, :val2808, :val2809, :val2810, :val2811, :val2812, :val2813, :val2814, :val2815, :val2816, :val2817, :val2818, :val2819, :val2820, :val2821, :val2822, :val2823, :val2824, :val2825, :val2826, :val2827, :val2828, :val2829, :val2830, :val2831, :val2832, :val2833, :val2834, :val2835, :val2836, :val2837, :val2838, :val2839, :val2840, :val2841, :val2842, :val2843, :val2844, :val2845, :val2846, :val2847, :val2848, :val2849, :val2850, :val2851, :val2852, :val2853, :val2854, :val2855, :val2856, :val2857, :val2858, :val2859, :val2860, :val2861, :val2862, :val2863, :val2864, :val2865, :val2866, :val2867, :val2868, :val2869, :val2870, :val2871, :val2872, :val2873, :val2874, :val2875, :val2876, :val2877, :val2878, :val2879, :val2880, :val2881, :val2882, :val2883, :val2884, :val2885, :val2886, :val2887, :val2888, :val2889, :val2890, :val2891, :val2892, :val2893, :val2894, :val2895, :val2896, :val2897, :val2898, :val2899, :val2900, :val2901, :val2902, :val2903, :val2904, :val2905, :val2906, :val2907, :val2908, :val2909, :val2910, :val2911, :val2912, :val2913, :val2914, :val2915, :val2916, :val2917, :val2918, :val2919, :val2920, :val2921, :val2922, :val2923, :val2924, :val2925, :val2926, :val2927, :val2928, :val2929, :val2930, :val2931, :val2932, :val2933, :val2934, :val2935, :val2936, :val2937, :val2938, :val2939, :val2940, :val2941, :val2942, :val2943, :val2944, :val2945, :val2946, :val2947, :val2948, :val2949, :val2950, :val2951, :val2952, :val2953, :val2954, :val2955, :val2956, :val2957, :val2958, :val2959, :val2960, :val2961, :val2962, :val2963, :val2964, :val2965, :val2966, :val2967, :val2968, :val2969, :val2970, :val2971, :val2972, :val2973, :val2974, :val2975, :val2976, :val2977, :val2978, :val2979, :val2980, :val2981, :val2982, :val2983, :val2984, :val2985, :val2986, :val2987, :val2988, :val2989, :val2990, :val2991, :val2992, :val2993, :val2994, :val2995, :val2996, :val2997, :val2998, :val2999, :val3000, :val3001, :val3002, :val3003, :val3004, :val3005, :val3006, :val3007, :val3008, :val3009, :val3010, :val3011, :val3012, :val3013, :val3014, :val3015, :val3016, :val3017, :val3018, :val3019, :val3020, :val3021, :val3022, :val3023, :val3024, :val3025, :val3026, :val3027, :val3028, :val3029, :val3030, :val3031, :val3032, :val3033, :val3034, :val3035, :val3036, :val3037, :val3038, :val3039, :val3040, :val3041, :val3042, :val3043, :val3044, :val3045, :val3046, :val3047, :val3048, :val3049, :val3050, :val3051, :val3052, :val3053, :val3054, :val3055, :val3056, :val3057, :val3058, :val3059, :val3060, :val3061, :val3062, :val3063, :val3064, :val3065, :val3066, :val3067, :val3068, :val3069, :val3070, :val3071, :val3072, :val3073, :val3074, :val3075, :val3076, :val3077, :val3078, :val3079, :val3080, :val3081, :val3082, :val3083, :val3084, :val3085, :val3086, :val3087, :val3088, :val3089, :val3090, :val3091, :val3092, :val3093, :val3094, :val3095, :val3096, :val3097, :val3098, :val3099, :val3100, :val3101, :val3102, :val3103, :val3104, :val3105, :val3106, :val3107, :val3108, :val3109, :val3110, :val3111, :val3112, :val3113, :val3114, :val3115, :val3116, :val3117, :val3118, :val3119, :val3120, :val3121, :val3122, :val3123, :val3124, :val3125, :val3126, :val3127, :val3128, :val3129, :val3130, :val3131, :val3132, :val3133, :val3134, :val3135, :val3136, :val3137, :val3138, :val3139, :val3140, :val3141, :val3142, :val3143, :val3144, :val3145, :val3146, :val3147, :val3148, :val3149, :val3150, :val3151, :val3152, :val3153, :val3154, :val3155, :val3156, :val3157, :val3158, :val3159, :val3160, :val3161, :val3162, :val3163, :val3164, :val3165, :val3166, :val3167, :val3168, :val3169, :val3170, :val3171, :val3172, :val3173, :val3174, :val3175, :val3176, :val3177, :val3178, :val3179, :val3180, :val3181, :val3182, :val3183, :val3184, :val3185, :val3186, :val3187, :val3188, :val3189, :val3190, :val3191, :val3192, :val3193, :val3194, :val3195, :val3196, :val3197, :val3198, :val3199, :val3200, :val3201, :val3202, :val3203, :val3204, :val3205, :val3206, :val3207, :val3208, :val3209, :val3210, :val3211, :val3212, :val3213, :val3214, :val3215, :val3216, :val3217, :val3218, :val3219, :val3220, :val3221, :val3222, :val3223, :val3224, :val3225, :val3226, :val3227, :val3228, :val3229, :val3230, :val3231, :val3232, :val3233, :val3234, :val3235, :val3236, :val3237, :val3238, :val3239, :val3240, :val3241, :val3242, :val3243, :val3244, :val3245, :val3246, :val3247, :val3248, :val3249, :val3250, :val3251, :val3252, :val3253, :val3254, :val3255, :val3256, :val3257, :val3258, :val3259, :val3260, :val3261, :val3262, :val3263, :val3264, :val3265, :val3266, :val3267, :val3268, :val3269, :val3270, :val3271, :val3272, :val3273, :val3274, :val3275, :val3276, :val3277, :val3278, :val3279, :val3280, :val3281, :val3282, :val3283, :val3284, :val3285, :val3286, :val3287, :val3288, :val3289, :val3290, :val3291, :val3292, :val3293, :val3294, :val3295, :val3296, :val3297, :val3298, :val3299, :val3300, :val3301, :val3302, :val3303, :val3304, :val3305, :val3306, :val3307, :val3308, :val3309, :val3310, :val3311, :val3312, :val3313, :val3314, :val3315, :val3316, :val3317, :val3318, :val3319, :val3320, :val3321, :val3322, :val3323, :val3324, :val3325, :val3326, :val3327, :val3328, :val3329, :val3330, :val3331, :val3332, :val3333, :val3334, :val3335, :val3336, :val3337, :val3338, :val3339, :val3340, :val3341, :val3342, :val3343, :val3344, :val3345, :val3346, :val3347, :val3348, :val3349, :val3350, :val3351, :val3352, :val3353, :val3354, :val3355, :val3356, :val3357, :val3358, :val3359, :val3360, :val3361, :val3362, :val3363, :val3364, :val3365, :val3366, :val3367, :val3368, :val3369, :val3370, :val3371, :val3372, :val3373, :val3374, :val3375, :val3376, :val3377, :val3378, :val3379, :val3380, :val3381, :val3382, :val3383, :val3384, :val3385, :val3386, :val3387, :val3388, :val3389, :val3390, :val3391, :val3392, :val3393, :val3394, :val3395, :val3396, :val3397, :val3398, :val3399, :val3400, :val3401, :val3402, :val3403, :val3404, :val3405, :val3406, :val3407, :val3408, :val3409, :val3410, :val3411, :val3412, :val3413, :val3414, :val3415, :val3416, :val3417, :val3418, :val3419, :val3420, :val3421, :val3422, :val3423, :val3424, :val3425, :val3426, :val3427, :val3428, :val3429, :val3430, :val3431, :val3432, :val3433, :val3434, :val3435, :val3436, :val3437, :val3438, :val3439, :val3440, :val3441, :val3442, :val3443, :val3444, :val3445, :val3446, :val3447, :val3448, :val3449, :val3450, :val3451, :val3452, :val3453, :val3454, :val3455, :val3456, :val3457, :val3458, :val3459, :val3460, :val3461, :val3462, :val3463, :val3464, :val3465, :val3466, :val3467, :val3468, :val3469, :val3470, :val3471, :val3472, :val3473, :val3474, :val3475, :val3476, :val3477, :val3478, :val3479, :val3480, :val3481, :val3482, :val3483, :val3484, :val3485, :val3486, :val3487, :val3488, :val3489, :val3490, :val3491, :val3492, :val3493, :val3494, :val3495, :val3496, :val3497, :val3498, :val3499, :val3500, :val3501, :val3502, :val3503, :val3504, :val3505, :val3506, :val3507, :val3508, :val3509, :val3510, :val3511, :val3512, :val3513, :val3514, :val3515, :val3516, :val3517, :val3518, :val3519, :val3520, :val3521, :val3522, :val3523, :val3524, :val3525, :val3526, :val3527, :val3528, :val3529, :val3530, :val3531, :val3532, :val3533, :val3534, :val3535, :val3536, :val3537, :val3538, :val3539, :val3540, :val3541, :val3542, :val3543, :val3544, :val3545, :val3546, :val3547, :val3548, :val3549, :val3550, :val3551, :val3552, :val3553, :val3554, :val3555, :val3556, :val3557, :val3558, :val3559, :val3560, :val3561, :val3562, :val3563, :val3564, :val3565, :val3566, :val3567, :val3568, :val3569, :val3570, :val3571, :val3572, :val3573, :val3574, :val3575, :val3576, :val3577, :val3578, :val3579, :val3580, :val3581, :val3582, :val3583, :val3584, :val3585, :val3586, :val3587, :val3588, :val3589, :val3590, :val3591, :val3592, :val3593, :val3594, :val3595, :val3596, :val3597, :val3598, :val3599, :val3600, :val3601, :val3602, :val3603, :val3604, :val3605, :val3606, :val3607, :val3608, :val3609, :val3610, :val3611, :val3612, :val3613, :val3614, :val3615, :val3616, :val3617, :val3618, :val3619, :val3620, :val3621, :val3622, :val3623, :val3624, :val3625, :val3626, :val3627, :val3628, :val3629, :val3630, :val3631, :val3632, :val3633, :val3634, :val3635, :val3636, :val3637, :val3638, :val3639, :val3640, :val3641, :val3642, :val3643, :val3644, :val3645, :val3646, :val3647, :val3648, :val3649, :val3650, :val3651, :val3652, :val3653, :val3654, :val3655, :val3656, :val3657, :val3658, :val3659, :val3660, :val3661, :val3662, :val3663, :val3664, :val3665, :val3666, :val3667, :val3668, :val3669, :val3670, :val3671, :val3672, :val3673, :val3674, :val3675, :val3676, :val3677, :val3678, :val3679, :val3680, :val3681, :val3682, :val3683, :val3684, :val3685, :val3686, :val3687, :val3688, :val3689, :val3690, :val3691, :val3692, :val3693, :val3694, :val3695, :val3696, :val3697, :val3698, :val3699, :val3700, :val3701, :val3702, :val3703, :val3704, :val3705, :val3706, :val3707, :val3708, :val3709, :val3710, :val3711, :val3712, :val3713, :val3714, :val3715, :val3716, :val3717, :val3718, :val3719, :val3720, :val3721, :val3722, :val3723, :val3724, :val3725, :val3726, :val3727, :val3728, :val3729, :val3730, :val3731, :val3732, :val3733, :val3734, :val3735, :val3736, :val3737, :val3738, :val3739, :val3740, :val3741, :val3742, :val3743, :val3744, :val3745, :val3746, :val3747, :val3748, :val3749, :val3750, :val3751, :val3752, :val3753, :val3754, :val3755, :val3756, :val3757, :val3758, :val3759, :val3760, :val3761, :val3762, :val3763, :val3764, :val3765, :val3766, :val3767, :val3768, :val3769, :val3770, :val3771, :val3772, :val3773, :val3774, :val3775, :val3776, :val3777, :val3778, :val3779, :val3780, :val3781, :val3782, :val3783, :val3784, :val3785, :val3786, :val3787, :val3788, :val3789, :val3790, :val3791, :val3792, :val3793, :val3794, :val3795, :val3796, :val3797, :val3798, :val3799, :val3800, :val3801, :val3802, :val3803, :val3804, :val3805, :val3806, :val3807, :val3808, :val3809, :val3810, :val3811, :val3812, :val3813, :val3814, :val3815, :val3816, :val3817, :val3818, :val3819, :val3820, :val3821, :val3822, :val3823, :val3824, :val3825, :val3826, :val3827, :val3828, :val3829, :val3830, :val3831, :val3832, :val3833, :val3834, :val3835, :val3836, :val3837, :val3838, :val3839, :val3840, :val3841, :val3842, :val3843, :val3844, :val3845, :val3846, :val3847, :val3848, :val3849, :val3850, :val3851, :val3852, :val3853, :val3854, :val3855, :val3856, :val3857, :val3858, :val3859, :val3860, :val3861, :val3862, :val3863, :val3864, :val3865, :val3866, :val3867, :val3868, :val3869, :val3870, :val3871, :val3872, :val3873, :val3874, :val3875, :val3876, :val3877, :val3878, :val3879, :val3880, :val3881, :val3882, :val3883, :val3884, :val3885, :val3886, :val3887, :val3888, :val3889, :val3890, :val3891, :val3892, :val3893, :val3894, :val3895, :val3896, :val3897, :val3898, :val3899, :val3900, :val3901, :val3902, :val3903, :val3904, :val3905, :val3906, :val3907, :val3908, :val3909, :val3910, :val3911, :val3912, :val3913, :val3914, :val3915, :val3916, :val3917, :val3918, :val3919, :val3920, :val3921, :val3922, :val3923, :val3924, :val3925, :val3926, :val3927, :val3928, :val3929, :val3930, :val3931, :val3932, :val3933, :val3934, :val3935, :val3936, :val3937, :val3938, :val3939, :val3940, :val3941, :val3942, :val3943, :val3944, :val3945, :val3946, :val3947, :val3948, :val3949, :val3950, :val3951, :val3952, :val3953, :val3954, :val3955, :val3956, :val3957, :val3958, :val3959, :val3960, :val3961, :val3962, :val3963, :val3964, :val3965, :val3966, :val3967, :val3968, :val3969, :val3970, :val3971, :val3972, :val3973, :val3974, :val3975, :val3976, :val3977, :val3978, :val3979, :val3980, :val3981, :val3982, :val3983, :val3984, :val3985, :val3986, :val3987, :val3988, :val3989, :val3990, :val3991, :val3992, :val3993, :val3994, :val3995, :val3996, :val3997, :val3998, :val3999, :val4000, :val4001, :val4002, :val4003, :val4004, :val4005, :val4006, :val4007, :val4008, :val4009, :val4010, :val4011, :val4012, :val4013, :val4014, :val4015, :val4016, :val4017, :val4018, :val4019, :val4020, :val4021, :val4022, :val4023, :val4024, :val4025, :val4026, :val4027, :val4028, :val4029, :val4030, :val4031, :val4032, :val4033, :val4034, :val4035, :val4036, :val4037, :val4038, :val4039, :val4040, :val4041, :val4042, :val4043, :val4044, :val4045, :val4046, :val4047, :val4048, :val4049, :val4050, :val4051, :val4052, :val4053, :val4054, :val4055, :val4056, :val4057, :val4058, :val4059, :val4060, :val4061, :val4062, :val4063, :val4064, :val4065, :val4066, :val4067, :val4068, :val4069, :val4070, :val4071, :val4072, :val4073, :val4074, :val4075, :val4076, :val4077, :val4078, :val4079, :val4080, :val4081, :val4082, :val4083, :val4084, :val4085, :val4086, :val4087, :val4088, :val4089, :val4090, :val4091, :val4092, :val4093, :val4094, :val4095, :val4096, :val4097, :val4098, :val4099, :val4100, :val4101, :val4102, :val4103, :val4104, :val4105, :val4106, :val4107, :val4108, :val4109, :val4110, :val4111, :val4112, :val4113, :val4114, :val4115, :val4116, :val4117, :val4118, :val4119, :val4120, :val4121, :val4122, :val4123, :val4124, :val4125, :val4126, :val4127, :val4128, :val4129, :val4130, :val4131, :val4132, :val4133, :val4134, :val4135, :val4136, :val4137, :val4138, :val4139, :val4140, :val4141, :val4142, :val4143, :val4144, :val4145, :val4146, :val4147, :val4148, :val4149, :val4150, :val4151, :val4152, :val4153, :val4154, :val4155, :val4156, :val4157, :val4158, :val4159, :val4160, :val4161, :val4162, :val4163, :val4164, :val4165, :val4166, :val4167, :val4168, :val4169, :val4170, :val4171, :val4172, :val4173, :val4174, :val4175, :val4176, :val4177, :val4178, :val4179, :val4180, :val4181, :val4182, :val4183, :val4184, :val4185, :val4186, :val4187, :val4188, :val4189, :val4190, :val4191, :val4192, :val4193, :val4194, :val4195, :val4196, :val4197, :val4198, :val4199, :val4200, :val4201, :val4202, :val4203, :val4204, :val4205, :val4206, :val4207, :val4208, :val4209, :val4210, :val4211, :val4212, :val4213, :val4214, :val4215, :val4216, :val4217, :val4218, :val4219, :val4220, :val4221, :val4222, :val4223, :val4224, :val4225, :val4226, :val4227, :val4228, :val4229, :val4230, :val4231, :val4232, :val4233, :val4234, :val4235, :val4236, :val4237, :val4238, :val4239, :val4240, :val4241, :val4242, :val4243, :val4244, :val4245, :val4246, :val4247, :val4248, :val4249, :val4250, :val4251, :val4252, :val4253, :val4254, :val4255, :val4256, :val4257, :val4258, :val4259, :val4260, :val4261, :val4262, :val4263, :val4264, :val4265, :val4266, :val4267, :val4268, :val4269, :val4270, :val4271, :val4272, :val4273, :val4274, :val4275, :val4276, :val4277, :val4278, :val4279, :val4280, :val4281, :val4282, :val4283, :val4284, :val4285, :val4286, :val4287, :val4288, :val4289, :val4290, :val4291, :val4292, :val4293, :val4294, :val4295, :val4296, :val4297, :val4298, :val4299, :val4300, :val4301, :val4302, :val4303, :val4304, :val4305, :val4306, :val4307, :val4308, :val4309, :val4310, :val4311, :val4312, :val4313, :val4314, :val4315, :val4316, :val4317, :val4318, :val4319, :val4320, :val4321, :val4322, :val4323, :val4324, :val4325, :val4326, :val4327, :val4328, :val4329, :val4330, :val4331, :val4332, :val4333, :val4334, :val4335, :val4336, :val4337, :val4338, :val4339, :val4340, :val4341, :val4342, :val4343, :val4344, :val4345, :val4346, :val4347, :val4348, :val4349, :val4350, :val4351, :val4352, :val4353, :val4354, :val4355, :val4356, :val4357, :val4358, :val4359, :val4360, :val4361, :val4362, :val4363, :val4364, :val4365, :val4366, :val4367, :val4368, :val4369, :val4370, :val4371, :val4372, :val4373, :val4374, :val4375, :val4376, :val4377, :val4378, :val4379, :val4380, :val4381, :val4382, :val4383, :val4384, :val4385, :val4386, :val4387, :val4388, :val4389, :val4390, :val4391, :val4392, :val4393, :val4394, :val4395, :val4396, :val4397, :val4398, :val4399, :val4400, :val4401, :val4402, :val4403, :val4404, :val4405, :val4406, :val4407, :val4408, :val4409, :val4410, :val4411, :val4412, :val4413, :val4414, :val4415, :val4416, :val4417, :val4418, :val4419, :val4420, :val4421, :val4422, :val4423, :val4424, :val4425, :val4426, :val4427, :val4428, :val4429, :val4430, :val4431, :val4432, :val4433, :val4434, :val4435, :val4436, :val4437, :val4438, :val4439, :val4440, :val4441, :val4442, :val4443, :val4444, :val4445, :val4446, :val4447, :val4448, :val4449, :val4450, :val4451, :val4452, :val4453, :val4454, :val4455, :val4456, :val4457, :val4458, :val4459, :val4460, :val4461, :val4462, :val4463, :val4464, :val4465, :val4466, :val4467, :val4468, :val4469, :val4470, :val4471, :val4472, :val4473, :val4474, :val4475, :val4476, :val4477, :val4478, :val4479, :val4480, :val4481, :val4482, :val4483, :val4484, :val4485, :val4486, :val4487, :val4488, :val4489, :val4490, :val4491, :val4492, :val4493, :val4494, :val4495, :val4496, :val4497, :val4498, :val4499, :val4500, :val4501, :val4502, :val4503, :val4504, :val4505, :val4506, :val4507, :val4508, :val4509, :val4510, :val4511, :val4512, :val4513, :val4514, :val4515, :val4516, :val4517, :val4518, :val4519, :val4520, :val4521, :val4522, :val4523, :val4524, :val4525, :val4526, :val4527, :val4528, :val4529, :val4530, :val4531, :val4532, :val4533, :val4534, :val4535, :val4536, :val4537, :val4538, :val4539, :val4540, :val4541, :val4542, :val4543, :val4544, :val4545, :val4546, :val4547, :val4548, :val4549, :val4550, :val4551, :val4552, :val4553, :val4554, :val4555, :val4556, :val4557, :val4558, :val4559, :val4560, :val4561, :val4562, :val4563, :val4564, :val4565, :val4566, :val4567, :val4568, :val4569, :val4570, :val4571, :val4572, :val4573, :val4574, :val4575, :val4576, :val4577, :val4578, :val4579, :val4580, :val4581, :val4582, :val4583, :val4584, :val4585, :val4586, :val4587, :val4588, :val4589, :val4590, :val4591, :val4592, :val4593, :val4594, :val4595, :val4596, :val4597, :val4598, :val4599, :val4600, :val4601, :val4602, :val4603, :val4604, :val4605, :val4606, :val4607, :val4608, :val4609, :val4610, :val4611, :val4612, :val4613, :val4614, :val4615, :val4616, :val4617, :val4618, :val4619, :val4620, :val4621, :val4622, :val4623, :val4624, :val4625, :val4626, :val4627, :val4628, :val4629, :val4630, :val4631, :val4632, :val4633, :val4634, :val4635, :val4636, :val4637, :val4638, :val4639, :val4640, :val4641, :val4642, :val4643, :val4644, :val4645, :val4646, :val4647, :val4648, :val4649, :val4650, :val4651, :val4652, :val4653, :val4654, :val4655, :val4656, :val4657, :val4658, :val4659, :val4660, :val4661, :val4662, :val4663, :val4664, :val4665, :val4666, :val4667, :val4668, :val4669, :val4670, :val4671, :val4672, :val4673, :val4674, :val4675, :val4676, :val4677, :val4678, :val4679, :val4680, :val4681, :val4682, :val4683, :val4684, :val4685, :val4686, :val4687, :val4688, :val4689, :val4690, :val4691, :val4692, :val4693, :val4694, :val4695, :val4696, :val4697, :val4698, :val4699, :val4700, :val4701, :val4702, :val4703, :val4704, :val4705, :val4706, :val4707, :val4708, :val4709, :val4710, :val4711, :val4712, :val4713, :val4714, :val4715, :val4716, :val4717, :val4718, :val4719, :val4720, :val4721, :val4722, :val4723, :val4724, :val4725, :val4726, :val4727, :val4728, :val4729, :val4730, :val4731, :val4732, :val4733, :val4734, :val4735, :val4736, :val4737, :val4738, :val4739, :val4740, :val4741, :val4742, :val4743, :val4744, :val4745, :val4746, :val4747, :val4748, :val4749, :val4750, :val4751, :val4752, :val4753, :val4754, :val4755, :val4756, :val4757, :val4758, :val4759, :val4760, :val4761, :val4762, :val4763, :val4764, :val4765, :val4766, :val4767, :val4768, :val4769, :val4770, :val4771, :val4772, :val4773, :val4774, :val4775, :val4776, :val4777, :val4778, :val4779, :val4780, :val4781, :val4782, :val4783, :val4784, :val4785, :val4786, :val4787, :val4788, :val4789, :val4790, :val4791, :val4792, :val4793, :val4794, :val4795, :val4796, :val4797, :val4798, :val4799, :val4800, :val4801, :val4802, :val4803, :val4804, :val4805, :val4806, :val4807, :val4808, :val4809, :val4810, :val4811, :val4812, :val4813, :val4814, :val4815, :val4816, :val4817, :val4818, :val4819, :val4820, :val4821, :val4822, :val4823, :val4824, :val4825, :val4826, :val4827, :val4828, :val4829, :val4830, :val4831, :val4832, :val4833, :val4834, :val4835, :val4836, :val4837, :val4838, :val4839, :val4840, :val4841, :val4842, :val4843, :val4844, :val4845, :val4846, :val4847, :val4848, :val4849, :val4850, :val4851, :val4852, :val4853, :val4854, :val4855, :val4856, :val4857, :val4858, :val4859, :val4860, :val4861, :val4862, :val4863, :val4864, :val4865, :val4866, :val4867, :val4868, :val4869, :val4870, :val4871, :val4872, :val4873, :val4874, :val4875, :val4876, :val4877, :val4878, :val4879, :val4880, :val4881, :val4882, :val4883, :val4884, :val4885, :val4886, :val4887, :val4888, :val4889, :val4890, :val4891, :val4892, :val4893, :val4894, :val4895, :val4896, :val4897, :val4898, :val4899, :val4900, :val4901, :val4902, :val4903, :val4904, :val4905, :val4906, :val4907, :val4908, :val4909, :val4910, :val4911, :val4912, :val4913, :val4914, :val4915, :val4916, :val4917, :val4918, :val4919, :val4920, :val4921, :val4922, :val4923, :val4924, :val4925, :val4926, :val4927, :val4928, :val4929, :val4930, :val4931, :val4932, :val4933, :val4934, :val4935, :val4936, :val4937, :val4938, :val4939, :val4940, :val4941, :val4942, :val4943, :val4944, :val4945, :val4946, :val4947, :val4948, :val4949, :val4950, :val4951, :val4952, :val4953, :val4954, :val4955, :val4956, :val4957, :val4958, :val4959, :val4960, :val4961, :val4962, :val4963, :val4964, :val4965, :val4966, :val4967, :val4968, :val4969, :val4970, :val4971, :val4972, :val4973, :val4974, :val4975, :val4976, :val4977, :val4978, :val4979, :val4980, :val4981, :val4982, :val4983, :val4984, :val4985, :val4986, :val4987, :val4988, :val4989, :val4990, :val4991, :val4992, :val4993, :val4994, :val4995, :val4996, :val4997, :val4998) GROUP BY `小时` ORDER BY `小时` LIMIT 5000;
2025-06-02 10:26:26,109 ChatBI->     INFO     sql 语句：SELECT * FROM shanghai WHERE `工单类型` = '咨询类' AND  `内容描述` IN (:val0, :val1, :val2, :val3, :val4, :val5, :val6, :val7, :val8, :val9, :val10, :val11, :val12, :val13, :val14, :val15, :val16, :val17, :val18, :val19, :val20, :val21, :val22, :val23, :val24, :val25, :val26, :val27, :val28, :val29, :val30, :val31, :val32, :val33, :val34, :val35, :val36, :val37, :val38, :val39, :val40, :val41, :val42, :val43, :val44, :val45, :val46, :val47, :val48, :val49, :val50, :val51, :val52, :val53, :val54, :val55, :val56, :val57, :val58, :val59, :val60, :val61, :val62, :val63, :val64, :val65, :val66, :val67, :val68, :val69, :val70, :val71, :val72, :val73, :val74, :val75, :val76, :val77, :val78, :val79, :val80, :val81, :val82, :val83, :val84, :val85, :val86, :val87, :val88, :val89, :val90, :val91, :val92, :val93, :val94, :val95, :val96, :val97, :val98, :val99, :val100, :val101, :val102, :val103, :val104, :val105, :val106, :val107, :val108, :val109, :val110, :val111, :val112, :val113, :val114, :val115, :val116, :val117, :val118, :val119, :val120, :val121, :val122, :val123, :val124, :val125, :val126, :val127, :val128, :val129, :val130, :val131, :val132, :val133, :val134, :val135, :val136, :val137, :val138, :val139, :val140, :val141, :val142, :val143, :val144, :val145, :val146, :val147, :val148, :val149, :val150, :val151, :val152, :val153, :val154, :val155, :val156, :val157, :val158, :val159, :val160, :val161, :val162, :val163, :val164, :val165, :val166, :val167, :val168, :val169, :val170, :val171, :val172, :val173, :val174, :val175, :val176, :val177, :val178, :val179, :val180, :val181, :val182, :val183, :val184, :val185, :val186, :val187, :val188, :val189, :val190, :val191, :val192, :val193, :val194, :val195, :val196, :val197, :val198, :val199, :val200, :val201, :val202, :val203, :val204, :val205, :val206, :val207, :val208, :val209, :val210, :val211, :val212, :val213, :val214, :val215, :val216, :val217, :val218, :val219, :val220, :val221, :val222, :val223, :val224, :val225, :val226, :val227, :val228, :val229, :val230, :val231, :val232, :val233, :val234, :val235, :val236, :val237, :val238, :val239, :val240, :val241, :val242, :val243, :val244, :val245, :val246, :val247, :val248, :val249, :val250, :val251, :val252, :val253, :val254, :val255, :val256, :val257, :val258, :val259, :val260, :val261, :val262, :val263, :val264, :val265, :val266, :val267, :val268, :val269, :val270, :val271, :val272, :val273, :val274, :val275, :val276, :val277, :val278, :val279, :val280, :val281, :val282, :val283, :val284, :val285, :val286, :val287, :val288, :val289, :val290, :val291, :val292, :val293, :val294, :val295, :val296, :val297, :val298, :val299, :val300, :val301, :val302, :val303, :val304, :val305, :val306, :val307, :val308, :val309, :val310, :val311, :val312, :val313, :val314, :val315, :val316, :val317, :val318, :val319, :val320, :val321, :val322, :val323, :val324, :val325, :val326, :val327, :val328, :val329, :val330, :val331, :val332, :val333, :val334, :val335, :val336, :val337, :val338, :val339, :val340, :val341, :val342, :val343, :val344, :val345, :val346, :val347, :val348, :val349, :val350, :val351, :val352, :val353, :val354, :val355, :val356, :val357, :val358, :val359, :val360, :val361, :val362, :val363, :val364, :val365, :val366, :val367, :val368, :val369, :val370, :val371, :val372, :val373, :val374, :val375, :val376, :val377, :val378, :val379, :val380, :val381, :val382, :val383, :val384, :val385, :val386, :val387, :val388, :val389, :val390, :val391, :val392, :val393, :val394, :val395, :val396, :val397, :val398, :val399, :val400, :val401, :val402, :val403, :val404, :val405, :val406, :val407, :val408, :val409, :val410, :val411, :val412, :val413, :val414, :val415, :val416, :val417, :val418, :val419, :val420, :val421, :val422, :val423, :val424, :val425, :val426, :val427, :val428, :val429, :val430, :val431, :val432, :val433, :val434, :val435, :val436, :val437, :val438, :val439, :val440, :val441, :val442, :val443, :val444, :val445, :val446, :val447, :val448, :val449, :val450, :val451, :val452, :val453, :val454, :val455, :val456, :val457, :val458, :val459, :val460, :val461, :val462, :val463, :val464, :val465, :val466, :val467, :val468, :val469, :val470, :val471, :val472, :val473, :val474, :val475, :val476, :val477, :val478, :val479, :val480, :val481, :val482, :val483, :val484, :val485, :val486, :val487, :val488, :val489, :val490, :val491, :val492, :val493, :val494, :val495, :val496, :val497, :val498, :val499, :val500, :val501, :val502, :val503, :val504, :val505, :val506, :val507, :val508, :val509, :val510, :val511, :val512, :val513, :val514, :val515, :val516, :val517, :val518, :val519, :val520, :val521, :val522, :val523, :val524, :val525, :val526, :val527, :val528, :val529, :val530, :val531, :val532, :val533, :val534, :val535, :val536, :val537, :val538, :val539, :val540, :val541, :val542, :val543, :val544, :val545, :val546, :val547, :val548, :val549, :val550, :val551, :val552, :val553, :val554, :val555, :val556, :val557, :val558, :val559, :val560, :val561, :val562, :val563, :val564, :val565, :val566, :val567, :val568, :val569, :val570, :val571, :val572, :val573, :val574, :val575, :val576, :val577, :val578, :val579, :val580, :val581, :val582, :val583, :val584, :val585, :val586, :val587, :val588, :val589, :val590, :val591, :val592, :val593, :val594, :val595, :val596, :val597, :val598, :val599, :val600, :val601, :val602, :val603, :val604, :val605, :val606, :val607, :val608, :val609, :val610, :val611, :val612, :val613, :val614, :val615, :val616, :val617, :val618, :val619, :val620, :val621, :val622, :val623, :val624, :val625, :val626, :val627, :val628, :val629, :val630, :val631, :val632, :val633, :val634, :val635, :val636, :val637, :val638, :val639, :val640, :val641, :val642, :val643, :val644, :val645, :val646, :val647, :val648, :val649, :val650, :val651, :val652, :val653, :val654, :val655, :val656, :val657, :val658, :val659, :val660, :val661, :val662, :val663, :val664, :val665, :val666, :val667, :val668, :val669, :val670, :val671, :val672, :val673, :val674, :val675, :val676, :val677, :val678, :val679, :val680, :val681, :val682, :val683, :val684, :val685, :val686, :val687, :val688, :val689, :val690, :val691, :val692, :val693, :val694, :val695, :val696, :val697, :val698, :val699, :val700, :val701, :val702, :val703, :val704, :val705, :val706, :val707, :val708, :val709, :val710, :val711, :val712, :val713, :val714, :val715, :val716, :val717, :val718, :val719, :val720, :val721, :val722, :val723, :val724, :val725, :val726, :val727, :val728, :val729, :val730, :val731, :val732, :val733, :val734, :val735, :val736, :val737, :val738, :val739, :val740, :val741, :val742, :val743, :val744, :val745, :val746, :val747, :val748, :val749, :val750, :val751, :val752, :val753, :val754, :val755, :val756, :val757, :val758, :val759, :val760, :val761, :val762, :val763, :val764, :val765, :val766, :val767, :val768, :val769, :val770, :val771, :val772, :val773, :val774, :val775, :val776, :val777, :val778, :val779, :val780, :val781, :val782, :val783, :val784, :val785, :val786, :val787, :val788, :val789, :val790, :val791, :val792, :val793, :val794, :val795, :val796, :val797, :val798, :val799, :val800, :val801, :val802, :val803, :val804, :val805, :val806, :val807, :val808, :val809, :val810, :val811, :val812, :val813, :val814, :val815, :val816, :val817, :val818, :val819, :val820, :val821, :val822, :val823, :val824, :val825, :val826, :val827, :val828, :val829, :val830, :val831, :val832, :val833, :val834, :val835, :val836, :val837, :val838, :val839, :val840, :val841, :val842, :val843, :val844, :val845, :val846, :val847, :val848, :val849, :val850, :val851, :val852, :val853, :val854, :val855, :val856, :val857, :val858, :val859, :val860, :val861, :val862, :val863, :val864, :val865, :val866, :val867, :val868, :val869, :val870, :val871, :val872, :val873, :val874, :val875, :val876, :val877, :val878, :val879, :val880, :val881, :val882, :val883, :val884, :val885, :val886, :val887, :val888, :val889, :val890, :val891, :val892, :val893, :val894, :val895, :val896, :val897, :val898, :val899, :val900, :val901, :val902, :val903, :val904, :val905, :val906, :val907, :val908, :val909, :val910, :val911, :val912, :val913, :val914, :val915, :val916, :val917, :val918, :val919, :val920, :val921, :val922, :val923, :val924, :val925, :val926, :val927, :val928, :val929, :val930, :val931, :val932, :val933, :val934, :val935, :val936, :val937, :val938, :val939, :val940, :val941, :val942, :val943, :val944, :val945, :val946, :val947, :val948, :val949, :val950, :val951, :val952, :val953, :val954, :val955, :val956, :val957, :val958, :val959, :val960, :val961, :val962, :val963, :val964, :val965, :val966, :val967, :val968, :val969, :val970, :val971, :val972, :val973, :val974, :val975, :val976, :val977, :val978, :val979, :val980, :val981, :val982, :val983, :val984, :val985, :val986, :val987, :val988, :val989, :val990, :val991, :val992, :val993, :val994, :val995, :val996, :val997, :val998, :val999, :val1000, :val1001, :val1002, :val1003, :val1004, :val1005, :val1006, :val1007, :val1008, :val1009, :val1010, :val1011, :val1012, :val1013, :val1014, :val1015, :val1016, :val1017, :val1018, :val1019, :val1020, :val1021, :val1022, :val1023, :val1024, :val1025, :val1026, :val1027, :val1028, :val1029, :val1030, :val1031, :val1032, :val1033, :val1034, :val1035, :val1036, :val1037, :val1038, :val1039, :val1040, :val1041, :val1042, :val1043, :val1044, :val1045, :val1046, :val1047, :val1048, :val1049, :val1050, :val1051, :val1052, :val1053, :val1054, :val1055, :val1056, :val1057, :val1058, :val1059, :val1060, :val1061, :val1062, :val1063, :val1064, :val1065, :val1066, :val1067, :val1068, :val1069, :val1070, :val1071, :val1072, :val1073, :val1074, :val1075, :val1076, :val1077, :val1078, :val1079, :val1080, :val1081, :val1082, :val1083, :val1084, :val1085, :val1086, :val1087, :val1088, :val1089, :val1090, :val1091, :val1092, :val1093, :val1094, :val1095, :val1096, :val1097, :val1098, :val1099, :val1100, :val1101, :val1102, :val1103, :val1104, :val1105, :val1106, :val1107, :val1108, :val1109, :val1110, :val1111, :val1112, :val1113, :val1114, :val1115, :val1116, :val1117, :val1118, :val1119, :val1120, :val1121, :val1122, :val1123, :val1124, :val1125, :val1126, :val1127, :val1128, :val1129, :val1130, :val1131, :val1132, :val1133, :val1134, :val1135, :val1136, :val1137, :val1138, :val1139, :val1140, :val1141, :val1142, :val1143, :val1144, :val1145, :val1146, :val1147, :val1148, :val1149, :val1150, :val1151, :val1152, :val1153, :val1154, :val1155, :val1156, :val1157, :val1158, :val1159, :val1160, :val1161, :val1162, :val1163, :val1164, :val1165, :val1166, :val1167, :val1168, :val1169, :val1170, :val1171, :val1172, :val1173, :val1174, :val1175, :val1176, :val1177, :val1178, :val1179, :val1180, :val1181, :val1182, :val1183, :val1184, :val1185, :val1186, :val1187, :val1188, :val1189, :val1190, :val1191, :val1192, :val1193, :val1194, :val1195, :val1196, :val1197, :val1198, :val1199, :val1200, :val1201, :val1202, :val1203, :val1204, :val1205, :val1206, :val1207, :val1208, :val1209, :val1210, :val1211, :val1212, :val1213, :val1214, :val1215, :val1216, :val1217, :val1218, :val1219, :val1220, :val1221, :val1222, :val1223, :val1224, :val1225, :val1226, :val1227, :val1228, :val1229, :val1230, :val1231, :val1232, :val1233, :val1234, :val1235, :val1236, :val1237, :val1238, :val1239, :val1240, :val1241, :val1242, :val1243, :val1244, :val1245, :val1246, :val1247, :val1248, :val1249, :val1250, :val1251, :val1252, :val1253, :val1254, :val1255, :val1256, :val1257, :val1258, :val1259, :val1260, :val1261, :val1262, :val1263, :val1264, :val1265, :val1266, :val1267, :val1268, :val1269, :val1270, :val1271, :val1272, :val1273, :val1274, :val1275, :val1276, :val1277, :val1278, :val1279, :val1280, :val1281, :val1282, :val1283, :val1284, :val1285, :val1286, :val1287, :val1288, :val1289, :val1290, :val1291, :val1292, :val1293, :val1294, :val1295, :val1296, :val1297, :val1298, :val1299, :val1300, :val1301, :val1302, :val1303, :val1304, :val1305, :val1306, :val1307, :val1308, :val1309, :val1310, :val1311, :val1312, :val1313, :val1314, :val1315, :val1316, :val1317, :val1318, :val1319, :val1320, :val1321, :val1322, :val1323, :val1324, :val1325, :val1326, :val1327, :val1328, :val1329, :val1330, :val1331, :val1332, :val1333, :val1334, :val1335, :val1336, :val1337, :val1338, :val1339, :val1340, :val1341, :val1342, :val1343, :val1344, :val1345, :val1346, :val1347, :val1348, :val1349, :val1350, :val1351, :val1352, :val1353, :val1354, :val1355, :val1356, :val1357, :val1358, :val1359, :val1360, :val1361, :val1362, :val1363, :val1364, :val1365, :val1366, :val1367, :val1368, :val1369, :val1370, :val1371, :val1372, :val1373, :val1374, :val1375, :val1376, :val1377, :val1378, :val1379, :val1380, :val1381, :val1382, :val1383, :val1384, :val1385, :val1386, :val1387, :val1388, :val1389, :val1390, :val1391, :val1392, :val1393, :val1394, :val1395, :val1396, :val1397, :val1398, :val1399, :val1400, :val1401, :val1402, :val1403, :val1404, :val1405, :val1406, :val1407, :val1408, :val1409, :val1410, :val1411, :val1412, :val1413, :val1414, :val1415, :val1416, :val1417, :val1418, :val1419, :val1420, :val1421, :val1422, :val1423, :val1424, :val1425, :val1426, :val1427, :val1428, :val1429, :val1430, :val1431, :val1432, :val1433, :val1434, :val1435, :val1436, :val1437, :val1438, :val1439, :val1440, :val1441, :val1442, :val1443, :val1444, :val1445, :val1446, :val1447, :val1448, :val1449, :val1450, :val1451, :val1452, :val1453, :val1454, :val1455, :val1456, :val1457, :val1458, :val1459, :val1460, :val1461, :val1462, :val1463, :val1464, :val1465, :val1466, :val1467, :val1468, :val1469, :val1470, :val1471, :val1472, :val1473, :val1474, :val1475, :val1476, :val1477, :val1478, :val1479, :val1480, :val1481, :val1482, :val1483, :val1484, :val1485, :val1486, :val1487, :val1488, :val1489, :val1490, :val1491, :val1492, :val1493, :val1494, :val1495, :val1496, :val1497, :val1498, :val1499, :val1500, :val1501, :val1502, :val1503, :val1504, :val1505, :val1506, :val1507, :val1508, :val1509, :val1510, :val1511, :val1512, :val1513, :val1514, :val1515, :val1516, :val1517, :val1518, :val1519, :val1520, :val1521, :val1522, :val1523, :val1524, :val1525, :val1526, :val1527, :val1528, :val1529, :val1530, :val1531, :val1532, :val1533, :val1534, :val1535, :val1536, :val1537, :val1538, :val1539, :val1540, :val1541, :val1542, :val1543, :val1544, :val1545, :val1546, :val1547, :val1548, :val1549, :val1550, :val1551, :val1552, :val1553, :val1554, :val1555, :val1556, :val1557, :val1558, :val1559, :val1560, :val1561, :val1562, :val1563, :val1564, :val1565, :val1566, :val1567, :val1568, :val1569, :val1570, :val1571, :val1572, :val1573, :val1574, :val1575, :val1576, :val1577, :val1578, :val1579, :val1580, :val1581, :val1582, :val1583, :val1584, :val1585, :val1586, :val1587, :val1588, :val1589, :val1590, :val1591, :val1592, :val1593, :val1594, :val1595, :val1596, :val1597, :val1598, :val1599, :val1600, :val1601, :val1602, :val1603, :val1604, :val1605, :val1606, :val1607, :val1608, :val1609, :val1610, :val1611, :val1612, :val1613, :val1614, :val1615, :val1616, :val1617, :val1618, :val1619, :val1620, :val1621, :val1622, :val1623, :val1624, :val1625, :val1626, :val1627, :val1628, :val1629, :val1630, :val1631, :val1632, :val1633, :val1634, :val1635, :val1636, :val1637, :val1638, :val1639, :val1640, :val1641, :val1642, :val1643, :val1644, :val1645, :val1646, :val1647, :val1648, :val1649, :val1650, :val1651, :val1652, :val1653, :val1654, :val1655, :val1656, :val1657, :val1658, :val1659, :val1660, :val1661, :val1662, :val1663, :val1664, :val1665, :val1666, :val1667, :val1668, :val1669, :val1670, :val1671, :val1672, :val1673, :val1674, :val1675, :val1676, :val1677, :val1678, :val1679, :val1680, :val1681, :val1682, :val1683, :val1684, :val1685, :val1686, :val1687, :val1688, :val1689, :val1690, :val1691, :val1692, :val1693, :val1694, :val1695, :val1696, :val1697, :val1698, :val1699, :val1700, :val1701, :val1702, :val1703, :val1704, :val1705, :val1706, :val1707, :val1708, :val1709, :val1710, :val1711, :val1712, :val1713, :val1714, :val1715, :val1716, :val1717, :val1718, :val1719, :val1720, :val1721, :val1722, :val1723, :val1724, :val1725, :val1726, :val1727, :val1728, :val1729, :val1730, :val1731, :val1732, :val1733, :val1734, :val1735, :val1736, :val1737, :val1738, :val1739, :val1740, :val1741, :val1742, :val1743, :val1744, :val1745, :val1746, :val1747, :val1748, :val1749, :val1750, :val1751, :val1752, :val1753, :val1754, :val1755, :val1756, :val1757, :val1758, :val1759, :val1760, :val1761, :val1762, :val1763, :val1764, :val1765, :val1766, :val1767, :val1768, :val1769, :val1770, :val1771, :val1772, :val1773, :val1774, :val1775, :val1776, :val1777, :val1778, :val1779, :val1780, :val1781, :val1782, :val1783, :val1784, :val1785, :val1786, :val1787, :val1788, :val1789, :val1790, :val1791, :val1792, :val1793, :val1794, :val1795, :val1796, :val1797, :val1798, :val1799, :val1800, :val1801, :val1802, :val1803, :val1804, :val1805, :val1806, :val1807, :val1808, :val1809, :val1810, :val1811, :val1812, :val1813, :val1814, :val1815, :val1816, :val1817, :val1818, :val1819, :val1820, :val1821, :val1822, :val1823, :val1824, :val1825, :val1826, :val1827, :val1828, :val1829, :val1830, :val1831, :val1832, :val1833, :val1834, :val1835, :val1836, :val1837, :val1838, :val1839, :val1840, :val1841, :val1842, :val1843, :val1844, :val1845, :val1846, :val1847, :val1848, :val1849, :val1850, :val1851, :val1852, :val1853, :val1854, :val1855, :val1856, :val1857, :val1858, :val1859, :val1860, :val1861, :val1862, :val1863, :val1864, :val1865, :val1866, :val1867, :val1868, :val1869, :val1870, :val1871, :val1872, :val1873, :val1874, :val1875, :val1876, :val1877, :val1878, :val1879, :val1880, :val1881, :val1882, :val1883, :val1884, :val1885, :val1886, :val1887, :val1888, :val1889, :val1890, :val1891, :val1892, :val1893, :val1894, :val1895, :val1896, :val1897, :val1898, :val1899, :val1900, :val1901, :val1902, :val1903, :val1904, :val1905, :val1906, :val1907, :val1908, :val1909, :val1910, :val1911, :val1912, :val1913, :val1914, :val1915, :val1916, :val1917, :val1918, :val1919, :val1920, :val1921, :val1922, :val1923, :val1924, :val1925, :val1926, :val1927, :val1928, :val1929, :val1930, :val1931, :val1932, :val1933, :val1934, :val1935, :val1936, :val1937, :val1938, :val1939, :val1940, :val1941, :val1942, :val1943, :val1944, :val1945, :val1946, :val1947, :val1948, :val1949, :val1950, :val1951, :val1952, :val1953, :val1954, :val1955, :val1956, :val1957, :val1958, :val1959, :val1960, :val1961, :val1962, :val1963, :val1964, :val1965, :val1966, :val1967, :val1968, :val1969, :val1970, :val1971, :val1972, :val1973, :val1974, :val1975, :val1976, :val1977, :val1978, :val1979, :val1980, :val1981, :val1982, :val1983, :val1984, :val1985, :val1986, :val1987, :val1988, :val1989, :val1990, :val1991, :val1992, :val1993, :val1994, :val1995, :val1996, :val1997, :val1998, :val1999, :val2000, :val2001, :val2002, :val2003, :val2004, :val2005, :val2006, :val2007, :val2008, :val2009, :val2010, :val2011, :val2012, :val2013, :val2014, :val2015, :val2016, :val2017, :val2018, :val2019, :val2020, :val2021, :val2022, :val2023, :val2024, :val2025, :val2026, :val2027, :val2028, :val2029, :val2030, :val2031, :val2032, :val2033, :val2034, :val2035, :val2036, :val2037, :val2038, :val2039, :val2040, :val2041, :val2042, :val2043, :val2044, :val2045, :val2046, :val2047, :val2048, :val2049, :val2050, :val2051, :val2052, :val2053, :val2054, :val2055, :val2056, :val2057, :val2058, :val2059, :val2060, :val2061, :val2062, :val2063, :val2064, :val2065, :val2066, :val2067, :val2068, :val2069, :val2070, :val2071, :val2072, :val2073, :val2074, :val2075, :val2076, :val2077, :val2078, :val2079, :val2080, :val2081, :val2082, :val2083, :val2084, :val2085, :val2086, :val2087, :val2088, :val2089, :val2090, :val2091, :val2092, :val2093, :val2094, :val2095, :val2096, :val2097, :val2098, :val2099, :val2100, :val2101, :val2102, :val2103, :val2104, :val2105, :val2106, :val2107, :val2108, :val2109, :val2110, :val2111, :val2112, :val2113, :val2114, :val2115, :val2116, :val2117, :val2118, :val2119, :val2120, :val2121, :val2122, :val2123, :val2124, :val2125, :val2126, :val2127, :val2128, :val2129, :val2130, :val2131, :val2132, :val2133, :val2134, :val2135, :val2136, :val2137, :val2138, :val2139, :val2140, :val2141, :val2142, :val2143, :val2144, :val2145, :val2146, :val2147, :val2148, :val2149, :val2150, :val2151, :val2152, :val2153, :val2154, :val2155, :val2156, :val2157, :val2158, :val2159, :val2160, :val2161, :val2162, :val2163, :val2164, :val2165, :val2166, :val2167, :val2168, :val2169, :val2170, :val2171, :val2172, :val2173, :val2174, :val2175, :val2176, :val2177, :val2178, :val2179, :val2180, :val2181, :val2182, :val2183, :val2184, :val2185, :val2186, :val2187, :val2188, :val2189, :val2190, :val2191, :val2192, :val2193, :val2194, :val2195, :val2196, :val2197, :val2198, :val2199, :val2200, :val2201, :val2202, :val2203, :val2204, :val2205, :val2206, :val2207, :val2208, :val2209, :val2210, :val2211, :val2212, :val2213, :val2214, :val2215, :val2216, :val2217, :val2218, :val2219, :val2220, :val2221, :val2222, :val2223, :val2224, :val2225, :val2226, :val2227, :val2228, :val2229, :val2230, :val2231, :val2232, :val2233, :val2234, :val2235, :val2236, :val2237, :val2238, :val2239, :val2240, :val2241, :val2242, :val2243, :val2244, :val2245, :val2246, :val2247, :val2248, :val2249, :val2250, :val2251, :val2252, :val2253, :val2254, :val2255, :val2256, :val2257, :val2258, :val2259, :val2260, :val2261, :val2262, :val2263, :val2264, :val2265, :val2266, :val2267, :val2268, :val2269, :val2270, :val2271, :val2272, :val2273, :val2274, :val2275, :val2276, :val2277, :val2278, :val2279, :val2280, :val2281, :val2282, :val2283, :val2284, :val2285, :val2286, :val2287, :val2288, :val2289, :val2290, :val2291, :val2292, :val2293, :val2294, :val2295, :val2296, :val2297, :val2298, :val2299, :val2300, :val2301, :val2302, :val2303, :val2304, :val2305, :val2306, :val2307, :val2308, :val2309, :val2310, :val2311, :val2312, :val2313, :val2314, :val2315, :val2316, :val2317, :val2318, :val2319, :val2320, :val2321, :val2322, :val2323, :val2324, :val2325, :val2326, :val2327, :val2328, :val2329, :val2330, :val2331, :val2332, :val2333, :val2334, :val2335, :val2336, :val2337, :val2338, :val2339, :val2340, :val2341, :val2342, :val2343, :val2344, :val2345, :val2346, :val2347, :val2348, :val2349, :val2350, :val2351, :val2352, :val2353, :val2354, :val2355, :val2356, :val2357, :val2358, :val2359, :val2360, :val2361, :val2362, :val2363, :val2364, :val2365, :val2366, :val2367, :val2368, :val2369, :val2370, :val2371, :val2372, :val2373, :val2374, :val2375, :val2376, :val2377, :val2378, :val2379, :val2380, :val2381, :val2382, :val2383, :val2384, :val2385, :val2386, :val2387, :val2388, :val2389, :val2390, :val2391, :val2392, :val2393, :val2394, :val2395, :val2396, :val2397, :val2398, :val2399, :val2400, :val2401, :val2402, :val2403, :val2404, :val2405, :val2406, :val2407, :val2408, :val2409, :val2410, :val2411, :val2412, :val2413, :val2414, :val2415, :val2416, :val2417, :val2418, :val2419, :val2420, :val2421, :val2422, :val2423, :val2424, :val2425, :val2426, :val2427, :val2428, :val2429, :val2430, :val2431, :val2432, :val2433, :val2434, :val2435, :val2436, :val2437, :val2438, :val2439, :val2440, :val2441, :val2442, :val2443, :val2444, :val2445, :val2446, :val2447, :val2448, :val2449, :val2450, :val2451, :val2452, :val2453, :val2454, :val2455, :val2456, :val2457, :val2458, :val2459, :val2460, :val2461, :val2462, :val2463, :val2464, :val2465, :val2466, :val2467, :val2468, :val2469, :val2470, :val2471, :val2472, :val2473, :val2474, :val2475, :val2476, :val2477, :val2478, :val2479, :val2480, :val2481, :val2482, :val2483, :val2484, :val2485, :val2486, :val2487, :val2488, :val2489, :val2490, :val2491, :val2492, :val2493, :val2494, :val2495, :val2496, :val2497, :val2498, :val2499, :val2500, :val2501, :val2502, :val2503, :val2504, :val2505, :val2506, :val2507, :val2508, :val2509, :val2510, :val2511, :val2512, :val2513, :val2514, :val2515, :val2516, :val2517, :val2518, :val2519, :val2520, :val2521, :val2522, :val2523, :val2524, :val2525, :val2526, :val2527, :val2528, :val2529, :val2530, :val2531, :val2532, :val2533, :val2534, :val2535, :val2536, :val2537, :val2538, :val2539, :val2540, :val2541, :val2542, :val2543, :val2544, :val2545, :val2546, :val2547, :val2548, :val2549, :val2550, :val2551, :val2552, :val2553, :val2554, :val2555, :val2556, :val2557, :val2558, :val2559, :val2560, :val2561, :val2562, :val2563, :val2564, :val2565, :val2566, :val2567, :val2568, :val2569, :val2570, :val2571, :val2572, :val2573, :val2574, :val2575, :val2576, :val2577, :val2578, :val2579, :val2580, :val2581, :val2582, :val2583, :val2584, :val2585, :val2586, :val2587, :val2588, :val2589, :val2590, :val2591, :val2592, :val2593, :val2594, :val2595, :val2596, :val2597, :val2598, :val2599, :val2600, :val2601, :val2602, :val2603, :val2604, :val2605, :val2606, :val2607, :val2608, :val2609, :val2610, :val2611, :val2612, :val2613, :val2614, :val2615, :val2616, :val2617, :val2618, :val2619, :val2620, :val2621, :val2622, :val2623, :val2624, :val2625, :val2626, :val2627, :val2628, :val2629, :val2630, :val2631, :val2632, :val2633, :val2634, :val2635, :val2636, :val2637, :val2638, :val2639, :val2640, :val2641, :val2642, :val2643, :val2644, :val2645, :val2646, :val2647, :val2648, :val2649, :val2650, :val2651, :val2652, :val2653, :val2654, :val2655, :val2656, :val2657, :val2658, :val2659, :val2660, :val2661, :val2662, :val2663, :val2664, :val2665, :val2666, :val2667, :val2668, :val2669, :val2670, :val2671, :val2672, :val2673, :val2674, :val2675, :val2676, :val2677, :val2678, :val2679, :val2680, :val2681, :val2682, :val2683, :val2684, :val2685, :val2686, :val2687, :val2688, :val2689, :val2690, :val2691, :val2692, :val2693, :val2694, :val2695, :val2696, :val2697, :val2698, :val2699, :val2700, :val2701, :val2702, :val2703, :val2704, :val2705, :val2706, :val2707, :val2708, :val2709, :val2710, :val2711, :val2712, :val2713, :val2714, :val2715, :val2716, :val2717, :val2718, :val2719, :val2720, :val2721, :val2722, :val2723, :val2724, :val2725, :val2726, :val2727, :val2728, :val2729, :val2730, :val2731, :val2732, :val2733, :val2734, :val2735, :val2736, :val2737, :val2738, :val2739, :val2740, :val2741, :val2742, :val2743, :val2744, :val2745, :val2746, :val2747, :val2748, :val2749, :val2750, :val2751, :val2752, :val2753, :val2754, :val2755, :val2756, :val2757, :val2758, :val2759, :val2760, :val2761, :val2762, :val2763, :val2764, :val2765, :val2766, :val2767, :val2768, :val2769, :val2770, :val2771, :val2772, :val2773, :val2774, :val2775, :val2776, :val2777, :val2778, :val2779, :val2780, :val2781, :val2782, :val2783, :val2784, :val2785, :val2786, :val2787, :val2788, :val2789, :val2790, :val2791, :val2792, :val2793, :val2794, :val2795, :val2796, :val2797, :val2798, :val2799, :val2800, :val2801, :val2802, :val2803, :val2804, :val2805, :val2806, :val2807, :val2808, :val2809, :val2810, :val2811, :val2812, :val2813, :val2814, :val2815, :val2816, :val2817, :val2818, :val2819, :val2820, :val2821, :val2822, :val2823, :val2824, :val2825, :val2826, :val2827, :val2828, :val2829, :val2830, :val2831, :val2832, :val2833, :val2834, :val2835, :val2836, :val2837, :val2838, :val2839, :val2840, :val2841, :val2842, :val2843, :val2844, :val2845, :val2846, :val2847, :val2848, :val2849, :val2850, :val2851, :val2852, :val2853, :val2854, :val2855, :val2856, :val2857, :val2858, :val2859, :val2860, :val2861, :val2862, :val2863, :val2864, :val2865, :val2866, :val2867, :val2868, :val2869, :val2870, :val2871, :val2872, :val2873, :val2874, :val2875, :val2876, :val2877, :val2878, :val2879, :val2880, :val2881, :val2882, :val2883, :val2884, :val2885, :val2886, :val2887, :val2888, :val2889, :val2890, :val2891, :val2892, :val2893, :val2894, :val2895, :val2896, :val2897, :val2898, :val2899, :val2900, :val2901, :val2902, :val2903, :val2904, :val2905, :val2906, :val2907, :val2908, :val2909, :val2910, :val2911, :val2912, :val2913, :val2914, :val2915, :val2916, :val2917, :val2918, :val2919, :val2920, :val2921, :val2922, :val2923, :val2924, :val2925, :val2926, :val2927, :val2928, :val2929, :val2930, :val2931, :val2932, :val2933, :val2934, :val2935, :val2936, :val2937, :val2938, :val2939, :val2940, :val2941, :val2942, :val2943, :val2944, :val2945, :val2946, :val2947, :val2948, :val2949, :val2950, :val2951, :val2952, :val2953, :val2954, :val2955, :val2956, :val2957, :val2958, :val2959, :val2960, :val2961, :val2962, :val2963, :val2964, :val2965, :val2966, :val2967, :val2968, :val2969, :val2970, :val2971, :val2972, :val2973, :val2974, :val2975, :val2976, :val2977, :val2978, :val2979, :val2980, :val2981, :val2982, :val2983, :val2984, :val2985, :val2986, :val2987, :val2988, :val2989, :val2990, :val2991, :val2992, :val2993, :val2994, :val2995, :val2996, :val2997, :val2998, :val2999, :val3000, :val3001, :val3002, :val3003, :val3004, :val3005, :val3006, :val3007, :val3008, :val3009, :val3010, :val3011, :val3012, :val3013, :val3014, :val3015, :val3016, :val3017, :val3018, :val3019, :val3020, :val3021, :val3022, :val3023, :val3024, :val3025, :val3026, :val3027, :val3028, :val3029, :val3030, :val3031, :val3032, :val3033, :val3034, :val3035, :val3036, :val3037, :val3038, :val3039, :val3040, :val3041, :val3042, :val3043, :val3044, :val3045, :val3046, :val3047, :val3048, :val3049, :val3050, :val3051, :val3052, :val3053, :val3054, :val3055, :val3056, :val3057, :val3058, :val3059, :val3060, :val3061, :val3062, :val3063, :val3064, :val3065, :val3066, :val3067, :val3068, :val3069, :val3070, :val3071, :val3072, :val3073, :val3074, :val3075, :val3076, :val3077, :val3078, :val3079, :val3080, :val3081, :val3082, :val3083, :val3084, :val3085, :val3086, :val3087, :val3088, :val3089, :val3090, :val3091, :val3092, :val3093, :val3094, :val3095, :val3096, :val3097, :val3098, :val3099, :val3100, :val3101, :val3102, :val3103, :val3104, :val3105, :val3106, :val3107, :val3108, :val3109, :val3110, :val3111, :val3112, :val3113, :val3114, :val3115, :val3116, :val3117, :val3118, :val3119, :val3120, :val3121, :val3122, :val3123, :val3124, :val3125, :val3126, :val3127, :val3128, :val3129, :val3130, :val3131, :val3132, :val3133, :val3134, :val3135, :val3136, :val3137, :val3138, :val3139, :val3140, :val3141, :val3142, :val3143, :val3144, :val3145, :val3146, :val3147, :val3148, :val3149, :val3150, :val3151, :val3152, :val3153, :val3154, :val3155, :val3156, :val3157, :val3158, :val3159, :val3160, :val3161, :val3162, :val3163, :val3164, :val3165, :val3166, :val3167, :val3168, :val3169, :val3170, :val3171, :val3172, :val3173, :val3174, :val3175, :val3176, :val3177, :val3178, :val3179, :val3180, :val3181, :val3182, :val3183, :val3184, :val3185, :val3186, :val3187, :val3188, :val3189, :val3190, :val3191, :val3192, :val3193, :val3194, :val3195, :val3196, :val3197, :val3198, :val3199, :val3200, :val3201, :val3202, :val3203, :val3204, :val3205, :val3206, :val3207, :val3208, :val3209, :val3210, :val3211, :val3212, :val3213, :val3214, :val3215, :val3216, :val3217, :val3218, :val3219, :val3220, :val3221, :val3222, :val3223, :val3224, :val3225, :val3226, :val3227, :val3228, :val3229, :val3230, :val3231, :val3232, :val3233, :val3234, :val3235, :val3236, :val3237, :val3238, :val3239, :val3240, :val3241, :val3242, :val3243, :val3244, :val3245, :val3246, :val3247, :val3248, :val3249, :val3250, :val3251, :val3252, :val3253, :val3254, :val3255, :val3256, :val3257, :val3258, :val3259, :val3260, :val3261, :val3262, :val3263, :val3264, :val3265, :val3266, :val3267, :val3268, :val3269, :val3270, :val3271, :val3272, :val3273, :val3274, :val3275, :val3276, :val3277, :val3278, :val3279, :val3280, :val3281, :val3282, :val3283, :val3284, :val3285, :val3286, :val3287, :val3288, :val3289, :val3290, :val3291, :val3292, :val3293, :val3294, :val3295, :val3296, :val3297, :val3298, :val3299, :val3300, :val3301, :val3302, :val3303, :val3304, :val3305, :val3306, :val3307, :val3308, :val3309, :val3310, :val3311, :val3312, :val3313, :val3314, :val3315, :val3316, :val3317, :val3318, :val3319, :val3320, :val3321, :val3322, :val3323, :val3324, :val3325, :val3326, :val3327, :val3328, :val3329, :val3330, :val3331, :val3332, :val3333, :val3334, :val3335, :val3336, :val3337, :val3338, :val3339, :val3340, :val3341, :val3342, :val3343, :val3344, :val3345, :val3346, :val3347, :val3348, :val3349, :val3350, :val3351, :val3352, :val3353, :val3354, :val3355, :val3356, :val3357, :val3358, :val3359, :val3360, :val3361, :val3362, :val3363, :val3364, :val3365, :val3366, :val3367, :val3368, :val3369, :val3370, :val3371, :val3372, :val3373, :val3374, :val3375, :val3376, :val3377, :val3378, :val3379, :val3380, :val3381, :val3382, :val3383, :val3384, :val3385, :val3386, :val3387, :val3388, :val3389, :val3390, :val3391, :val3392, :val3393, :val3394, :val3395, :val3396, :val3397, :val3398, :val3399, :val3400, :val3401, :val3402, :val3403, :val3404, :val3405, :val3406, :val3407, :val3408, :val3409, :val3410, :val3411, :val3412, :val3413, :val3414, :val3415, :val3416, :val3417, :val3418, :val3419, :val3420, :val3421, :val3422, :val3423, :val3424, :val3425, :val3426, :val3427, :val3428, :val3429, :val3430, :val3431, :val3432, :val3433, :val3434, :val3435, :val3436, :val3437, :val3438, :val3439, :val3440, :val3441, :val3442, :val3443, :val3444, :val3445, :val3446, :val3447, :val3448, :val3449, :val3450, :val3451, :val3452, :val3453, :val3454, :val3455, :val3456, :val3457, :val3458, :val3459, :val3460, :val3461, :val3462, :val3463, :val3464, :val3465, :val3466, :val3467, :val3468, :val3469, :val3470, :val3471, :val3472, :val3473, :val3474, :val3475, :val3476, :val3477, :val3478, :val3479, :val3480, :val3481, :val3482, :val3483, :val3484, :val3485, :val3486, :val3487, :val3488, :val3489, :val3490, :val3491, :val3492, :val3493, :val3494, :val3495, :val3496, :val3497, :val3498, :val3499, :val3500, :val3501, :val3502, :val3503, :val3504, :val3505, :val3506, :val3507, :val3508, :val3509, :val3510, :val3511, :val3512, :val3513, :val3514, :val3515, :val3516, :val3517, :val3518, :val3519, :val3520, :val3521, :val3522, :val3523, :val3524, :val3525, :val3526, :val3527, :val3528, :val3529, :val3530, :val3531, :val3532, :val3533, :val3534, :val3535, :val3536, :val3537, :val3538, :val3539, :val3540, :val3541, :val3542, :val3543, :val3544, :val3545, :val3546, :val3547, :val3548, :val3549, :val3550, :val3551, :val3552, :val3553, :val3554, :val3555, :val3556, :val3557, :val3558, :val3559, :val3560, :val3561, :val3562, :val3563, :val3564, :val3565, :val3566, :val3567, :val3568, :val3569, :val3570, :val3571, :val3572, :val3573, :val3574, :val3575, :val3576, :val3577, :val3578, :val3579, :val3580, :val3581, :val3582, :val3583, :val3584, :val3585, :val3586, :val3587, :val3588, :val3589, :val3590, :val3591, :val3592, :val3593, :val3594, :val3595, :val3596, :val3597, :val3598, :val3599, :val3600, :val3601, :val3602, :val3603, :val3604, :val3605, :val3606, :val3607, :val3608, :val3609, :val3610, :val3611, :val3612, :val3613, :val3614, :val3615, :val3616, :val3617, :val3618, :val3619, :val3620, :val3621, :val3622, :val3623, :val3624, :val3625, :val3626, :val3627, :val3628, :val3629, :val3630, :val3631, :val3632, :val3633, :val3634, :val3635, :val3636, :val3637, :val3638, :val3639, :val3640, :val3641, :val3642, :val3643, :val3644, :val3645, :val3646, :val3647, :val3648, :val3649, :val3650, :val3651, :val3652, :val3653, :val3654, :val3655, :val3656, :val3657, :val3658, :val3659, :val3660, :val3661, :val3662, :val3663, :val3664, :val3665, :val3666, :val3667, :val3668, :val3669, :val3670, :val3671, :val3672, :val3673, :val3674, :val3675, :val3676, :val3677, :val3678, :val3679, :val3680, :val3681, :val3682, :val3683, :val3684, :val3685, :val3686, :val3687, :val3688, :val3689, :val3690, :val3691, :val3692, :val3693, :val3694, :val3695, :val3696, :val3697, :val3698, :val3699, :val3700, :val3701, :val3702, :val3703, :val3704, :val3705, :val3706, :val3707, :val3708, :val3709, :val3710, :val3711, :val3712, :val3713, :val3714, :val3715, :val3716, :val3717, :val3718, :val3719, :val3720, :val3721, :val3722, :val3723, :val3724, :val3725, :val3726, :val3727, :val3728, :val3729, :val3730, :val3731, :val3732, :val3733, :val3734, :val3735, :val3736, :val3737, :val3738, :val3739, :val3740, :val3741, :val3742, :val3743, :val3744, :val3745, :val3746, :val3747, :val3748, :val3749, :val3750, :val3751, :val3752, :val3753, :val3754, :val3755, :val3756, :val3757, :val3758, :val3759, :val3760, :val3761, :val3762, :val3763, :val3764, :val3765, :val3766, :val3767, :val3768, :val3769, :val3770, :val3771, :val3772, :val3773, :val3774, :val3775, :val3776, :val3777, :val3778, :val3779, :val3780, :val3781, :val3782, :val3783, :val3784, :val3785, :val3786, :val3787, :val3788, :val3789, :val3790, :val3791, :val3792, :val3793, :val3794, :val3795, :val3796, :val3797, :val3798, :val3799, :val3800, :val3801, :val3802, :val3803, :val3804, :val3805, :val3806, :val3807, :val3808, :val3809, :val3810, :val3811, :val3812, :val3813, :val3814, :val3815, :val3816, :val3817, :val3818, :val3819, :val3820, :val3821, :val3822, :val3823, :val3824, :val3825, :val3826, :val3827, :val3828, :val3829, :val3830, :val3831, :val3832, :val3833, :val3834, :val3835, :val3836, :val3837, :val3838, :val3839, :val3840, :val3841, :val3842, :val3843, :val3844, :val3845, :val3846, :val3847, :val3848, :val3849, :val3850, :val3851, :val3852, :val3853, :val3854, :val3855, :val3856, :val3857, :val3858, :val3859, :val3860, :val3861, :val3862, :val3863, :val3864, :val3865, :val3866, :val3867, :val3868, :val3869, :val3870, :val3871, :val3872, :val3873, :val3874, :val3875, :val3876, :val3877, :val3878, :val3879, :val3880, :val3881, :val3882, :val3883, :val3884, :val3885, :val3886, :val3887, :val3888, :val3889, :val3890, :val3891, :val3892, :val3893, :val3894, :val3895, :val3896, :val3897, :val3898, :val3899, :val3900, :val3901, :val3902, :val3903, :val3904, :val3905, :val3906, :val3907, :val3908, :val3909, :val3910, :val3911, :val3912, :val3913, :val3914, :val3915, :val3916, :val3917, :val3918, :val3919, :val3920, :val3921, :val3922, :val3923, :val3924, :val3925, :val3926, :val3927, :val3928, :val3929, :val3930, :val3931, :val3932, :val3933, :val3934, :val3935, :val3936, :val3937, :val3938, :val3939, :val3940, :val3941, :val3942, :val3943, :val3944, :val3945, :val3946, :val3947, :val3948, :val3949, :val3950, :val3951, :val3952, :val3953, :val3954, :val3955, :val3956, :val3957, :val3958, :val3959, :val3960, :val3961, :val3962, :val3963, :val3964, :val3965, :val3966, :val3967, :val3968, :val3969, :val3970, :val3971, :val3972, :val3973, :val3974, :val3975, :val3976, :val3977, :val3978, :val3979, :val3980, :val3981, :val3982, :val3983, :val3984, :val3985, :val3986, :val3987, :val3988, :val3989, :val3990, :val3991, :val3992, :val3993, :val3994, :val3995, :val3996, :val3997, :val3998, :val3999, :val4000, :val4001, :val4002, :val4003, :val4004, :val4005, :val4006, :val4007, :val4008, :val4009, :val4010, :val4011, :val4012, :val4013, :val4014, :val4015, :val4016, :val4017, :val4018, :val4019, :val4020, :val4021, :val4022, :val4023, :val4024, :val4025, :val4026, :val4027, :val4028, :val4029, :val4030, :val4031, :val4032, :val4033, :val4034, :val4035, :val4036, :val4037, :val4038, :val4039, :val4040, :val4041, :val4042, :val4043, :val4044, :val4045, :val4046, :val4047, :val4048, :val4049, :val4050, :val4051, :val4052, :val4053, :val4054, :val4055, :val4056, :val4057, :val4058, :val4059, :val4060, :val4061, :val4062, :val4063, :val4064, :val4065, :val4066, :val4067, :val4068, :val4069, :val4070, :val4071, :val4072, :val4073, :val4074, :val4075, :val4076, :val4077, :val4078, :val4079, :val4080, :val4081, :val4082, :val4083, :val4084, :val4085, :val4086, :val4087, :val4088, :val4089, :val4090, :val4091, :val4092, :val4093, :val4094, :val4095, :val4096, :val4097, :val4098, :val4099, :val4100, :val4101, :val4102, :val4103, :val4104, :val4105, :val4106, :val4107, :val4108, :val4109, :val4110, :val4111, :val4112, :val4113, :val4114, :val4115, :val4116, :val4117, :val4118, :val4119, :val4120, :val4121, :val4122, :val4123, :val4124, :val4125, :val4126, :val4127, :val4128, :val4129, :val4130, :val4131, :val4132, :val4133, :val4134, :val4135, :val4136, :val4137, :val4138, :val4139, :val4140, :val4141, :val4142, :val4143, :val4144, :val4145, :val4146, :val4147, :val4148, :val4149, :val4150, :val4151, :val4152, :val4153, :val4154, :val4155, :val4156, :val4157, :val4158, :val4159, :val4160, :val4161, :val4162, :val4163, :val4164, :val4165, :val4166, :val4167, :val4168, :val4169, :val4170, :val4171, :val4172, :val4173, :val4174, :val4175, :val4176, :val4177, :val4178, :val4179, :val4180, :val4181, :val4182, :val4183, :val4184, :val4185, :val4186, :val4187, :val4188, :val4189, :val4190, :val4191, :val4192, :val4193, :val4194, :val4195, :val4196, :val4197, :val4198, :val4199, :val4200, :val4201, :val4202, :val4203, :val4204, :val4205, :val4206, :val4207, :val4208, :val4209, :val4210, :val4211, :val4212, :val4213, :val4214, :val4215, :val4216, :val4217, :val4218, :val4219, :val4220, :val4221, :val4222, :val4223, :val4224, :val4225, :val4226, :val4227, :val4228, :val4229, :val4230, :val4231, :val4232, :val4233, :val4234, :val4235, :val4236, :val4237, :val4238, :val4239, :val4240, :val4241, :val4242, :val4243, :val4244, :val4245, :val4246, :val4247, :val4248, :val4249, :val4250, :val4251, :val4252, :val4253, :val4254, :val4255, :val4256, :val4257, :val4258, :val4259, :val4260, :val4261, :val4262, :val4263, :val4264, :val4265, :val4266, :val4267, :val4268, :val4269, :val4270, :val4271, :val4272, :val4273, :val4274, :val4275, :val4276, :val4277, :val4278, :val4279, :val4280, :val4281, :val4282, :val4283, :val4284, :val4285, :val4286, :val4287, :val4288, :val4289, :val4290, :val4291, :val4292, :val4293, :val4294, :val4295, :val4296, :val4297, :val4298, :val4299, :val4300, :val4301, :val4302, :val4303, :val4304, :val4305, :val4306, :val4307, :val4308, :val4309, :val4310, :val4311, :val4312, :val4313, :val4314, :val4315, :val4316, :val4317, :val4318, :val4319, :val4320, :val4321, :val4322, :val4323, :val4324, :val4325, :val4326, :val4327, :val4328, :val4329, :val4330, :val4331, :val4332, :val4333, :val4334, :val4335, :val4336, :val4337, :val4338, :val4339, :val4340, :val4341, :val4342, :val4343, :val4344, :val4345, :val4346, :val4347, :val4348, :val4349, :val4350, :val4351, :val4352, :val4353, :val4354, :val4355, :val4356, :val4357, :val4358, :val4359, :val4360, :val4361, :val4362, :val4363, :val4364, :val4365, :val4366, :val4367, :val4368, :val4369, :val4370, :val4371, :val4372, :val4373, :val4374, :val4375, :val4376, :val4377, :val4378, :val4379, :val4380, :val4381, :val4382, :val4383, :val4384, :val4385, :val4386, :val4387, :val4388, :val4389, :val4390, :val4391, :val4392, :val4393, :val4394, :val4395, :val4396, :val4397, :val4398, :val4399, :val4400, :val4401, :val4402, :val4403, :val4404, :val4405, :val4406, :val4407, :val4408, :val4409, :val4410, :val4411, :val4412, :val4413, :val4414, :val4415, :val4416, :val4417, :val4418, :val4419, :val4420, :val4421, :val4422, :val4423, :val4424, :val4425, :val4426, :val4427, :val4428, :val4429, :val4430, :val4431, :val4432, :val4433, :val4434, :val4435, :val4436, :val4437, :val4438, :val4439, :val4440, :val4441, :val4442, :val4443, :val4444, :val4445, :val4446, :val4447, :val4448, :val4449, :val4450, :val4451, :val4452, :val4453, :val4454, :val4455, :val4456, :val4457, :val4458, :val4459, :val4460, :val4461, :val4462, :val4463, :val4464, :val4465, :val4466, :val4467, :val4468, :val4469, :val4470, :val4471, :val4472, :val4473, :val4474, :val4475, :val4476, :val4477, :val4478, :val4479, :val4480, :val4481, :val4482, :val4483, :val4484, :val4485, :val4486, :val4487, :val4488, :val4489, :val4490, :val4491, :val4492, :val4493, :val4494, :val4495, :val4496, :val4497, :val4498, :val4499, :val4500, :val4501, :val4502, :val4503, :val4504, :val4505, :val4506, :val4507, :val4508, :val4509, :val4510, :val4511, :val4512, :val4513, :val4514, :val4515, :val4516, :val4517, :val4518, :val4519, :val4520, :val4521, :val4522, :val4523, :val4524, :val4525, :val4526, :val4527, :val4528, :val4529, :val4530, :val4531, :val4532, :val4533, :val4534, :val4535, :val4536, :val4537, :val4538, :val4539, :val4540, :val4541, :val4542, :val4543, :val4544, :val4545, :val4546, :val4547, :val4548, :val4549, :val4550, :val4551, :val4552, :val4553, :val4554, :val4555, :val4556, :val4557, :val4558, :val4559, :val4560, :val4561, :val4562, :val4563, :val4564, :val4565, :val4566, :val4567, :val4568, :val4569, :val4570, :val4571, :val4572, :val4573, :val4574, :val4575, :val4576, :val4577, :val4578, :val4579, :val4580, :val4581, :val4582, :val4583, :val4584, :val4585, :val4586, :val4587, :val4588, :val4589, :val4590, :val4591, :val4592, :val4593, :val4594, :val4595, :val4596, :val4597, :val4598, :val4599, :val4600, :val4601, :val4602, :val4603, :val4604, :val4605, :val4606, :val4607, :val4608, :val4609, :val4610, :val4611, :val4612, :val4613, :val4614, :val4615, :val4616, :val4617, :val4618, :val4619, :val4620, :val4621, :val4622, :val4623, :val4624, :val4625, :val4626, :val4627, :val4628, :val4629, :val4630, :val4631, :val4632, :val4633, :val4634, :val4635, :val4636, :val4637, :val4638, :val4639, :val4640, :val4641, :val4642, :val4643, :val4644, :val4645, :val4646, :val4647, :val4648, :val4649, :val4650, :val4651, :val4652, :val4653, :val4654, :val4655, :val4656, :val4657, :val4658, :val4659, :val4660, :val4661, :val4662, :val4663, :val4664, :val4665, :val4666, :val4667, :val4668, :val4669, :val4670, :val4671, :val4672, :val4673, :val4674, :val4675, :val4676, :val4677, :val4678, :val4679, :val4680, :val4681, :val4682, :val4683, :val4684, :val4685, :val4686, :val4687, :val4688, :val4689, :val4690, :val4691, :val4692, :val4693, :val4694, :val4695, :val4696, :val4697, :val4698, :val4699, :val4700, :val4701, :val4702, :val4703, :val4704, :val4705, :val4706, :val4707, :val4708, :val4709, :val4710, :val4711, :val4712, :val4713, :val4714, :val4715, :val4716, :val4717, :val4718, :val4719, :val4720, :val4721, :val4722, :val4723, :val4724, :val4725, :val4726, :val4727, :val4728, :val4729, :val4730, :val4731, :val4732, :val4733, :val4734, :val4735, :val4736, :val4737, :val4738, :val4739, :val4740, :val4741, :val4742, :val4743, :val4744, :val4745, :val4746, :val4747, :val4748, :val4749, :val4750, :val4751, :val4752, :val4753, :val4754, :val4755, :val4756, :val4757, :val4758, :val4759, :val4760, :val4761, :val4762, :val4763, :val4764, :val4765, :val4766, :val4767, :val4768, :val4769, :val4770, :val4771, :val4772, :val4773, :val4774, :val4775, :val4776, :val4777, :val4778, :val4779, :val4780, :val4781, :val4782, :val4783, :val4784, :val4785, :val4786, :val4787, :val4788, :val4789, :val4790, :val4791, :val4792, :val4793, :val4794, :val4795, :val4796, :val4797, :val4798, :val4799, :val4800, :val4801, :val4802, :val4803, :val4804, :val4805, :val4806, :val4807, :val4808, :val4809, :val4810, :val4811, :val4812, :val4813, :val4814, :val4815, :val4816, :val4817, :val4818, :val4819, :val4820, :val4821, :val4822, :val4823, :val4824, :val4825, :val4826, :val4827, :val4828, :val4829, :val4830, :val4831, :val4832, :val4833, :val4834, :val4835, :val4836, :val4837, :val4838, :val4839, :val4840, :val4841, :val4842, :val4843, :val4844, :val4845, :val4846, :val4847, :val4848, :val4849, :val4850, :val4851, :val4852, :val4853, :val4854, :val4855, :val4856, :val4857, :val4858, :val4859, :val4860, :val4861, :val4862, :val4863, :val4864, :val4865, :val4866, :val4867, :val4868, :val4869, :val4870, :val4871, :val4872, :val4873, :val4874, :val4875, :val4876, :val4877, :val4878, :val4879, :val4880, :val4881, :val4882, :val4883, :val4884, :val4885, :val4886, :val4887, :val4888, :val4889, :val4890, :val4891, :val4892, :val4893, :val4894, :val4895, :val4896, :val4897, :val4898, :val4899, :val4900, :val4901, :val4902, :val4903, :val4904, :val4905, :val4906, :val4907, :val4908, :val4909, :val4910, :val4911, :val4912, :val4913, :val4914, :val4915, :val4916, :val4917, :val4918, :val4919, :val4920, :val4921, :val4922, :val4923, :val4924, :val4925, :val4926, :val4927, :val4928, :val4929, :val4930, :val4931, :val4932, :val4933, :val4934, :val4935, :val4936, :val4937, :val4938, :val4939, :val4940, :val4941, :val4942, :val4943, :val4944, :val4945, :val4946, :val4947, :val4948, :val4949, :val4950, :val4951, :val4952, :val4953, :val4954, :val4955, :val4956, :val4957, :val4958, :val4959, :val4960, :val4961, :val4962, :val4963, :val4964, :val4965, :val4966, :val4967, :val4968, :val4969, :val4970, :val4971, :val4972, :val4973, :val4974, :val4975, :val4976, :val4977, :val4978, :val4979, :val4980, :val4981, :val4982, :val4983, :val4984, :val4985, :val4986, :val4987, :val4988, :val4989, :val4990, :val4991, :val4992, :val4993, :val4994, :val4995, :val4996, :val4997, :val4998)
2025-06-02 10:26:51,155 ChatBI->     ERROR    Unexpected error occured:(<CloseCode.ABNORMAL_CLOSURE: 1006>, '')
Traceback (most recent call last):
  File "/data/yfzx/liucd/chatbi_deploy2/chatbi_DB2/apps/app_main_ws.py", line 64, in websocket_endpoint
    message = await websocket.receive_text()
              ^^^^^^^^^^^^^^^^^^^^^^^^^^^^^^
  File "/root/anaconda3/envs/chatbi/lib/python3.12/site-packages/starlette/websockets.py", line 119, in receive_text
    self._raise_on_disconnect(message)
  File "/root/anaconda3/envs/chatbi/lib/python3.12/site-packages/starlette/websockets.py", line 113, in _raise_on_disconnect
    raise WebSocketDisconnect(message["code"], message.get("reason"))
starlette.websockets.WebSocketDisconnect: (<CloseCode.ABNORMAL_CLOSURE: 1006>, '')
