2025-05-26 13:15:05,279 ChatBI->     INFO     获取的表元数据: 
    CREATE TABLE shanghai (
        `工单编号` BIGINT; 含义: 表示工单的唯一编号。; 用途: 用于唯一标识每个工单，便于查询和管理。; 示例值: 20240101000072; 备注: 无;
        `工号` BIGINT; 含义: 表示工单的生成编号。; 用途: 用于记录工单的生成顺序，便于排序和统计。; 示例值: 3830; 备注: 无;
        `工单生成时间` DATETIME; 含义: 表示工单的生成时间。; 用途: 用于记录工单的生成时间，便于时间维度的管理和分析。; 示例值: 2024-01-01 00:37:39; 备注: 无;
        `诉求地址` TEXT; 含义: 表示工单所涉及的具体地点的详细地址。; 用途: 提供工单发生地点的详细信息，便于定位和处理。; 示例值: "闵行区东川路555弄"; 备注: 无;
        `诉求区域` TEXT; 含义: 表示工单所涉及的具体地点所属的行政区。; 用途: 用于快速定位工单发生的区域，便于区域级别的管理和调度。; 枚举类型，值包括： "黄浦区", "徐汇区", "长宁区", "静安区",  "普陀区", "虹口区", "杨浦区", "闵行区", "宝山区", "嘉定区", "浦东新区", "金山区",  "松江区", "青浦区","奉贤区", "崇明区"; 备注: 无;
        `内容描述` TEXT; 含义: 对工单所涉及的具体问题的详细描述。; 用途: 提供完整的信息，帮助处理人员全面了解问题背景和具体情况。; 示例值: "市民来电反映:未成年游戏充值要求退费，心动网络有限公司旗"; 备注: 无;
        `工单类别` TEXT; 含义: 表示工单紧急程度的类别。; 用途: 用于对工单紧急程度分级，便于管理和迅速响应。; 枚举类型，包含: "一般", "次紧急", "紧急"; 备注: 无;
        `处理描述` TEXT; 含义: 对工单处理结果的描述。; 用途: 记录工单的处理情况，便于后续查询和分析。; 示例值: "市民反复催单，已电子催单工单编号：20231224019374，故归档。"; 备注: 无;
        `客户类型` TEXT; 含义: 表示工单客户的类型。; 用途: 用于区分不同类型的客户，便于管理和服务。; 枚举类型，包含 "个人", "企业"; 备注: 无;
        `一级分类` TEXT; 含义: 表示工单所属的最高级别的分类。; 用途: 用于快速定位和分类工单，便于管理和统计。;枚举类型，包括： "科教文卫类", "社会管理类", "公安政法类", "其他类", "建设交通类",  "公用事业类", "安全监管类", "经济综合类", "社会团体类"; 备注: 无;
        `二级分类` TEXT; 含义: 在一级分类之下，更具体的分类。; 用途: 进一步细化工单分类，提高管理精度。; 示例值: "文广影视"; 备注: 无;
        `三级分类` TEXT; 含义: 在二级分类之下，更加具体的分类。; 用途: 提供更详细的分类信息，方便具体问题的处理和跟踪。; 示例值: "文化产业管理"; 备注: 无;
        `四级分类` TEXT; 含义: 在三级分类之下，更加具体的分类。; 用途: 提供更详细的分类信息，方便具体问题的处理和跟踪。; 示例值: "游戏动漫"; 备注: 无;
        `主办单位` TEXT; 含义: 表示工单的主办单位。; 用途: 用于记录工单的主办单位，便于管理和协调。; 示例值: "市文化旅游局", "市公安局", "普陀区人民政府"; 备注: 无;
        `是否匿名` TEXT; 含义: 表示工单是否为匿名工单。; 用途: 用于区分匿名工单和非匿名工单，便于管理和保护隐私。; 示例值: "是"; 备注: 无;
        `服务类型` TEXT; 含义: 表示工单的服务类型。; 用途: 用于分类工单的服务类型，便于管理和统计。; 枚举类型，包括: "综合服务", "一网通办"; 备注: 无;
        `通话编号` TEXT; 含义: 表示工单的通话编号。; 用途: 用于记录工单的通话记录，便于查询和分析。; 示例值: "1704040581-2297011"; 备注: 无;
        `工单类型` TEXT; 含义: 表示工单的类型。; 用途: 用于分类工单的类型，便于管理和统计。; 枚举类型，包括: "求助类", "投诉举报类", "咨询类", "意见建议类", "其他类"; 备注: 无;
        `新一级分类` TEXT; 含义: 表示工单的新一级分类。; 用途: 用于记录工单的新分类信息，便于管理和统计。; 示例值: "None"; 备注: 无;
        `新二级分类` TEXT; 含义: 表示工单的新二级分类。; 用途: 用于记录工单的新分类信息，便于管理和统计。; 示例值: "None"; 备注: 无;
        `新三级分类` TEXT; 含义: 表示工单的新三级分类。; 用途: 用于记录工单的新分类信息，便于管理和统计。; 示例值: "None"; 备注: 无;
        `新四级分类` TEXT; 含义: 表示工单的新四级分类。; 用途: 用于记录工单的新分类信息，便于管理和统计。; 示例值: "None"; 备注: 无;
        `新五级分类` TEXT; 含义: 表示工单的新五级分类。; 用途: 用于记录工单的新分类信息，便于管理和统计。; 示例值: "None"; 备注: 无;
    )DEFAULT CHARSET=utf8mb4 ENGINE=InnoDB COLLATE utf8mb4_0900_ai_ci
    
2025-05-26 13:15:05,279 ChatBI->     INFO     获取的缩写列: []
2025-05-26 13:15:05,280 ChatBI->     INFO     获取的关联列: ['一级分类', '二级分类', '三级分类', '四级分类']
2025-05-26 13:15:05,280 ChatBI->     INFO     获取的列映射: {'工单编号': 'id', '工号': 'employee_id', '工单生成时间': 'order_date', '诉求地址': 'address', '诉求区域': 'region', '内容描述': 'content_description', '工单类别': 'order_category', '处理描述': 'resolution_description', '客户类型': 'customer_type', '一级分类': 'primary_classification', '二级分类': 'secondary_classification', '三级分类': 'tertiary_classification', '四级分类': 'quaternary_classification', '主办单位': 'responsible_department', '是否匿名': 'is_anonymous', '服务类型': 'service_type', '通话编号': 'call_id', '工单类型': 'order_type', '新一级分类': 'new_primary_classification', '新二级分类': 'new_secondary_classification', '新三级分类': 'new_tertiary_classification', '新四级分类': 'new_quaternary_classification', '新五级分类': 'new_period_classification'}
2025-05-26 13:15:06,872 ChatBI->     INFO     关联字段的枚举值:  {'一级分类': ['科教文卫类', '社会管理类', '公安政法类', '其他类', '建设交通类', '公用事业类', '安全监管类', '经济综合类', '社会团体类'], '二级分类': ['文广影视', '旅游', '公安（治安、交通）', '其他', '工商(消保)', '交通港口', '绿化市容', '邮政通信', '司法行政', '教育', '住房保障', '机关事务管理', '人力保障', '纪检监察', '城乡建设', '食品药品安全', '卫生计生', '发展改革', '公安（出入境）', '金融', '电力', '商务', '燃气', '城管执法', '残联', '环境保护', '税务', '土地规划', '民政', '水务', '“12345”热线', '供水', '电子政务', '信访', '法院系统', '安全生产管理', '退役军人', '农业', '部队', '公安（消防）', '总工会', '体育', '涉港澳台', '国资', '新闻出版', '质量技术监督', '知识产权', '经济信息化', '出入境边检', '民族宗教', '档案', '统计', '民防', '科技', '侨务', '外事', '气象', '团市委', '财政', '检察院系统', '国家安全', '审计', '妇联', '防震减灾', '中央直属', '机构编制', '长航公安', '口岸', '合作交流'], '三级分类': ['文化产业管理', '服务质量', '其他', '无效电话', '商业服务', '出租车', '市容市貌', '通信', '法律服务', '学校管理', '社会治安', '物业服务管理', '机关事务管理', '纠纷仲裁', '邮政服务', '交通管理', '劳动保护', '医疗医保', '政风行风', '工程管理', '安全管理', '卫生信息', '违法建筑', '改革规划', '护照办理', '环境卫生', '金融', '社会保险', '道路管理', '社保信息', '故障报修', '城市管理', '广播影视', '公交巴士', '商务', '价格调控', '市场交易管理', '社会噪声', '物业相关执法', '医疗服务', '工商监管', '医院监管', '燃气计费', '驾驶培训', '犬类管理', '户籍管理', '停车管理', '残联', '工伤', '污染', '税收政策', '非城市建设用地管理', '婚姻管理', '排水排污管理', '房屋权属', '汽车维修', '供水报修', '一网通办', '禁烟控烟', '培训市场', '事项办理', '养老保障', '地铁客运', '违法经营', '劳动人事制度', '社区家政', '12345热线', '入学入托', '就业创业', '保障型住房', '征收管理', '法院信息', '批评承办部门', '职业健康', '燃气服务', '货物运输', '签证签注', '招生考试', '公证服务', '供水计费', '自来水水质', '航空客运', '投诉批评', '拥军优抚', '人口计生', '表扬感谢', '表扬承办部门', '安全生产', '消防管理', '公共交通用卡管理', '税收管理', '疾控防疫', '咨询信访渠道', '法院受理', '体育管理', '车牌拍卖', '绿地绿化', '工商信息', '意见建议', '旧房改造', '其他社团', '刊物市场监管', '夜间施工许可', '消防设备维护', '生活保障', '特种行业管理', '复查复核', '特种设备监察', '知识产权', '铁路客运', '申诉举报', '动植园林', '法人一证通', '旅游信息', '总工会', '津贴补助', '电力服务', '用电计费', '国资', '人员边检', '动植物防疫', '燃气报修', '河道流域管理', '纪检监查', '违规用水', '行政管理', '道路维护', '殡葬事业', '寺庙管理', '特定医疗机构', '审批许可', '个人档案', '科技管理', '移交安置', '外事工作', '供水服务', '气象预报', '汽车客运', '质量认证', '慈善福利', '经济信息化', '燃气行业监管', '社会组织', '出境咨询', '禽类饲养', '司法直属', '港船客运', '计量器具检测', '旅游纠纷', '团市委', '检察院受理', '学生负担', '违规用电', '广告审批', '查询办理进度', '城市建设用地管理', '财政工作', '烈士褒扬', '农民负担', '国有档案', '村队管理', '文化遗产保护', '水资源管理', '农业生产', '自主择业就业', '统计工作', '国家安全', '新闻报道', '住房病虫害', '部队', '民防工程', '妇联', '建设管理', '地震震情', '生产许可证管理', '网站信箱', '科技开发', '救灾赈灾', '审计工作', '宗教信仰', '机构类', '防灾抗灾', '安保工作', '土地资源管理', '气象预警', '限电管理', '合作交流', '组织机构代码证'], '四级分类': ['游戏动漫', '酒店质量', '其他', '无明确诉求', '网上购物', '服务规范', '广告牌景观灯', '通信线路', '无效来电', '法律援助', '校园设施', '居住证', '纠纷协调', '机关事务信息', '劳动争议', '快递服务', '限流限行', '用工规范', '医保报销', '不作为', '建筑工程欠薪', '医保政策咨询', '教师素质', '各类服务卡券', '食品安全', '外省市受理', '医院医疗信息', '违法建筑', '新能源汽车', '护照办理', '倾倒渣土', '银行监管', '工伤保险', '施工规范', 'ETC使用', '社保卡', '规模停电', '无证设摊', '网络视听', '线路咨询', '汽车销售', '物业管理收费', '住房公积金', '售后服务', '装修噪音', '损坏侵占公用设施', '治安维护', '用药规范', '立案侦查', '业务办理', '审验登记', '医疗纠纷', '排队挂号', '用量偏高', '教练服务、培训规范', '养犬登记', '交通设施', '外省市迁入', '故障报修', '物业安保', '物品遗失', '社区卫生服务', '物业维修添置', '物业管理不善', '公共停车场', '残疾鉴定', '工伤认定', '结构改建', '排堵保畅', '噪音污染', '绿化维护', '服务态度', '残疾补助', '独户停电', '交通违章', '房产交易税', '经济纠纷', '耕地管理', '离婚办理', '失业保险', '医疗保险', '市政道路积水', '宅基地', '结婚登记', '合同监管', '油烟扰民', '业委会', '律师服务', '驾驶员审验', '高速收费', '4s店服务', '身份证管理', '停水水小', '旅行社服务', '网站使用', '乱收停车费', '群租现象', '过户上牌', '服务质量', '禁烟控烟', '空气污染', '广告监督', '市场监管', '共享单车', '其他业务', '办理结果不满', '环境垃圾', '养老保险', '广告张贴', '房屋产权', '路状路况', '危房', '老年津贴', '地铁建设', '不正当经营', '城管执法', '退休离休', '社区服务网点', '信息咨询', '垃圾清理', '入学政策', '人才引进', '拖欠工资', '道路养护', '经济补偿', '公安信息查询', '租赁管理', '经适房', '车辆年检', '卫生配套设施', '合同纠纷', '公租房', '经营性停车场', '拆迁安置', '幼托管理', '路灯供电', '法院地址电话', '诉求未解决', '金融资讯', '职业健康', '景点服务质量', '合同履行', '燃气施工', '账户信息', '文化活动', '居住证办理', '集装箱运输', '签证签注', '户籍政策咨询', '中考', '居改非', '工时假期', '工程质量', '办理转学', '继承权公证', '水费量高', '水中杂质', '飞机票务', '线路设置', '遗嘱抚恤和优待', '司法鉴定', '商品质量', '机关事务工作', '优生优育', '医保定点', '房产信息变更', '保险监管', '账单抄表', '非法客运', '搬场公司', '道路建设', '无照经营', '个人所得税', '烟草酒类', '道路安全', '水管维修', '表扬感谢', '应急救援', '市内户口迁移', '烟花爆竹管理', '排水工程', '交通卡', '偷税漏税', '求医问药', '教育质量', '工资奖金', '咨询信访渠道', '家电维修', '问题解决', '诉讼立案', '办事效率', '假冒伪劣', '土地征收', '经济案件', '市政工程', '教育改革', '生育保险', '群众锻炼', '证券监管', '职业培训', '车牌拍卖', '占绿毁绿', '维权咨询', '网络安全', '其他税种', '商品销售信息', '企业征税', '道路扬尘', '办事流程', '交通事故', '职称评定', '学籍管理', '消防隐患', '其他疫苗', '平台系统', '房屋老化', '资质认证', '红十字会', '赛事管理', '廉租房', '黑车', '图书刊物出版', '慢作为', '夜间施工的现象', '业务熟练', '消防栓', '无证犬类', '房屋结构破坏', '社区帮困补助', '不明归属井盖', '行政许可', '跨门经营', '家政服务', '动迁政策', '商标包装管理', '其他公证', '催办', '独生子女补贴', '问题推脱', '交通法规', '移植修剪', '食品安全流通', '办事推诿', '僵尸车', '劳务派遣', '线路时间', '扶贫帮困', '职业技能考试', '安全监察', '东方有线', '再生育政策', '消防宣传', '侵权行为', '铁路票务', '光污染', '结论不满', '高考', '申诉举报', '流浪犬收治', '其他报修', '公园设施', '普法宣传', '法人一证通', '许可审批', '外地户口入学', '影视节目', '邮件邮递', '便民信息', '景点投诉', '场地设施', '人员管理', '维修基金', '职业资质许可', '工会工作', '就业补贴', '信息查询', '职工权益', '电费争议', '国企管理', '过境手续', '疫情防疫', '法院判决', '丧葬补助金', '燃气泄漏', '住院病床', '外置扩音装置', '私装地锁', '就业信息', '水上漂浮物', '安全生产监督', '徇私枉法', '文化场所信息', '孤寡空巢老人关怀', '农村建设用地管理', '私移水表', '管道维修', '便民服务', '人员资质', '最低生活保障', '设备添置', '其他补助', '殡葬服务', '绿化护栏', '居家养老', '道路救援', '缴费信息', '市场物价', '受理网点', '护工护理', '机构养老', '国有资产流失', '流浪人员管理', '残联工作', '助残信息', '流程指引', '报刊印刷发行', '医疗设备', '垃圾分类', '保健品管理', '采血机构', '审批许可', '景点资讯', '养老金调整', '老年卡', '公房管理', '灭火器', '菜场经营', '通信基站', '个人档案', '无障碍工程', '死亡登记', '商贸信息', '乱作为', '法院通知', '高新技术扶持', '退役士兵', '动物保护机构', '违规拆迁', '医保药品目录', '土地使用权', '领事馆', '房屋转让', '承办推诿', '商品维修网点', '消防通道', '阶梯电价', '河道养护', '排污许可证', '黄赌毒', '天气预报', '活禽交易', '劳动能力鉴定', '危险品管理', '无犯罪证明', '废气污染', '水表维修', '寺庙用品', '燃气火小', '失职渎职', '评残疾伤残抚恤', '违规运营', '消防安全咨询', '河道疏通', '药品安全', '水污染', '车次信息', '超市卖场', '申请专利', '质量认证', '工龄核算', '电线高压线', '慈善募捐', '循环再利用', '司法拆迁', '孤儿收养', '燃气行业', '医疗器械管理', '隧桥管理', '作风问题', '票务', '出境咨询', '电表维修', '无证夜间施工', '服务流程', '劳务中介', '人民调解', '旅行社信息', '变电设施', '社工管理', '其他许可', '电视购物', '特定污染物处治', '无答复意见', '退休证', '农村地区家禽饲养', '律师协会', '城区家禽饲养', '浦江轮渡', '流浪救助', '野生动植物', '计量器具检测', '旅游合同纠纷', '体检中心', '团委工作', '城市信息化', '检察院信息', '超时补课', '航空运输', '私排电线', '贪污贿赂', '广告审批', '离退休干部', '商业楼宇', '查询办理进度', '测绘管理', '广播', '水表失窃', '军转干部', '诉讼时限', '财会考证', '虚开发票', '烈士评定', '刑事案件', '邮政发行', '医疗服务', '收费标准', '业务范畴', '农业补贴', '隔离管控', '政府机构', '航班延误', '公务员管理', '土地承包', '成人教育', '刊社信息', '节能减排', '规划设计', '监狱管理', '颜色异变', '电视线路', '餐饮服务', '转业干部', '非物质文化遗产', '秩序维护', '临终关怀', '文物保护管理', '无证养鸽', '桥梁通行', '河道水质', '强制消费', '畜牧养殖', '士兵', '滥砍滥捕', '非法行医', '收费问题', '平改坡', '体育彩票', '环评公示', '培训补贴', '平均工资', '最低工资', '兽医药管理', '档案管理', '创业扶持', '国家机密', '新闻内容', '证照查验', '燃气配件', '省际轮渡', '福利企业扶持', '因公出国审批', '安全检查', '新冠疫苗', '工作调动', '档案公开', '研究生考试', '水务工程建设', '管理规范', '青少年保护', '二次收费', '生态保护', '社区就业援助', '墓园管理', '化妆品管理', '增添绿化', '白蚁', '鼠患', '管道改建', '能源发展', '娱乐场所管理', '旅游交通', '文化社团', '烈士纪念设施', '信鸽', '营业税改增值税', '核酸检测', '违法传销', '作业负担', '涉军问题', '地下室管理', '妇联工作', '无军籍职工', '公益彩票', '气象服务信息', '避孕节育', '窃电举报', '固废危废', '超生处罚', '科技改革', '妇婴保健', '企业解困', '建筑间距及日照', '地震震情', '高温津贴', '集体资产管理', '青少年锻炼', '农业水利', '电磁辐射污染', '单身证明', '生产许可证管理', '假发票', '国内安全事务', '马蜂窝', '网站信箱使用', '河上搭建', '三无居家船只', '发明建议', '市场供应', '参战参试人员优待', '故障牵引', '工作态度', '违规收费', '年检', '征地补偿', '古树名木', '社会捐献', '土地建设与保护', '反动', '历史建筑', '抵押拍卖', '妇女权益维护', '防疫补贴', '化工污染', '费用减免', '防汛抗灾', '网点查询', '资产评估', '安全生产宣传', '夜间施工证的审批', '吸劳养老', '特殊工种', '自来水异味', '导游服务', '违规鸣笛', '分时用电', '筑材光污染', '公共支付', '记者证管理', '审计工作', '情报搜集', '企业改革', '农产品安全', '防治检疫', '抵押贷款公证', '队伍建设', '上海旅游节', '宗教信仰', '婚前检查', '公交专用道', '转运消杀', '抗台防汛', '自主研发', '医药卫生知识', '公共事业', '码色申诉', '矫正办', '火灾报警系统', '日常管理', '记录查询', '黑网吧', '收养审批', '许可证管理', '火灾报警', '电子出版物', '易燃易爆物', '婚姻财产公证', '财政票据', '擅自设立机构', '审查批捕', '福利设施', '国有企业', '公务车', '投资决策', '防疫物资', '地面沉降', '资质证书', '转基因产品（有机食品）', '民防警报', '审读出版物', '新闻形式', '妇女健康', '农副业生产', '台风沙尘', '抗灾演习', '民间慈善', '私接自来水管', '工程规划', '进博会', '外宾来访', '经济状况审核', '事业单位共享费', '节能用电', '暴雨暴雪', '合作交流', '组织机构代码证', '矿产管理']}
2025-05-26 13:15:06,873 ChatBI->     INFO     缩写字段的枚举值： []
2025-05-26 13:15:21,347 ChatBI->     INFO     案例库查询
2025-05-26 13:15:21,380 ChatBI->     INFO     案例库查询结果: ["{'query': '近1个月台风造成的道路积水影响市民出现的事件有多少起', '目标列': ['内容描述'], '条件列': {'内容描述': '台风造成的道路积水影响市民出现', '工单生成时间': '近1个月'}}", "{'query': '最近一年家中积水的投诉数量是多少', '目标列': ['内容描述'], '条件列': {'内容描述': '家中积水', '工单生成时间': '最近一年'}}", "{'query': '今年道路积水影响了哪些地铁的正常运行', '目标列': ['内容描述'], '条件列': {'内容描述': '道路积水', '工单生成时间': '今年'}}"]
2025-05-26 13:15:22,393 ChatBI->     INFO     schema linking: {'target_columns': ['内容描述'], 'condition_columns': {'内容描述': '道路积水', '工单生成时间': '2024年'}}
2025-05-26 13:15:24,074 ChatBI->     INFO     任务类型: SQL
2025-05-26 13:15:25,090 ChatBI->     INFO     stad sql: SELECT COUNT(*) AS 道路积水事件数量 FROM shanghai WHERE `内容描述` LIKE '%道路积水%' AND YEAR(`工单生成时间`) = 2024;
2025-05-26 13:15:25,090 ChatBI->     INFO     开始语义分析 ... 
2025-05-26 13:15:25,100 ChatBI->     INFO     非结构化信息为: {"`内容描述` LIKE '%道路积水%'": '道路积水'}
2025-05-26 13:15:25,356 ChatBI->     INFO     道路积水 的命名实体判别： no
2025-05-26 13:15:25,357 ChatBI->     INFO     开始对非结构化文档【粗略】检索
2025-05-26 13:15:25,979 ChatBI->     INFO     检索到的文档总数量为：5000
2025-05-26 13:15:26,302 ChatBI->     INFO     开始对非结构化文档【深度】检索
2025-05-26 13:15:26,508 ChatBI->     INFO     step_scores: ['yes', 'yes', 'yes', 'yes', 'yes', 'yes', 'yes', 'no', 'no', 'no']
2025-05-26 13:15:26,509 ChatBI->     INFO     层级抽取文档： 市民来电反映:上述地址道路积水严重，诉求：请管理部门尽快清理积水 ==> yes  
2025-05-26 13:15:26,509 ChatBI->     INFO     层级抽取文档： 市民来电反映: 上述地址的路面一直有积水，一到下雨天就会积水。平时会好一点，下雨天比较厉害。诉求：尽快清理积水。 ==> yes  
2025-05-26 13:15:26,509 ChatBI->     INFO     层级抽取文档： 市民来电反映:上述地址一下雨机动车道积水。诉求：请管理部门核实进行整治，清理积水。 ==> yes  
2025-05-26 13:15:26,509 ChatBI->     INFO     层级抽取文档： 市民来电反映:上述地址大楼间道路上有污水管损坏，并有水冒出，导致地面有积水。市民诉求：请管理部门核实后尽快采取措施维修。
 ==> yes  
2025-05-26 13:15:26,509 ChatBI->     INFO     层级抽取文档： 市民来电反映:上述地址道路上多处路面积水，对市民通行带来影响。诉求：要求管理部门尽快上门处理。（市民要求信息保密 无需回复） ==> yes  
2025-05-26 13:15:26,509 ChatBI->     INFO     层级抽取文档： 市民来电反映:上述地址路段双向最右侧的机动车道和非机动车道一到下雨天路面就会积水，且非常深，通行非常不便。诉求：请管理部门尽快核实修整。（需回复） ==> yes  
2025-05-26 13:15:26,509 ChatBI->     INFO     层级抽取文档： 市民来电反映:上述地址门口入口街面下水道堵塞，路上有积水，对市民生活带来影响。诉求：要求管理部门尽快上门处理。 ==> yes  
2025-05-26 13:15:26,509 ChatBI->     INFO     层级抽取文档： 市民来电反映:上述道路全长只有100多米，但整个道路都有坑洼现象。上述现象对过往车辆存在安全隐患。市民诉求：请管理部门核实后尽快采取措施进行修复。 ==> no  
2025-05-26 13:15:26,510 ChatBI->     INFO     层级抽取文档： 市民来电反映:上述地址家里目前都是积水，市民表示只要下雨，家里都是会有积水的，雨水倒灌进家里。诉求：希望管理部门核实尽快帮其解决家里雨水倒灌的问题。 ==> no  
2025-05-26 13:15:26,510 ChatBI->     INFO     层级抽取文档： 市民来电反映:浦东新区周浦镇周秀路，青黛路，天雄路，道路规划不合理，造成道路拥堵严重。 ==> no  
2025-05-26 13:15:26,510 ChatBI->     INFO     阈值索引为：140, 窗口大小为: 100 
2025-05-26 13:15:26,510 ChatBI->     INFO     确定的文档: 41; 在次确认的文档: 199
2025-05-26 13:15:28,663 ChatBI->     INFO     从199个需再次确认的文档中筛选出的相关文档数量：135
2025-05-26 13:15:28,663 ChatBI->     INFO     示例文档：['市民来电反映: 上述地址村里之前污水改造后没有设置雨水管道，导致每次遇到下雨都存在严重积水，诉求: 希望管理部门核实增设雨水管道解决积水问题.(需回复)  ', '市民反映：下雨天气，上述地址停车场水漫金山，唯一的2个进站口全是水，深好几厘米，根本无法正常行走，也无人管理。诉求：希望管理部门尽快解决积水问题。（市民要求信息保密，需要回复）', '市民来电反映:上述地址附近路面有的抬高有的没有抬高造成了下雨就会有水坑。诉求：要求一起抬高路面。', '市民来电反复催单。催单原因：市民称管理部门至今未给予任何回复，请管理部门尽快处理。【最近派发的工单编号：20240630017172，工单内容：市民来电反映:上述地址是私房，旁边都是积水，已经进入家里，市民表示无法通行。诉求：希望尽快排水。（需回复）】', '【台风】市民来电反映: 因为台风，9月20日早上发现上述地址积水严重。诉求：请管理部门尽快来帮市民排水。']
2025-05-26 13:15:28,666 ChatBI->     INFO     没有找到<  >对应的视图
2025-05-26 13:15:28,666 ChatBI->     INFO     sql 语句：SELECT COUNT(*) AS 道路积水事件数量 FROM shanghai WHERE  `内容描述` IN (:val0, :val1, :val2, :val3, :val4, :val5, :val6, :val7, :val8, :val9, :val10, :val11, :val12, :val13, :val14, :val15, :val16, :val17, :val18, :val19, :val20, :val21, :val22, :val23, :val24, :val25, :val26, :val27, :val28, :val29, :val30, :val31, :val32, :val33, :val34, :val35, :val36, :val37, :val38, :val39, :val40, :val41, :val42, :val43, :val44, :val45, :val46, :val47, :val48, :val49, :val50, :val51, :val52, :val53, :val54, :val55, :val56, :val57, :val58, :val59, :val60, :val61, :val62, :val63, :val64, :val65, :val66, :val67, :val68, :val69, :val70, :val71, :val72, :val73, :val74, :val75, :val76, :val77, :val78, :val79, :val80, :val81, :val82, :val83, :val84, :val85, :val86, :val87, :val88, :val89, :val90, :val91, :val92, :val93, :val94, :val95, :val96, :val97, :val98, :val99, :val100, :val101, :val102, :val103, :val104, :val105, :val106, :val107, :val108, :val109, :val110, :val111, :val112, :val113, :val114, :val115, :val116, :val117, :val118, :val119, :val120, :val121, :val122, :val123, :val124, :val125, :val126, :val127, :val128, :val129, :val130, :val131, :val132, :val133, :val134, :val135, :val136, :val137, :val138, :val139, :val140, :val141, :val142, :val143, :val144, :val145, :val146, :val147, :val148, :val149, :val150, :val151, :val152, :val153, :val154, :val155, :val156, :val157, :val158, :val159, :val160, :val161, :val162, :val163, :val164, :val165, :val166, :val167, :val168, :val169, :val170, :val171, :val172, :val173, :val174, :val175) AND YEAR(`工单生成时间`) = 2024;
2025-05-26 13:15:29,292 ChatBI->     INFO     websocket发送的数据为：{"sql_gen": "SELECT COUNT(*) AS 道路积水事件数量 FROM shanghai WHERE `内容描述` LIKE '%道路积水%' AND YEAR(`工单生成时间`) = 2024;"}
2025-05-26 13:15:29,293 ChatBI->     INFO     websocket发送的数据为：{"response": [{"道路积水事件数量": 171}]}
2025-05-26 13:15:29,310 ChatBI->     INFO     sql 语句：SELECT * FROM shanghai WHERE  `内容描述` IN (:val0, :val1, :val2, :val3, :val4, :val5, :val6, :val7, :val8, :val9, :val10, :val11, :val12, :val13, :val14, :val15, :val16, :val17, :val18, :val19, :val20, :val21, :val22, :val23, :val24, :val25, :val26, :val27, :val28, :val29, :val30, :val31, :val32, :val33, :val34, :val35, :val36, :val37, :val38, :val39, :val40, :val41, :val42, :val43, :val44, :val45, :val46, :val47, :val48, :val49, :val50, :val51, :val52, :val53, :val54, :val55, :val56, :val57, :val58, :val59, :val60, :val61, :val62, :val63, :val64, :val65, :val66, :val67, :val68, :val69, :val70, :val71, :val72, :val73, :val74, :val75, :val76, :val77, :val78, :val79, :val80, :val81, :val82, :val83, :val84, :val85, :val86, :val87, :val88, :val89, :val90, :val91, :val92, :val93, :val94, :val95, :val96, :val97, :val98, :val99, :val100, :val101, :val102, :val103, :val104, :val105, :val106, :val107, :val108, :val109, :val110, :val111, :val112, :val113, :val114, :val115, :val116, :val117, :val118, :val119, :val120, :val121, :val122, :val123, :val124, :val125, :val126, :val127, :val128, :val129, :val130, :val131, :val132, :val133, :val134, :val135, :val136, :val137, :val138, :val139, :val140, :val141, :val142, :val143, :val144, :val145, :val146, :val147, :val148, :val149, :val150, :val151, :val152, :val153, :val154, :val155, :val156, :val157, :val158, :val159, :val160, :val161, :val162, :val163, :val164, :val165, :val166, :val167, :val168, :val169, :val170, :val171, :val172, :val173, :val174, :val175) AND YEAR(`工单生成时间`) = 2024;
2025-05-26 13:15:31,059 ChatBI->     INFO     websocket发送的数据为：{"result_insight": "2024年共发生171起道路积水事件。"}
2025-05-26 13:15:32,513 ChatBI->     INFO     websocket发送的数据为：{"result_recommand": {"new_query_1": "2024年哪些区域的道路积水事件最多？", "new_query_2": "2024年道路积水事件的主要处理描述是什么？", "new_query_3": "2024年道路积水事件的工单类别分布如何？"}}
2025-05-26 13:17:22,225 ChatBI->     INFO     案例库查询
2025-05-26 13:17:22,263 ChatBI->     INFO     案例库查询结果: ["{'query': '近1个月台风造成的道路积水影响市民出现的事件有多少起', '目标列': ['内容描述'], '条件列': {'内容描述': '台风造成的道路积水影响市民出现', '工单生成时间': '近1个月'}}", "{'query': '去年哪些小区存在严重的积水问题', '目标列': ['内容描述'], '条件列': {'内容描述': '严重的积水问题', '工单生成时间': '去年'}}", "{'query': '去年台风造成的道路积水影响市民出现的事件分别涉及哪些地方', '目标列': ['诉求地址'], '条件列': {'内容描述': '台风造成的道路积水影响市民出现', '工单类型': '投诉举报类', '工单生成时间': '去年'}}"]
2025-05-26 13:17:23,178 ChatBI->     INFO     schema linking: {'target_columns': ['内容描述'], 'condition_columns': {'内容描述': '道路积水', '工单生成时间': '去年'}}
2025-05-26 13:17:24,741 ChatBI->     INFO     任务类型: SQL
2025-05-26 13:17:25,906 ChatBI->     INFO     stad sql: SELECT COUNT(*) AS 道路积水事件数量 FROM shanghai WHERE `内容描述` LIKE '%道路积水%' AND YEAR(`工单生成时间`) = YEAR(CURDATE()) - 1 LIMIT 10;
2025-05-26 13:17:25,907 ChatBI->     INFO     开始语义分析 ... 
2025-05-26 13:17:25,911 ChatBI->     INFO     非结构化信息为: {"`内容描述` LIKE '%道路积水%'": '道路积水'}
2025-05-26 13:17:26,166 ChatBI->     INFO     道路积水 的命名实体判别： no
2025-05-26 13:17:26,167 ChatBI->     INFO     开始对非结构化文档【粗略】检索
2025-05-26 13:17:26,884 ChatBI->     INFO     检索到的文档总数量为：5000
2025-05-26 13:17:27,206 ChatBI->     INFO     开始对非结构化文档【深度】检索
2025-05-26 13:17:27,380 ChatBI->     INFO     step_scores: ['yes', 'yes', 'yes', 'yes', 'yes', 'yes', 'yes', 'no', 'no', 'no']
2025-05-26 13:17:27,380 ChatBI->     INFO     层级抽取文档： 市民来电反映:上述地址道路积水严重，诉求：请管理部门尽快清理积水 ==> yes  
2025-05-26 13:17:27,380 ChatBI->     INFO     层级抽取文档： 市民来电反映: 上述地址的路面一直有积水，一到下雨天就会积水。平时会好一点，下雨天比较厉害。诉求：尽快清理积水。 ==> yes  
2025-05-26 13:17:27,380 ChatBI->     INFO     层级抽取文档： 市民来电反映:上述地址一下雨机动车道积水。诉求：请管理部门核实进行整治，清理积水。 ==> yes  
2025-05-26 13:17:27,380 ChatBI->     INFO     层级抽取文档： 市民来电反映:上述地址大楼间道路上有污水管损坏，并有水冒出，导致地面有积水。市民诉求：请管理部门核实后尽快采取措施维修。
 ==> yes  
2025-05-26 13:17:27,380 ChatBI->     INFO     层级抽取文档： 市民来电反映:上述地址道路上多处路面积水，对市民通行带来影响。诉求：要求管理部门尽快上门处理。（市民要求信息保密 无需回复） ==> yes  
2025-05-26 13:17:27,380 ChatBI->     INFO     层级抽取文档： 市民来电反映:上述地址路段双向最右侧的机动车道和非机动车道一到下雨天路面就会积水，且非常深，通行非常不便。诉求：请管理部门尽快核实修整。（需回复） ==> yes  
2025-05-26 13:17:27,381 ChatBI->     INFO     层级抽取文档： 市民来电反映:上述地址门口入口街面下水道堵塞，路上有积水，对市民生活带来影响。诉求：要求管理部门尽快上门处理。 ==> yes  
2025-05-26 13:17:27,381 ChatBI->     INFO     层级抽取文档： 市民来电反映:上述道路全长只有100多米，但整个道路都有坑洼现象。上述现象对过往车辆存在安全隐患。市民诉求：请管理部门核实后尽快采取措施进行修复。 ==> no  
2025-05-26 13:17:27,381 ChatBI->     INFO     层级抽取文档： 市民来电反映:上述地址家里目前都是积水，市民表示只要下雨，家里都是会有积水的，雨水倒灌进家里。诉求：希望管理部门核实尽快帮其解决家里雨水倒灌的问题。 ==> no  
2025-05-26 13:17:27,381 ChatBI->     INFO     层级抽取文档： 市民来电反映:浦东新区周浦镇周秀路，青黛路，天雄路，道路规划不合理，造成道路拥堵严重。 ==> no  
2025-05-26 13:17:27,381 ChatBI->     INFO     阈值索引为：140, 窗口大小为: 100 
2025-05-26 13:17:27,381 ChatBI->     INFO     确定的文档: 41; 在次确认的文档: 199
2025-05-26 13:17:29,492 ChatBI->     INFO     从199个需再次确认的文档中筛选出的相关文档数量：135
2025-05-26 13:17:29,492 ChatBI->     INFO     示例文档：['市民来电反映: 上述地址村里之前污水改造后没有设置雨水管道，导致每次遇到下雨都存在严重积水，诉求: 希望管理部门核实增设雨水管道解决积水问题.(需回复)  ', '市民反映：下雨天气，上述地址停车场水漫金山，唯一的2个进站口全是水，深好几厘米，根本无法正常行走，也无人管理。诉求：希望管理部门尽快解决积水问题。（市民要求信息保密，需要回复）', '市民来电反映:上述地址附近路面有的抬高有的没有抬高造成了下雨就会有水坑。诉求：要求一起抬高路面。', '市民来电反复催单。催单原因：市民称管理部门至今未给予任何回复，请管理部门尽快处理。【最近派发的工单编号：20240630017172，工单内容：市民来电反映:上述地址是私房，旁边都是积水，已经进入家里，市民表示无法通行。诉求：希望尽快排水。（需回复）】', '【台风】市民来电反映: 因为台风，9月20日早上发现上述地址积水严重。诉求：请管理部门尽快来帮市民排水。']
2025-05-26 13:17:29,495 ChatBI->     INFO     没有找到<  >对应的视图
2025-05-26 13:17:29,495 ChatBI->     INFO     sql 语句：SELECT COUNT(*) AS 道路积水事件数量 FROM shanghai WHERE  `内容描述` IN (:val0, :val1, :val2, :val3, :val4, :val5, :val6, :val7, :val8, :val9, :val10, :val11, :val12, :val13, :val14, :val15, :val16, :val17, :val18, :val19, :val20, :val21, :val22, :val23, :val24, :val25, :val26, :val27, :val28, :val29, :val30, :val31, :val32, :val33, :val34, :val35, :val36, :val37, :val38, :val39, :val40, :val41, :val42, :val43, :val44, :val45, :val46, :val47, :val48, :val49, :val50, :val51, :val52, :val53, :val54, :val55, :val56, :val57, :val58, :val59, :val60, :val61, :val62, :val63, :val64, :val65, :val66, :val67, :val68, :val69, :val70, :val71, :val72, :val73, :val74, :val75, :val76, :val77, :val78, :val79, :val80, :val81, :val82, :val83, :val84, :val85, :val86, :val87, :val88, :val89, :val90, :val91, :val92, :val93, :val94, :val95, :val96, :val97, :val98, :val99, :val100, :val101, :val102, :val103, :val104, :val105, :val106, :val107, :val108, :val109, :val110, :val111, :val112, :val113, :val114, :val115, :val116, :val117, :val118, :val119, :val120, :val121, :val122, :val123, :val124, :val125, :val126, :val127, :val128, :val129, :val130, :val131, :val132, :val133, :val134, :val135, :val136, :val137, :val138, :val139, :val140, :val141, :val142, :val143, :val144, :val145, :val146, :val147, :val148, :val149, :val150, :val151, :val152, :val153, :val154, :val155, :val156, :val157, :val158, :val159, :val160, :val161, :val162, :val163, :val164, :val165, :val166, :val167, :val168, :val169, :val170, :val171, :val172, :val173, :val174, :val175) AND YEAR(`工单生成时间`) = YEAR(CURDATE()) - 1 LIMIT 10;
2025-05-26 13:17:30,124 ChatBI->     INFO     websocket发送的数据为：{"sql_gen": "SELECT COUNT(*) AS 道路积水事件数量 FROM shanghai WHERE `内容描述` LIKE '%道路积水%' AND YEAR(`工单生成时间`) = YEAR(CURDATE()) - 1 LIMIT 10;"}
2025-05-26 13:17:30,125 ChatBI->     INFO     websocket发送的数据为：{"response": [{"道路积水事件数量": 171}]}
2025-05-26 13:17:30,149 ChatBI->     INFO     sql 语句：SELECT * FROM shanghai WHERE  `内容描述` IN (:val0, :val1, :val2, :val3, :val4, :val5, :val6, :val7, :val8, :val9, :val10, :val11, :val12, :val13, :val14, :val15, :val16, :val17, :val18, :val19, :val20, :val21, :val22, :val23, :val24, :val25, :val26, :val27, :val28, :val29, :val30, :val31, :val32, :val33, :val34, :val35, :val36, :val37, :val38, :val39, :val40, :val41, :val42, :val43, :val44, :val45, :val46, :val47, :val48, :val49, :val50, :val51, :val52, :val53, :val54, :val55, :val56, :val57, :val58, :val59, :val60, :val61, :val62, :val63, :val64, :val65, :val66, :val67, :val68, :val69, :val70, :val71, :val72, :val73, :val74, :val75, :val76, :val77, :val78, :val79, :val80, :val81, :val82, :val83, :val84, :val85, :val86, :val87, :val88, :val89, :val90, :val91, :val92, :val93, :val94, :val95, :val96, :val97, :val98, :val99, :val100, :val101, :val102, :val103, :val104, :val105, :val106, :val107, :val108, :val109, :val110, :val111, :val112, :val113, :val114, :val115, :val116, :val117, :val118, :val119, :val120, :val121, :val122, :val123, :val124, :val125, :val126, :val127, :val128, :val129, :val130, :val131, :val132, :val133, :val134, :val135, :val136, :val137, :val138, :val139, :val140, :val141, :val142, :val143, :val144, :val145, :val146, :val147, :val148, :val149, :val150, :val151, :val152, :val153, :val154, :val155, :val156, :val157, :val158, :val159, :val160, :val161, :val162, :val163, :val164, :val165, :val166, :val167, :val168, :val169, :val170, :val171, :val172, :val173, :val174, :val175) AND YEAR(`工单生成时间`) = YEAR(CURDATE()) - 1 LIMIT 10;
2025-05-26 13:17:30,486 ChatBI->     INFO     websocket发送的数据为：{"result_insight": "去年发生了171起道路积水事件。"}
2025-05-26 13:17:31,719 ChatBI->     INFO     websocket发送的数据为：{"result_recommand": {"new_query_1": "去年哪些区域的道路积水事件最多？", "new_query_2": "去年道路积水事件的主要处理描述是什么？", "new_query_3": "去年道路积水事件的工单类别分布如何？"}}
2025-05-26 13:17:42,243 ChatBI->     INFO     案例库查询
2025-05-26 13:17:42,281 ChatBI->     INFO     案例库查询结果: ["{'query': '近半年群众经常上报道路积水的路段有哪些?', '目标列': ['诉求地址'], '条件列': {'内容描述': '道路积水', '工单生成时间': '近半年'}}", "{'query': '去年哪些小区存在严重的积水问题', '目标列': ['内容描述'], '条件列': {'内容描述': '严重的积水问题', '工单生成时间': '去年'}}", "{'query': '去年台风造成的道路积水影响市民出现的事件分别涉及哪些地方', '目标列': ['诉求地址'], '条件列': {'内容描述': '台风造成的道路积水影响市民出现', '工单类型': '投诉举报类', '工单生成时间': '去年'}}"]
2025-05-26 13:17:43,199 ChatBI->     INFO     schema linking: {'target_columns': ['诉求区域'], 'condition_columns': {'内容描述': '道路积水', '工单生成时间': '去年'}}
2025-05-26 13:17:44,785 ChatBI->     INFO     任务类型: SQL
2025-05-26 13:17:46,273 ChatBI->     INFO     stad sql: SELECT `诉求区域`, COUNT(*) AS `道路积水事件数量` FROM shanghai WHERE `内容描述` LIKE '%道路积水%' AND YEAR(`工单生成时间`) = YEAR(CURDATE()) - 1 GROUP BY `诉求区域` ORDER BY `道路积水事件数量` DESC LIMIT 10;
2025-05-26 13:17:46,274 ChatBI->     INFO     开始语义分析 ... 
2025-05-26 13:17:46,276 ChatBI->     INFO     非结构化信息为: {"`内容描述` LIKE '%道路积水%'": '道路积水'}
2025-05-26 13:17:46,526 ChatBI->     INFO     道路积水 的命名实体判别： no
2025-05-26 13:17:46,527 ChatBI->     INFO     开始对非结构化文档【粗略】检索
2025-05-26 13:17:47,224 ChatBI->     INFO     检索到的文档总数量为：5000
2025-05-26 13:17:47,530 ChatBI->     INFO     开始对非结构化文档【深度】检索
2025-05-26 13:17:47,725 ChatBI->     INFO     step_scores: ['yes', 'yes', 'yes', 'yes', 'yes', 'yes', 'yes', 'no', 'no', 'no']
2025-05-26 13:17:47,725 ChatBI->     INFO     层级抽取文档： 市民来电反映:上述地址道路积水严重，诉求：请管理部门尽快清理积水 ==> yes  
2025-05-26 13:17:47,726 ChatBI->     INFO     层级抽取文档： 市民来电反映: 上述地址的路面一直有积水，一到下雨天就会积水。平时会好一点，下雨天比较厉害。诉求：尽快清理积水。 ==> yes  
2025-05-26 13:17:47,726 ChatBI->     INFO     层级抽取文档： 市民来电反映:上述地址一下雨机动车道积水。诉求：请管理部门核实进行整治，清理积水。 ==> yes  
2025-05-26 13:17:47,726 ChatBI->     INFO     层级抽取文档： 市民来电反映:上述地址大楼间道路上有污水管损坏，并有水冒出，导致地面有积水。市民诉求：请管理部门核实后尽快采取措施维修。
 ==> yes  
2025-05-26 13:17:47,726 ChatBI->     INFO     层级抽取文档： 市民来电反映:上述地址道路上多处路面积水，对市民通行带来影响。诉求：要求管理部门尽快上门处理。（市民要求信息保密 无需回复） ==> yes  
2025-05-26 13:17:47,726 ChatBI->     INFO     层级抽取文档： 市民来电反映:上述地址路段双向最右侧的机动车道和非机动车道一到下雨天路面就会积水，且非常深，通行非常不便。诉求：请管理部门尽快核实修整。（需回复） ==> yes  
2025-05-26 13:17:47,726 ChatBI->     INFO     层级抽取文档： 市民来电反映:上述地址门口入口街面下水道堵塞，路上有积水，对市民生活带来影响。诉求：要求管理部门尽快上门处理。 ==> yes  
2025-05-26 13:17:47,726 ChatBI->     INFO     层级抽取文档： 市民来电反映:上述道路全长只有100多米，但整个道路都有坑洼现象。上述现象对过往车辆存在安全隐患。市民诉求：请管理部门核实后尽快采取措施进行修复。 ==> no  
2025-05-26 13:17:47,726 ChatBI->     INFO     层级抽取文档： 市民来电反映:上述地址家里目前都是积水，市民表示只要下雨，家里都是会有积水的，雨水倒灌进家里。诉求：希望管理部门核实尽快帮其解决家里雨水倒灌的问题。 ==> no  
2025-05-26 13:17:47,726 ChatBI->     INFO     层级抽取文档： 市民来电反映:浦东新区周浦镇周秀路，青黛路，天雄路，道路规划不合理，造成道路拥堵严重。 ==> no  
2025-05-26 13:17:47,726 ChatBI->     INFO     阈值索引为：140, 窗口大小为: 100 
2025-05-26 13:17:47,726 ChatBI->     INFO     确定的文档: 41; 在次确认的文档: 199
2025-05-26 13:17:49,862 ChatBI->     INFO     从199个需再次确认的文档中筛选出的相关文档数量：135
2025-05-26 13:17:49,862 ChatBI->     INFO     示例文档：['市民来电反映: 上述地址村里之前污水改造后没有设置雨水管道，导致每次遇到下雨都存在严重积水，诉求: 希望管理部门核实增设雨水管道解决积水问题.(需回复)  ', '市民反映：下雨天气，上述地址停车场水漫金山，唯一的2个进站口全是水，深好几厘米，根本无法正常行走，也无人管理。诉求：希望管理部门尽快解决积水问题。（市民要求信息保密，需要回复）', '市民来电反映:上述地址附近路面有的抬高有的没有抬高造成了下雨就会有水坑。诉求：要求一起抬高路面。', '市民来电反复催单。催单原因：市民称管理部门至今未给予任何回复，请管理部门尽快处理。【最近派发的工单编号：20240630017172，工单内容：市民来电反映:上述地址是私房，旁边都是积水，已经进入家里，市民表示无法通行。诉求：希望尽快排水。（需回复）】', '【台风】市民来电反映: 因为台风，9月20日早上发现上述地址积水严重。诉求：请管理部门尽快来帮市民排水。']
2025-05-26 13:17:49,865 ChatBI->     INFO     没有找到<  >对应的视图
2025-05-26 13:17:49,865 ChatBI->     INFO     sql 语句：SELECT `诉求区域`, COUNT(*) AS `道路积水事件数量` FROM shanghai WHERE  `内容描述` IN (:val0, :val1, :val2, :val3, :val4, :val5, :val6, :val7, :val8, :val9, :val10, :val11, :val12, :val13, :val14, :val15, :val16, :val17, :val18, :val19, :val20, :val21, :val22, :val23, :val24, :val25, :val26, :val27, :val28, :val29, :val30, :val31, :val32, :val33, :val34, :val35, :val36, :val37, :val38, :val39, :val40, :val41, :val42, :val43, :val44, :val45, :val46, :val47, :val48, :val49, :val50, :val51, :val52, :val53, :val54, :val55, :val56, :val57, :val58, :val59, :val60, :val61, :val62, :val63, :val64, :val65, :val66, :val67, :val68, :val69, :val70, :val71, :val72, :val73, :val74, :val75, :val76, :val77, :val78, :val79, :val80, :val81, :val82, :val83, :val84, :val85, :val86, :val87, :val88, :val89, :val90, :val91, :val92, :val93, :val94, :val95, :val96, :val97, :val98, :val99, :val100, :val101, :val102, :val103, :val104, :val105, :val106, :val107, :val108, :val109, :val110, :val111, :val112, :val113, :val114, :val115, :val116, :val117, :val118, :val119, :val120, :val121, :val122, :val123, :val124, :val125, :val126, :val127, :val128, :val129, :val130, :val131, :val132, :val133, :val134, :val135, :val136, :val137, :val138, :val139, :val140, :val141, :val142, :val143, :val144, :val145, :val146, :val147, :val148, :val149, :val150, :val151, :val152, :val153, :val154, :val155, :val156, :val157, :val158, :val159, :val160, :val161, :val162, :val163, :val164, :val165, :val166, :val167, :val168, :val169, :val170, :val171, :val172, :val173, :val174, :val175) AND YEAR(`工单生成时间`) = YEAR(CURDATE()) - 1 GROUP BY `诉求区域` ORDER BY `道路积水事件数量` DESC LIMIT 10;
2025-05-26 13:17:50,735 ChatBI->     INFO     websocket发送的数据为：{"sql_gen": "SELECT `诉求区域`, COUNT(*) AS `道路积水事件数量` FROM shanghai WHERE `内容描述` LIKE '%道路积水%' AND YEAR(`工单生成时间`) = YEAR(CURDATE()) - 1 GROUP BY `诉求区域` ORDER BY `道路积水事件数量` DESC LIMIT 10;"}
2025-05-26 13:17:50,755 ChatBI->     INFO     sql 语句：SELECT * FROM shanghai WHERE  `内容描述` IN (:val0, :val1, :val2, :val3, :val4, :val5, :val6, :val7, :val8, :val9, :val10, :val11, :val12, :val13, :val14, :val15, :val16, :val17, :val18, :val19, :val20, :val21, :val22, :val23, :val24, :val25, :val26, :val27, :val28, :val29, :val30, :val31, :val32, :val33, :val34, :val35, :val36, :val37, :val38, :val39, :val40, :val41, :val42, :val43, :val44, :val45, :val46, :val47, :val48, :val49, :val50, :val51, :val52, :val53, :val54, :val55, :val56, :val57, :val58, :val59, :val60, :val61, :val62, :val63, :val64, :val65, :val66, :val67, :val68, :val69, :val70, :val71, :val72, :val73, :val74, :val75, :val76, :val77, :val78, :val79, :val80, :val81, :val82, :val83, :val84, :val85, :val86, :val87, :val88, :val89, :val90, :val91, :val92, :val93, :val94, :val95, :val96, :val97, :val98, :val99, :val100, :val101, :val102, :val103, :val104, :val105, :val106, :val107, :val108, :val109, :val110, :val111, :val112, :val113, :val114, :val115, :val116, :val117, :val118, :val119, :val120, :val121, :val122, :val123, :val124, :val125, :val126, :val127, :val128, :val129, :val130, :val131, :val132, :val133, :val134, :val135, :val136, :val137, :val138, :val139, :val140, :val141, :val142, :val143, :val144, :val145, :val146, :val147, :val148, :val149, :val150, :val151, :val152, :val153, :val154, :val155, :val156, :val157, :val158, :val159, :val160, :val161, :val162, :val163, :val164, :val165, :val166, :val167, :val168, :val169, :val170, :val171, :val172, :val173, :val174, :val175) AND YEAR(`工单生成时间`) = YEAR(CURDATE()) - 1
2025-05-26 13:17:52,436 ChatBI->     INFO     websocket发送的数据为：{"result_insight": "去年浦东新区的道路积水事件最多，共有55起。松江区和奉贤区分别有18起和13起，位列第二和第三。"}
2025-05-26 13:17:53,942 ChatBI->     INFO     websocket发送的数据为：{"result_recommand": {"new_query_1": "去年浦东新区的道路积水事件中，具体发生在哪些街道？", "new_query_2": "去年哪些时间段的道路积水事件最多？", "new_query_3": "去年的道路积水事件中，哪些工单的处理描述提到过'反复催单'？"}}
2025-05-26 13:18:09,754 ChatBI->     INFO     案例库查询
2025-05-26 13:18:09,793 ChatBI->     INFO     案例库查询结果: ["{'query': '近半年群众经常上报道路积水的路段有哪些?', '目标列': ['诉求地址'], '条件列': {'内容描述': '道路积水', '工单生成时间': '近半年'}}", "{'query': '去年哪些小区存在严重的积水问题', '目标列': ['内容描述'], '条件列': {'内容描述': '严重的积水问题', '工单生成时间': '去年'}}", "{'query': '去年台风造成的道路积水影响市民出现的事件分别涉及哪些地方', '目标列': ['诉求地址'], '条件列': {'内容描述': '台风造成的道路积水影响市民出现', '工单类型': '投诉举报类', '工单生成时间': '去年'}}"]
2025-05-26 13:18:10,864 ChatBI->     INFO     schema linking: {'target_columns': ['诉求地址'], 'condition_columns': {'内容描述': '道路积水', '诉求区域': '浦东新区', '工单生成时间': '去年'}}
2025-05-26 13:18:12,468 ChatBI->     INFO     任务类型: SQL
2025-05-26 13:18:13,918 ChatBI->     INFO     stad sql: SELECT DISTINCT `诉求地址` FROM shanghai WHERE `内容描述` LIKE '%道路积水%' AND `诉求区域` = '浦东新区' AND YEAR(`工单生成时间`) = YEAR(CURDATE()) - 1 LIMIT 10;
2025-05-26 13:18:13,918 ChatBI->     INFO     开始语义分析 ... 
2025-05-26 13:18:13,921 ChatBI->     INFO     非结构化信息为: {"`内容描述` LIKE '%道路积水%'": '道路积水'}
2025-05-26 13:18:14,170 ChatBI->     INFO     道路积水 的命名实体判别： no
2025-05-26 13:18:14,171 ChatBI->     INFO     开始对非结构化文档【粗略】检索
2025-05-26 13:18:14,676 ChatBI->     INFO     检索到的文档总数量为：5000
2025-05-26 13:18:14,983 ChatBI->     INFO     开始对非结构化文档【深度】检索
2025-05-26 13:18:15,166 ChatBI->     INFO     step_scores: ['yes', 'yes', 'yes', 'yes', 'yes', 'yes', 'yes', 'no', 'no', 'no']
2025-05-26 13:18:15,166 ChatBI->     INFO     层级抽取文档： 市民来电反映:上述地址道路积水严重，诉求：请管理部门尽快清理积水 ==> yes  
2025-05-26 13:18:15,166 ChatBI->     INFO     层级抽取文档： 市民来电反映: 上述地址的路面一直有积水，一到下雨天就会积水。平时会好一点，下雨天比较厉害。诉求：尽快清理积水。 ==> yes  
2025-05-26 13:18:15,166 ChatBI->     INFO     层级抽取文档： 市民来电反映:上述地址一下雨机动车道积水。诉求：请管理部门核实进行整治，清理积水。 ==> yes  
2025-05-26 13:18:15,166 ChatBI->     INFO     层级抽取文档： 市民来电反映:上述地址大楼间道路上有污水管损坏，并有水冒出，导致地面有积水。市民诉求：请管理部门核实后尽快采取措施维修。
 ==> yes  
2025-05-26 13:18:15,166 ChatBI->     INFO     层级抽取文档： 市民来电反映:上述地址道路上多处路面积水，对市民通行带来影响。诉求：要求管理部门尽快上门处理。（市民要求信息保密 无需回复） ==> yes  
2025-05-26 13:18:15,167 ChatBI->     INFO     层级抽取文档： 市民来电反映:上述地址路段双向最右侧的机动车道和非机动车道一到下雨天路面就会积水，且非常深，通行非常不便。诉求：请管理部门尽快核实修整。（需回复） ==> yes  
2025-05-26 13:18:15,167 ChatBI->     INFO     层级抽取文档： 市民来电反映:上述地址门口入口街面下水道堵塞，路上有积水，对市民生活带来影响。诉求：要求管理部门尽快上门处理。 ==> yes  
2025-05-26 13:18:15,167 ChatBI->     INFO     层级抽取文档： 市民来电反映:上述道路全长只有100多米，但整个道路都有坑洼现象。上述现象对过往车辆存在安全隐患。市民诉求：请管理部门核实后尽快采取措施进行修复。 ==> no  
2025-05-26 13:18:15,167 ChatBI->     INFO     层级抽取文档： 市民来电反映:上述地址家里目前都是积水，市民表示只要下雨，家里都是会有积水的，雨水倒灌进家里。诉求：希望管理部门核实尽快帮其解决家里雨水倒灌的问题。 ==> no  
2025-05-26 13:18:15,167 ChatBI->     INFO     层级抽取文档： 市民来电反映:浦东新区周浦镇周秀路，青黛路，天雄路，道路规划不合理，造成道路拥堵严重。 ==> no  
2025-05-26 13:18:15,167 ChatBI->     INFO     阈值索引为：140, 窗口大小为: 100 
2025-05-26 13:18:15,167 ChatBI->     INFO     确定的文档: 41; 在次确认的文档: 199
2025-05-26 13:18:17,456 ChatBI->     INFO     从199个需再次确认的文档中筛选出的相关文档数量：135
2025-05-26 13:18:17,456 ChatBI->     INFO     示例文档：['市民来电反映: 上述地址村里之前污水改造后没有设置雨水管道，导致每次遇到下雨都存在严重积水，诉求: 希望管理部门核实增设雨水管道解决积水问题.(需回复)  ', '市民反映：下雨天气，上述地址停车场水漫金山，唯一的2个进站口全是水，深好几厘米，根本无法正常行走，也无人管理。诉求：希望管理部门尽快解决积水问题。（市民要求信息保密，需要回复）', '市民来电反映:上述地址附近路面有的抬高有的没有抬高造成了下雨就会有水坑。诉求：要求一起抬高路面。', '市民来电反复催单。催单原因：市民称管理部门至今未给予任何回复，请管理部门尽快处理。【最近派发的工单编号：20240630017172，工单内容：市民来电反映:上述地址是私房，旁边都是积水，已经进入家里，市民表示无法通行。诉求：希望尽快排水。（需回复）】', '【台风】市民来电反映: 因为台风，9月20日早上发现上述地址积水严重。诉求：请管理部门尽快来帮市民排水。']
2025-05-26 13:18:17,459 ChatBI->     INFO     没有找到<  >对应的视图
2025-05-26 13:18:17,459 ChatBI->     INFO     sql 语句：SELECT DISTINCT `诉求地址` FROM shanghai WHERE  `内容描述` IN (:val0, :val1, :val2, :val3, :val4, :val5, :val6, :val7, :val8, :val9, :val10, :val11, :val12, :val13, :val14, :val15, :val16, :val17, :val18, :val19, :val20, :val21, :val22, :val23, :val24, :val25, :val26, :val27, :val28, :val29, :val30, :val31, :val32, :val33, :val34, :val35, :val36, :val37, :val38, :val39, :val40, :val41, :val42, :val43, :val44, :val45, :val46, :val47, :val48, :val49, :val50, :val51, :val52, :val53, :val54, :val55, :val56, :val57, :val58, :val59, :val60, :val61, :val62, :val63, :val64, :val65, :val66, :val67, :val68, :val69, :val70, :val71, :val72, :val73, :val74, :val75, :val76, :val77, :val78, :val79, :val80, :val81, :val82, :val83, :val84, :val85, :val86, :val87, :val88, :val89, :val90, :val91, :val92, :val93, :val94, :val95, :val96, :val97, :val98, :val99, :val100, :val101, :val102, :val103, :val104, :val105, :val106, :val107, :val108, :val109, :val110, :val111, :val112, :val113, :val114, :val115, :val116, :val117, :val118, :val119, :val120, :val121, :val122, :val123, :val124, :val125, :val126, :val127, :val128, :val129, :val130, :val131, :val132, :val133, :val134, :val135, :val136, :val137, :val138, :val139, :val140, :val141, :val142, :val143, :val144, :val145, :val146, :val147, :val148, :val149, :val150, :val151, :val152, :val153, :val154, :val155, :val156, :val157, :val158, :val159, :val160, :val161, :val162, :val163, :val164, :val165, :val166, :val167, :val168, :val169, :val170, :val171, :val172, :val173, :val174, :val175) AND `诉求区域` = '浦东新区' AND YEAR(`工单生成时间`) = YEAR(CURDATE()) - 1 LIMIT 10;
2025-05-26 13:18:17,560 ChatBI->     INFO     websocket发送的数据为：{"sql_gen": "SELECT DISTINCT `诉求地址` FROM shanghai WHERE `内容描述` LIKE '%道路积水%' AND `诉求区域` = '浦东新区' AND YEAR(`工单生成时间`) = YEAR(CURDATE()) - 1 LIMIT 10;"}
2025-05-26 13:18:17,576 ChatBI->     INFO     sql 语句：SELECT * FROM shanghai WHERE  `内容描述` IN (:val0, :val1, :val2, :val3, :val4, :val5, :val6, :val7, :val8, :val9, :val10, :val11, :val12, :val13, :val14, :val15, :val16, :val17, :val18, :val19, :val20, :val21, :val22, :val23, :val24, :val25, :val26, :val27, :val28, :val29, :val30, :val31, :val32, :val33, :val34, :val35, :val36, :val37, :val38, :val39, :val40, :val41, :val42, :val43, :val44, :val45, :val46, :val47, :val48, :val49, :val50, :val51, :val52, :val53, :val54, :val55, :val56, :val57, :val58, :val59, :val60, :val61, :val62, :val63, :val64, :val65, :val66, :val67, :val68, :val69, :val70, :val71, :val72, :val73, :val74, :val75, :val76, :val77, :val78, :val79, :val80, :val81, :val82, :val83, :val84, :val85, :val86, :val87, :val88, :val89, :val90, :val91, :val92, :val93, :val94, :val95, :val96, :val97, :val98, :val99, :val100, :val101, :val102, :val103, :val104, :val105, :val106, :val107, :val108, :val109, :val110, :val111, :val112, :val113, :val114, :val115, :val116, :val117, :val118, :val119, :val120, :val121, :val122, :val123, :val124, :val125, :val126, :val127, :val128, :val129, :val130, :val131, :val132, :val133, :val134, :val135, :val136, :val137, :val138, :val139, :val140, :val141, :val142, :val143, :val144, :val145, :val146, :val147, :val148, :val149, :val150, :val151, :val152, :val153, :val154, :val155, :val156, :val157, :val158, :val159, :val160, :val161, :val162, :val163, :val164, :val165, :val166, :val167, :val168, :val169, :val170, :val171, :val172, :val173, :val174, :val175) AND `诉求区域` = '浦东新区' AND YEAR(`工单生成时间`) = YEAR(CURDATE()) - 1 LIMIT 10;
2025-05-26 13:18:18,683 ChatBI->     INFO     websocket发送的数据为：{"result_insight": "去年浦东新区的道路积水事件主要发生在新金桥路、胜利路、合庆镇、懿行路、上南路、周浦镇、高科东路、高行镇、华绣路和周东路等街道。"}
2025-05-26 13:18:20,245 ChatBI->     INFO     websocket发送的数据为：{"result_recommand": {"new_query_1": "去年浦东新区的道路积水事件中，具体发生在哪些街道？", "new_query_2": "去年浦东新区的道路积水事件中，哪个街道发生的次数最多？", "new_query_3": "去年浦东新区的道路积水事件中，哪些街道的积水问题得到了有效的解决？"}}
2025-05-26 13:18:54,431 ChatBI->     INFO     案例库查询
2025-05-26 13:18:54,466 ChatBI->     INFO     案例库查询结果: ["{'query': '去年哪些小区存在严重的积水问题', '目标列': ['内容描述'], '条件列': {'内容描述': '严重的积水问题', '工单生成时间': '去年'}}", "{'query': '去年哪些小区有漏水问题', '目标列': ['内容描述'], '条件列': {'内容描述': '漏水', '工单生成时间': '去年'}}", "{'query': '去年台风造成的道路积水影响市民出现的事件分别涉及哪些地方', '目标列': ['诉求地址'], '条件列': {'内容描述': '台风造成的道路积水影响市民出现', '工单类型': '投诉举报类', '工单生成时间': '去年'}}"]
2025-05-26 13:18:55,395 ChatBI->     INFO     schema linking: {'target_columns': ['诉求地址'], 'condition_columns': {'内容描述': '道路积水', '工单生成时间': '去年'}}
2025-05-26 13:18:57,032 ChatBI->     INFO     任务类型: SQL
2025-05-26 13:18:58,085 ChatBI->     INFO     stad sql: SELECT `诉求地址` FROM shanghai WHERE `内容描述` LIKE '%道路积水%' AND YEAR(`工单生成时间`) = YEAR(CURDATE()) - 1 LIMIT 10;
2025-05-26 13:18:58,085 ChatBI->     INFO     开始语义分析 ... 
2025-05-26 13:18:58,088 ChatBI->     INFO     非结构化信息为: {"`内容描述` LIKE '%道路积水%'": '道路积水'}
2025-05-26 13:18:58,342 ChatBI->     INFO     道路积水 的命名实体判别： no
2025-05-26 13:18:58,343 ChatBI->     INFO     开始对非结构化文档【粗略】检索
2025-05-26 13:18:58,887 ChatBI->     INFO     检索到的文档总数量为：5000
2025-05-26 13:18:59,210 ChatBI->     INFO     开始对非结构化文档【深度】检索
2025-05-26 13:18:59,392 ChatBI->     INFO     step_scores: ['yes', 'yes', 'yes', 'yes', 'yes', 'yes', 'yes', 'no', 'no', 'no']
2025-05-26 13:18:59,392 ChatBI->     INFO     层级抽取文档： 市民来电反映:上述地址道路积水严重，诉求：请管理部门尽快清理积水 ==> yes  
2025-05-26 13:18:59,392 ChatBI->     INFO     层级抽取文档： 市民来电反映: 上述地址的路面一直有积水，一到下雨天就会积水。平时会好一点，下雨天比较厉害。诉求：尽快清理积水。 ==> yes  
2025-05-26 13:18:59,393 ChatBI->     INFO     层级抽取文档： 市民来电反映:上述地址一下雨机动车道积水。诉求：请管理部门核实进行整治，清理积水。 ==> yes  
2025-05-26 13:18:59,393 ChatBI->     INFO     层级抽取文档： 市民来电反映:上述地址大楼间道路上有污水管损坏，并有水冒出，导致地面有积水。市民诉求：请管理部门核实后尽快采取措施维修。
 ==> yes  
2025-05-26 13:18:59,393 ChatBI->     INFO     层级抽取文档： 市民来电反映:上述地址道路上多处路面积水，对市民通行带来影响。诉求：要求管理部门尽快上门处理。（市民要求信息保密 无需回复） ==> yes  
2025-05-26 13:18:59,393 ChatBI->     INFO     层级抽取文档： 市民来电反映:上述地址路段双向最右侧的机动车道和非机动车道一到下雨天路面就会积水，且非常深，通行非常不便。诉求：请管理部门尽快核实修整。（需回复） ==> yes  
2025-05-26 13:18:59,393 ChatBI->     INFO     层级抽取文档： 市民来电反映:上述地址门口入口街面下水道堵塞，路上有积水，对市民生活带来影响。诉求：要求管理部门尽快上门处理。 ==> yes  
2025-05-26 13:18:59,393 ChatBI->     INFO     层级抽取文档： 市民来电反映:上述道路全长只有100多米，但整个道路都有坑洼现象。上述现象对过往车辆存在安全隐患。市民诉求：请管理部门核实后尽快采取措施进行修复。 ==> no  
2025-05-26 13:18:59,393 ChatBI->     INFO     层级抽取文档： 市民来电反映:上述地址家里目前都是积水，市民表示只要下雨，家里都是会有积水的，雨水倒灌进家里。诉求：希望管理部门核实尽快帮其解决家里雨水倒灌的问题。 ==> no  
2025-05-26 13:18:59,393 ChatBI->     INFO     层级抽取文档： 市民来电反映:浦东新区周浦镇周秀路，青黛路，天雄路，道路规划不合理，造成道路拥堵严重。 ==> no  
2025-05-26 13:18:59,393 ChatBI->     INFO     阈值索引为：140, 窗口大小为: 100 
2025-05-26 13:18:59,393 ChatBI->     INFO     确定的文档: 41; 在次确认的文档: 199
2025-05-26 13:19:01,672 ChatBI->     INFO     从199个需再次确认的文档中筛选出的相关文档数量：135
2025-05-26 13:19:01,672 ChatBI->     INFO     示例文档：['市民来电反映: 上述地址村里之前污水改造后没有设置雨水管道，导致每次遇到下雨都存在严重积水，诉求: 希望管理部门核实增设雨水管道解决积水问题.(需回复)  ', '市民反映：下雨天气，上述地址停车场水漫金山，唯一的2个进站口全是水，深好几厘米，根本无法正常行走，也无人管理。诉求：希望管理部门尽快解决积水问题。（市民要求信息保密，需要回复）', '市民来电反映:上述地址附近路面有的抬高有的没有抬高造成了下雨就会有水坑。诉求：要求一起抬高路面。', '市民来电反复催单。催单原因：市民称管理部门至今未给予任何回复，请管理部门尽快处理。【最近派发的工单编号：20240630017172，工单内容：市民来电反映:上述地址是私房，旁边都是积水，已经进入家里，市民表示无法通行。诉求：希望尽快排水。（需回复）】', '【台风】市民来电反映: 因为台风，9月20日早上发现上述地址积水严重。诉求：请管理部门尽快来帮市民排水。']
2025-05-26 13:19:01,674 ChatBI->     INFO     没有找到<  >对应的视图
2025-05-26 13:19:01,674 ChatBI->     INFO     sql 语句：SELECT `诉求地址` FROM shanghai WHERE  `内容描述` IN (:val0, :val1, :val2, :val3, :val4, :val5, :val6, :val7, :val8, :val9, :val10, :val11, :val12, :val13, :val14, :val15, :val16, :val17, :val18, :val19, :val20, :val21, :val22, :val23, :val24, :val25, :val26, :val27, :val28, :val29, :val30, :val31, :val32, :val33, :val34, :val35, :val36, :val37, :val38, :val39, :val40, :val41, :val42, :val43, :val44, :val45, :val46, :val47, :val48, :val49, :val50, :val51, :val52, :val53, :val54, :val55, :val56, :val57, :val58, :val59, :val60, :val61, :val62, :val63, :val64, :val65, :val66, :val67, :val68, :val69, :val70, :val71, :val72, :val73, :val74, :val75, :val76, :val77, :val78, :val79, :val80, :val81, :val82, :val83, :val84, :val85, :val86, :val87, :val88, :val89, :val90, :val91, :val92, :val93, :val94, :val95, :val96, :val97, :val98, :val99, :val100, :val101, :val102, :val103, :val104, :val105, :val106, :val107, :val108, :val109, :val110, :val111, :val112, :val113, :val114, :val115, :val116, :val117, :val118, :val119, :val120, :val121, :val122, :val123, :val124, :val125, :val126, :val127, :val128, :val129, :val130, :val131, :val132, :val133, :val134, :val135, :val136, :val137, :val138, :val139, :val140, :val141, :val142, :val143, :val144, :val145, :val146, :val147, :val148, :val149, :val150, :val151, :val152, :val153, :val154, :val155, :val156, :val157, :val158, :val159, :val160, :val161, :val162, :val163, :val164, :val165, :val166, :val167, :val168, :val169, :val170, :val171, :val172, :val173, :val174, :val175) AND YEAR(`工单生成时间`) = YEAR(CURDATE()) - 1 LIMIT 10;
2025-05-26 13:19:01,751 ChatBI->     INFO     websocket发送的数据为：{"sql_gen": "SELECT `诉求地址` FROM shanghai WHERE `内容描述` LIKE '%道路积水%' AND YEAR(`工单生成时间`) = YEAR(CURDATE()) - 1 LIMIT 10;"}
2025-05-26 13:19:01,771 ChatBI->     INFO     sql 语句：SELECT * FROM shanghai WHERE  `内容描述` IN (:val0, :val1, :val2, :val3, :val4, :val5, :val6, :val7, :val8, :val9, :val10, :val11, :val12, :val13, :val14, :val15, :val16, :val17, :val18, :val19, :val20, :val21, :val22, :val23, :val24, :val25, :val26, :val27, :val28, :val29, :val30, :val31, :val32, :val33, :val34, :val35, :val36, :val37, :val38, :val39, :val40, :val41, :val42, :val43, :val44, :val45, :val46, :val47, :val48, :val49, :val50, :val51, :val52, :val53, :val54, :val55, :val56, :val57, :val58, :val59, :val60, :val61, :val62, :val63, :val64, :val65, :val66, :val67, :val68, :val69, :val70, :val71, :val72, :val73, :val74, :val75, :val76, :val77, :val78, :val79, :val80, :val81, :val82, :val83, :val84, :val85, :val86, :val87, :val88, :val89, :val90, :val91, :val92, :val93, :val94, :val95, :val96, :val97, :val98, :val99, :val100, :val101, :val102, :val103, :val104, :val105, :val106, :val107, :val108, :val109, :val110, :val111, :val112, :val113, :val114, :val115, :val116, :val117, :val118, :val119, :val120, :val121, :val122, :val123, :val124, :val125, :val126, :val127, :val128, :val129, :val130, :val131, :val132, :val133, :val134, :val135, :val136, :val137, :val138, :val139, :val140, :val141, :val142, :val143, :val144, :val145, :val146, :val147, :val148, :val149, :val150, :val151, :val152, :val153, :val154, :val155, :val156, :val157, :val158, :val159, :val160, :val161, :val162, :val163, :val164, :val165, :val166, :val167, :val168, :val169, :val170, :val171, :val172, :val173, :val174, :val175) AND YEAR(`工单生成时间`) = YEAR(CURDATE()) - 1 LIMIT 10;
2025-05-26 13:19:02,795 ChatBI->     INFO     websocket发送的数据为：{"result_insight": "去年的道路积水事件主要发生在青浦区崧泽大道2229弄、嘉定区安亭镇昌吉路小三角便民市场前、宝山区联谊路泰联路以东等小区。"}
2025-05-26 13:19:04,106 ChatBI->     INFO     websocket发送的数据为：{"result_recommand": {"new_query_1": "去年发生在青浦区的积水事件有哪些详细描述？", "new_query_2": "去年哪些区域的道路积水事件最多？", "new_query_3": "去年浦东新区的积水事件主要集中在哪些街道？"}}
2025-05-26 13:19:16,433 ChatBI->     INFO     案例库查询
2025-05-26 13:19:16,469 ChatBI->     INFO     案例库查询结果: ["{'query': '去年哪些小区存在严重的积水问题', '目标列': ['内容描述'], '条件列': {'内容描述': '严重的积水问题', '工单生成时间': '去年'}}", "{'query': '去年哪些小区有漏水问题', '目标列': ['内容描述'], '条件列': {'内容描述': '漏水', '工单生成时间': '去年'}}", "{'query': '去年台风造成的道路积水影响市民出现的事件分别涉及哪些地方', '目标列': ['诉求地址'], '条件列': {'内容描述': '台风造成的道路积水影响市民出现', '工单类型': '投诉举报类', '工单生成时间': '去年'}}"]
2025-05-26 13:19:17,355 ChatBI->     INFO     schema linking: {'target_columns': ['诉求地址'], 'condition_columns': {'内容描述': '道路积水', '工单生成时间': '去年'}}
2025-05-26 13:19:18,975 ChatBI->     INFO     任务类型: SQL
2025-05-26 13:19:20,012 ChatBI->     INFO     stad sql: SELECT `诉求地址` FROM shanghai WHERE `内容描述` LIKE '%道路积水%' AND YEAR(`工单生成时间`) = YEAR(CURDATE()) - 1 LIMIT 10;
2025-05-26 13:19:20,012 ChatBI->     INFO     开始语义分析 ... 
2025-05-26 13:19:20,016 ChatBI->     INFO     非结构化信息为: {"`内容描述` LIKE '%道路积水%'": '道路积水'}
2025-05-26 13:19:20,266 ChatBI->     INFO     道路积水 的命名实体判别： no
2025-05-26 13:19:20,267 ChatBI->     INFO     开始对非结构化文档【粗略】检索
2025-05-26 13:19:20,786 ChatBI->     INFO     检索到的文档总数量为：5000
2025-05-26 13:19:21,097 ChatBI->     INFO     开始对非结构化文档【深度】检索
2025-05-26 13:19:21,265 ChatBI->     INFO     step_scores: ['yes', 'yes', 'yes', 'yes', 'yes', 'yes', 'yes', 'no', 'no', 'no']
2025-05-26 13:19:21,266 ChatBI->     INFO     层级抽取文档： 市民来电反映:上述地址道路积水严重，诉求：请管理部门尽快清理积水 ==> yes  
2025-05-26 13:19:21,266 ChatBI->     INFO     层级抽取文档： 市民来电反映: 上述地址的路面一直有积水，一到下雨天就会积水。平时会好一点，下雨天比较厉害。诉求：尽快清理积水。 ==> yes  
2025-05-26 13:19:21,266 ChatBI->     INFO     层级抽取文档： 市民来电反映:上述地址一下雨机动车道积水。诉求：请管理部门核实进行整治，清理积水。 ==> yes  
2025-05-26 13:19:21,266 ChatBI->     INFO     层级抽取文档： 市民来电反映:上述地址大楼间道路上有污水管损坏，并有水冒出，导致地面有积水。市民诉求：请管理部门核实后尽快采取措施维修。
 ==> yes  
2025-05-26 13:19:21,266 ChatBI->     INFO     层级抽取文档： 市民来电反映:上述地址道路上多处路面积水，对市民通行带来影响。诉求：要求管理部门尽快上门处理。（市民要求信息保密 无需回复） ==> yes  
2025-05-26 13:19:21,266 ChatBI->     INFO     层级抽取文档： 市民来电反映:上述地址路段双向最右侧的机动车道和非机动车道一到下雨天路面就会积水，且非常深，通行非常不便。诉求：请管理部门尽快核实修整。（需回复） ==> yes  
2025-05-26 13:19:21,266 ChatBI->     INFO     层级抽取文档： 市民来电反映:上述地址门口入口街面下水道堵塞，路上有积水，对市民生活带来影响。诉求：要求管理部门尽快上门处理。 ==> yes  
2025-05-26 13:19:21,266 ChatBI->     INFO     层级抽取文档： 市民来电反映:上述道路全长只有100多米，但整个道路都有坑洼现象。上述现象对过往车辆存在安全隐患。市民诉求：请管理部门核实后尽快采取措施进行修复。 ==> no  
2025-05-26 13:19:21,266 ChatBI->     INFO     层级抽取文档： 市民来电反映:上述地址家里目前都是积水，市民表示只要下雨，家里都是会有积水的，雨水倒灌进家里。诉求：希望管理部门核实尽快帮其解决家里雨水倒灌的问题。 ==> no  
2025-05-26 13:19:21,266 ChatBI->     INFO     层级抽取文档： 市民来电反映:浦东新区周浦镇周秀路，青黛路，天雄路，道路规划不合理，造成道路拥堵严重。 ==> no  
2025-05-26 13:19:21,266 ChatBI->     INFO     阈值索引为：140, 窗口大小为: 100 
2025-05-26 13:19:21,266 ChatBI->     INFO     确定的文档: 41; 在次确认的文档: 199
2025-05-26 13:19:23,789 ChatBI->     INFO     从199个需再次确认的文档中筛选出的相关文档数量：135
2025-05-26 13:19:23,789 ChatBI->     INFO     示例文档：['市民来电反映: 上述地址村里之前污水改造后没有设置雨水管道，导致每次遇到下雨都存在严重积水，诉求: 希望管理部门核实增设雨水管道解决积水问题.(需回复)  ', '市民反映：下雨天气，上述地址停车场水漫金山，唯一的2个进站口全是水，深好几厘米，根本无法正常行走，也无人管理。诉求：希望管理部门尽快解决积水问题。（市民要求信息保密，需要回复）', '市民来电反映:上述地址附近路面有的抬高有的没有抬高造成了下雨就会有水坑。诉求：要求一起抬高路面。', '市民来电反复催单。催单原因：市民称管理部门至今未给予任何回复，请管理部门尽快处理。【最近派发的工单编号：20240630017172，工单内容：市民来电反映:上述地址是私房，旁边都是积水，已经进入家里，市民表示无法通行。诉求：希望尽快排水。（需回复）】', '【台风】市民来电反映: 因为台风，9月20日早上发现上述地址积水严重。诉求：请管理部门尽快来帮市民排水。']
2025-05-26 13:19:23,792 ChatBI->     INFO     没有找到<  >对应的视图
2025-05-26 13:19:23,792 ChatBI->     INFO     sql 语句：SELECT `诉求地址` FROM shanghai WHERE  `内容描述` IN (:val0, :val1, :val2, :val3, :val4, :val5, :val6, :val7, :val8, :val9, :val10, :val11, :val12, :val13, :val14, :val15, :val16, :val17, :val18, :val19, :val20, :val21, :val22, :val23, :val24, :val25, :val26, :val27, :val28, :val29, :val30, :val31, :val32, :val33, :val34, :val35, :val36, :val37, :val38, :val39, :val40, :val41, :val42, :val43, :val44, :val45, :val46, :val47, :val48, :val49, :val50, :val51, :val52, :val53, :val54, :val55, :val56, :val57, :val58, :val59, :val60, :val61, :val62, :val63, :val64, :val65, :val66, :val67, :val68, :val69, :val70, :val71, :val72, :val73, :val74, :val75, :val76, :val77, :val78, :val79, :val80, :val81, :val82, :val83, :val84, :val85, :val86, :val87, :val88, :val89, :val90, :val91, :val92, :val93, :val94, :val95, :val96, :val97, :val98, :val99, :val100, :val101, :val102, :val103, :val104, :val105, :val106, :val107, :val108, :val109, :val110, :val111, :val112, :val113, :val114, :val115, :val116, :val117, :val118, :val119, :val120, :val121, :val122, :val123, :val124, :val125, :val126, :val127, :val128, :val129, :val130, :val131, :val132, :val133, :val134, :val135, :val136, :val137, :val138, :val139, :val140, :val141, :val142, :val143, :val144, :val145, :val146, :val147, :val148, :val149, :val150, :val151, :val152, :val153, :val154, :val155, :val156, :val157, :val158, :val159, :val160, :val161, :val162, :val163, :val164, :val165, :val166, :val167, :val168, :val169, :val170, :val171, :val172, :val173, :val174, :val175) AND YEAR(`工单生成时间`) = YEAR(CURDATE()) - 1 LIMIT 10;
2025-05-26 13:19:23,863 ChatBI->     INFO     websocket发送的数据为：{"sql_gen": "SELECT `诉求地址` FROM shanghai WHERE `内容描述` LIKE '%道路积水%' AND YEAR(`工单生成时间`) = YEAR(CURDATE()) - 1 LIMIT 10;"}
2025-05-26 13:19:23,880 ChatBI->     INFO     sql 语句：SELECT * FROM shanghai WHERE  `内容描述` IN (:val0, :val1, :val2, :val3, :val4, :val5, :val6, :val7, :val8, :val9, :val10, :val11, :val12, :val13, :val14, :val15, :val16, :val17, :val18, :val19, :val20, :val21, :val22, :val23, :val24, :val25, :val26, :val27, :val28, :val29, :val30, :val31, :val32, :val33, :val34, :val35, :val36, :val37, :val38, :val39, :val40, :val41, :val42, :val43, :val44, :val45, :val46, :val47, :val48, :val49, :val50, :val51, :val52, :val53, :val54, :val55, :val56, :val57, :val58, :val59, :val60, :val61, :val62, :val63, :val64, :val65, :val66, :val67, :val68, :val69, :val70, :val71, :val72, :val73, :val74, :val75, :val76, :val77, :val78, :val79, :val80, :val81, :val82, :val83, :val84, :val85, :val86, :val87, :val88, :val89, :val90, :val91, :val92, :val93, :val94, :val95, :val96, :val97, :val98, :val99, :val100, :val101, :val102, :val103, :val104, :val105, :val106, :val107, :val108, :val109, :val110, :val111, :val112, :val113, :val114, :val115, :val116, :val117, :val118, :val119, :val120, :val121, :val122, :val123, :val124, :val125, :val126, :val127, :val128, :val129, :val130, :val131, :val132, :val133, :val134, :val135, :val136, :val137, :val138, :val139, :val140, :val141, :val142, :val143, :val144, :val145, :val146, :val147, :val148, :val149, :val150, :val151, :val152, :val153, :val154, :val155, :val156, :val157, :val158, :val159, :val160, :val161, :val162, :val163, :val164, :val165, :val166, :val167, :val168, :val169, :val170, :val171, :val172, :val173, :val174, :val175) AND YEAR(`工单生成时间`) = YEAR(CURDATE()) - 1 LIMIT 10;
2025-05-26 13:19:26,442 ChatBI->     INFO     websocket发送的数据为：{"result_insight": "去年的道路积水事件主要发生在青浦区崧泽大道2229弄、嘉定区安亭镇昌吉路小三角便民市场前、宝山区联谊路泰联路以东、浦东新区新金桥路2222号、浦东新区胜利路川沙路上海浦泽环保科技有限公司、闵行区七宝镇9号线地铁星中路站3号出口高架下、金山区金流路、崇明区长兴岛凤凰公路1086弄门口和普陀区金沙江路（真北路到花家浜路）等小区。"}
2025-05-26 13:19:28,122 ChatBI->     INFO     websocket发送的数据为：{"result_recommand": {"new_query_1": "去年发生的道路积水事件中，哪个区域的事件最多？", "new_query_2": "去年发生的道路积水事件中，哪些小区的积水问题得到了有效的解决？", "new_query_3": "去年发生的道路积水事件中，是否有任何重复的地址或小区？如果有，请列出这些地址。"}}
2025-05-26 13:19:57,141 ChatBI->     INFO     案例库查询
2025-05-26 13:19:57,176 ChatBI->     INFO     案例库查询结果: ["{'query': '最近3个月噪音污染事件涉及到了哪些公园', '目标列': ['内容描述'], '条件列': {'工单生成时间': '最近3个月', '诉求地址': '公园', '二级分类': '噪音污染'}}", "{'query': '去年虹口有哪些有噪音污染的公园', '目标列': ['内容描述'], '条件列': {'诉求区域': '虹口区', '内容描述': '噪音污染'}}", "{'query': '近7个月哪些公园被举报存在噪声扰民事件', '目标列': ['内容描述'], '条件列': {'工单类别': '投诉举报类', '内容描述': '噪声扰民', '诉求地址': '公园', '工单生成时间': '近7个月'}}"]
2025-05-26 13:19:58,467 ChatBI->     INFO     schema linking: {'target_columns': ['内容描述'], 'condition_columns': {'诉求区域': '虹口区', '内容描述': '噪声扰民', '诉求地址': '公园', '工单生成时间': '去年'}}
2025-05-26 13:20:00,120 ChatBI->     INFO     任务类型: SQL
2025-05-26 13:20:01,469 ChatBI->     INFO     stad sql: SELECT `诉求地址`, `工单生成时间` FROM shanghai WHERE `内容描述` LIKE '%噪声扰民%' AND `诉求地址` LIKE '%公园%' AND YEAR(`工单生成时间`) = YEAR(CURDATE()) - 1 LIMIT 10;
2025-05-26 13:20:01,469 ChatBI->     INFO     开始语义分析 ... 
2025-05-26 13:20:01,474 ChatBI->     INFO     非结构化信息为: {"`内容描述` LIKE '%噪声扰民%'": '噪声扰民'}
2025-05-26 13:20:01,729 ChatBI->     INFO     噪声扰民 的命名实体判别： no
2025-05-26 13:20:01,731 ChatBI->     INFO     开始对非结构化文档【粗略】检索
2025-05-26 13:20:02,249 ChatBI->     INFO     检索到的文档总数量为：5000
2025-05-26 13:20:02,579 ChatBI->     INFO     开始对非结构化文档【深度】检索
2025-05-26 13:20:02,862 ChatBI->     INFO     step_scores: ['yes', 'yes', 'yes', 'yes', 'yes', 'yes', 'yes', 'yes', 'yes', 'yes']
2025-05-26 13:20:02,862 ChatBI->     INFO     层级抽取文档： 市民来电反映:上述地址最近每天23:00以后都会传出像发电机一样的噪声严重扰民。诉求：希望管理部门核实解决。（市民要求信息保密 需回复） ==> yes  
2025-05-26 13:20:02,862 ChatBI->     INFO     层级抽取文档： 市民来电反映：建筑工地噪音扰民 ==> yes  
2025-05-26 13:20:02,862 ChatBI->     INFO     层级抽取文档： 市民来电反映:上述地址的居民每天20:00-21:00都会发出很大的声音，存在噪音扰民。诉求：请管理部门尽快解决噪音扰民的情况。（信息保密 需要回复） ==> yes  
2025-05-26 13:20:02,862 ChatBI->     INFO     层级抽取文档： 市民反映：上述地址大板房改建过程中，施工方严重噪音扰民。从7:00开工至17:00... ==> yes  
2025-05-26 13:20:02,863 ChatBI->     INFO     层级抽取文档： 市民反映：近期竹柏路366弄178号201室在装修，晚上19:00还在装修，噪音扰民。诉求：请管理部门制止噪音扰民。 ==> yes  
2025-05-26 13:20:02,863 ChatBI->     INFO     层级抽取文档： 市民来电反映:上述地址的房屋有群租现象，房屋有改建现象，噪音影响到旁边居民，要求管理部门予以取缔。 ==> yes  
2025-05-26 13:20:02,863 ChatBI->     INFO     层级抽取文档： 市民来电反映：杨浦区营口路859号法朵公寓门前，晚上修路扰民。晚上19:00-凌晨一直在修，扰民严重，诉求：市民希望晚上不要施工扰民。 ==> yes  
2025-05-26 13:20:02,863 ChatBI->     INFO     层级抽取文档： 市民来电反映:工作日的装修时间，上述地址的噪音超过了法定标准，影响周边业主休息。诉求：解决噪音扰民问题。（市民要求信息保密 需回复） ==> yes  
2025-05-26 13:20:02,863 ChatBI->     INFO     层级抽取文档： 市民来电反映:上述地址居民夜间噪音扰民，经常走路声音太响。重物掉落的声音。之前反映过解决了，但之后又出现了死灰复燃的现象。诉求：希望核查解决噪音问题。（市民要求信息保密 需回复） ==> yes  
2025-05-26 13:20:02,863 ChatBI->     INFO     层级抽取文档： 市民来电反映:上述地址每天晚间施工噪音过大，一般为20点-22点，影响周围居民休息，诉求：希望管理部门核实处理协助处理噪音扰民问题。 ==> yes  
2025-05-26 13:20:03,128 ChatBI->     INFO     step_scores: ['yes', 'yes', 'yes', 'yes', 'yes', 'yes', 'yes', 'yes', 'yes', 'yes']
2025-05-26 13:20:03,128 ChatBI->     INFO     层级抽取文档： 市民来电反映:上述地址居民经常装修，并使用冲击产生噪音扰民。诉求：希望管理部门督促规范装修，不要扰民。（市民要求信息保密，无需回复） ==> yes  
2025-05-26 13:20:03,128 ChatBI->     INFO     层级抽取文档： 市民来电反映:上述地址4月13日道路夜间施工，噪音扰民严重，市民表示之前没有此类情况，要求投诉，希望不要扰民。（市民要求信息保密 无需回复） ==> yes  
2025-05-26 13:20:03,128 ChatBI->     INFO     层级抽取文档： 市民来电反映:上述地址村民每天早上7：00-18：00装修噪音扰民。诉求：请管理部门核实投诉装修噪音。（市民要求信息保密 需回复） ==> yes  
2025-05-26 13:20:03,128 ChatBI->     INFO     层级抽取文档： 市民留言反映：举报施工，半夜扰民。 ==> yes  
2025-05-26 13:20:03,128 ChatBI->     INFO     层级抽取文档： 市民反映：201室晚上装修扰民。诉求：请管理部门整治装修扰民事宜。（市民要求信息保密，需回复） ==> yes  
2025-05-26 13:20:03,128 ChatBI->     INFO     层级抽取文档： 市民反映：上述地址9月12号晚上20:00施工扰民特别吵，是否为非抢修抢险，非施工时间晚上施工扰民。诉求：请管理部门核实后回复，并消除施工扰民。（市民要求信息保密，需要回复） ==> yes  
2025-05-26 13:20:03,128 ChatBI->     INFO     层级抽取文档： 市民来电反映:上述地址的公寓最近装修施工，导致噪音扰民严重。诉求：请管理部门要求施工单位规范施工，避免扰民。（市民要求信息保密 需回复） ==> yes  
2025-05-26 13:20:03,128 ChatBI->     INFO     层级抽取文档： 市民来电反映:上述地址在道路施工，有搅拌车产生噪音扰民。 ==> yes  
2025-05-26 13:20:03,128 ChatBI->     INFO     层级抽取文档： 市民来电反映:外省市商铺扩音喇叭噪音扰民问题。 ==> yes  
2025-05-26 13:20:03,129 ChatBI->     INFO     层级抽取文档： 市民来电反映:宾川路524号-2、-3居民住房借给外地人的，存在噪音扰民，每天7:00-20:00不间断的产生噪音，和居委反映过无果，诉求：要求核查整治，彻底解决噪音扰民问题。（信息保密，需回复） ==> yes  
2025-05-26 13:20:03,437 ChatBI->     INFO     step_scores: ['yes', 'yes', 'yes', 'yes', 'yes', 'yes', 'yes', 'yes', 'yes', 'yes']
2025-05-26 13:20:03,438 ChatBI->     INFO     层级抽取文档： 市民反映：上述地址绿久苑大门口商铺推销喇叭扰民，从18:00-21:00，已经持续快一周了，每天如此。诉求：希望管理部门制止噪音扰民。 ==> yes  
2025-05-26 13:20:03,438 ChatBI->     INFO     层级抽取文档： 市民反映：上述地址非装修时间装修，造成扰民（详见附件）。诉求：请管理部门加强装修扰民管理。（市民要求信息保密，无需回复） ==> yes  
2025-05-26 13:20:03,438 ChatBI->     INFO     层级抽取文档： 市民来电反映:上述地址世外小学门卫室后面的排风扇，每天05:00多就开始运作产生噪音扰民现象。诉求：请管理部门核实改善噪音扰民。 ==> yes  
2025-05-26 13:20:03,438 ChatBI->     INFO     层级抽取文档： 市民来电反映:上述地址旁边正在进行高架建设施工，10月15日从早上5点就开始施工了，特别嘈杂，噪音非常扰民，影响周边居民正常生活。诉求：投诉噪音扰民，请管理部门核实整治。（需回复） ==> yes  
2025-05-26 13:20:03,438 ChatBI->     INFO     层级抽取文档： 市民来电反映:上述地址小区居民早上6点钟不到就开始装修了产生噪音扰民。诉求：请管理部门尽快解决装修噪音扰民问题。（市民要求信息保密 需回复） ==> yes  
2025-05-26 13:20:03,438 ChatBI->     INFO     层级抽取文档： 市民来电反映:上述地址学校每天6：30开始噪音施工，影响周围市民休息。诉求：希望管理部门可以核实沟通让其晚点噪音施工。（市民要求信息保密 需回复） ==> yes  
2025-05-26 13:20:03,439 ChatBI->     INFO     层级抽取文档： 市民来电反映:上述地址业主家里装修，周末装修扰民，诉求：针对此处小区周末装修扰民行为进行制止。（市民要求信息保密 无需回复） ==> yes  
2025-05-26 13:20:03,439 ChatBI->     INFO     层级抽取文档： 市民来电反映:杨浦区友谊新村东区209号前面的拆迁地块，目前还有土方车进入，造成扰民，诉求：尽快处理扰民问题。凌晨12点和现在已经二次，之后预计还会有。 ==> yes  
2025-05-26 13:20:03,439 ChatBI->     INFO     层级抽取文档： 市民来电反映:上述地址每天6、7点就开始装修，已经持续两周了，噪音非常扰民。有居民报警了也没有用。市民表示可能是虹口实业公司的。诉求：请管理部门核实整治噪音扰民问题。（需回复） ==> yes  
2025-05-26 13:20:03,439 ChatBI->     INFO     层级抽取文档： 市民来电反映:上述地址修路后覆盖了铁板，车子开过噪音扰民。市民诉求：望相关部门核实尽快调整避免扰民。（市民要求信息保密 需回复） ==> yes  
2025-05-26 13:20:03,750 ChatBI->     INFO     step_scores: ['yes', 'yes', 'yes', 'yes', 'yes', 'yes', 'yes', 'yes', 'yes', 'yes']
2025-05-26 13:20:03,750 ChatBI->     INFO     层级抽取文档： 市民来电反映:上述地址5月3日早上7:30开始装修，噪音扰民，诉求：要求管理部门处理节假日装修扰民问题（市民要求信息保密 无需回复） ==> yes  
2025-05-26 13:20:03,750 ChatBI->     INFO     层级抽取文档： 市民来电反映:上述地址的一户人家，于2024年4月7日22:17这个点在打麻将，声音很大很吵，存在噪音扰民。诉求：请管理部门尽快解决噪音扰民的问题。（信息保密 无需回复） ==> yes  
2025-05-26 13:20:03,750 ChatBI->     INFO     层级抽取文档： 市民来电反映:5月3日05:00左右，上述地址小区旁边的建筑工地就开始施工，产生噪音扰民现象。诉求：请管理部门核实改善噪音扰民。（市民要求信息保密 无需回复） ==> yes  
2025-05-26 13:20:03,750 ChatBI->     INFO     层级抽取文档： 【投诉】市民来电反映:噪音扰民问题一直没有改善，市民对于管理部门的处理非常不满，一直在拖延推诿，诉求：投诉关联部门未解决噪音扰民问题。关联工单编号：20241009022562 ==> yes  
2025-05-26 13:20:03,751 ChatBI->     INFO     层级抽取文档： 市民来电反映:市民表示上述地址近期存在夜间施工噪音扰民情况，可能是路政施工，7月19日0:00多又突然发出了类似警报的声音，且声音特别大，影响到周边居民的休息。诉求：请管理部门核实处理夜间施工噪音扰民问题。（市民要求信息保密 无需回复） ==> yes  
2025-05-26 13:20:03,751 ChatBI->     INFO     层级抽取文档： 市民来电反映:上述地址居民经常拖拽凳子、摔碗，噪音扰民，诉求：请管理部门核实，希望居委上门协调解决扰民问题。（市民要求信息保密 需回复） ==> yes  
2025-05-26 13:20:03,751 ChatBI->     INFO     层级抽取文档： 市民来电反映:上述地址每天有人跳广场舞，18:30就开始，现在天热了，大家都要开窗，小区有好多孩子都要中考，高考的，噪音扰民严重，诉求：尽快处理噪音扰民问题（市民要求信息保密 无需回复） ==> yes  
2025-05-26 13:20:03,751 ChatBI->     INFO     层级抽取文档： 市民来电反映:上述地址餐厅噪音扰民问题，市民之前反映过好了现在又死灰复燃了，9月25日音乐声和打鼓声非常吵，市民最近几天只能向公安部门反映。诉求：请管理部门核实，要求彻底解决噪音扰民问题。 ==> yes  
2025-05-26 13:20:03,751 ChatBI->     INFO     层级抽取文档： 市民来电反映:学校里一个新建大楼施工，上课的噪音扰民影响学生正常学习。4月29日噪音特别厉害。诉求：请管理部门投诉噪音施工。（市民要求信息保密 无需回复） ==> yes  
2025-05-26 13:20:03,751 ChatBI->     INFO     层级抽取文档： 市民来电反映:半夜有人燃放烟花扰民要求警方处理。 ==> yes  
2025-05-26 13:20:04,099 ChatBI->     INFO     step_scores: ['yes', 'yes', 'yes', 'yes', 'yes', 'yes', 'yes', 'yes', 'yes', 'yes']
2025-05-26 13:20:04,099 ChatBI->     INFO     层级抽取文档： 市民来电反映:上述地址门面店周末的早上7:00多就开始装修噪音扰民。诉求：希望管理部门核实制止此处周末过早的装修扰民。（市民要求信息保密 无需回复） ==> yes  
2025-05-26 13:20:04,099 ChatBI->     INFO     层级抽取文档： 市民来电反映:上述地址是群租房，并且养了夜行动物，每天02:00-05:00会产生噪音扰民现象。市民称曾向居委物业反映过，但未改善。诉求：请管理部门核实取缔群租，并改善噪音扰民。（市民要求信息保密 需回复） ==> yes  
2025-05-26 13:20:04,099 ChatBI->     INFO     层级抽取文档： 市民反映：上述道路近期在施工，07:00左右就开始了施工噪音严重扰民。诉求：请适当调整作业时间，不要很早就发出有噪音的施工。 ==> yes  
2025-05-26 13:20:04,099 ChatBI->     INFO     层级抽取文档： 市民来电反映:上述地址闵富大厦楼下兴业银行，4月7日早上7:30开始装修，噪音大影响周边居民休息，多次出现装修扰民问题，劝阻无效。诉求：治理装修噪音扰民。（市民要求信息保密 无需回复） ==> yes  
2025-05-26 13:20:04,100 ChatBI->     INFO     层级抽取文档： 市民来电反映:上述地址东亭路上有一块平地上有两部挖掘机正在施工，周末6:00左右开始，严重噪音扰民。诉求：要求管理部门核实尽快彻底制止噪音扰民。（市民要求信息保密 需回复） ==> yes  
2025-05-26 13:20:04,100 ChatBI->     INFO     层级抽取文档： 市民来电反映:11月4日20:30上述地址小区旁有一个工地施工噪音非常大，影响周边市民休息，诉求：希望管理部门协调降低噪音。（市民要求信息保密 无需回复） ==> yes  
2025-05-26 13:20:04,100 ChatBI->     INFO     层级抽取文档： 市民来电反映:市民之前反映该小区外的垃圾清运站噪音扰民的问题，相关部门已处理，但目前又恢复。情况好了两个星期，于2024年1月1日开始，工作日05:45开始作业，周末06:00开始作业，噪音非常厉害，严重扰民。诉求：诉求：请管理部门核实协调，让垃圾清运站控制噪音不要扰民。 ==> yes  
2025-05-26 13:20:04,100 ChatBI->     INFO     层级抽取文档： 市民来电反映:   上述地址居民于9月22日早上8:50存在装修噪音扰民，诉求: 希望管理部门核实协调其周末不要装修.（市民要求信息保密 需回复） ==> yes  
2025-05-26 13:20:04,100 ChatBI->     INFO     层级抽取文档： 市民来电反映: 上述地址附近于10月21日晚上23:06存在道路施工噪音扰民，诉求: 希望管理部门核实协调其不要夜间施工.(需回复) ==> yes  
2025-05-26 13:20:04,100 ChatBI->     INFO     层级抽取文档： 市民来电反映:上述地址道路正在施工，可到晚上23:50左右为止都没有停工，产生了剧烈噪音严重扰民，故来电。现诉求：望管理部门查实，协调处理该夜间施工扰民问题（市民要求信息保密 需回复） ==> yes  
2025-05-26 13:20:04,418 ChatBI->     INFO     step_scores: ['yes', 'yes', 'yes', 'yes', 'yes', 'yes', 'yes', 'yes', 'yes', 'yes']
2025-05-26 13:20:04,418 ChatBI->     INFO     层级抽取文档： 市民来电反映:周末楼上装修扰民，是打110还是12345 ==> yes  
2025-05-26 13:20:04,418 ChatBI->     INFO     层级抽取文档： 市民反映：10月25日青浦区淀昇路黄家埭路工地半夜施工噪音扰民。诉求：请整治夜间施工扰民。（市民要求信息保密，无需回复） ==> yes  
2025-05-26 13:20:04,418 ChatBI->     INFO     层级抽取文档： 市民反映：静安区山西北路388弄11月5日午休时间非施工时间装修施工扰民，诉求：希望核实协调处理装修扰民问题。（市民要求信息保密，需要回复） ==> yes  
2025-05-26 13:20:04,418 ChatBI->     INFO     层级抽取文档： 市民来电反映:其之前向12345反映过上述地址小区4:30左右清运垃圾噪音扰民的问题，反映后好了一段时间，现在又死灰复燃了，诉求：投诉青浦区城运中心，青浦区环卫所，泾茉路安居办，要求尽快解决该噪音扰民问题。 ==> yes  
2025-05-26 13:20:04,418 ChatBI->     INFO     层级抽取文档： 市民来电反映:上述路段多个店铺用扩音装置叫卖一直持续到晚上关门。反映多次无法根治。诉求：要求制止噪音扰民。 ==> yes  
2025-05-26 13:20:04,418 ChatBI->     INFO     层级抽取文档： 市民来电反映:上述地址公寓楼隔壁的第五食堂商户，近期每天23：00以后还在用外置扩音喇叭放歌，严重噪音扰民，影响周围居民休息。诉求：请管理部门核实尽快彻底制止噪音扰民。（市民要求信息保密 需回复） ==> yes  
2025-05-26 13:20:04,418 ChatBI->     INFO     层级抽取文档： 市民来电反映：上述地址道路夜间施工，噪音扰民对市民生活带来影响。诉求：要求管理部门上门整治。（市民要求信息保密，需要回复） ==> yes  
2025-05-26 13:20:04,418 ChatBI->     INFO     层级抽取文档： 市民来电反映:上述地址有一个之前荒废很久的工地，9月27日开始22:00之后会发出低频噪音，晚上扰民让其无法正常休息，诉求：请管理部门核查进行整治。（市民要求信息保密 需回复） ==> yes  
2025-05-26 13:20:04,418 ChatBI->     INFO     层级抽取文档： 市民来电反映: 上述地址的居民最近装修房屋，双休日也不停止，5月16日早上5:30就开始作业，噪音扰民严重，沟通多次无果，诉求：请管理部门核实，尽快上门要求规范施工，避免扰民。（需回复） ==> yes  
2025-05-26 13:20:04,418 ChatBI->     INFO     层级抽取文档： 市民来电反映:4月11日23:00，上述地址附近的建筑工地在夜间施工，产生噪音影响周边居民的正常休息，市民不清楚有没有夜间许可证。诉求：请管理部门核实，解决噪音扰民问题。 ==> yes  
2025-05-26 13:20:04,765 ChatBI->     INFO     step_scores: ['yes', 'yes', 'yes', 'yes', 'yes', 'yes', 'yes', 'yes', 'yes', 'yes']
2025-05-26 13:20:04,765 ChatBI->     INFO     层级抽取文档： 市民补充信息：市民要求信息保密，无需回复。一栋楼的很多人屡次投诉屡次没降低噪音，周末敲敲打打，工作日装修震耳欲聋，去药房买了耳塞都没办法阻隔该噪音，家中有老人要休息，其表示该问题是否解决不了，以及其要有知情权，这种声音需要持续多久才能完，让房东在群里给该栋楼交代。其表示再不解决走法律程序，不是直接110这么简单。【最近派发的工单编号：20240426006743，工单内容：市民反映：上述地址楼下1302室白天装修扰民，超120分贝。每天这样没办法正常白天呆在家里。诉求：投诉噪音扰民。市民要求信息保密，需要回复。】 ==> yes  
2025-05-26 13:20:04,765 ChatBI->     INFO     层级抽取文档： 市民来电反映:9月21日22:19在上述地址有挖马路的施工队正在施工，市民认为超过22:00还在施工非常的不合理，产生巨大的噪音影响周边居民正常休息，诉求:请管理部门核实协调降噪。 ==> yes  
2025-05-26 13:20:04,765 ChatBI->     INFO     层级抽取文档： 市民来电反映:小区楼下的水泵房用水高峰非常吵，向自来水公司反映一直没有解决，当时说螺丝松了，处理了还是有噪音。每天20:30开始声音很响，之前没有，近期才有的噪音，非常扰民。诉求：处理水泵噪音扰民。 ==> yes  
2025-05-26 13:20:04,765 ChatBI->     INFO     层级抽取文档： 市民来电反映:12月23日6:00开始上述地址有工地施工，噪音扰民严重，诉求：要求该工地调整施工时间，不要双休日那么早就开始装修（信息保密无需回复） ==> yes  
2025-05-26 13:20:04,766 ChatBI->     INFO     层级抽取文档： 市民来电反映：上述地址一大早上就开始装修，噪声非常非常大。诉求：希望有关部门沟通协调好时间。 ==> yes  
2025-05-26 13:20:04,766 ChatBI->     INFO     层级抽取文档： 重复来电，咨询处理进程。【最近派发的工单编号：20231213019683，工单内容：市民来电反映: 上述地址于12月13日下午14:30还存在装修噪音扰民的现象,严重影响市民的工作，诉求:希望管理部门核实解决噪音扰民的问题.(需回复)】 ==> yes  
2025-05-26 13:20:04,766 ChatBI->     INFO     层级抽取文档： 市民来电反映:上述地址在周末早上10点左右开始装修，持续到15点半左右，工作日7点左右开始，有装修噪音扰民的现象，电钻噪音尺幅一分钟左，未知哪户居民装修。诉求：请管理部门协调处理扰民问题。（市民要求信息保密  需要回复） ==> yes  
2025-05-26 13:20:04,766 ChatBI->     INFO     层级抽取文档： 市民来电反映:上述地址居民家正在装修，具体装修时间不知道，可产生了剧烈噪音严重扰民，全天都是剧烈的电钻声，市民不认可，故来电。现诉求：望管理部门查实，协调处理该装修噪音扰民问题（市民要求信息保密 无需回复） ==> yes  
2025-05-26 13:20:04,766 ChatBI->     INFO     层级抽取文档： 市民来电反映:上述地址大华锦绣四季澜悦小区营销中心正在装修，周末也不停工，严重噪音扰民，影响周围居民正常休息。诉求：请管理部门尽快核实协调彻底制止噪音扰民。（市民要求信息保密 需回复） ==> yes  
2025-05-26 13:20:04,766 ChatBI->     INFO     层级抽取文档： 市民来电反映:上述地址是老小区在安装电梯，安装电梯的人员凌晨5点就开始施工，拆墙等噪音非常扰民，反映物业无果。诉求：请管理部门核实整治噪音扰民问题。（市民要求信息保密 需回复） ==> yes  
2025-05-26 13:20:05,115 ChatBI->     INFO     step_scores: ['yes', 'yes', 'yes', 'yes', 'yes', 'yes', 'yes', 'yes', 'yes', 'yes']
2025-05-26 13:20:05,115 ChatBI->     INFO     层级抽取文档： 市民来电咨询:法律咨询噪音扰民问题，有无相关文件。 ==> yes  
2025-05-26 13:20:05,115 ChatBI->     INFO     层级抽取文档： 市民来电反映:上述地址22:00之后还在进行修路施工，噪音扰民严重，市民不清楚该处是否有夜间施工许可证，一直持续了近一个月。诉求：请管理部门协调该处不得夜间施工，以减少噪音对周围居民的影响。（市民要求信息保密 需回复） ==> yes  
2025-05-26 13:20:05,115 ChatBI->     INFO     层级抽取文档： 市民来电补充信息，物业没有查到噪音发出的地方，市民表示声音一般在凌晨有，已经和保安确认噪音确实影响睡眠，希望管理部门尽快处理。【最近派发的工单编号：20241210000253，工单内容：市民来电反映:上址属于政府的保租房，房间隔音差，外立面墙属于中空，房屋设计有缺陷，空调外机等交替震动，有扰民情况。严重扰民，诉求：望管理部门尽快派人查证整改，不要扰民。（需回复）】 ==> yes  
2025-05-26 13:20:05,115 ChatBI->     INFO     层级抽取文档： 市民来电反映:上述地址的一幢楼正在进行酒店改造，大楼内部进行装修施工。每天早上6点前就开始装修，噪音扰民严重，且卡车运输建筑垃圾时超载，导致建筑垃圾掉在路面满地都是。诉求：请管理部门核实并尽快取缔此违规装修。（市民要求信息保密 需回复） ==> yes  
2025-05-26 13:20:05,115 ChatBI->     INFO     层级抽取文档： 市民来电反映:上述地址建筑工地夜间23:00还在施工，噪音扰民，诉求：要求管理部门处理施工噪音问题（市民要求信息保密 无需回复） ==> yes  
2025-05-26 13:20:05,115 ChatBI->     INFO     层级抽取文档： 市民来电反映:上述地址3月中旬开始一直有浦东机场的飞机从上空低空飞过，时间：13:00-23:00，密集的时候2分钟一次，市民表示严重扰民。市民诉求：望相关部门核实原因停止扰民。（市民要求需要回复） ==> yes  
2025-05-26 13:20:05,115 ChatBI->     INFO     层级抽取文档： 市民来电反映:上述地址周末早上8:00开始外墙施工，噪音扰民，要求管理部门周末停止施工。 ==> yes  
2025-05-26 13:20:05,116 ChatBI->     INFO     层级抽取文档： 市民反映：普陀区宜川路街道中潭一哩商铺经常性扰民。9月18日凌晨5:00开始，工程车噪音非常大，影响一整条路的居民，无人管理 ，中潭一哩商铺管理方只为生意，一直出现各种扰民现象，没有得到过很好的治理，对周边居民正常休息造成了很恶劣的影响。市民表示如管理方需要视频，市民可以提供。诉求：希望管理部门核实整治扰民问题。 ==> yes  
2025-05-26 13:20:05,116 ChatBI->     INFO     层级抽取文档： 市民补充信息：市民表示窗户紧闭依然可以听到巨大声响。诉求地址：嘉定区安亭镇曹安公路与墨玉路交叉口西50米【最近派发的工单编号：20241206000078，工单内容：12月6日0:30上述地址路口向西处在道路施工，市民表示噪音扰民，诉求：望有关部门协调避免噪音扰民。（市民要求信息保密 无需回复）】 ==> yes  
2025-05-26 13:20:05,116 ChatBI->     INFO     层级抽取文档： 市民来电咨询:市民称楼上居民扰民，希望管理部门告知住宅区的噪音标准是多少分贝，希望管理部门告知。 ==> yes  
2025-05-26 13:20:05,468 ChatBI->     INFO     step_scores: ['yes', 'yes', 'yes', 'yes', 'yes', 'yes', 'yes', 'yes', 'yes', 'yes']
2025-05-26 13:20:05,468 ChatBI->     INFO     层级抽取文档： 市民来电反映:上述地址第一烤场烧烤店存在噪音扰民现象。市民表示该商铺的鼓风机发出噪音，影响周边居民生活。噪音从傍晚开始持续到凌晨。诉求：希望管理部门核实制止噪音扰民行为。（市民要求信息保密 需回复） ==> yes  
2025-05-26 13:20:05,468 ChatBI->     INFO     层级抽取文档： 市民来电反映:上述地址商场中有商铺正在装修，不知道是哪个商铺，可晚上23:00左右还在施工，产生了剧烈噪音，严重扰民，故来电。现诉求：望管理部门查实，处理该违规装修行为 ==> yes  
2025-05-26 13:20:05,468 ChatBI->     INFO     层级抽取文档： 市民反映：谈家桥163小区隔壁汽车站前宿舍正在进行房屋装修工作，每天06：00多开始施工，剔凿的声音特别响，装修应该是08：00以后，施工超分贝，扰民。诉求：请整治装修扰民。（市民要求信息保密，需要回复） ==> yes  
2025-05-26 13:20:05,469 ChatBI->     INFO     层级抽取文档： 市民来电反映:上述地址业主4月21日早上8：00后开始装修，声音过响。诉求：请管理部门核实投诉噪音扰民。（市民要求信息保密 需回复） ==> yes  
2025-05-26 13:20:05,469 ChatBI->     INFO     层级抽取文档： 市民反映：上述地址楼上穿硬底鞋在夜间21,22:00至23:00和清晨5,6:00点钟来回走动或者打扫，造成噪音扰民，已严重影响居民休息，多次自行沟通无效果甚至变本加厉，也报警处理，仍未改善。诉求：请管理部门派人协调解决噪音扰民事宜。 ==> yes  
2025-05-26 13:20:05,469 ChatBI->     INFO     层级抽取文档： 市民来电反映:市民表示上述地址在工作日的8:00—18:00之外的工作时间进行装修，且发生很响的噪音，影响到其他居民正常休息，其有视频录音证据。诉求：请管理部门核实处理装修噪音扰民的问题。（市民要求信息保密 需回复） ==> yes  
2025-05-26 13:20:05,469 ChatBI->     INFO     层级抽取文档： 市民来电反映:上述地址装修扰民，具体房间号不知道。近期每天从7:20分开始施工，使用噪音机械作业，持续到晚上21:00结束。夜间施工频率不高，但是基本上每天08:00之前施工。诉求：希望管理部门核实，要求遵守施工规范，不要过早噪音扰民。（市民需要信息保密，需回复） ==> yes  
2025-05-26 13:20:05,469 ChatBI->     INFO     层级抽取文档： 市民来电补充信息，市民补充信息内容为市民多次通过本热线向管理部门反映，但是管理部门一直没有给到市民回复，市民强调上述地址，道路施工已经持续2个多月了。诉求：请管理部门核实尽快联系市民。【最近派发的工单编号：20231209022614，工单内容：市民来电反映:上述位置之前11月中旬已经进行过夜间道路施工，噪音十分扰民，现在又开始准备夜间施工扰民。诉求：要求不要在21:00后进行施工扰民。】 ==> yes  
2025-05-26 13:20:05,469 ChatBI->     INFO     层级抽取文档： 市民补充信息内容为来电告知每天12:00-14:00依旧装修噪音扰民，之前只好了两天，要求能把好的那两天坚持下去【最近派发的工单编号：20240510002537，工单内容：市民来电反映:上述住户8:00开始装修，导致噪音扰民，诉求：请管理部门核实，让其把有声音的工作可以放在8:30以后发出。（市民要求信息保密 无需回复）】 ==> yes  
2025-05-26 13:20:05,469 ChatBI->     INFO     层级抽取文档： 市民来电反映:上述地址周末装修，从2月24日08:00开始装修，用凿子装修发出噪音，严重影响周边居民休息。诉求：请管理部门核实，让该居民做好放噪音防治措施，不要扰民。（市民需要信息保密，需回复）
 ==> yes  
2025-05-26 13:20:05,872 ChatBI->     INFO     step_scores: ['yes', 'yes', 'yes', 'yes', 'yes', 'yes', 'yes', 'yes', 'yes', 'yes']
2025-05-26 13:20:05,873 ChatBI->     INFO     层级抽取文档： 【重新交办，要求：答复要点与实际情况不符，市民表示问题并未解决，现其前往居委会反映该问题，工作人员还推三阻四，不负责任。诉求：希望管理部门核实制止扰民行为，给予合理解释。最近办结的工单编号:20240107021545工单内容：市民来电反映:上述地址半夜噪音问题，反映后就好了几天，现在又死灰复燃，一会儿咣当又咣当的声音，让人受不了，诉求：希望管理部门尽快处理扰民问题。】 ==> yes  
2025-05-26 13:20:05,873 ChatBI->     INFO     层级抽取文档： 市民来电反映:其为万科城的居民，上述地址为一个商场，不知道商场的什么设备一直有噪音，夜间非常响。严重影响周边居民休息。诉求：望管理部门核实能解决噪音问题。（市民要求信息保密 需回复） ==> yes  
2025-05-26 13:20:05,873 ChatBI->     INFO     层级抽取文档： 市民补充信息内容为工作人员联系了自己会处理，但9月28日7:00开始工地又开始施工，噪音扰民严重，要求管理部门尽快调整工地施工时间【最近派发的工单编号：20240926001610，工单内容：市民来电反映:上述地址处建筑工地，存在噪音扰民现象。每天7:00多就开始施工，使用钻机钻地，发出巨大噪音，影响周边居民休息。诉求：希望管理部门核实制止噪音扰民行为，延晚时间。（市民要求信息保密 需回复）】 ==> yes  
2025-05-26 13:20:05,873 ChatBI->     INFO     层级抽取文档： 市民来电反映:该处地址小区外面在施工，做雨水工程，6:40分就开始了，噪音扰民了，诉求：要求7:00之后在施工。 ==> yes  
2025-05-26 13:20:05,873 ChatBI->     INFO     层级抽取文档： 市民来电反映:上述地址22:00后修路施工，噪音扰民严重，之前都是22:00就结束了，但是6月18日22:00之后还在施工，市民不清楚该处是否有夜间施工许可证，诉求：请管理部门核查避免该处夜间施工扰民。（市民要求信息保密 无需回复） ==> yes  
2025-05-26 13:20:05,873 ChatBI->     INFO     层级抽取文档： 市民来电反映:7月10号6:00开始普陀区江宁路长寿路圣天地公寓楼下马路施工，噪音扰民，他们在扔钢管，在15楼都听得到。诉求：不要这么早施工扰民，至少8:00以后。（市民要求信息保密，需回复） ==> yes  
2025-05-26 13:20:05,873 ChatBI->     INFO     层级抽取文档： 市民反映：上述地址世界外国语中学开学至3月1日，每天食堂排风噪音响，学生在食堂内喧哗吵闹，噪音扰民，严重影响居民正常休息。诉求：请管理部门协调学校解决扰民行为。 ==> yes  
2025-05-26 13:20:05,873 ChatBI->     INFO     层级抽取文档： 市民反映：上述地址饭店长期通宵营业，排风管道噪音大，且距居民区不足一米，时常晚上发出锅碗瓢盆的声音，导致居民夜间无法开窗通风，询问若饭店有噪音，与居民区是否有距离规定，以及噪音是否符合标准。诉求：投诉饭店噪音扰民。 ==> yes  
2025-05-26 13:20:05,873 ChatBI->     INFO     层级抽取文档： 【重新交办,要求：按答复要点告知市民,市民表示答复要点不明确,噪音情况依旧，并无任何改善。原诉求不变。最近办结的工单编号:20231127004948，工单内容:重新交办,要求：按答复要点告知市民,市民表示答复要点不明确,该开发商的噪音问题一直存在，已对市民造成了神经衰弱。诉求：请管理部门核实并尽快处理该地址的装修扰民的问题。工单内容:市民来电反映:上述地址地下室内有人施工，有木材，工具，好像还居住于此，扰民严重，物业说是正常小区施工，每天九、十点开始作业，诉求：要求整顿扰民现象。（市民要求信息保密 需回复）】 ==> yes  
2025-05-26 13:20:05,873 ChatBI->     INFO     层级抽取文档： 市民补充信息，中华人民共和国环境噪声污染防治法规定法定休息日节假日中午12:00-14:00,18:00-次日8:00都不能在已交付使用的住宅内进行产生噪声的装修.【最近派发的工单编号:20240115025791，工单内容：重新交办，要求：按答复要点告知市民，市民表示管理部门答复要点与实际不符。管理部门称“经核实，工作日下午是法定允许装修的时间，装修居民可以在此时段进行装修，但是市民表示事实并非如此。该处的目前虽然没有电钻声音，但其他的施工噪音（类似敲墙的声音）仍对市民造成影响。诉求：希望管理部门核实，并针对施工噪音扰民问题，加大整治力度，彻底解决。最近办结的工单编号，工单内容：市民来... ==> yes  
2025-05-26 13:20:06,234 ChatBI->     INFO     step_scores: ['yes', 'yes', 'yes', 'yes', 'yes', 'yes', 'yes', 'yes', 'yes', 'yes']
2025-05-26 13:20:06,234 ChatBI->     INFO     层级抽取文档： 市民来电反复催单。市民来电反映：10月15日晚上又继续噪音扰民。请管理部门尽快处理，不然市民表示天天来电投诉。【最近派发的工单编号：20241015000179，工单内容：市民来电反映:上述饭店内在唱歌，一直要唱到05：00左右，喝酒、发酒疯非常吵，其表示或者把门关了，非常的吵。诉求：不要半夜唱歌避免扰民。（市民要求信息保密 无需回复）】 ==> yes  
2025-05-26 13:20:06,234 ChatBI->     INFO     层级抽取文档： 市民来电反映:上述地址棋牌室扰民，还没说完市民自行挂断。 ==> yes  
2025-05-26 13:20:06,234 ChatBI->     INFO     层级抽取文档： 市民反映：樱花路469弄小区内有中心广场，每日晚间19：00至20:00会有许多阿姨成群集结跳广场舞，广场舞的音乐声音严重扰民，严重影响了周边住户的晚间作息，影响学生做作业与学习。小区居民曾多次与物业公司沟通让其进行劝阻，但无任何改观，物业公司对夜间广场舞扰民问题不作为。2024年9月5日夜间有居民报警广场舞扰民，民警来现场处置后广场舞暂停了一会，但出警的民警离开不到几分钟，广场舞仍然在继续。诉求：希望有效处理噪音扰民问题，以免矛盾加剧。（市民要求信息保密，需要回复） ==> yes  
2025-05-26 13:20:06,235 ChatBI->     INFO     层级抽取文档： 市民来电反映:上述商铺正在装修，9月28日早上开始敲墙噪音扰民。诉求：请管理部门核实投诉装修噪音。（市民要求信息保密 无需回复） ==> yes  
2025-05-26 13:20:06,235 ChatBI->     INFO     层级抽取文档： 市民来电反映:其为国顺东路26弄居民，近期其小区门口的国顺东路每天通宵进行道路施工，施工噪音严重影响周边居民休息，导致影响市民生活和白天的工作。诉求：望管理部门核实要求不要夜间施工扰民。（需回复） ==> yes  
2025-05-26 13:20:06,235 ChatBI->     INFO     层级抽取文档： 市民反映：安联湖山悦目前未交付，日夜施工严重扰民，不管是双休日还是工作日都施工至1:00-2:00，4:00-5:00又开始施工，各种大型工程车持续轰鸣，严重影响到旁边一路之隔的境秋悦庭小区居民的正常生活。诉求：投诉夜间施工扰民。（市民要求信息保密，需要回复） ==> yes  
2025-05-26 13:20:06,235 ChatBI->     INFO     层级抽取文档： 市民来电反映:上述小区门口在修路，电钻声音非常响，影响周围居民休息。诉求：希望管理部门协调要求规范施工时间，不要噪音扰民。（市民要求信息保密 无需回复） ==> yes  
2025-05-26 13:20:06,235 ChatBI->     INFO     层级抽取文档： 市民来电反映:上述地址中科路在通宵进行地铁施工，噪音扰民，诉求：要求管理部门处理施工噪音问题（市民要求信息保密 需回复） ==> yes  
2025-05-26 13:20:06,235 ChatBI->     INFO     层级抽取文档： 【重新交办，要求：答复要点与实际情况不符,盒马NB中潭路门店半夜卸货扰民，图片拍摄于半夜十二点（详见附件）。问题持续反复，让周边居民休息不堪其扰。诉求：请管理部门制止噪音扰民。最近办结的工单编号：20240805041705，工单内容：市民来电反映：上述地址门店经常在夜间配送货物，噪音扰民严重，其之前有来电反映过，情况好转了一阵子，最近又开始死灰复燃了，8月5日晚上23:00左右，配送人员在楼下一边卸货，一边大声喧哗，还有随车带了小孩，在楼下吵吵闹闹，卸货的时候也是大力往地上扔东西，噪音扰民问题又出现了。诉求：希望管理部门再次派人整治。（市民要求信息保密，需要回复）】 ==> yes  
2025-05-26 13:20:06,235 ChatBI->     INFO     层级抽取文档： 市民来电反映:市民表示上述地址于3月23日15:00多就听到了施工的噪音，但于晚上20:00多还在进行施工，且发出很响的噪音，并且施工时间还是双休日，影响到了附近居民的休息。诉求：请管理部门核实处理施工噪音扰民的问题，回复市民施工时间是几点到几点，并严格遵守施工时间进行施工，避免影响到周边的居民休息。 ==> yes  
2025-05-26 13:20:06,606 ChatBI->     INFO     step_scores: ['yes', 'yes', 'yes', 'yes', 'yes', 'yes', 'yes', 'yes', 'yes', 'yes']
2025-05-26 13:20:06,606 ChatBI->     INFO     层级抽取文档： 市民来电反映:上述地址有一家巴拉巴拉童装店，每天用喇叭播放促销广告。诉求：投诉噪音扰民。（市民要求信息保密 无需回复） ==> yes  
2025-05-26 13:20:06,606 ChatBI->     INFO     层级抽取文档： 市民来电反映:其11月24日到浦江郊野公园游玩，从15:00左右开始公园儿童乐园奇迹花园附近上空一直有直升机，噪音扰民严重。市民诉求：希望管理部门对于该处直升机噪音扰民问题进行处理，希望让直升机避开该区域。（市民要求信息保密 需回复） ==> yes  
2025-05-26 13:20:06,606 ChatBI->     INFO     层级抽取文档： 市民来电反映: 市民表示上述地址双休日在做装修，应该是103室，噪音扰民。敲墙声很大。诉求：要求降低施工噪音。（信息保密，无需回复） ==> yes  
2025-05-26 13:20:06,606 ChatBI->     INFO     层级抽取文档： 重复来电：反应相同事项。【最近办结的工单编号：20241009040428，工单内容：市民来电反映:2024年10月9日19:30左右，上述地址的小区门口，场中路上在道路施工，其在家里测分贝都超过80分贝了。市民表示，该处施工，白天也有施工，晚上也会施工，已经施工很久了，噪音很大，存在噪音扰民。诉求：请管理部门尽快查处噪音扰民的问题。（信息保密 需要回复）】 ==> yes  
2025-05-26 13:20:06,606 ChatBI->     INFO     层级抽取文档： 市民来电反映:8月25日7:00左右，上述工地上有注水泥的车辆不停地按喇叭，噪音扰民，市民表示之前已报警处理，警方称是自动按喇叭的，待警方离开后，又开始按喇叭了。诉求：请管理部门核实，禁止扰民。（市民要求信息保密 无需回复） ==> yes  
2025-05-26 13:20:06,606 ChatBI->     INFO     层级抽取文档： 市民来电反映:上述地址，文怡花园小区旁边新开一家烧烤店”光头海鲜烧烤“。该烧烤店与居住地址距离不到10米，油烟扰民，导致家人晚间不能休息，诉求：请管理部门核实，采取措施，不要油烟扰民。（市民需要信息保密，需回复）
 ==> yes  
2025-05-26 13:20:06,606 ChatBI->     INFO     层级抽取文档： 【重新交办,要求：按答复要点告知市民,市民表示答复要点不明确,该地点的饭店油烟扰民依然很严重，没有得到改善，且风机一直开着噪音也吵到居民。诉求：请管理部门查处饭店的油烟和噪音扰民。最近办结的工单编号:20240123006264，工单内容:市民来电反映:在小区裙楼里开饭店，油烟管道对着小区排放，油烟扰民，只要营业时间都在排放油烟，已经持续了一周，该处是小区裙楼不可以开饭店，要求管理部门核实情况予以确认。】 ==> yes  
2025-05-26 13:20:06,606 ChatBI->     INFO     层级抽取文档： 市民来电反复催单。催单原因：市民称管理部门至今未给予任何回复，请管理部门尽快处理。【最近派发的工单编号：20241013020257，工单内容：市民来电反映:上述地址民房擅自在1楼2楼中间搭建阁楼出租，每天夜间22:00-00:00间，租户会大声尖叫夹杂着狗叫十分吵闹，多次与其沟通，对方不予理睬，报警警察告知等其尖叫时才能反映，房东联系方式：马先生15305580797。诉求：希望解决噪音扰民问题。（市民要求信息保密 需回复）】 ==> yes  
2025-05-26 13:20:06,606 ChatBI->     INFO     层级抽取文档： 市民来电反映:该处地址有人在广场这里吹笛子，16:30分开始，噪音扰民了，诉求：要求解决噪音问题。（市民要求信息保密 需回复） ==> yes  
2025-05-26 13:20:06,606 ChatBI->     INFO     层级抽取文档： 【重新交办,要求：按答复要点告知市民,市民表示反映之后一直都还是有半夜犬吠扰民问题，是上述地址附近居民散养在外的犬只，2、3只中型犬，天一亮不叫但天黑就在叫，没有和居委、派出所反馈，诉求：市民希望管理部门站在居民角度，能有效解决犬吠扰民问题。（市民要求信息保密... ==> yes  
2025-05-26 13:20:06,998 ChatBI->     INFO     step_scores: ['yes', 'yes', 'yes', 'yes', 'yes', 'yes', 'yes', 'yes', 'yes', 'yes']
2025-05-26 13:20:06,998 ChatBI->     INFO     层级抽取文档： 市民来电补充信息。市民补充信息内容为6月30日0:00-3:00左右有排风管道的声音，噪音严重扰民，希望管理部门核实处理。【最近派发的工单编号：20240622004120，工单内容：市民来电反映:投诉浦东新区杨高中路758号苏先生海鲜存在噪音扰民问题，市民表示是该处不知道什么机器的噪音，一直存在震动的噪音，之前还好，从2024年6月21日开始比较严重。诉求：希望管理部门核实整治噪音扰民问题。（市民要求信息保密 需回复）】 ==> yes  
2025-05-26 13:20:06,998 ChatBI->     INFO     层级抽取文档： 市民反映：其为周秀路398弄4号301室的居民，最近楼上居民22:00后还一直弹琴，有很大的噪声，影响市民一家休息，诉求：希望管理部门上门劝诫。 ==> yes  
2025-05-26 13:20:06,998 ChatBI->     INFO     层级抽取文档： 市民反映：23:00-8:00在上述路段桥面与路面连接处不平，上下桥有明显声音，经过的大车也非常多，十分影响休息和生活。诉求：请管理部门核实处理噪音问题。（市民要求信息保密，需要回复） ==> yes  
2025-05-26 13:20:06,998 ChatBI->     INFO     层级抽取文档： 市民来电反映:上述地址晚上22:00-0:00一直有大卡车长鸣笛严重扰民。市民诉求：望相关部门核实在周边设置禁止鸣笛标志。（市民要求信息保密 需回复） ==> yes  
2025-05-26 13:20:06,998 ChatBI->     INFO     层级抽取文档： 市民来电补充信息。市民补充信息内容为：市民表示是上述地址7幢1,2楼在进行装修，8月17日7:28分又在装修，影响居民休息，希望管理部门尽快处理。（市民要求信息保密，无需回复）【最近派发的工单编号：20240815000763，工单内容：市民来电反映:上述地址1号、2号楼有商铺，其每天7：00不到就开始施工噪音扰民，已经有好几天了。诉求：希望管理部门核实规范施工时间，不要太早噪音扰民。（市民要求信息保密 无需回复）】 ==> yes  
2025-05-26 13:20:06,999 ChatBI->     INFO     层级抽取文档： 市民来电反映:上述居民家里感觉有很多人，每到晚上就很吵。诉求：希望管理部门核实，是否群租。（市民要求信息保密 需回复） ==> yes  
2025-05-26 13:20:06,999 ChatBI->     INFO     层级抽取文档： 【重新交办，答复要点与实际情况不符。市民表示沟通门卫不让进去，实际上没有改善，该人员还是反复进出扰民，每天都这样严重影响居民休息。诉求：严格执行管理。最近办结的工单编号：20231217010374，工单内容：重新交办,要求：按答复要点告知市民,市民表示答复要点不明确,目前还是老样子没有改善，当时处理人员比较消极表示无法处理。诉求：请上级管理部门继续介入处理。上述地址每天最早到6:00最晚到18:00有六七个人分别骑三轮车进小区播回收家电家具的录音，噪音扰民。小区门卫也让这些人进入。诉求：要求核实制止噪音扰民。（市民要求信息保密 需回复）】 ==> yes  
2025-05-26 13:20:06,999 ChatBI->     INFO     层级抽取文档： 市民来电反映:上述地址每天18:00-21:00有几百人在跳广场舞，有外置扩音设备，产生噪音扰民，该情况已经持续2年，诉求：请管理部门核实情况整治。（市民要求信息保密 需回复） ==> yes  
2025-05-26 13:20:06,999 ChatBI->     INFO     层级抽取文档： 市民来电反映:上述地址每天早上8点开始就有其他业主使用外扩音社保播放音乐，练拳、练声、唱歌严重影响市民的正常生活。有向物业反映过，但是未果，诉求：请管理部门督促协调制止扰民行为。（市民要求信息保密 需回复） ==> yes  
2025-05-26 13:20:06,999 ChatBI->     INFO     层级抽取文档： 市民来电反复催单。催单原因：市民称管理部门至今未给予任何回复，请管理部门尽快处理。【最近派发的工单编号：20240419000097，工单内容：市民来电反映: 4月19日01:00左右中山北路2088号附近的中山北路还在进行道路施工，导致噪音扰民，影响周围居民休息，诉求：市民要求处理夜间施工扰民问题】 ==> yes  
2025-05-26 13:20:07,445 ChatBI->     INFO     step_scores: ['yes', 'yes', 'yes', 'yes', 'yes', 'yes', 'yes', 'yes', 'yes', 'yes']
2025-05-26 13:20:07,446 ChatBI->     INFO     层级抽取文档： 市民反映：小区内多家民宿，如21号801室，且夜间扰民严重，沟通无果，物业不作为，或者说这是物业承包的业务。居民楼内设置此类民宿、旅馆等是否合法，每天都有不同流动人口出入小区、楼道是否安全，是否会带来不知名传染病。诉求：投诉居民楼内有民宿旅馆扰民。（市民要求信息保密，需要回复） ==> yes  
2025-05-26 13:20:07,446 ChatBI->     INFO     层级抽取文档： 办理结果不满：每天晚上12：00准时开始野蛮施工，工人大声说话，挖土机开工，严重扰民，孩子已经连续一个月睡不好觉，严重的噪音让市民妻子每天都吃安眠药才能入睡，市民表示白天完全可以施工，并没有影响交通，希望核查为何一定要在深夜施工。之前的诉求没有任何回复。【最近派发的工单编号：20241018003114，工单内容：市民反映：上述地址经常野蛮施工至通宵，强大的噪音，工人的大声交谈，让居民无法入睡，严重影响了孩子的睡眠。这条路每年几乎超过一大半的时间在修路，反复修（详见附件）。诉求：请管理部门解决噪音扰民问题。】 ==> yes  
2025-05-26 13:20:07,446 ChatBI->     INFO     层级抽取文档： 市民来电反映:上述路段夜间渣土车搅拌车扰民。诉求：建议该路段晚间时间段限行。（市民要求信息保密 需回复） ==> yes  
2025-05-26 13:20:07,446 ChatBI->     INFO     层级抽取文档： 市民来电反映:市民来电补充信息。市民补充信息内容为市民表示是112号楼。【最近派发的工单编号：20240914026649，工单内容：市民来电反映:上述地址万源新城三期的居民楼存在装修扰民。其从9:00左右到16:00左右一直装修。已经持续1个月。还不清楚是哪一户在装修。市民有视频。市民诉求：希望管理部门解决装修扰民问题。（市民要求信息保密，无需回复）】 ==> yes  
2025-05-26 13:20:07,446 ChatBI->     INFO     层级抽取文档： 【重新交办，要求：答复要点与实际情况不符，市民反映管理部门从来没有联系过市民，市民对于管理部门所说的不满足监测条件不认可，表示自己有凭证，同时对于管理部门答复中未找到有关钢筋的生产加工企业不认可，表示其反映的主要是大货车运输时产生的噪音。诉求：原诉求不变。最近办结的工单编号:20240611008288工单内容：市民来电反映:上述地址工厂，每天4:00-5:00开始弄钢筋以及大货车发出的噪音，扰民严重，分贝超过65。严重影响周边居民正常生活。包括端午节也在正常施工。市民表示反映多次，之前都是村委会处理的，但是村委会无执法权无效果。诉求：要求整治工厂噪音扰民。】 ==> yes  
2025-05-26 13:20:07,446 ChatBI->     INFO     层级抽取文档： 市民来电反映:上海隧道有限公司。上述地址桥梁施工。11月19日23:00-3,4:00，使用大功率钻头施工噪音扰民。市民表示其有夜间施工证，但也不应该在晚上使用大功率工具。拓宽桥梁本身车流量不大，也不是必经之路，可以白天封路施工，施工安排不合理。诉求：调整施工时间，不要噪音扰民。 ==> yes  
2025-05-26 13:20:07,446 ChatBI->     INFO     层级抽取文档： 市民来电补充信息。市民补充信息内容为对方4月21日7:00就开始使用钻头钻墙施工，严重噪音扰民。希望管理部门核实尽快处理。【最近派发的工单编号：20240420004499，工单内容：市民来电反映:上述地址商铺，4月20日周六早上7点就开始噪音装修，严重扰民。诉求：要求按照规定时间段进行装修作业。（市民要求信息保密 无需回复）】 ==> yes  
2025-05-26 13:20:07,446 ChatBI->     INFO     层级抽取文档： 市民来电反映:江浦路周家嘴路路口最近有道路施工，起重机挖路导致有噪音，从夜里施工到凌晨4:00左右，持续好几天了，诉求：希望有关部门解决该处夜间施工扰民的问题。 ==> yes  
2025-05-26 13:20:07,446 ChatBI->     INFO     层级抽取文档： 市民重复来电核实处理进度。【最近办结的工单编号:20240324001006，工单内容:市民来电反映:3月24日7:00多上述地址居民家中开始装修，噪音非常大。诉求：请管理部门核实整治，要求8:30之后装修。（市民要求信息保密 需回复）】 ==> yes  
2025-05-26 13:20:07,446 ChatBI->     INFO     层级抽取文档： 【重新交办，要求：答复要点与实际情况不符，该处现早上6点就开始施工，噪音已超过70分贝，影响周边居民生活，希望管理部门尽快处理解决（市民要求信息保密，无需回复）。最近办结的工单编号：20240521033434，工单内容：市民来电反映:工地在6:00就开始作业，吵到市民无法休息，之前反映后得到改善，近期死灰复燃，每天清晨钢筋卸货，吊钢筋声音，大型器械声音，非常扰民，已经持续二周，周末也是6:00开工，违反政策，诉求：要求管理部门核实制止清晨工地噪音扰民，延后进行大噪音施工项目。（市民要求信息保密 无需回复）】 ==> yes  
2025-05-26 13:20:07,789 ChatBI->     INFO     step_scores: ['yes', 'yes', 'yes', 'yes', 'yes', 'yes', 'yes', 'yes', 'yes', 'yes']
2025-05-26 13:20:07,789 ChatBI->     INFO     层级抽取文档： 市民来电反映:上述地址园区有一幢带液晶屏的大楼，在楼顶有一排风机，运行时产生噪音扰民，诉求：要求管理部门处理噪音问题（市民要求信息保密 需回复） ==> yes  
2025-05-26 13:20:07,789 ChatBI->     INFO     层级抽取文档： 市民来电反映:上述地址棋牌室每天12:30-17:00、19:00一直到凌晨都在进行打牌，噪音扰民严重，诉求：希望管理部门核查管理该问题。（市民要求信息保密 无需回复） ==> yes  
2025-05-26 13:20:07,789 ChatBI->     INFO     层级抽取文档： 市民来电反映:凤凰湘语，饭店3层L310-312，油烟非常严重，旁边是孩子玩乐的天空之城，影响孩子。诉求：投诉油烟扰民。 ==> yes  
2025-05-26 13:20:07,789 ChatBI->     INFO     层级抽取文档： 市民反映：已经连续两个周末，楼道里有人装修。和居委反映过，但是从来都没有后续，仍然每个周末都在装修。非常的吵，小孩子录视频交作业都会把装修的声音录到视频中。第一个星期和居委反应态度极差。第二个星期当有吵装修吵闹声出现时，打电话给居委，问居委你听得到吗，居委说听不到。他们是故意装听不到，还是并不想处理这个事情。其有录视频声音。诉求：请管理部门制止噪音扰民。 ==> yes  
2025-05-26 13:20:07,789 ChatBI->     INFO     层级抽取文档： 市民来电反映:浦东新区泥城镇凌波苑小区南门马路对面，最近几天开始 每到16：00-19：00就有播放高音喇叭，市民称内容好像是关于理发的，噪音扰民，望管理部门 劝阻不要播放喇叭。（需回复） ==> yes  
2025-05-26 13:20:07,789 ChatBI->     INFO     层级抽取文档： 市民来电反映:502室是群租房，夜场的工作人员经过半夜回家制造各种噪音，影响周围邻居。向居委投诉过一次没用。诉求：请管理部门核实投诉噪音污染。（市民要求信息保密 需回复） ==> yes  
2025-05-26 13:20:07,789 ChatBI->     INFO     层级抽取文档： 【重新交办，要求：根据答复市民要点告知市民，市民表示答复要点不明确，市民称该处施工噪音扰民的问题没有得到解决，双休日也在施工，分贝远远超过规定。市民表示城管没有及时解决问题，只是在市民反映后的第14、5天联系市民表示管不了。请管理部门尽快解决噪音问题。最近办结的工单编号:20241001001739，工单内容：市民来电反映:上述工地10月1日6点多开始施工，持续有挖掘的声音扰民，导致市民没法开窗，其认为国庆期间不应该施工。诉求：请管理部门核实尽快解决噪音问题，国定节假日不要施工。（需回复）】 ==> yes  
2025-05-26 13:20:07,789 ChatBI->     INFO     层级抽取文档： 市民来电反映:上述地址景彩路上5月5日6:00多就有人开始道路施工了，严重扰民，希望管理部门核实整治（市民要求信息保密 无需回复） ==> yes  
2025-05-26 13:20:07,789 ChatBI->     INFO     层级抽取文档： 市民来电反映: 最近几个月，上述地址的烧烤店每天经营到很晚，油烟扰民严重。诉求：请管理部门核实，要求尽快整改。（市民要求信息保密 无需回复） ==> yes  
2025-05-26 13:20:07,789 ChatBI->     INFO     层级抽取文档： 市民来电反映:上述地址隔壁的一家工厂，偶尔会喷油漆，会发出严重的油漆味，一个月内有好几次，扰民严重。诉求：希望核实并让其整改。（市民要求信息保密 需回复） ==> yes  
2025-05-26 13:20:08,136 ChatBI->     INFO     step_scores: ['yes', 'yes', 'yes', 'yes', 'yes', 'yes', 'yes', 'yes', 'yes', 'yes']
2025-05-26 13:20:08,136 ChatBI->     INFO     层级抽取文档： 市民来电反映：从早上起每逢有人经过该处，该处内有狗叫扰民，其不清楚是否有犬证，现诉求：望管理部门尽快查处整治。（市民要求信息保密 需回复） ==> yes  
2025-05-26 13:20:08,136 ChatBI->     INFO     层级抽取文档： 市民来电反映:2024年10月3日05:20分左右其听到在普陀区静宁路南郑路有摩托车炸街行为，严重扰民，望管理部门整治查处。（需回复） ==> yes  
2025-05-26 13:20:08,136 ChatBI->     INFO     层级抽取文档： 市民反映：2024年9月以来，顺义路216号的华东政法大学施工严重扰民，不分昼夜不分工作日和周末都在施工（详见附件）。身为周边居民苦不堪言，家有曹杨二中的高中生，正是冲刺紧要关头，每周末工地都在噪音施工，非常影响孩子学习。目前是大清早6点多钟就开始施工，周末也如此。诉求：希望工地能考虑周边居民居住体验，不要在清晨和夜晚以及周末施工就行。（市民要求信息保密，需要回复） ==> yes  
2025-05-26 13:20:08,136 ChatBI->     INFO     层级抽取文档： 市民来电反映:上述地址居民家里正在装修，现2024年1月6日8:00多开始使用电钻，产生严重噪音，影响居民休息。市民表示该问题之前通过12345热线反映过，但现又出现了。诉求：希望管理部门核实制止噪音扰民行为，要求双休日不要装修。（市民要求信息保密 无需回复） ==> yes  
2025-05-26 13:20:08,136 ChatBI->     INFO     层级抽取文档： 【重新交办,要求：按答复要点告知市民,市民表示上述地址仍有活禽交易，噪音扰民现象，诉求：有关部门核实并查处该摊贩，让其停止经营销售活禽。（市民要求信息保密 无需回复）最近办结的工单编号:20231031026140，工单内容:市民来电反映:上述地址门面店每日晚上都会杀鸡杀鸭，导致周围的居民无法休息，气味也非常大。从6:00-17：00一直工作，之前反映过但是一直没有处理。诉求：要求协调能够不要再出现扰民情况。（市民要求信息保密，无需回复）】 ==> yes  
2025-05-26 13:20:08,136 ChatBI->     INFO     层级抽取文档： 市民来电反映:上述地址小区内正在进行施工，施工单位不清楚。现2024年8月25日8:00、9:00就开始施工，产生噪音，影响居民生活。诉求：希望管理部门核实制止施工噪音扰民行为。（市民要求信息保密 需回复） ==> yes  
2025-05-26 13:20:08,137 ChatBI->     INFO     层级抽取文档： 市民来电反映:上述地址小区对面，士林华苑二期建筑工地，每天5:00-6:00以前就开始施工，噪音扰民，影响周边居民正常休息，诉求：希望管理部门核实，要求延迟开工（市民要求信息保密 需回复）。 ==> yes  
2025-05-26 13:20:08,137 ChatBI->     INFO     层级抽取文档： 市民来电反映:其为云昆路261弄逸峰小区50号的居民，房屋旁有一不明归属的通信基站，疑似因大风发出强烈的警报音，严重扰民，请及时处理基站噪音问题。 ==> yes  
2025-05-26 13:20:08,137 ChatBI->     INFO     层级抽取文档： 市民反映：斜土路486弄18号603疑似群租，每日4:00左右多人进出，噪音扰民。诉求：请排查群租。（市民要求信息保密，无需回复） ==> yes  
2025-05-26 13:20:08,137 ChatBI->     INFO     层级抽取文档： 市民来电反映:上述地址做隔间进行出租，增加2个卫生间并且夜间扰民严重，具体群租人数不清楚，诉求：希望核查投诉取缔群租。（市民要求信息保密 无需回复） ==> yes  
2025-05-26 13:20:08,569 ChatBI->     INFO     step_scores: ['yes', 'yes', 'yes', 'yes', 'yes', 'yes', 'yes', 'yes', 'yes', 'yes']
2025-05-26 13:20:08,569 ChatBI->     INFO     层级抽取文档： 市民反映：上述地址非机动车道上的窨井盖松动，车子驶过时噪声很响影响附近居民休息（详见附件）。诉求：希望管理部门尽快整改。（市民要求无需回复） ==> yes  
2025-05-26 13:20:08,569 ChatBI->     INFO     层级抽取文档： 市民来电反复催单。催单原因：市民称管理部门至今未给予任何回复，请管理部门尽快处理。【最近派发的工单编号：20240808000049，工单内容：市民来电反映:8月8日0：16分宝山区龙湖北城天街6号楼1204室内传走路的噪音，影响周边居民正常生活，该现象已经四天了，现诉求：请管理部门协调让对方不要夜间发出噪音产生扰民。（（市民要求信息保密 需回复）】 ==> yes  
2025-05-26 13:20:08,569 ChatBI->     INFO     层级抽取文档： 市民来电反映:上述地址卖肉的店铺（名称市民不清楚）每天7:00-12:00使用高音喇叭播放广播，噪音严重扰民，市民此次来电称相关部门之前已处理，目前又死灰复燃。诉求：希望管理部门核实整改。（市民要求信息保密 无需回复） ==> yes  
2025-05-26 13:20:08,569 ChatBI->     INFO     层级抽取文档： 市民来电反映:上述地址办公大楼空调压缩机白天和晚上有噪音扰民，晚上尤其严重，关注处理结果，影响建德路9号瑞德公寓。诉求：请管理部门尽快处理。（市民要求信息保密 无需回复）    ==> yes  
2025-05-26 13:20:08,570 ChatBI->     INFO     层级抽取文档： 市民来电反映:上述地址，车辆入口处边上的沿街商铺：震轩理发店（不清楚是否有营业执照），该店不分白天黑夜一直搞庆典音乐放得很吵、很响，严重扰民。报过警，警察也去过多次，一直屡禁不止，质疑执法公信力，该情况已约有一年了。诉求：取缔该商铺。（市民要求信息保密，需要回复） ==> yes  
2025-05-26 13:20:08,570 ChatBI->     INFO     层级抽取文档： 市民来电反复催单。催单原因：市民称管理部门至今未给予任何回复，请管理部门尽快处理【最近派发的工单编号：20240503019051，工单内容：【重新交办，要求：按答复要点告知市民，市民表示油烟扰民行为没有任何好转，诉求：请管理部门核实尽快整治。（需回复）最近办结的工单编号：20240407045193，工单内容：重新交办,要求：按答复要点告知市民,市民表示答复要点不明确,油烟设备开启，但是每天19:30分都能闻到油烟味。诉求：投诉油烟扰民，请处理。工单内容:市民来电反映:静安区陕西南路162号新开一家新疆烤肉，店铺营运排烟，油烟扰民，要求禁止在该处经营烤肉店。（需回复）】 ==> yes  
2025-05-26 13:20:08,570 ChatBI->     INFO     层级抽取文档： 市民来电反映:5月1日11:15左右上述地址有直升机盘旋，产生噪音严重，且直升机基本每天都会飞到此处上空，诉求：要求禁止直升机在居民区飞行，影响居民休息，市民也希望了解直升机这样飞行扰民是否接受过航道部门的授权 ==> yes  
2025-05-26 13:20:08,570 ChatBI->     INFO     层级抽取文档： 【重新交办，要求：答复要点与实际情况不符，新元南路近同顺大道，新元南路是城市主干道仍旧集卡，土方车日夜流量巨大，集卡、土方车发动机的轰鸣声和集卡车架产生的噪音严重超标。2019年开始，居民们一直不停在向临港建交处反映，建交处无法采取任何有效措施，巨大噪音没有任何改善。一直写改善桥头跳坡，消除井框差，写到安装违停电子警察，写到加强道路养护，确保道路平整无坑哇，但实际都没有做到位。诉求：请管理部门尽快解决噪音扰民事宜。最近办结的工单编号：20240418001659，工单内容：噪音严重超标，三次市级专业检测机构检测下来都是严重超标，要求临港生态处解决处理。（需要回复）【最近派发的工单编号:2... ==> yes  
2025-05-26 13:20:08,570 ChatBI->     INFO     层级抽取文档： 市民来电反映:上述地址上膳源生鲜店，每天7:00开始使用喇叭播报价格和促销信息，招揽生意，噪音扰民，诉求：希望管理部门核实，禁止使用或降低音量（市民要求信息保密 需回复）。 ==> yes  
2025-05-26 13:20:08,570 ChatBI->     INFO     层级抽取文档： 【重新交办，要求：按答复市民要点告知市民，市民表示答复市民要点与实际情况明显不符，市民表示该问题并未根本解决，仍然存在噪音扰民情况。诉求：同前。（需回复）最近派发的工单编号:20240725002207，工单内容:市民来电反映:上述地址有一个水泥中转站，2024年7月25日5点就开工了，最近都是6点左右就开始施工，该问题之前有向嘉定区人民政府，好了半个月的样，该情况死灰复燃。诉求：望管理部门再次核实并处理该处的噪音问题。】 ==> yes  
2025-05-26 13:20:08,966 ChatBI->     INFO     step_scores: ['yes', 'yes', 'yes', 'yes', 'yes', 'yes', 'yes', 'yes', 'yes', 'yes']
2025-05-26 13:20:08,967 ChatBI->     INFO     层级抽取文档： 市民来电反映:其住的地方距离上述地址的吉宝静安中心，直线距离大概200米，近期该中心晚上开启了霓虹灯，还放音乐，都扰民了，影响周边居民特别是小孩的休息，诉求：请管理部门核实要求该中心一整天都不要放音乐和开霓虹灯。（市民要求信息保密 无需回复） ==> yes  
2025-05-26 13:20:08,967 ChatBI->     INFO     层级抽取文档： 市民来电咨询:上述地址在进行装修时发出的噪音太大，其想知道是否有装修噪音分贝数不能超过多少的规定。诉求：希望管理部门核实告知。（需回复） ==> yes  
2025-05-26 13:20:08,967 ChatBI->     INFO     层级抽取文档： 市民来电反映:上述地址浦航公寓下有一排商铺，其中一家商铺在营业时间一直使用外置扩音设备拨放DJ音乐、找人喊麦等，噪音非常扰民。诉求：请管理部门核实整治。（市民要求信息保密 需回复） ==> yes  
2025-05-26 13:20:08,967 ChatBI->     INFO     层级抽取文档： 市民来电补充信息。市民补充信息内容为需要管理部门进行回复，联系人：吴女士，电话：13761369399，希望管理部门尽快处理此事。【最近派发的工单编号：20240424005304，工单内容：【重新交办,要求：按答复要点告知市民,市民表示答复要点与实际情况不符，此处拍手噪音扰民依然存在，每天 5:00-5:50期间，管理部门如6:00左右去查看人员已离开，故尽快派人重新核实。 诉求：请管理部门核实，尽快彻底解决此处噪音扰民问题。(市民要求信息保密，无需回复）工单内容:市民来电反映: ... ==> yes  
2025-05-26 13:20:08,967 ChatBI->     INFO     层级抽取文档： 市民反映：右侧邻居将空调外机装在其家洗手间窗户外面，每天开空调，声音像地震，穿过洗手间窗户门，站在客厅都震的人头疼，夜里更是吵的人睡不着（详见附件）。诉求：希望管理部门协调处理噪音扰民。 ==> yes  
2025-05-26 13:20:08,967 ChatBI->     INFO     层级抽取文档： 市民来电反映:上述地址有一个小公园，小公园内每天下午15点-18点都有人员使用外置扩音设备跳广场舞，市民表示天冷的时候窗口都是紧闭的。市民不清楚应该向哪个部门投诉。诉求：投诉噪音扰民，请管理部门核实解决。（需回复） ==> yes  
2025-05-26 13:20:08,967 ChatBI->     INFO     层级抽取文档： 市民反映：黄浦区中山南一路737号汇景天地小区旁的山姆仓储超市开在居民住宅区一楼，每天晚上20:30- 凌晨6:30，仓库内卸货、装货、车轮声、冷库板车搬运货物噪音巨大源源不断，严重扰民，多次与店家协调，但商家利益熏心根本不顾居民。居民报警无数次仍然问题得不到解决，商家态度恶劣丝毫不改导致居民和山姆超市矛盾激励 ，受到长期侵害的居民们忍无可忍即将爆发大规模冲突。诉求：希望管理部门协调解决噪音扰民问题。 ==> yes  
2025-05-26 13:20:08,967 ChatBI->     INFO     层级抽取文档： 【重新交办,要求：按答复要点告知市民,市民表示答复要点不明确，管理部门10月31日联系其称从11月1日开始施工会从07:00改为08:00开始，但11月1日07:00又在施工扰民（市民信息保密需回复）。最近办结的工单编号:20241030009312，工单内容:市民来电反映: 上述地址虹口区环境监测站每天早上7:00-18:00，已经持续20多天，距离广中路30弄小区非常近，严重影响小区居民的正常生活。要求管理部门核实督促该处降低噪音作业。（市民要求信息保密 需回复）】 ==> yes  
2025-05-26 13:20:08,967 ChatBI->     INFO     层级抽取文档： 【重新交办，要求：按答复市民要点告知市民，答复要点不明确。市民表示答复告知双休日10:00后诉求过高，市民不清楚为何是诉求过高，诉求：请管理部门核实后明确解释为何该诉求过高，是否有明文规定。（市民要求信息保密，需回复）最近办结的工单编号：20240423000963，工单内容：市民来电反映:每天08:00不到垃圾车就进入小区收垃圾，发出的噪音发出影响周边居民的正常休息，多次向物业进行反映但无法得到解决，诉求：请管理部门解决噪音扰民问题（市民要求信息保密 需回复）】 ==> yes  
2025-05-26 13:20:08,967 ChatBI->     INFO     层级抽取文档： 市民来电反映:上述地址早上5点左右就在房屋内进行敲打，发出装修噪音。诉求：请管理部门协调，在合理时间内装修。（市民要求信息保密 需回复） ==> yes  
2025-05-26 13:20:09,352 ChatBI->     INFO     step_scores: ['yes', 'yes', 'yes', 'yes', 'yes', 'yes', 'yes', 'yes', 'yes', 'yes']
2025-05-26 13:20:09,352 ChatBI->     INFO     层级抽取文档： 市民补充信息内容为:2024年10月1日06:45就开始施工了，市民来电反馈严重打扰市民休息，村委表示其没有办法强制让停止施工，市民不认可。诉求:不变。【最近派发的工单编号：20240918000593，工单内容：市民来电反映:上述地址自建房施工6:20左右就开始产生噪音扰民的切割声，市民此前反馈过情况，承办部门联系施工方8:00后进行，好了一段时间，9月18日又死灰复燃。诉求：希望管理部门能落实监管按8：00后施工。】 ==> yes  
2025-05-26 13:20:09,352 ChatBI->     INFO     层级抽取文档： 市民来电反映:上述学校双休日会将操场出租给别人举办运动会，双休日期间8:00就有用扩音喇叭进行播报，影响周边居民休息，存在噪音扰民情况，诉求：希望管理部门核实尽快彻底制止。（市民要求信息保密 需回复） ==> yes  
2025-05-26 13:20:09,352 ChatBI->     INFO     层级抽取文档： 市民来电反复催单，请管理部门尽快处理。【最近派发的工单编号：20240618041395，工单内容：重新交办，要求：已告知市民答复要点，市民称其反映情况后施工单位早上不施工了，但晚上22：00后还在施工，该情况影响居民休息，诉求：请管理部门核实处理施工噪音扰民情况。】 ==> yes  
2025-05-26 13:20:09,352 ChatBI->     INFO     层级抽取文档： 市民反映：7月9日又开始施工，搬来之前听说每年夏天施工，反馈过多次无果，是谁批准的夜间施工许可，每天都是22:00开始。诉求：核实处理夜间施工扰民，告知施工周期，派人现场检测噪音，搜集反馈。 ==> yes  
2025-05-26 13:20:09,352 ChatBI->     INFO     层级抽取文档： 市民来电反复催单。催单原因：市民称管理部门至今未给予任何回复，请管理部门尽快处理。【最近派发的工单编号：20240327000732，工单内容：市民来电反映:上述地址商家7:00左右进行房屋装修，表示噪音扰民影响休息。诉求：要求按照规定时间装修。（需回复）】 ==> yes  
2025-05-26 13:20:09,352 ChatBI->     INFO     层级抽取文档： 市民来电反复催单。催单原因：市民称管理部门至今未给予任何回复，请管理部门尽快处理。【最近派发的工单编号：20240807001017，工单内容：市民来电反映:上述地址小区内近期正在进行改造施工，每天早上7点左右开始施工，噪音扰民严重；诉求：请管理部门核实情况尽快采取措施，延后开工时间。（市民要求信息保密，需回复）】 ==> yes  
2025-05-26 13:20:09,353 ChatBI->     INFO     层级抽取文档： 【重新交办，要求：根据答复市民要点告知市民，市民表示答复要点与实际情况不符，市民表示噪音问题没有解决，该处居民凌晨在家洗衣服，早上关窗等都有非常大的噪音，市民没有跟居委反映过。最近办结的工单编号：20231227028506，工单内容：市民来电反映:浦东新区北蔡镇鹏飞路426弄鹏丰苑3期3号902，每天早上、晚上噪音扰民，诉求：希望管理部门核实制止。（市民要求信息保密，无需回复）】 ==> yes  
2025-05-26 13:20:09,353 ChatBI->     INFO     层级抽取文档： 市民来电反映:上述地址小区东门外是凯旋南路，为断头路，每天凌晨0点或者2、3点有很多输送渣土的车辆，送进厂房里，噪音非常扰民，市民有视频，诉求：望管理部门核实并尽快予以整治。（市民要求信息保密 需回复） ==> yes  
2025-05-26 13:20:09,353 ChatBI->     INFO     层级抽取文档： 【重新交办，要求：按答复要点告知市民，市民表示答复要点与实际情况不符，市民表示一开始好了几天，但从1月5日开始，对方没有做好减低噪音的措施，请管理部门核实监督。最近办结的工单编号:20231228025749，工单内容:市民来电反映:上述地址12月26开始装修这几天在进行拆旧工作，12月28日08:00开始噪音变大，影响市民生活。市民希望减小噪音，同时希望其严格按照08:00开始装修的约定并在当日装修完将垃圾清理干净诉求：请管理部门监督规范其装修工作。（市民要求信息保密 无需回复）】 ==> yes  
2025-05-26 13:20:09,353 ChatBI->     INFO     层级抽取文档： 市民补充信息：每次投诉后会改善两天，现在用两个喇叭一起放。【最近派发的工单编号：20241029007075，工单内容：三彩路87号苏宁小店喇叭太吵（详见附件）。诉求：投诉外置设备扰民。】 ==> yes  
2025-05-26 13:20:09,769 ChatBI->     INFO     step_scores: ['yes', 'yes', 'yes', 'yes', 'yes', 'yes', 'yes', 'yes', 'yes', 'yes']
2025-05-26 13:20:09,770 ChatBI->     INFO     层级抽取文档： 【投诉】市民来电反映:上述地址噪音及油烟扰民问题，大场镇管理部门告知10月底前商家会完成整改，但市民表示至今噪音依然非常严重。市民认为管理部门存在不作为情况。诉求：投诉管理部门不作为。关联工单号：20241031027437 ==> yes  
2025-05-26 13:20:09,770 ChatBI->     INFO     层级抽取文档： 市民来电反映:上述地址小区内有改建工程，早晨6:00就开始施工，且施工人员就在市民的窗户外交谈，声音较大，影响了市民的生作息，其与施工人员沟通，施工人员回复“居民不签字就不会来施工”。诉求：请管理部门核实，要求晚一些施工，且注意施工噪音。 ==> yes  
2025-05-26 13:20:09,770 ChatBI->     INFO     层级抽取文档： 市民来电反复催单。催单原因：市民称管理部门至今未给予任何回复，请管理部门尽快处理。【最近派发的工单编号：20240422038803，工单内容：市民来电反映:上述居民楼有居改非现象，把居民楼改为经营性的咖啡厅，4月22日22：00多里面还有人唱KTV，噪音扰民。诉求：希望管理部门核实查处。（信息保密，无需回复）】 ==> yes  
2025-05-26 13:20:09,770 ChatBI->     INFO     层级抽取文档： 市民来电反映: 正对着上述小区的徐家汇体育公园有大片绿地和广场（管理方：久事），每天18:30到20:00（冬天的话改在下午）有大量人员跳广场舞，还有人搬来音响大声唱歌，每天22:00左右很多人遛狗，犬吠声也很响，噪音扰民情况严重。市民都有报过警，警方巡逻管理，但是情况还是络绎不绝。诉求：请此公园的管理单位定下规定，要求在此活动的市民不要使用外扩音响，停止制造大量噪音。 ==> yes  
2025-05-26 13:20:09,770 ChatBI->     INFO     层级抽取文档： 【重新交办，要求：按答复市民要点告知市民，答复要点与实际情况不符。市民表示现在家里都是油烟味道，阳台只开了一条缝，管理部门来过后，稍微收敛点，诉求：请管理部门核实后实地上门检查，对其油烟扰民整治。（市民要求信息保密，需回复）最近办结的工单编号：20230715006430，工单内容：市民来电反映:上述地址海汇街305号烧烤店：天天海鲜烧烤，油烟扰民最近夏天油烟非常厉害，严重影响居民生活，主要经营时间：17:00以后。诉求：希望管理部门核实尽快整治油烟扰民。（市民要求信息保密，需回复）】
 ==> yes  
2025-05-26 13:20:09,770 ChatBI->     INFO     层级抽取文档： 市民来电反映:上述地址小区内1楼一户业主把狗散养在天井内，该大狗一天24小时不间断的吠叫，噪音扰民，不文明养犬。诉求：希望管理部门核实后整治不文明养犬行为。（市民要求信息保密 需回复） ==> yes  
2025-05-26 13:20:09,770 ChatBI->     INFO     层级抽取文档： 市民来电反映:上述地址居民近期在装修，该户不按规定时间装修，中午13:00左右在作业（市民表示应12:00-14:00期间应该不能装修），严重影响周边居民，希望管理部门督促对方按照规定的时间装修不要扰民（市民要求信息保密 需回复） ==> yes  
2025-05-26 13:20:09,770 ChatBI->     INFO     层级抽取文档： 市民来电补充信息。市民补充信息内容为：市民更改联系方式，要求回复处理结果，其联系电话：18017087598。【最近派发的工单编号：20240427006047，工单内容：市民来电反映:每天清晨6：00-7：00有物业的保洁人员在楼栋门口收拾垃圾，噪音扰民。诉求：请管理部门核实投诉物业（市民要求信息保密 无需回复）】 ==> yes  
2025-05-26 13:20:09,770 ChatBI->     INFO     层级抽取文档： 市民来电反映:近期上述地址在加装电梯。对方在每日7:00开始施工，且中午午休时间也不停止，周末也在进行施工。对方施工期间存在噪音扰民现象，影响居民正常生活。市民诉求：请管理部门核实后督促对方调整时间，在午休时间及周末停止施工。（市民要求信息保密 无需回复） ==> yes  
2025-05-26 13:20:09,771 ChatBI->     INFO     层级抽取文档： 市民来电反映:上述小区业委会有规定小区11:30-13:00期间禁止进行装修，但现在小区有住户在中午还在进行装修，装修噪音扰民，小区物业也不前去管管。物业是浦江物业。诉求：投诉物业不作为。（市民要求信息保密 需回复） ==> yes  
2025-05-26 13:20:10,150 ChatBI->     INFO     step_scores: ['yes', 'yes', 'yes', 'yes', 'yes', 'yes', 'no', 'yes', 'yes', 'yes']
2025-05-26 13:20:10,151 ChatBI->     INFO     层级抽取文档： 市民来电反映:黄浦区中山南一路256弄原来的九院分院现在在搞装修，施工单位南房集团，现在是否还是医院不清楚，9月12号6:00就在卸材料，钢管砸地声音很吵，9月11号22:30以后也在卸货，找过他们负责人，也报过警，每次态度很好，就是不解决。诉求：投诉噪音扰民，要求监督整改。 ==> yes  
2025-05-26 13:20:10,151 ChatBI->     INFO     层级抽取文档： 市民来电反映:其孩子就读于巨鹿路334号向明初级中学，隔壁巨鹿路395弄有人养鸽子，影响孩子学习生活，具体多少户不清楚，不清楚是否是信鸽，诉求：请管理部门核实，相关养鸽人员是否为正规有证养鸽，协调文明养鸽不要扰民（需回复） ==> yes  
2025-05-26 13:20:10,151 ChatBI->     INFO     层级抽取文档： 市民反映：其是沪太路1188弄北海新苑的居民，龙潭小区节假日7：00，工作日6：00多开始装电梯，发出噪音，影响休息，已持续多日。其家卧室正对着装电梯的地方，声音特别大。诉求：请管理部门整治装电梯扰民事宜。（市民要求信息保密，需要回复） ==> yes  
2025-05-26 13:20:10,151 ChatBI->     INFO     层级抽取文档： 市民来电补充信息。市民补充信息内容为市民没有查询到环保部门有公示过向施工队发放夜间施工许可证。市民对于承办单位的回复也不满。要求继续处理给其回复。【最近派发的工单编号：20240423000195，工单内容：市民来电反映:4月23日1:50左右上述地址有道路施工（施工方：上海振雅建设发展有限公司，有夜间施工许可），噪音严重，诉求：要求施工单位禁止夜间施工扰民】 ==> yes  
2025-05-26 13:20:10,151 ChatBI->     INFO     层级抽取文档： 市民来电反映:上述地址门口每天会有两个人骑着车拿着喇叭在叫卖回收电视机，声音很响噪音扰民，时间不固定有时早上7:00、8:00就开始叫卖，12月8日下午16:13分有在叫卖。诉求:望管理部门核实，予以整治。（市民要求信息保密 无需回复） ==> yes  
2025-05-26 13:20:10,151 ChatBI->     INFO     层级抽取文档： 市民来电反映:上述地址为24小时经营的商家，在每天0:00-7:00产生噼里啪啦的打球声音影响周边居民正常休息，市民怀疑是台球馆的隔音没有做好导致的，该情况已经存在2个月，诉求：请管理部门核实协调降噪。 ==> yes  
2025-05-26 13:20:10,151 ChatBI->     INFO     层级抽取文档： 市民来电反映:小区外河道2旁有杨树飘絮，影响居民开窗。诉求：请管理部门让绿化部门解决飘絮扰民问题。（需回复） ==> no  
2025-05-26 13:20:10,151 ChatBI->     INFO     层级抽取文档： 市民来电反复催单。催单原因：市民称管理部门至今未给予任何回复，市民该处还在施工，拖钢板，机器的轰鸣声非常扰民，请管理部门尽快处理。【最近派发的工单编号：20241202049498，工单内容：市民来电反映:上述地址有夜间道路施工,12月2日20:00至今没有结束，噪音很响，导致市民无法休息，诉求：请管理部门制止晚上施工，改成白天施工或者22:00前结束。（需回复）】 ==> yes  
2025-05-26 13:20:10,151 ChatBI->     INFO     层级抽取文档： 【重新交办,要求：按答复要点告知市民,市民表示答复要点不明确,8月31日6:00左右工地又开始施工，噪音严重，时间就是周末，与答复的噪音较大工作安排在八点以后完全不符。诉求：要求施工单位严格按照答复要点中的时间执行施工。（信息保密需回复）最近办结的工单编号:20240629001022，工单内容:【重新交办，要求：已把答复要点告知市民，市民对答复要点不认可，市民表示此事反映过后没有得到任何的改善，双休日还是一大早，市民家离工地又近，严重影响休息，现诉求：请管理部门与对方协调不要扰民，并且出具正常施工时间为早上6时至晚上10时文件。（市民要求信息保密 需回复）】 ==> yes  
2025-05-26 13:20:10,151 ChatBI->     INFO     层级抽取文档： 市民来电反映:乐爱路38弄16号1楼开设了快递站点，每天人来人往噪音巨大，影响楼内居民，其对此不满，要求投诉。（市民要求信息保密 无需回复） ==> yes  
2025-05-26 13:20:10,592 ChatBI->     INFO     step_scores: ['yes', 'yes', 'yes', 'yes', 'yes', 'yes', 'yes', 'yes', 'yes', 'yes']
2025-05-26 13:20:10,592 ChatBI->     INFO     层级抽取文档： 市民来电补充信息。市民补充信息内容为：市民表示3月23日19:00多还在进行施工，且施工噪音很响，而且施工时间还是在双休日，最主要影响到家中老人的休息了。诉求：请管理部门核实处理，电话联系其给到一个答复，联系电话为”15102142895“。【最近派发的工单编号：20240323016470，工单内容：市民来电反映:上述地址门口是外环S20隧道，该隧道正在改造。3月23日早上7：00多就开始动工了，导致噪音扰民。市民查询相关条例，得知双休日建造应该在：8:00-18:00之间，诉求：请管理部门通知施工单位在规定时间内施工。（市民要求信息保密 无需回复）】（市民要求信息保密 需回复） ==> yes  
2025-05-26 13:20:10,592 ChatBI->     INFO     层级抽取文档： 市民来电反映:上述地址每天晚上18-22点都有无证设摊，油烟扰民，环境脏乱差，要求管理部门尽快取缔（市民要求信息保密，无需回复） ==> yes  
2025-05-26 13:20:10,592 ChatBI->     INFO     层级抽取文档： 市民来电补充信息。市民补充信息内容为1月6日是非工作日根据规定不能施工，但是小区还是施工。诉求：请管理部门尽快整改规范小区施工。【最近派发的工单编号：20231228007165，工单内容：市民反映：装修时间有明确规定是工作日8：00-12：00，14：00-18：00，现浦建小区翻新改造工程，工作日7:00就开始施工，电钻发出很大噪声，严重影响居民休息。诉求：请管理部门核实整改，规范小区施工。】 ==> yes  
2025-05-26 13:20:10,592 ChatBI->     INFO     层级抽取文档： 市民反复催单,希望尽快处理。【最近派发的工单编号:20240318000084，工单内容：市民来电反映:上述地址24小时有大卡车经过，导致噪音严重，诉求：要求尽快解决噪音问题】 ==> yes  
2025-05-26 13:20:10,593 ChatBI->     INFO     层级抽取文档： 市民来电反映:上述地址小区居民家的空调外机安装不规范导致扰民，希望管理部门核实处理督促规范安装（市民要求信息保密 需回复） ==> yes  
2025-05-26 13:20:10,593 ChatBI->     INFO     层级抽取文档： 【重新交办,要求：按答复要点告知市民,市民表示答复要点不明确,其表示主管部门没有联系过市民，且答复要点和其诉求无直接关系，也没有给到具体后续可以处理的时效。诉求：希望管理部门核实，解决噪音问题。最近办结的工单编号:20231228025721，工单内容:【重新交办，要求：市民来电反映相同事项，告知市民答复要点, 市民表示该噪音还在，诉求：望有关部门再次解决噪音问题。最近办结的工单编号:20231203004512，工单内容：市民来电反映:其购买了上述地址小区房屋，市民表示其是顶楼，上面有一个水箱，每天不定时都会打水，噪音很大，无法正常休息。诉求：请管理部门帮其更换房屋，不要此处房子。】 ==> yes  
2025-05-26 13:20:10,593 ChatBI->     INFO     层级抽取文档： 市民来电补充信息。市民补充信息内容为：原定的一期工程是5月底结束，但现在已近6月份了，还有不少楼没有施工完成。目前已经是夏天了，外面拆墙都不能开空调，希望能索性过了夏天再继续施工。【最近派发的工单编号：20240602000351，工单内容：市民来电反映:上述小区6月2日5：30分就开始在小区内进行修缮，导致噪音扰民，并且此项目从3月份就开始，一直未结束，现已6月份了，天热了，要拆北侧的，导致居民家南侧，北侧都不能开空调 ，老人与孩子在家都生活，对此表示异议，现诉求：请管理部门核实要求按照规定的时间进行施工，且不能影响到居民正常的生活。（市民要求信息保密 需回复）】 ==> yes  
2025-05-26 13:20:10,593 ChatBI->     INFO     层级抽取文档： 市民来电反映:上述地址外面有无证设摊现象，每天从02:00就开始摆摊，有卖菜卖鱼的，产生噪音影响周边居民的正常休息。诉求：请管理部门核实，解决噪音扰民问题。 ==> yes  
2025-05-26 13:20:10,593 ChatBI->     INFO     层级抽取文档： 市民来电反映:居民楼下商铺目前在装修，准备做餐饮。排烟装置装在店铺正门口，没有任何排烟作用。诉求：请管理部门解决油烟扰民。（市民要求信息保密，需回复） ==> yes  
2025-05-26 13:20:10,593 ChatBI->     INFO     层级抽取文档： 市民来电反映:其为上述地址嘉定区澄浏中路沧海绿苑小区居民，于6月25日0:45小区外澄浏中路仍在施工，施工方是否持夜间施工许可证不详，产生噪音影响其休息。诉求：望管理部门核实，要求投诉夜间施工，并督促降噪。（需回复） ==> yes  
2025-05-26 13:20:10,997 ChatBI->     INFO     step_scores: ['yes', 'yes', 'yes', 'yes', 'yes', 'yes', 'yes', 'yes', 'yes', 'yes']
2025-05-26 13:20:10,997 ChatBI->     INFO     层级抽取文档： 市民来电反复催单。催单原因：市民称管理部门至今未给予任何回复，请管理部门尽快处理。【最近派发的工单编号：20240905005150，工单内容：市民来电反映：其国和二村居民，现反映上述地址卖菜卖肉的的店家将蔬菜都放置在门面外面人行道上和盲道上影响行人通行，还大声叫卖噪音扰民，反映多次没解决，诉求：管理部门核实情况后制止上述扰民情况。（市民要求信息保密，需要回复。）】 ==> yes  
2025-05-26 13:20:10,997 ChatBI->     INFO     层级抽取文档： 市民留言反映：上述地址有夜间施工的问题，影响休息。 ==> yes  
2025-05-26 13:20:10,997 ChatBI->     INFO     层级抽取文档： 市民来电反映:【重新交办,要求：按答复要点告知市民,市民表示答复要点不符，市民称问题并没有任何改善，还是很大的噪音，要求转交给临港建交处处理。最近办结的工单编号:20240312015238，工单内容:【重新交办，要求：按答复要点告知市民，市民表示答复要点与实际情况不符，市民表示所有的答复都是假的，处置单位承认噪音严重超标，进行了三次检测但是一直没有解决。市民强烈要求按其所述记录转临港建交处处理给予答复。诉求诉求不变，最近办结的工单编号20240220021591工单内容：重复来电：要求：答复要点与实际不符，市民表示并未解决问题，声音严重超标，市民强烈要求按其所述记录转临港建交处处理，诉... ==> yes  
2025-05-26 13:20:10,997 ChatBI->     INFO     层级抽取文档： 【重新交办，要求：按答复市民要点告知市民，市民表示前件答复市民要点不明确，近期可能因为天气关系，基本在07:30左右会有扩音设备噪音。也希望能在此处设立一个警示牌。诉求：望管理部门核实再次处理。（市民要求信息保密... ==> yes  
2025-05-26 13:20:10,998 ChatBI->     INFO     层级抽取文档： 市民来电反映:上述办公楼在工作时间装修，发出严重噪音，影响其他公司正常办公，与物业反映会会停一会，诉求：希望管理部门核实处理该公司装修是否合规并予以制止。（市民要求信息保密 无需回复） ==> yes  
2025-05-26 13:20:10,998 ChatBI->     INFO     层级抽取文档： 重复来电:咨询处理进程。【最近派发工单编号： 20240520035627，工单内容：市民来电反映:上述地址建筑工地每天早上7点不到就开始施工，晚上21点左右才结束施工。发出很响的噪音。影响市民造成生活。诉求：希望管理部门核实情况督促在规定的时间段施工协调减小噪音。】 ==> yes  
2025-05-26 13:20:10,998 ChatBI->     INFO     层级抽取文档： 市民反映：宝山区大场镇北华苑小区的垃圾车每天早上6:00就发出巨大噪音，持续时间长，周末也是如此，垃圾车发生碰撞的声音严重影响到了附近居民的睡眠。由于该垃圾点设立在北华苑小区的最后一排，与远景佳苑二期交界，导致其虽然为远景佳苑的居民，却一直饱受隔壁小区垃圾清运的困扰。诉求：请管理部门核实调整清运时间，并将北华苑小区垃圾站设立在其自己小区出口处。（市民要求信息保密，需要回复） ==> yes  
2025-05-26 13:20:10,998 ChatBI->     INFO     层级抽取文档： 市民反映：已通过市民热线反映事项，现要求补充图片作为证据（详见附件）。市民反映油烟扰民问题。诉求：希望管理部门核实转送相关照片至承办部门。（相关工单编号：20240327028977） （市民要求信息保密，需要回复） ==> yes  
2025-05-26 13:20:10,998 ChatBI->     INFO     层级抽取文档： 市民来电反映:上述地址商家：黄虹贵，占到经营，环境被弄的脏乱差，有噪音。诉求：请管理部门核实整治处理。（市民要求信息保密 需回复） ==> yes  
2025-05-26 13:20:10,998 ChatBI->     INFO     层级抽取文档： 市民来电反映:市民称上述小区的地下车库每天需要开抽风机两个小时，最近才开的，但是物业表示没办法关闭，市民表示噪音很大，故来电希望管理部门尽快解决噪音扰民问题。（市民要求信息保密 需回复） ==> yes  
2025-05-26 13:20:11,345 ChatBI->     INFO     step_scores: ['no', 'yes', 'yes', 'yes', 'yes', 'yes', 'yes', 'yes', 'yes', 'yes']
2025-05-26 13:20:11,345 ChatBI->     INFO     层级抽取文档： 市民反映：该户是外来租户，每天货车乱停，占用公共道路装货卸货，影响道路通行，扰民。举报多次，村委，房东不管。（详见附件）诉求：请管理部门整治乱停车事宜。（市民要求信息保密，无需回复） ==> no  
2025-05-26 13:20:11,345 ChatBI->     INFO     层级抽取文档： 市民来电反映:上述地址存在群租现象。对房间进行隔间用于出租，产生噪音严重影响周边休息，诉求：请管理部门核实，对群组进行取缔，恢复原样。（市民需要信息保密，无需回复） ==> yes  
2025-05-26 13:20:11,345 ChatBI->     INFO     层级抽取文档： 市民反映：楼上频繁发出各种响声，跑步，跳跃，东西砸地等响声，晚上22:00后依然存在，居委表示很正常，无法管制。诉求：希望出面调解，让楼上在半夜和清晨控制响声。 ==> yes  
2025-05-26 13:20:11,345 ChatBI->     INFO     层级抽取文档： 市民来电反映:上述地址存在群租现象。市民告知该处原本是二室一厅，现在被隔成了5-6个房间进行出租，具体住多少人市民不清楚。市民表示该处群租现象，天天晚上都很吵，吵的其无法睡觉。诉求：请管理部门尽快取缔群租现象。（信息保密 需要回复） ==> yes  
2025-05-26 13:20:11,345 ChatBI->     INFO     层级抽取文档： 市民来电反映:其邻居空调外机安装离其窗户太近，对其产生噪音影响。市民表示先协商不成功来电反映。 ==> yes  
2025-05-26 13:20:11,346 ChatBI->     INFO     层级抽取文档： 市民来电反映:上述地址住户把两个空调外机都放在阳台外非空调外机摆放点，摆放在了市民阳台外，噪音扰民十分严重，影响市民日常休息，诉求：请管理部门进行整治，规范摆放位置。（市民要求信息保密 无需回复） ==> yes  
2025-05-26 13:20:11,346 ChatBI->     INFO     层级抽取文档： 市民反映：自从2022年搬入该处后，每逢夏季，小房间的窗户上都是因楼上空调管漏水所滴落的水滴，造成小房间窗户渗水进入房间，还存在滴水声扰民情况。诉求：请管理部门核实，将楼上漏水的空调管修好。（市民要求信息保密，需要回复） ==> yes  
2025-05-26 13:20:11,346 ChatBI->     INFO     层级抽取文档： 市民来电反映：上述地址每天00:00点左右的时间就开始卸货装货，还有外置的扩音喇叭一直放着，每次大概都要维持半小时左右，严重影响了周边市民的休息，诉求：市民希望其处提早点卸货装货时间并同时关闭扩音喇叭。（市民要求信息保密，无需回复） ==> yes  
2025-05-26 13:20:11,346 ChatBI->     INFO     层级抽取文档： 市民来电反映:紫苑小区大门外一整条街上存在无证设摊贩卖烧烤的情况，每天从21:00开始营业一直持续到02:00，数量：5-6个，噪音扰民情况严重，无法忍受，烟味也很重，诉求：请管理部门核实取缔无证设摊。（市民要求信息保密 无需回复） ==> yes  
2025-05-26 13:20:11,346 ChatBI->     INFO     层级抽取文档： 市民来电反映:其是上述地址居民，市民称从2023年年底底楼商户广告牌统一更换后，商户跨门经营严重，很多外卖平台的小哥聚集在商户门口，一等就是一天，严重扰民，影响周边居民生活环境，望管理部门整治取缔跨门经营行为。（需回复）
 ==> yes  
2025-05-26 13:20:11,805 ChatBI->     INFO     step_scores: ['yes', 'yes', 'yes', 'yes', 'yes', 'yes', 'yes', 'yes', 'yes', 'yes']
2025-05-26 13:20:11,805 ChatBI->     INFO     层级抽取文档： 市民来电反映:上述地址小区内部垃圾站，徐汇区环卫局的环卫车每天6:00在小区内行驶作业，噪音较大，对其生活产生了影响。诉求：请管理部门核实，要求环卫车在每天8:00之后再进入小区作业。 ==> yes  
2025-05-26 13:20:11,805 ChatBI->     INFO     层级抽取文档： 市民反映：8月28日22:30左右54号108居住的老头在门口很大声音外放手机，影响到休息，故请他把手机声音调小一点，结果他在其门口骂骂咧咧，骂得很难听，严重影响到其的人身和精神安全，除此之外，他经常早上晚上也在门口大声喧哗，还在门口堆放各种杂物垃圾，有床架、轮胎等，严重影响环境卫生。3.还经常看到有数名小孩出入其中。诉求：请物业加强巡逻和关注。及时清理垃圾，对54号108实际居住人数进行核实并实名登记，超出法定人数请予以劝退。（市民要求信息保密，需回复） ==> yes  
2025-05-26 13:20:11,805 ChatBI->     INFO     层级抽取文档： 市民补充信息：海宁路静安公馆旁道路施工带来的噪音扰民问题已严重影响了周边居民的正常生活。该施工项目不仅在夜间施工，还在休息日施工，极大地干扰了居民的休息和睡眠。北站街道与北站派出所之间却相互推诿责任。北站街道称此问题应由北站派出所处理，而北站派出所又表示这是北站街道的职责范围。【最近派发的工单编号：20240824006082，工单内容：上述地址经常在非规定施工时间进行作业，严重影响周边居民正常生活。而北站派出所多次出警处理此事，在出警过程中却提到该道路为政府道路，即北横通道。市民对此不认可，表示政府道路的建设，也应依据法律明确规定的施工时间进行。诉求：请管理部门核实并督促处理施工扰民问题。】 ==> yes  
2025-05-26 13:20:11,805 ChatBI->     INFO     层级抽取文档： 市民来电反映:浦东新区杨高南路（龙阳路-济阳路），市民表示该路段（地面道路）每天半夜都有土方车通行，还会有鸣喇叭的情况，扰民。由于该处立交上是限制土方车通行的，市民因此建议每天半夜土方车可以在立交上行驶。诉求：希望管理部门知悉。（市民要求信息保密 无需回复） ==> yes  
2025-05-26 13:20:11,805 ChatBI->     INFO     层级抽取文档： 市民来电反映:2024年5月1日浦东新区大团镇永旺路260弄附近永旺路上新开了震轩美容美发店，5月3日音响开到了20:50，影响市民休息。诉求：20:00后不放或声音轻一点。（市民要求信息保密 无需回复） ==> yes  
2025-05-26 13:20:11,805 ChatBI->     INFO     层级抽取文档： 【重新交办，答复要点与实际情况不符，市民称是把排烟管道放在楼道内，要求：要求处理。最近办结的工单编号：20241016015709，工单内容：市民来电反映:上述地址小区擅自更改房屋排油烟道，导致每次只要上述地址烹饪食材就会油烟扰民。诉求：请管理部门督促要求恢复原样。（市民要求信息保密 需回复）】 ==> yes  
2025-05-26 13:20:11,805 ChatBI->     INFO     层级抽取文档： 市民来电反映:市民来电补充信息。市民更正内容为地址为闵行区古美路1388号【最近派发的工单编号：20241001000291，工单内容：市民来电反映:该店铺营业时间10:00-凌晨4:00，设备机械噪音很吵的，市民家中22:00之后测量分贝达到70。诉求：希望管理部门核实协调降低噪音至50左右。】 ==> yes  
2025-05-26 13:20:11,805 ChatBI->     INFO     层级抽取文档： 市民来电补充信息。市民补充信息内容为：物业和居委和城管互相推诿，市民认为302室有关系，希望就尽快处理明确回复。【最近派发的工单编号：20240601017285，工单内容：市民来电反映:上述地址住户违反规定将空调安装在同一栋楼401住户窗户外面，噪音扰民。诉求：更改空调外机安装位置。（市民要求信息保密 需回复）】 ==> yes  
2025-05-26 13:20:11,805 ChatBI->     INFO     层级抽取文档： 市民来电反复催单。催单原因：市民称管理部门至今未给予任何回复，请管理部门尽快处理。【最近派发的工单编号：20241001021725，工单内容：市民来电反映：上述小区旁边有一个货场，没有名称，夜间很多集卡停在该处卸货，噪音扰民，市民此次来电称相关部门已处理，但又恢复，诉求：希望管理部门协调减噪。】 ==> yes  
2025-05-26 13:20:11,805 ChatBI->     INFO     层级抽取文档： 市民来电补充信息。市民补充信息内容为市民表示于5月30日22:28分至市民来电时间1:30，该轰鸣声一直存在，市民表示楼上邻居洗澡会加重轰鸣声。市民表示于5月30日有李师傅联系过市民，表示夜间21至22点可以联系其，市民担心会影响其休息，并没有联系。市民表示其搬家会花费很大代价，请管理部门为其核实解决轰鸣问题。【最近派发的工单编号：20240529038901，工单内容：市民来电反映:床头靠西的墙有轰鸣声，5月24日至今22:00-次日5:00。5月23日21点也有，没那么明显。市民不清楚是空调外机造成的还是旁边工地造成的。诉求：请管理部门核实具体产生的原因并解决轰鸣问题。】 ==> yes  
2025-05-26 13:20:11,805 ChatBI->     INFO     阈值索引为：4999, 窗口大小为: 100 
2025-05-26 13:20:11,806 ChatBI->     INFO     确定的文档: 4900; 在次确认的文档: 100
2025-05-26 13:20:15,416 ChatBI->     INFO     从100个需再次确认的文档中筛选出的相关文档数量：94
2025-05-26 13:20:15,416 ChatBI->     INFO     示例文档：['市民来电反映:其为上述地址徐汇区罗秀路930弄居民，于3月31日小区公共区域施工作业，产生噪音影响其休息。诉求：望管理部门核实，要求禁止双休日施工。（市民要求信息保密 无需回复）', '市民来电反映:上述地址为新交房小区，小区隔壁有个垃圾站，恶臭异常且噪音严重，24小时不间断散味，区里领导之前说过会转移但未落实，诉求：要求将垃圾站尽快进行转移', '市民来电反复催单。催单原因：市民称管理部门至今未给予任何回复，请管理部门尽快处理。【最近派发的工单编号：20241118006671，工单内容：市民来电反映:上述地址装修，影响楼下社区医院分院的正常办公，时间段：工作日9点以后开始，市民的其他同事已反映过，未得到解决。诉求：市民希望减轻噪音或将装修时间调整至其他时间。】', '市民反映：海梦一方商业空调或者排风设备噪音很大（详见附件），二楼在家里测平均分贝都大于50，4楼以上声音更大。诉求：希望管理部门整治噪音问题。', '市民反映相同事项。【最近派发的工单编号：20240831009814，工单内容：根据居民个人观察上报。2024年开始发现有客机持续低空飞过本区域，大约每半小时到一小时有一波。飞行高度很低，让居民有安全顾虑。噪音很大，已经开始影响到正常生活。 1）这些飞机的航线安排是否经过合法审批； 2）低空飞行是否造成扰民，是否需要调整； 3）这些低飞飞机还要持续多久；诉求：希望管理部门给予合理解释。（市民要求信息保密，需要回复）】']
2025-05-26 13:20:15,433 ChatBI->     INFO     没有找到<  >对应的视图
2025-05-26 13:20:15,434 ChatBI->     INFO     sql 语句：SELECT `诉求地址`, `工单生成时间` FROM shanghai WHERE  `内容描述` IN (:val0, :val1, :val2, :val3, :val4, :val5, :val6, :val7, :val8, :val9, :val10, :val11, :val12, :val13, :val14, :val15, :val16, :val17, :val18, :val19, :val20, :val21, :val22, :val23, :val24, :val25, :val26, :val27, :val28, :val29, :val30, :val31, :val32, :val33, :val34, :val35, :val36, :val37, :val38, :val39, :val40, :val41, :val42, :val43, :val44, :val45, :val46, :val47, :val48, :val49, :val50, :val51, :val52, :val53, :val54, :val55, :val56, :val57, :val58, :val59, :val60, :val61, :val62, :val63, :val64, :val65, :val66, :val67, :val68, :val69, :val70, :val71, :val72, :val73, :val74, :val75, :val76, :val77, :val78, :val79, :val80, :val81, :val82, :val83, :val84, :val85, :val86, :val87, :val88, :val89, :val90, :val91, :val92, :val93, :val94, :val95, :val96, :val97, :val98, :val99, :val100, :val101, :val102, :val103, :val104, :val105, :val106, :val107, :val108, :val109, :val110, :val111, :val112, :val113, :val114, :val115, :val116, :val117, :val118, :val119, :val120, :val121, :val122, :val123, :val124, :val125, :val126, :val127, :val128, :val129, :val130, :val131, :val132, :val133, :val134, :val135, :val136, :val137, :val138, :val139, :val140, :val141, :val142, :val143, :val144, :val145, :val146, :val147, :val148, :val149, :val150, :val151, :val152, :val153, :val154, :val155, :val156, :val157, :val158, :val159, :val160, :val161, :val162, :val163, :val164, :val165, :val166, :val167, :val168, :val169, :val170, :val171, :val172, :val173, :val174, :val175, :val176, :val177, :val178, :val179, :val180, :val181, :val182, :val183, :val184, :val185, :val186, :val187, :val188, :val189, :val190, :val191, :val192, :val193, :val194, :val195, :val196, :val197, :val198, :val199, :val200, :val201, :val202, :val203, :val204, :val205, :val206, :val207, :val208, :val209, :val210, :val211, :val212, :val213, :val214, :val215, :val216, :val217, :val218, :val219, :val220, :val221, :val222, :val223, :val224, :val225, :val226, :val227, :val228, :val229, :val230, :val231, :val232, :val233, :val234, :val235, :val236, :val237, :val238, :val239, :val240, :val241, :val242, :val243, :val244, :val245, :val246, :val247, :val248, :val249, :val250, :val251, :val252, :val253, :val254, :val255, :val256, :val257, :val258, :val259, :val260, :val261, :val262, :val263, :val264, :val265, :val266, :val267, :val268, :val269, :val270, :val271, :val272, :val273, :val274, :val275, :val276, :val277, :val278, :val279, :val280, :val281, :val282, :val283, :val284, :val285, :val286, :val287, :val288, :val289, :val290, :val291, :val292, :val293, :val294, :val295, :val296, :val297, :val298, :val299, :val300, :val301, :val302, :val303, :val304, :val305, :val306, :val307, :val308, :val309, :val310, :val311, :val312, :val313, :val314, :val315, :val316, :val317, :val318, :val319, :val320, :val321, :val322, :val323, :val324, :val325, :val326, :val327, :val328, :val329, :val330, :val331, :val332, :val333, :val334, :val335, :val336, :val337, :val338, :val339, :val340, :val341, :val342, :val343, :val344, :val345, :val346, :val347, :val348, :val349, :val350, :val351, :val352, :val353, :val354, :val355, :val356, :val357, :val358, :val359, :val360, :val361, :val362, :val363, :val364, :val365, :val366, :val367, :val368, :val369, :val370, :val371, :val372, :val373, :val374, :val375, :val376, :val377, :val378, :val379, :val380, :val381, :val382, :val383, :val384, :val385, :val386, :val387, :val388, :val389, :val390, :val391, :val392, :val393, :val394, :val395, :val396, :val397, :val398, :val399, :val400, :val401, :val402, :val403, :val404, :val405, :val406, :val407, :val408, :val409, :val410, :val411, :val412, :val413, :val414, :val415, :val416, :val417, :val418, :val419, :val420, :val421, :val422, :val423, :val424, :val425, :val426, :val427, :val428, :val429, :val430, :val431, :val432, :val433, :val434, :val435, :val436, :val437, :val438, :val439, :val440, :val441, :val442, :val443, :val444, :val445, :val446, :val447, :val448, :val449, :val450, :val451, :val452, :val453, :val454, :val455, :val456, :val457, :val458, :val459, :val460, :val461, :val462, :val463, :val464, :val465, :val466, :val467, :val468, :val469, :val470, :val471, :val472, :val473, :val474, :val475, :val476, :val477, :val478, :val479, :val480, :val481, :val482, :val483, :val484, :val485, :val486, :val487, :val488, :val489, :val490, :val491, :val492, :val493, :val494, :val495, :val496, :val497, :val498, :val499, :val500, :val501, :val502, :val503, :val504, :val505, :val506, :val507, :val508, :val509, :val510, :val511, :val512, :val513, :val514, :val515, :val516, :val517, :val518, :val519, :val520, :val521, :val522, :val523, :val524, :val525, :val526, :val527, :val528, :val529, :val530, :val531, :val532, :val533, :val534, :val535, :val536, :val537, :val538, :val539, :val540, :val541, :val542, :val543, :val544, :val545, :val546, :val547, :val548, :val549, :val550, :val551, :val552, :val553, :val554, :val555, :val556, :val557, :val558, :val559, :val560, :val561, :val562, :val563, :val564, :val565, :val566, :val567, :val568, :val569, :val570, :val571, :val572, :val573, :val574, :val575, :val576, :val577, :val578, :val579, :val580, :val581, :val582, :val583, :val584, :val585, :val586, :val587, :val588, :val589, :val590, :val591, :val592, :val593, :val594, :val595, :val596, :val597, :val598, :val599, :val600, :val601, :val602, :val603, :val604, :val605, :val606, :val607, :val608, :val609, :val610, :val611, :val612, :val613, :val614, :val615, :val616, :val617, :val618, :val619, :val620, :val621, :val622, :val623, :val624, :val625, :val626, :val627, :val628, :val629, :val630, :val631, :val632, :val633, :val634, :val635, :val636, :val637, :val638, :val639, :val640, :val641, :val642, :val643, :val644, :val645, :val646, :val647, :val648, :val649, :val650, :val651, :val652, :val653, :val654, :val655, :val656, :val657, :val658, :val659, :val660, :val661, :val662, :val663, :val664, :val665, :val666, :val667, :val668, :val669, :val670, :val671, :val672, :val673, :val674, :val675, :val676, :val677, :val678, :val679, :val680, :val681, :val682, :val683, :val684, :val685, :val686, :val687, :val688, :val689, :val690, :val691, :val692, :val693, :val694, :val695, :val696, :val697, :val698, :val699, :val700, :val701, :val702, :val703, :val704, :val705, :val706, :val707, :val708, :val709, :val710, :val711, :val712, :val713, :val714, :val715, :val716, :val717, :val718, :val719, :val720, :val721, :val722, :val723, :val724, :val725, :val726, :val727, :val728, :val729, :val730, :val731, :val732, :val733, :val734, :val735, :val736, :val737, :val738, :val739, :val740, :val741, :val742, :val743, :val744, :val745, :val746, :val747, :val748, :val749, :val750, :val751, :val752, :val753, :val754, :val755, :val756, :val757, :val758, :val759, :val760, :val761, :val762, :val763, :val764, :val765, :val766, :val767, :val768, :val769, :val770, :val771, :val772, :val773, :val774, :val775, :val776, :val777, :val778, :val779, :val780, :val781, :val782, :val783, :val784, :val785, :val786, :val787, :val788, :val789, :val790, :val791, :val792, :val793, :val794, :val795, :val796, :val797, :val798, :val799, :val800, :val801, :val802, :val803, :val804, :val805, :val806, :val807, :val808, :val809, :val810, :val811, :val812, :val813, :val814, :val815, :val816, :val817, :val818, :val819, :val820, :val821, :val822, :val823, :val824, :val825, :val826, :val827, :val828, :val829, :val830, :val831, :val832, :val833, :val834, :val835, :val836, :val837, :val838, :val839, :val840, :val841, :val842, :val843, :val844, :val845, :val846, :val847, :val848, :val849, :val850, :val851, :val852, :val853, :val854, :val855, :val856, :val857, :val858, :val859, :val860, :val861, :val862, :val863, :val864, :val865, :val866, :val867, :val868, :val869, :val870, :val871, :val872, :val873, :val874, :val875, :val876, :val877, :val878, :val879, :val880, :val881, :val882, :val883, :val884, :val885, :val886, :val887, :val888, :val889, :val890, :val891, :val892, :val893, :val894, :val895, :val896, :val897, :val898, :val899, :val900, :val901, :val902, :val903, :val904, :val905, :val906, :val907, :val908, :val909, :val910, :val911, :val912, :val913, :val914, :val915, :val916, :val917, :val918, :val919, :val920, :val921, :val922, :val923, :val924, :val925, :val926, :val927, :val928, :val929, :val930, :val931, :val932, :val933, :val934, :val935, :val936, :val937, :val938, :val939, :val940, :val941, :val942, :val943, :val944, :val945, :val946, :val947, :val948, :val949, :val950, :val951, :val952, :val953, :val954, :val955, :val956, :val957, :val958, :val959, :val960, :val961, :val962, :val963, :val964, :val965, :val966, :val967, :val968, :val969, :val970, :val971, :val972, :val973, :val974, :val975, :val976, :val977, :val978, :val979, :val980, :val981, :val982, :val983, :val984, :val985, :val986, :val987, :val988, :val989, :val990, :val991, :val992, :val993, :val994, :val995, :val996, :val997, :val998, :val999, :val1000, :val1001, :val1002, :val1003, :val1004, :val1005, :val1006, :val1007, :val1008, :val1009, :val1010, :val1011, :val1012, :val1013, :val1014, :val1015, :val1016, :val1017, :val1018, :val1019, :val1020, :val1021, :val1022, :val1023, :val1024, :val1025, :val1026, :val1027, :val1028, :val1029, :val1030, :val1031, :val1032, :val1033, :val1034, :val1035, :val1036, :val1037, :val1038, :val1039, :val1040, :val1041, :val1042, :val1043, :val1044, :val1045, :val1046, :val1047, :val1048, :val1049, :val1050, :val1051, :val1052, :val1053, :val1054, :val1055, :val1056, :val1057, :val1058, :val1059, :val1060, :val1061, :val1062, :val1063, :val1064, :val1065, :val1066, :val1067, :val1068, :val1069, :val1070, :val1071, :val1072, :val1073, :val1074, :val1075, :val1076, :val1077, :val1078, :val1079, :val1080, :val1081, :val1082, :val1083, :val1084, :val1085, :val1086, :val1087, :val1088, :val1089, :val1090, :val1091, :val1092, :val1093, :val1094, :val1095, :val1096, :val1097, :val1098, :val1099, :val1100, :val1101, :val1102, :val1103, :val1104, :val1105, :val1106, :val1107, :val1108, :val1109, :val1110, :val1111, :val1112, :val1113, :val1114, :val1115, :val1116, :val1117, :val1118, :val1119, :val1120, :val1121, :val1122, :val1123, :val1124, :val1125, :val1126, :val1127, :val1128, :val1129, :val1130, :val1131, :val1132, :val1133, :val1134, :val1135, :val1136, :val1137, :val1138, :val1139, :val1140, :val1141, :val1142, :val1143, :val1144, :val1145, :val1146, :val1147, :val1148, :val1149, :val1150, :val1151, :val1152, :val1153, :val1154, :val1155, :val1156, :val1157, :val1158, :val1159, :val1160, :val1161, :val1162, :val1163, :val1164, :val1165, :val1166, :val1167, :val1168, :val1169, :val1170, :val1171, :val1172, :val1173, :val1174, :val1175, :val1176, :val1177, :val1178, :val1179, :val1180, :val1181, :val1182, :val1183, :val1184, :val1185, :val1186, :val1187, :val1188, :val1189, :val1190, :val1191, :val1192, :val1193, :val1194, :val1195, :val1196, :val1197, :val1198, :val1199, :val1200, :val1201, :val1202, :val1203, :val1204, :val1205, :val1206, :val1207, :val1208, :val1209, :val1210, :val1211, :val1212, :val1213, :val1214, :val1215, :val1216, :val1217, :val1218, :val1219, :val1220, :val1221, :val1222, :val1223, :val1224, :val1225, :val1226, :val1227, :val1228, :val1229, :val1230, :val1231, :val1232, :val1233, :val1234, :val1235, :val1236, :val1237, :val1238, :val1239, :val1240, :val1241, :val1242, :val1243, :val1244, :val1245, :val1246, :val1247, :val1248, :val1249, :val1250, :val1251, :val1252, :val1253, :val1254, :val1255, :val1256, :val1257, :val1258, :val1259, :val1260, :val1261, :val1262, :val1263, :val1264, :val1265, :val1266, :val1267, :val1268, :val1269, :val1270, :val1271, :val1272, :val1273, :val1274, :val1275, :val1276, :val1277, :val1278, :val1279, :val1280, :val1281, :val1282, :val1283, :val1284, :val1285, :val1286, :val1287, :val1288, :val1289, :val1290, :val1291, :val1292, :val1293, :val1294, :val1295, :val1296, :val1297, :val1298, :val1299, :val1300, :val1301, :val1302, :val1303, :val1304, :val1305, :val1306, :val1307, :val1308, :val1309, :val1310, :val1311, :val1312, :val1313, :val1314, :val1315, :val1316, :val1317, :val1318, :val1319, :val1320, :val1321, :val1322, :val1323, :val1324, :val1325, :val1326, :val1327, :val1328, :val1329, :val1330, :val1331, :val1332, :val1333, :val1334, :val1335, :val1336, :val1337, :val1338, :val1339, :val1340, :val1341, :val1342, :val1343, :val1344, :val1345, :val1346, :val1347, :val1348, :val1349, :val1350, :val1351, :val1352, :val1353, :val1354, :val1355, :val1356, :val1357, :val1358, :val1359, :val1360, :val1361, :val1362, :val1363, :val1364, :val1365, :val1366, :val1367, :val1368, :val1369, :val1370, :val1371, :val1372, :val1373, :val1374, :val1375, :val1376, :val1377, :val1378, :val1379, :val1380, :val1381, :val1382, :val1383, :val1384, :val1385, :val1386, :val1387, :val1388, :val1389, :val1390, :val1391, :val1392, :val1393, :val1394, :val1395, :val1396, :val1397, :val1398, :val1399, :val1400, :val1401, :val1402, :val1403, :val1404, :val1405, :val1406, :val1407, :val1408, :val1409, :val1410, :val1411, :val1412, :val1413, :val1414, :val1415, :val1416, :val1417, :val1418, :val1419, :val1420, :val1421, :val1422, :val1423, :val1424, :val1425, :val1426, :val1427, :val1428, :val1429, :val1430, :val1431, :val1432, :val1433, :val1434, :val1435, :val1436, :val1437, :val1438, :val1439, :val1440, :val1441, :val1442, :val1443, :val1444, :val1445, :val1446, :val1447, :val1448, :val1449, :val1450, :val1451, :val1452, :val1453, :val1454, :val1455, :val1456, :val1457, :val1458, :val1459, :val1460, :val1461, :val1462, :val1463, :val1464, :val1465, :val1466, :val1467, :val1468, :val1469, :val1470, :val1471, :val1472, :val1473, :val1474, :val1475, :val1476, :val1477, :val1478, :val1479, :val1480, :val1481, :val1482, :val1483, :val1484, :val1485, :val1486, :val1487, :val1488, :val1489, :val1490, :val1491, :val1492, :val1493, :val1494, :val1495, :val1496, :val1497, :val1498, :val1499, :val1500, :val1501, :val1502, :val1503, :val1504, :val1505, :val1506, :val1507, :val1508, :val1509, :val1510, :val1511, :val1512, :val1513, :val1514, :val1515, :val1516, :val1517, :val1518, :val1519, :val1520, :val1521, :val1522, :val1523, :val1524, :val1525, :val1526, :val1527, :val1528, :val1529, :val1530, :val1531, :val1532, :val1533, :val1534, :val1535, :val1536, :val1537, :val1538, :val1539, :val1540, :val1541, :val1542, :val1543, :val1544, :val1545, :val1546, :val1547, :val1548, :val1549, :val1550, :val1551, :val1552, :val1553, :val1554, :val1555, :val1556, :val1557, :val1558, :val1559, :val1560, :val1561, :val1562, :val1563, :val1564, :val1565, :val1566, :val1567, :val1568, :val1569, :val1570, :val1571, :val1572, :val1573, :val1574, :val1575, :val1576, :val1577, :val1578, :val1579, :val1580, :val1581, :val1582, :val1583, :val1584, :val1585, :val1586, :val1587, :val1588, :val1589, :val1590, :val1591, :val1592, :val1593, :val1594, :val1595, :val1596, :val1597, :val1598, :val1599, :val1600, :val1601, :val1602, :val1603, :val1604, :val1605, :val1606, :val1607, :val1608, :val1609, :val1610, :val1611, :val1612, :val1613, :val1614, :val1615, :val1616, :val1617, :val1618, :val1619, :val1620, :val1621, :val1622, :val1623, :val1624, :val1625, :val1626, :val1627, :val1628, :val1629, :val1630, :val1631, :val1632, :val1633, :val1634, :val1635, :val1636, :val1637, :val1638, :val1639, :val1640, :val1641, :val1642, :val1643, :val1644, :val1645, :val1646, :val1647, :val1648, :val1649, :val1650, :val1651, :val1652, :val1653, :val1654, :val1655, :val1656, :val1657, :val1658, :val1659, :val1660, :val1661, :val1662, :val1663, :val1664, :val1665, :val1666, :val1667, :val1668, :val1669, :val1670, :val1671, :val1672, :val1673, :val1674, :val1675, :val1676, :val1677, :val1678, :val1679, :val1680, :val1681, :val1682, :val1683, :val1684, :val1685, :val1686, :val1687, :val1688, :val1689, :val1690, :val1691, :val1692, :val1693, :val1694, :val1695, :val1696, :val1697, :val1698, :val1699, :val1700, :val1701, :val1702, :val1703, :val1704, :val1705, :val1706, :val1707, :val1708, :val1709, :val1710, :val1711, :val1712, :val1713, :val1714, :val1715, :val1716, :val1717, :val1718, :val1719, :val1720, :val1721, :val1722, :val1723, :val1724, :val1725, :val1726, :val1727, :val1728, :val1729, :val1730, :val1731, :val1732, :val1733, :val1734, :val1735, :val1736, :val1737, :val1738, :val1739, :val1740, :val1741, :val1742, :val1743, :val1744, :val1745, :val1746, :val1747, :val1748, :val1749, :val1750, :val1751, :val1752, :val1753, :val1754, :val1755, :val1756, :val1757, :val1758, :val1759, :val1760, :val1761, :val1762, :val1763, :val1764, :val1765, :val1766, :val1767, :val1768, :val1769, :val1770, :val1771, :val1772, :val1773, :val1774, :val1775, :val1776, :val1777, :val1778, :val1779, :val1780, :val1781, :val1782, :val1783, :val1784, :val1785, :val1786, :val1787, :val1788, :val1789, :val1790, :val1791, :val1792, :val1793, :val1794, :val1795, :val1796, :val1797, :val1798, :val1799, :val1800, :val1801, :val1802, :val1803, :val1804, :val1805, :val1806, :val1807, :val1808, :val1809, :val1810, :val1811, :val1812, :val1813, :val1814, :val1815, :val1816, :val1817, :val1818, :val1819, :val1820, :val1821, :val1822, :val1823, :val1824, :val1825, :val1826, :val1827, :val1828, :val1829, :val1830, :val1831, :val1832, :val1833, :val1834, :val1835, :val1836, :val1837, :val1838, :val1839, :val1840, :val1841, :val1842, :val1843, :val1844, :val1845, :val1846, :val1847, :val1848, :val1849, :val1850, :val1851, :val1852, :val1853, :val1854, :val1855, :val1856, :val1857, :val1858, :val1859, :val1860, :val1861, :val1862, :val1863, :val1864, :val1865, :val1866, :val1867, :val1868, :val1869, :val1870, :val1871, :val1872, :val1873, :val1874, :val1875, :val1876, :val1877, :val1878, :val1879, :val1880, :val1881, :val1882, :val1883, :val1884, :val1885, :val1886, :val1887, :val1888, :val1889, :val1890, :val1891, :val1892, :val1893, :val1894, :val1895, :val1896, :val1897, :val1898, :val1899, :val1900, :val1901, :val1902, :val1903, :val1904, :val1905, :val1906, :val1907, :val1908, :val1909, :val1910, :val1911, :val1912, :val1913, :val1914, :val1915, :val1916, :val1917, :val1918, :val1919, :val1920, :val1921, :val1922, :val1923, :val1924, :val1925, :val1926, :val1927, :val1928, :val1929, :val1930, :val1931, :val1932, :val1933, :val1934, :val1935, :val1936, :val1937, :val1938, :val1939, :val1940, :val1941, :val1942, :val1943, :val1944, :val1945, :val1946, :val1947, :val1948, :val1949, :val1950, :val1951, :val1952, :val1953, :val1954, :val1955, :val1956, :val1957, :val1958, :val1959, :val1960, :val1961, :val1962, :val1963, :val1964, :val1965, :val1966, :val1967, :val1968, :val1969, :val1970, :val1971, :val1972, :val1973, :val1974, :val1975, :val1976, :val1977, :val1978, :val1979, :val1980, :val1981, :val1982, :val1983, :val1984, :val1985, :val1986, :val1987, :val1988, :val1989, :val1990, :val1991, :val1992, :val1993, :val1994, :val1995, :val1996, :val1997, :val1998, :val1999, :val2000, :val2001, :val2002, :val2003, :val2004, :val2005, :val2006, :val2007, :val2008, :val2009, :val2010, :val2011, :val2012, :val2013, :val2014, :val2015, :val2016, :val2017, :val2018, :val2019, :val2020, :val2021, :val2022, :val2023, :val2024, :val2025, :val2026, :val2027, :val2028, :val2029, :val2030, :val2031, :val2032, :val2033, :val2034, :val2035, :val2036, :val2037, :val2038, :val2039, :val2040, :val2041, :val2042, :val2043, :val2044, :val2045, :val2046, :val2047, :val2048, :val2049, :val2050, :val2051, :val2052, :val2053, :val2054, :val2055, :val2056, :val2057, :val2058, :val2059, :val2060, :val2061, :val2062, :val2063, :val2064, :val2065, :val2066, :val2067, :val2068, :val2069, :val2070, :val2071, :val2072, :val2073, :val2074, :val2075, :val2076, :val2077, :val2078, :val2079, :val2080, :val2081, :val2082, :val2083, :val2084, :val2085, :val2086, :val2087, :val2088, :val2089, :val2090, :val2091, :val2092, :val2093, :val2094, :val2095, :val2096, :val2097, :val2098, :val2099, :val2100, :val2101, :val2102, :val2103, :val2104, :val2105, :val2106, :val2107, :val2108, :val2109, :val2110, :val2111, :val2112, :val2113, :val2114, :val2115, :val2116, :val2117, :val2118, :val2119, :val2120, :val2121, :val2122, :val2123, :val2124, :val2125, :val2126, :val2127, :val2128, :val2129, :val2130, :val2131, :val2132, :val2133, :val2134, :val2135, :val2136, :val2137, :val2138, :val2139, :val2140, :val2141, :val2142, :val2143, :val2144, :val2145, :val2146, :val2147, :val2148, :val2149, :val2150, :val2151, :val2152, :val2153, :val2154, :val2155, :val2156, :val2157, :val2158, :val2159, :val2160, :val2161, :val2162, :val2163, :val2164, :val2165, :val2166, :val2167, :val2168, :val2169, :val2170, :val2171, :val2172, :val2173, :val2174, :val2175, :val2176, :val2177, :val2178, :val2179, :val2180, :val2181, :val2182, :val2183, :val2184, :val2185, :val2186, :val2187, :val2188, :val2189, :val2190, :val2191, :val2192, :val2193, :val2194, :val2195, :val2196, :val2197, :val2198, :val2199, :val2200, :val2201, :val2202, :val2203, :val2204, :val2205, :val2206, :val2207, :val2208, :val2209, :val2210, :val2211, :val2212, :val2213, :val2214, :val2215, :val2216, :val2217, :val2218, :val2219, :val2220, :val2221, :val2222, :val2223, :val2224, :val2225, :val2226, :val2227, :val2228, :val2229, :val2230, :val2231, :val2232, :val2233, :val2234, :val2235, :val2236, :val2237, :val2238, :val2239, :val2240, :val2241, :val2242, :val2243, :val2244, :val2245, :val2246, :val2247, :val2248, :val2249, :val2250, :val2251, :val2252, :val2253, :val2254, :val2255, :val2256, :val2257, :val2258, :val2259, :val2260, :val2261, :val2262, :val2263, :val2264, :val2265, :val2266, :val2267, :val2268, :val2269, :val2270, :val2271, :val2272, :val2273, :val2274, :val2275, :val2276, :val2277, :val2278, :val2279, :val2280, :val2281, :val2282, :val2283, :val2284, :val2285, :val2286, :val2287, :val2288, :val2289, :val2290, :val2291, :val2292, :val2293, :val2294, :val2295, :val2296, :val2297, :val2298, :val2299, :val2300, :val2301, :val2302, :val2303, :val2304, :val2305, :val2306, :val2307, :val2308, :val2309, :val2310, :val2311, :val2312, :val2313, :val2314, :val2315, :val2316, :val2317, :val2318, :val2319, :val2320, :val2321, :val2322, :val2323, :val2324, :val2325, :val2326, :val2327, :val2328, :val2329, :val2330, :val2331, :val2332, :val2333, :val2334, :val2335, :val2336, :val2337, :val2338, :val2339, :val2340, :val2341, :val2342, :val2343, :val2344, :val2345, :val2346, :val2347, :val2348, :val2349, :val2350, :val2351, :val2352, :val2353, :val2354, :val2355, :val2356, :val2357, :val2358, :val2359, :val2360, :val2361, :val2362, :val2363, :val2364, :val2365, :val2366, :val2367, :val2368, :val2369, :val2370, :val2371, :val2372, :val2373, :val2374, :val2375, :val2376, :val2377, :val2378, :val2379, :val2380, :val2381, :val2382, :val2383, :val2384, :val2385, :val2386, :val2387, :val2388, :val2389, :val2390, :val2391, :val2392, :val2393, :val2394, :val2395, :val2396, :val2397, :val2398, :val2399, :val2400, :val2401, :val2402, :val2403, :val2404, :val2405, :val2406, :val2407, :val2408, :val2409, :val2410, :val2411, :val2412, :val2413, :val2414, :val2415, :val2416, :val2417, :val2418, :val2419, :val2420, :val2421, :val2422, :val2423, :val2424, :val2425, :val2426, :val2427, :val2428, :val2429, :val2430, :val2431, :val2432, :val2433, :val2434, :val2435, :val2436, :val2437, :val2438, :val2439, :val2440, :val2441, :val2442, :val2443, :val2444, :val2445, :val2446, :val2447, :val2448, :val2449, :val2450, :val2451, :val2452, :val2453, :val2454, :val2455, :val2456, :val2457, :val2458, :val2459, :val2460, :val2461, :val2462, :val2463, :val2464, :val2465, :val2466, :val2467, :val2468, :val2469, :val2470, :val2471, :val2472, :val2473, :val2474, :val2475, :val2476, :val2477, :val2478, :val2479, :val2480, :val2481, :val2482, :val2483, :val2484, :val2485, :val2486, :val2487, :val2488, :val2489, :val2490, :val2491, :val2492, :val2493, :val2494, :val2495, :val2496, :val2497, :val2498, :val2499, :val2500, :val2501, :val2502, :val2503, :val2504, :val2505, :val2506, :val2507, :val2508, :val2509, :val2510, :val2511, :val2512, :val2513, :val2514, :val2515, :val2516, :val2517, :val2518, :val2519, :val2520, :val2521, :val2522, :val2523, :val2524, :val2525, :val2526, :val2527, :val2528, :val2529, :val2530, :val2531, :val2532, :val2533, :val2534, :val2535, :val2536, :val2537, :val2538, :val2539, :val2540, :val2541, :val2542, :val2543, :val2544, :val2545, :val2546, :val2547, :val2548, :val2549, :val2550, :val2551, :val2552, :val2553, :val2554, :val2555, :val2556, :val2557, :val2558, :val2559, :val2560, :val2561, :val2562, :val2563, :val2564, :val2565, :val2566, :val2567, :val2568, :val2569, :val2570, :val2571, :val2572, :val2573, :val2574, :val2575, :val2576, :val2577, :val2578, :val2579, :val2580, :val2581, :val2582, :val2583, :val2584, :val2585, :val2586, :val2587, :val2588, :val2589, :val2590, :val2591, :val2592, :val2593, :val2594, :val2595, :val2596, :val2597, :val2598, :val2599, :val2600, :val2601, :val2602, :val2603, :val2604, :val2605, :val2606, :val2607, :val2608, :val2609, :val2610, :val2611, :val2612, :val2613, :val2614, :val2615, :val2616, :val2617, :val2618, :val2619, :val2620, :val2621, :val2622, :val2623, :val2624, :val2625, :val2626, :val2627, :val2628, :val2629, :val2630, :val2631, :val2632, :val2633, :val2634, :val2635, :val2636, :val2637, :val2638, :val2639, :val2640, :val2641, :val2642, :val2643, :val2644, :val2645, :val2646, :val2647, :val2648, :val2649, :val2650, :val2651, :val2652, :val2653, :val2654, :val2655, :val2656, :val2657, :val2658, :val2659, :val2660, :val2661, :val2662, :val2663, :val2664, :val2665, :val2666, :val2667, :val2668, :val2669, :val2670, :val2671, :val2672, :val2673, :val2674, :val2675, :val2676, :val2677, :val2678, :val2679, :val2680, :val2681, :val2682, :val2683, :val2684, :val2685, :val2686, :val2687, :val2688, :val2689, :val2690, :val2691, :val2692, :val2693, :val2694, :val2695, :val2696, :val2697, :val2698, :val2699, :val2700, :val2701, :val2702, :val2703, :val2704, :val2705, :val2706, :val2707, :val2708, :val2709, :val2710, :val2711, :val2712, :val2713, :val2714, :val2715, :val2716, :val2717, :val2718, :val2719, :val2720, :val2721, :val2722, :val2723, :val2724, :val2725, :val2726, :val2727, :val2728, :val2729, :val2730, :val2731, :val2732, :val2733, :val2734, :val2735, :val2736, :val2737, :val2738, :val2739, :val2740, :val2741, :val2742, :val2743, :val2744, :val2745, :val2746, :val2747, :val2748, :val2749, :val2750, :val2751, :val2752, :val2753, :val2754, :val2755, :val2756, :val2757, :val2758, :val2759, :val2760, :val2761, :val2762, :val2763, :val2764, :val2765, :val2766, :val2767, :val2768, :val2769, :val2770, :val2771, :val2772, :val2773, :val2774, :val2775, :val2776, :val2777, :val2778, :val2779, :val2780, :val2781, :val2782, :val2783, :val2784, :val2785, :val2786, :val2787, :val2788, :val2789, :val2790, :val2791, :val2792, :val2793, :val2794, :val2795, :val2796, :val2797, :val2798, :val2799, :val2800, :val2801, :val2802, :val2803, :val2804, :val2805, :val2806, :val2807, :val2808, :val2809, :val2810, :val2811, :val2812, :val2813, :val2814, :val2815, :val2816, :val2817, :val2818, :val2819, :val2820, :val2821, :val2822, :val2823, :val2824, :val2825, :val2826, :val2827, :val2828, :val2829, :val2830, :val2831, :val2832, :val2833, :val2834, :val2835, :val2836, :val2837, :val2838, :val2839, :val2840, :val2841, :val2842, :val2843, :val2844, :val2845, :val2846, :val2847, :val2848, :val2849, :val2850, :val2851, :val2852, :val2853, :val2854, :val2855, :val2856, :val2857, :val2858, :val2859, :val2860, :val2861, :val2862, :val2863, :val2864, :val2865, :val2866, :val2867, :val2868, :val2869, :val2870, :val2871, :val2872, :val2873, :val2874, :val2875, :val2876, :val2877, :val2878, :val2879, :val2880, :val2881, :val2882, :val2883, :val2884, :val2885, :val2886, :val2887, :val2888, :val2889, :val2890, :val2891, :val2892, :val2893, :val2894, :val2895, :val2896, :val2897, :val2898, :val2899, :val2900, :val2901, :val2902, :val2903, :val2904, :val2905, :val2906, :val2907, :val2908, :val2909, :val2910, :val2911, :val2912, :val2913, :val2914, :val2915, :val2916, :val2917, :val2918, :val2919, :val2920, :val2921, :val2922, :val2923, :val2924, :val2925, :val2926, :val2927, :val2928, :val2929, :val2930, :val2931, :val2932, :val2933, :val2934, :val2935, :val2936, :val2937, :val2938, :val2939, :val2940, :val2941, :val2942, :val2943, :val2944, :val2945, :val2946, :val2947, :val2948, :val2949, :val2950, :val2951, :val2952, :val2953, :val2954, :val2955, :val2956, :val2957, :val2958, :val2959, :val2960, :val2961, :val2962, :val2963, :val2964, :val2965, :val2966, :val2967, :val2968, :val2969, :val2970, :val2971, :val2972, :val2973, :val2974, :val2975, :val2976, :val2977, :val2978, :val2979, :val2980, :val2981, :val2982, :val2983, :val2984, :val2985, :val2986, :val2987, :val2988, :val2989, :val2990, :val2991, :val2992, :val2993, :val2994, :val2995, :val2996, :val2997, :val2998, :val2999, :val3000, :val3001, :val3002, :val3003, :val3004, :val3005, :val3006, :val3007, :val3008, :val3009, :val3010, :val3011, :val3012, :val3013, :val3014, :val3015, :val3016, :val3017, :val3018, :val3019, :val3020, :val3021, :val3022, :val3023, :val3024, :val3025, :val3026, :val3027, :val3028, :val3029, :val3030, :val3031, :val3032, :val3033, :val3034, :val3035, :val3036, :val3037, :val3038, :val3039, :val3040, :val3041, :val3042, :val3043, :val3044, :val3045, :val3046, :val3047, :val3048, :val3049, :val3050, :val3051, :val3052, :val3053, :val3054, :val3055, :val3056, :val3057, :val3058, :val3059, :val3060, :val3061, :val3062, :val3063, :val3064, :val3065, :val3066, :val3067, :val3068, :val3069, :val3070, :val3071, :val3072, :val3073, :val3074, :val3075, :val3076, :val3077, :val3078, :val3079, :val3080, :val3081, :val3082, :val3083, :val3084, :val3085, :val3086, :val3087, :val3088, :val3089, :val3090, :val3091, :val3092, :val3093, :val3094, :val3095, :val3096, :val3097, :val3098, :val3099, :val3100, :val3101, :val3102, :val3103, :val3104, :val3105, :val3106, :val3107, :val3108, :val3109, :val3110, :val3111, :val3112, :val3113, :val3114, :val3115, :val3116, :val3117, :val3118, :val3119, :val3120, :val3121, :val3122, :val3123, :val3124, :val3125, :val3126, :val3127, :val3128, :val3129, :val3130, :val3131, :val3132, :val3133, :val3134, :val3135, :val3136, :val3137, :val3138, :val3139, :val3140, :val3141, :val3142, :val3143, :val3144, :val3145, :val3146, :val3147, :val3148, :val3149, :val3150, :val3151, :val3152, :val3153, :val3154, :val3155, :val3156, :val3157, :val3158, :val3159, :val3160, :val3161, :val3162, :val3163, :val3164, :val3165, :val3166, :val3167, :val3168, :val3169, :val3170, :val3171, :val3172, :val3173, :val3174, :val3175, :val3176, :val3177, :val3178, :val3179, :val3180, :val3181, :val3182, :val3183, :val3184, :val3185, :val3186, :val3187, :val3188, :val3189, :val3190, :val3191, :val3192, :val3193, :val3194, :val3195, :val3196, :val3197, :val3198, :val3199, :val3200, :val3201, :val3202, :val3203, :val3204, :val3205, :val3206, :val3207, :val3208, :val3209, :val3210, :val3211, :val3212, :val3213, :val3214, :val3215, :val3216, :val3217, :val3218, :val3219, :val3220, :val3221, :val3222, :val3223, :val3224, :val3225, :val3226, :val3227, :val3228, :val3229, :val3230, :val3231, :val3232, :val3233, :val3234, :val3235, :val3236, :val3237, :val3238, :val3239, :val3240, :val3241, :val3242, :val3243, :val3244, :val3245, :val3246, :val3247, :val3248, :val3249, :val3250, :val3251, :val3252, :val3253, :val3254, :val3255, :val3256, :val3257, :val3258, :val3259, :val3260, :val3261, :val3262, :val3263, :val3264, :val3265, :val3266, :val3267, :val3268, :val3269, :val3270, :val3271, :val3272, :val3273, :val3274, :val3275, :val3276, :val3277, :val3278, :val3279, :val3280, :val3281, :val3282, :val3283, :val3284, :val3285, :val3286, :val3287, :val3288, :val3289, :val3290, :val3291, :val3292, :val3293, :val3294, :val3295, :val3296, :val3297, :val3298, :val3299, :val3300, :val3301, :val3302, :val3303, :val3304, :val3305, :val3306, :val3307, :val3308, :val3309, :val3310, :val3311, :val3312, :val3313, :val3314, :val3315, :val3316, :val3317, :val3318, :val3319, :val3320, :val3321, :val3322, :val3323, :val3324, :val3325, :val3326, :val3327, :val3328, :val3329, :val3330, :val3331, :val3332, :val3333, :val3334, :val3335, :val3336, :val3337, :val3338, :val3339, :val3340, :val3341, :val3342, :val3343, :val3344, :val3345, :val3346, :val3347, :val3348, :val3349, :val3350, :val3351, :val3352, :val3353, :val3354, :val3355, :val3356, :val3357, :val3358, :val3359, :val3360, :val3361, :val3362, :val3363, :val3364, :val3365, :val3366, :val3367, :val3368, :val3369, :val3370, :val3371, :val3372, :val3373, :val3374, :val3375, :val3376, :val3377, :val3378, :val3379, :val3380, :val3381, :val3382, :val3383, :val3384, :val3385, :val3386, :val3387, :val3388, :val3389, :val3390, :val3391, :val3392, :val3393, :val3394, :val3395, :val3396, :val3397, :val3398, :val3399, :val3400, :val3401, :val3402, :val3403, :val3404, :val3405, :val3406, :val3407, :val3408, :val3409, :val3410, :val3411, :val3412, :val3413, :val3414, :val3415, :val3416, :val3417, :val3418, :val3419, :val3420, :val3421, :val3422, :val3423, :val3424, :val3425, :val3426, :val3427, :val3428, :val3429, :val3430, :val3431, :val3432, :val3433, :val3434, :val3435, :val3436, :val3437, :val3438, :val3439, :val3440, :val3441, :val3442, :val3443, :val3444, :val3445, :val3446, :val3447, :val3448, :val3449, :val3450, :val3451, :val3452, :val3453, :val3454, :val3455, :val3456, :val3457, :val3458, :val3459, :val3460, :val3461, :val3462, :val3463, :val3464, :val3465, :val3466, :val3467, :val3468, :val3469, :val3470, :val3471, :val3472, :val3473, :val3474, :val3475, :val3476, :val3477, :val3478, :val3479, :val3480, :val3481, :val3482, :val3483, :val3484, :val3485, :val3486, :val3487, :val3488, :val3489, :val3490, :val3491, :val3492, :val3493, :val3494, :val3495, :val3496, :val3497, :val3498, :val3499, :val3500, :val3501, :val3502, :val3503, :val3504, :val3505, :val3506, :val3507, :val3508, :val3509, :val3510, :val3511, :val3512, :val3513, :val3514, :val3515, :val3516, :val3517, :val3518, :val3519, :val3520, :val3521, :val3522, :val3523, :val3524, :val3525, :val3526, :val3527, :val3528, :val3529, :val3530, :val3531, :val3532, :val3533, :val3534, :val3535, :val3536, :val3537, :val3538, :val3539, :val3540, :val3541, :val3542, :val3543, :val3544, :val3545, :val3546, :val3547, :val3548, :val3549, :val3550, :val3551, :val3552, :val3553, :val3554, :val3555, :val3556, :val3557, :val3558, :val3559, :val3560, :val3561, :val3562, :val3563, :val3564, :val3565, :val3566, :val3567, :val3568, :val3569, :val3570, :val3571, :val3572, :val3573, :val3574, :val3575, :val3576, :val3577, :val3578, :val3579, :val3580, :val3581, :val3582, :val3583, :val3584, :val3585, :val3586, :val3587, :val3588, :val3589, :val3590, :val3591, :val3592, :val3593, :val3594, :val3595, :val3596, :val3597, :val3598, :val3599, :val3600, :val3601, :val3602, :val3603, :val3604, :val3605, :val3606, :val3607, :val3608, :val3609, :val3610, :val3611, :val3612, :val3613, :val3614, :val3615, :val3616, :val3617, :val3618, :val3619, :val3620, :val3621, :val3622, :val3623, :val3624, :val3625, :val3626, :val3627, :val3628, :val3629, :val3630, :val3631, :val3632, :val3633, :val3634, :val3635, :val3636, :val3637, :val3638, :val3639, :val3640, :val3641, :val3642, :val3643, :val3644, :val3645, :val3646, :val3647, :val3648, :val3649, :val3650, :val3651, :val3652, :val3653, :val3654, :val3655, :val3656, :val3657, :val3658, :val3659, :val3660, :val3661, :val3662, :val3663, :val3664, :val3665, :val3666, :val3667, :val3668, :val3669, :val3670, :val3671, :val3672, :val3673, :val3674, :val3675, :val3676, :val3677, :val3678, :val3679, :val3680, :val3681, :val3682, :val3683, :val3684, :val3685, :val3686, :val3687, :val3688, :val3689, :val3690, :val3691, :val3692, :val3693, :val3694, :val3695, :val3696, :val3697, :val3698, :val3699, :val3700, :val3701, :val3702, :val3703, :val3704, :val3705, :val3706, :val3707, :val3708, :val3709, :val3710, :val3711, :val3712, :val3713, :val3714, :val3715, :val3716, :val3717, :val3718, :val3719, :val3720, :val3721, :val3722, :val3723, :val3724, :val3725, :val3726, :val3727, :val3728, :val3729, :val3730, :val3731, :val3732, :val3733, :val3734, :val3735, :val3736, :val3737, :val3738, :val3739, :val3740, :val3741, :val3742, :val3743, :val3744, :val3745, :val3746, :val3747, :val3748, :val3749, :val3750, :val3751, :val3752, :val3753, :val3754, :val3755, :val3756, :val3757, :val3758, :val3759, :val3760, :val3761, :val3762, :val3763, :val3764, :val3765, :val3766, :val3767, :val3768, :val3769, :val3770, :val3771, :val3772, :val3773, :val3774, :val3775, :val3776, :val3777, :val3778, :val3779, :val3780, :val3781, :val3782, :val3783, :val3784, :val3785, :val3786, :val3787, :val3788, :val3789, :val3790, :val3791, :val3792, :val3793, :val3794, :val3795, :val3796, :val3797, :val3798, :val3799, :val3800, :val3801, :val3802, :val3803, :val3804, :val3805, :val3806, :val3807, :val3808, :val3809, :val3810, :val3811, :val3812, :val3813, :val3814, :val3815, :val3816, :val3817, :val3818, :val3819, :val3820, :val3821, :val3822, :val3823, :val3824, :val3825, :val3826, :val3827, :val3828, :val3829, :val3830, :val3831, :val3832, :val3833, :val3834, :val3835, :val3836, :val3837, :val3838, :val3839, :val3840, :val3841, :val3842, :val3843, :val3844, :val3845, :val3846, :val3847, :val3848, :val3849, :val3850, :val3851, :val3852, :val3853, :val3854, :val3855, :val3856, :val3857, :val3858, :val3859, :val3860, :val3861, :val3862, :val3863, :val3864, :val3865, :val3866, :val3867, :val3868, :val3869, :val3870, :val3871, :val3872, :val3873, :val3874, :val3875, :val3876, :val3877, :val3878, :val3879, :val3880, :val3881, :val3882, :val3883, :val3884, :val3885, :val3886, :val3887, :val3888, :val3889, :val3890, :val3891, :val3892, :val3893, :val3894, :val3895, :val3896, :val3897, :val3898, :val3899, :val3900, :val3901, :val3902, :val3903, :val3904, :val3905, :val3906, :val3907, :val3908, :val3909, :val3910, :val3911, :val3912, :val3913, :val3914, :val3915, :val3916, :val3917, :val3918, :val3919, :val3920, :val3921, :val3922, :val3923, :val3924, :val3925, :val3926, :val3927, :val3928, :val3929, :val3930, :val3931, :val3932, :val3933, :val3934, :val3935, :val3936, :val3937, :val3938, :val3939, :val3940, :val3941, :val3942, :val3943, :val3944, :val3945, :val3946, :val3947, :val3948, :val3949, :val3950, :val3951, :val3952, :val3953, :val3954, :val3955, :val3956, :val3957, :val3958, :val3959, :val3960, :val3961, :val3962, :val3963, :val3964, :val3965, :val3966, :val3967, :val3968, :val3969, :val3970, :val3971, :val3972, :val3973, :val3974, :val3975, :val3976, :val3977, :val3978, :val3979, :val3980, :val3981, :val3982, :val3983, :val3984, :val3985, :val3986, :val3987, :val3988, :val3989, :val3990, :val3991, :val3992, :val3993, :val3994, :val3995, :val3996, :val3997, :val3998, :val3999, :val4000, :val4001, :val4002, :val4003, :val4004, :val4005, :val4006, :val4007, :val4008, :val4009, :val4010, :val4011, :val4012, :val4013, :val4014, :val4015, :val4016, :val4017, :val4018, :val4019, :val4020, :val4021, :val4022, :val4023, :val4024, :val4025, :val4026, :val4027, :val4028, :val4029, :val4030, :val4031, :val4032, :val4033, :val4034, :val4035, :val4036, :val4037, :val4038, :val4039, :val4040, :val4041, :val4042, :val4043, :val4044, :val4045, :val4046, :val4047, :val4048, :val4049, :val4050, :val4051, :val4052, :val4053, :val4054, :val4055, :val4056, :val4057, :val4058, :val4059, :val4060, :val4061, :val4062, :val4063, :val4064, :val4065, :val4066, :val4067, :val4068, :val4069, :val4070, :val4071, :val4072, :val4073, :val4074, :val4075, :val4076, :val4077, :val4078, :val4079, :val4080, :val4081, :val4082, :val4083, :val4084, :val4085, :val4086, :val4087, :val4088, :val4089, :val4090, :val4091, :val4092, :val4093, :val4094, :val4095, :val4096, :val4097, :val4098, :val4099, :val4100, :val4101, :val4102, :val4103, :val4104, :val4105, :val4106, :val4107, :val4108, :val4109, :val4110, :val4111, :val4112, :val4113, :val4114, :val4115, :val4116, :val4117, :val4118, :val4119, :val4120, :val4121, :val4122, :val4123, :val4124, :val4125, :val4126, :val4127, :val4128, :val4129, :val4130, :val4131, :val4132, :val4133, :val4134, :val4135, :val4136, :val4137, :val4138, :val4139, :val4140, :val4141, :val4142, :val4143, :val4144, :val4145, :val4146, :val4147, :val4148, :val4149, :val4150, :val4151, :val4152, :val4153, :val4154, :val4155, :val4156, :val4157, :val4158, :val4159, :val4160, :val4161, :val4162, :val4163, :val4164, :val4165, :val4166, :val4167, :val4168, :val4169, :val4170, :val4171, :val4172, :val4173, :val4174, :val4175, :val4176, :val4177, :val4178, :val4179, :val4180, :val4181, :val4182, :val4183, :val4184, :val4185, :val4186, :val4187, :val4188, :val4189, :val4190, :val4191, :val4192, :val4193, :val4194, :val4195, :val4196, :val4197, :val4198, :val4199, :val4200, :val4201, :val4202, :val4203, :val4204, :val4205, :val4206, :val4207, :val4208, :val4209, :val4210, :val4211, :val4212, :val4213, :val4214, :val4215, :val4216, :val4217, :val4218, :val4219, :val4220, :val4221, :val4222, :val4223, :val4224, :val4225, :val4226, :val4227, :val4228, :val4229, :val4230, :val4231, :val4232, :val4233, :val4234, :val4235, :val4236, :val4237, :val4238, :val4239, :val4240, :val4241, :val4242, :val4243, :val4244, :val4245, :val4246, :val4247, :val4248, :val4249, :val4250, :val4251, :val4252, :val4253, :val4254, :val4255, :val4256, :val4257, :val4258, :val4259, :val4260, :val4261, :val4262, :val4263, :val4264, :val4265, :val4266, :val4267, :val4268, :val4269, :val4270, :val4271, :val4272, :val4273, :val4274, :val4275, :val4276, :val4277, :val4278, :val4279, :val4280, :val4281, :val4282, :val4283, :val4284, :val4285, :val4286, :val4287, :val4288, :val4289, :val4290, :val4291, :val4292, :val4293, :val4294, :val4295, :val4296, :val4297, :val4298, :val4299, :val4300, :val4301, :val4302, :val4303, :val4304, :val4305, :val4306, :val4307, :val4308, :val4309, :val4310, :val4311, :val4312, :val4313, :val4314, :val4315, :val4316, :val4317, :val4318, :val4319, :val4320, :val4321, :val4322, :val4323, :val4324, :val4325, :val4326, :val4327, :val4328, :val4329, :val4330, :val4331, :val4332, :val4333, :val4334, :val4335, :val4336, :val4337, :val4338, :val4339, :val4340, :val4341, :val4342, :val4343, :val4344, :val4345, :val4346, :val4347, :val4348, :val4349, :val4350, :val4351, :val4352, :val4353, :val4354, :val4355, :val4356, :val4357, :val4358, :val4359, :val4360, :val4361, :val4362, :val4363, :val4364, :val4365, :val4366, :val4367, :val4368, :val4369, :val4370, :val4371, :val4372, :val4373, :val4374, :val4375, :val4376, :val4377, :val4378, :val4379, :val4380, :val4381, :val4382, :val4383, :val4384, :val4385, :val4386, :val4387, :val4388, :val4389, :val4390, :val4391, :val4392, :val4393, :val4394, :val4395, :val4396, :val4397, :val4398, :val4399, :val4400, :val4401, :val4402, :val4403, :val4404, :val4405, :val4406, :val4407, :val4408, :val4409, :val4410, :val4411, :val4412, :val4413, :val4414, :val4415, :val4416, :val4417, :val4418, :val4419, :val4420, :val4421, :val4422, :val4423, :val4424, :val4425, :val4426, :val4427, :val4428, :val4429, :val4430, :val4431, :val4432, :val4433, :val4434, :val4435, :val4436, :val4437, :val4438, :val4439, :val4440, :val4441, :val4442, :val4443, :val4444, :val4445, :val4446, :val4447, :val4448, :val4449, :val4450, :val4451, :val4452, :val4453, :val4454, :val4455, :val4456, :val4457, :val4458, :val4459, :val4460, :val4461, :val4462, :val4463, :val4464, :val4465, :val4466, :val4467, :val4468, :val4469, :val4470, :val4471, :val4472, :val4473, :val4474, :val4475, :val4476, :val4477, :val4478, :val4479, :val4480, :val4481, :val4482, :val4483, :val4484, :val4485, :val4486, :val4487, :val4488, :val4489, :val4490, :val4491, :val4492, :val4493, :val4494, :val4495, :val4496, :val4497, :val4498, :val4499, :val4500, :val4501, :val4502, :val4503, :val4504, :val4505, :val4506, :val4507, :val4508, :val4509, :val4510, :val4511, :val4512, :val4513, :val4514, :val4515, :val4516, :val4517, :val4518, :val4519, :val4520, :val4521, :val4522, :val4523, :val4524, :val4525, :val4526, :val4527, :val4528, :val4529, :val4530, :val4531, :val4532, :val4533, :val4534, :val4535, :val4536, :val4537, :val4538, :val4539, :val4540, :val4541, :val4542, :val4543, :val4544, :val4545, :val4546, :val4547, :val4548, :val4549, :val4550, :val4551, :val4552, :val4553, :val4554, :val4555, :val4556, :val4557, :val4558, :val4559, :val4560, :val4561, :val4562, :val4563, :val4564, :val4565, :val4566, :val4567, :val4568, :val4569, :val4570, :val4571, :val4572, :val4573, :val4574, :val4575, :val4576, :val4577, :val4578, :val4579, :val4580, :val4581, :val4582, :val4583, :val4584, :val4585, :val4586, :val4587, :val4588, :val4589, :val4590, :val4591, :val4592, :val4593, :val4594, :val4595, :val4596, :val4597, :val4598, :val4599, :val4600, :val4601, :val4602, :val4603, :val4604, :val4605, :val4606, :val4607, :val4608, :val4609, :val4610, :val4611, :val4612, :val4613, :val4614, :val4615, :val4616, :val4617, :val4618, :val4619, :val4620, :val4621, :val4622, :val4623, :val4624, :val4625, :val4626, :val4627, :val4628, :val4629, :val4630, :val4631, :val4632, :val4633, :val4634, :val4635, :val4636, :val4637, :val4638, :val4639, :val4640, :val4641, :val4642, :val4643, :val4644, :val4645, :val4646, :val4647, :val4648, :val4649, :val4650, :val4651, :val4652, :val4653, :val4654, :val4655, :val4656, :val4657, :val4658, :val4659, :val4660, :val4661, :val4662, :val4663, :val4664, :val4665, :val4666, :val4667, :val4668, :val4669, :val4670, :val4671, :val4672, :val4673, :val4674, :val4675, :val4676, :val4677, :val4678, :val4679, :val4680, :val4681, :val4682, :val4683, :val4684, :val4685, :val4686, :val4687, :val4688, :val4689, :val4690, :val4691, :val4692, :val4693, :val4694, :val4695, :val4696, :val4697, :val4698, :val4699, :val4700, :val4701, :val4702, :val4703, :val4704, :val4705, :val4706, :val4707, :val4708, :val4709, :val4710, :val4711, :val4712, :val4713, :val4714, :val4715, :val4716, :val4717, :val4718, :val4719, :val4720, :val4721, :val4722, :val4723, :val4724, :val4725, :val4726, :val4727, :val4728, :val4729, :val4730, :val4731, :val4732, :val4733, :val4734, :val4735, :val4736, :val4737, :val4738, :val4739, :val4740, :val4741, :val4742, :val4743, :val4744, :val4745, :val4746, :val4747, :val4748, :val4749, :val4750, :val4751, :val4752, :val4753, :val4754, :val4755, :val4756, :val4757, :val4758, :val4759, :val4760, :val4761, :val4762, :val4763, :val4764, :val4765, :val4766, :val4767, :val4768, :val4769, :val4770, :val4771, :val4772, :val4773, :val4774, :val4775, :val4776, :val4777, :val4778, :val4779, :val4780, :val4781, :val4782, :val4783, :val4784, :val4785, :val4786, :val4787, :val4788, :val4789, :val4790, :val4791, :val4792, :val4793, :val4794, :val4795, :val4796, :val4797, :val4798, :val4799, :val4800, :val4801, :val4802, :val4803, :val4804, :val4805, :val4806, :val4807, :val4808, :val4809, :val4810, :val4811, :val4812, :val4813, :val4814, :val4815, :val4816, :val4817, :val4818, :val4819, :val4820, :val4821, :val4822, :val4823, :val4824, :val4825, :val4826, :val4827, :val4828, :val4829, :val4830, :val4831, :val4832, :val4833, :val4834, :val4835, :val4836, :val4837, :val4838, :val4839, :val4840, :val4841, :val4842, :val4843, :val4844, :val4845, :val4846, :val4847, :val4848, :val4849, :val4850, :val4851, :val4852, :val4853, :val4854, :val4855, :val4856, :val4857, :val4858, :val4859, :val4860, :val4861, :val4862, :val4863, :val4864, :val4865, :val4866, :val4867, :val4868, :val4869, :val4870, :val4871, :val4872, :val4873, :val4874, :val4875, :val4876, :val4877, :val4878, :val4879, :val4880, :val4881, :val4882, :val4883, :val4884, :val4885, :val4886, :val4887, :val4888, :val4889, :val4890, :val4891, :val4892, :val4893, :val4894, :val4895, :val4896, :val4897, :val4898, :val4899, :val4900, :val4901, :val4902, :val4903, :val4904, :val4905, :val4906, :val4907, :val4908, :val4909, :val4910, :val4911, :val4912, :val4913, :val4914, :val4915, :val4916, :val4917, :val4918, :val4919, :val4920, :val4921, :val4922, :val4923, :val4924, :val4925, :val4926, :val4927, :val4928, :val4929, :val4930, :val4931, :val4932, :val4933, :val4934, :val4935, :val4936, :val4937, :val4938, :val4939, :val4940, :val4941, :val4942, :val4943, :val4944, :val4945, :val4946, :val4947, :val4948, :val4949, :val4950, :val4951, :val4952, :val4953, :val4954, :val4955, :val4956, :val4957, :val4958, :val4959, :val4960, :val4961, :val4962, :val4963, :val4964, :val4965, :val4966, :val4967, :val4968, :val4969, :val4970, :val4971, :val4972, :val4973, :val4974, :val4975, :val4976, :val4977, :val4978, :val4979, :val4980, :val4981, :val4982, :val4983, :val4984, :val4985, :val4986, :val4987, :val4988, :val4989, :val4990, :val4991, :val4992, :val4993) AND `诉求地址` LIKE '%公园%' AND YEAR(`工单生成时间`) = YEAR(CURDATE()) - 1 LIMIT 10;
2025-05-26 13:20:15,858 ChatBI->     INFO     websocket发送的数据为：{"sql_gen": "SELECT `诉求地址`, `工单生成时间` FROM shanghai WHERE `内容描述` LIKE '%噪声扰民%' AND `诉求地址` LIKE '%公园%' AND YEAR(`工单生成时间`) = YEAR(CURDATE()) - 1 LIMIT 10;"}
2025-05-26 13:20:15,860 ChatBI->     INFO     response 发送失败: Object of type datetime is not JSON serializable
2025-05-26 13:20:18,538 ChatBI->     INFO     sql 语句：SELECT * FROM shanghai WHERE  `内容描述` IN (:val0, :val1, :val2, :val3, :val4, :val5, :val6, :val7, :val8, :val9, :val10, :val11, :val12, :val13, :val14, :val15, :val16, :val17, :val18, :val19, :val20, :val21, :val22, :val23, :val24, :val25, :val26, :val27, :val28, :val29, :val30, :val31, :val32, :val33, :val34, :val35, :val36, :val37, :val38, :val39, :val40, :val41, :val42, :val43, :val44, :val45, :val46, :val47, :val48, :val49, :val50, :val51, :val52, :val53, :val54, :val55, :val56, :val57, :val58, :val59, :val60, :val61, :val62, :val63, :val64, :val65, :val66, :val67, :val68, :val69, :val70, :val71, :val72, :val73, :val74, :val75, :val76, :val77, :val78, :val79, :val80, :val81, :val82, :val83, :val84, :val85, :val86, :val87, :val88, :val89, :val90, :val91, :val92, :val93, :val94, :val95, :val96, :val97, :val98, :val99, :val100, :val101, :val102, :val103, :val104, :val105, :val106, :val107, :val108, :val109, :val110, :val111, :val112, :val113, :val114, :val115, :val116, :val117, :val118, :val119, :val120, :val121, :val122, :val123, :val124, :val125, :val126, :val127, :val128, :val129, :val130, :val131, :val132, :val133, :val134, :val135, :val136, :val137, :val138, :val139, :val140, :val141, :val142, :val143, :val144, :val145, :val146, :val147, :val148, :val149, :val150, :val151, :val152, :val153, :val154, :val155, :val156, :val157, :val158, :val159, :val160, :val161, :val162, :val163, :val164, :val165, :val166, :val167, :val168, :val169, :val170, :val171, :val172, :val173, :val174, :val175, :val176, :val177, :val178, :val179, :val180, :val181, :val182, :val183, :val184, :val185, :val186, :val187, :val188, :val189, :val190, :val191, :val192, :val193, :val194, :val195, :val196, :val197, :val198, :val199, :val200, :val201, :val202, :val203, :val204, :val205, :val206, :val207, :val208, :val209, :val210, :val211, :val212, :val213, :val214, :val215, :val216, :val217, :val218, :val219, :val220, :val221, :val222, :val223, :val224, :val225, :val226, :val227, :val228, :val229, :val230, :val231, :val232, :val233, :val234, :val235, :val236, :val237, :val238, :val239, :val240, :val241, :val242, :val243, :val244, :val245, :val246, :val247, :val248, :val249, :val250, :val251, :val252, :val253, :val254, :val255, :val256, :val257, :val258, :val259, :val260, :val261, :val262, :val263, :val264, :val265, :val266, :val267, :val268, :val269, :val270, :val271, :val272, :val273, :val274, :val275, :val276, :val277, :val278, :val279, :val280, :val281, :val282, :val283, :val284, :val285, :val286, :val287, :val288, :val289, :val290, :val291, :val292, :val293, :val294, :val295, :val296, :val297, :val298, :val299, :val300, :val301, :val302, :val303, :val304, :val305, :val306, :val307, :val308, :val309, :val310, :val311, :val312, :val313, :val314, :val315, :val316, :val317, :val318, :val319, :val320, :val321, :val322, :val323, :val324, :val325, :val326, :val327, :val328, :val329, :val330, :val331, :val332, :val333, :val334, :val335, :val336, :val337, :val338, :val339, :val340, :val341, :val342, :val343, :val344, :val345, :val346, :val347, :val348, :val349, :val350, :val351, :val352, :val353, :val354, :val355, :val356, :val357, :val358, :val359, :val360, :val361, :val362, :val363, :val364, :val365, :val366, :val367, :val368, :val369, :val370, :val371, :val372, :val373, :val374, :val375, :val376, :val377, :val378, :val379, :val380, :val381, :val382, :val383, :val384, :val385, :val386, :val387, :val388, :val389, :val390, :val391, :val392, :val393, :val394, :val395, :val396, :val397, :val398, :val399, :val400, :val401, :val402, :val403, :val404, :val405, :val406, :val407, :val408, :val409, :val410, :val411, :val412, :val413, :val414, :val415, :val416, :val417, :val418, :val419, :val420, :val421, :val422, :val423, :val424, :val425, :val426, :val427, :val428, :val429, :val430, :val431, :val432, :val433, :val434, :val435, :val436, :val437, :val438, :val439, :val440, :val441, :val442, :val443, :val444, :val445, :val446, :val447, :val448, :val449, :val450, :val451, :val452, :val453, :val454, :val455, :val456, :val457, :val458, :val459, :val460, :val461, :val462, :val463, :val464, :val465, :val466, :val467, :val468, :val469, :val470, :val471, :val472, :val473, :val474, :val475, :val476, :val477, :val478, :val479, :val480, :val481, :val482, :val483, :val484, :val485, :val486, :val487, :val488, :val489, :val490, :val491, :val492, :val493, :val494, :val495, :val496, :val497, :val498, :val499, :val500, :val501, :val502, :val503, :val504, :val505, :val506, :val507, :val508, :val509, :val510, :val511, :val512, :val513, :val514, :val515, :val516, :val517, :val518, :val519, :val520, :val521, :val522, :val523, :val524, :val525, :val526, :val527, :val528, :val529, :val530, :val531, :val532, :val533, :val534, :val535, :val536, :val537, :val538, :val539, :val540, :val541, :val542, :val543, :val544, :val545, :val546, :val547, :val548, :val549, :val550, :val551, :val552, :val553, :val554, :val555, :val556, :val557, :val558, :val559, :val560, :val561, :val562, :val563, :val564, :val565, :val566, :val567, :val568, :val569, :val570, :val571, :val572, :val573, :val574, :val575, :val576, :val577, :val578, :val579, :val580, :val581, :val582, :val583, :val584, :val585, :val586, :val587, :val588, :val589, :val590, :val591, :val592, :val593, :val594, :val595, :val596, :val597, :val598, :val599, :val600, :val601, :val602, :val603, :val604, :val605, :val606, :val607, :val608, :val609, :val610, :val611, :val612, :val613, :val614, :val615, :val616, :val617, :val618, :val619, :val620, :val621, :val622, :val623, :val624, :val625, :val626, :val627, :val628, :val629, :val630, :val631, :val632, :val633, :val634, :val635, :val636, :val637, :val638, :val639, :val640, :val641, :val642, :val643, :val644, :val645, :val646, :val647, :val648, :val649, :val650, :val651, :val652, :val653, :val654, :val655, :val656, :val657, :val658, :val659, :val660, :val661, :val662, :val663, :val664, :val665, :val666, :val667, :val668, :val669, :val670, :val671, :val672, :val673, :val674, :val675, :val676, :val677, :val678, :val679, :val680, :val681, :val682, :val683, :val684, :val685, :val686, :val687, :val688, :val689, :val690, :val691, :val692, :val693, :val694, :val695, :val696, :val697, :val698, :val699, :val700, :val701, :val702, :val703, :val704, :val705, :val706, :val707, :val708, :val709, :val710, :val711, :val712, :val713, :val714, :val715, :val716, :val717, :val718, :val719, :val720, :val721, :val722, :val723, :val724, :val725, :val726, :val727, :val728, :val729, :val730, :val731, :val732, :val733, :val734, :val735, :val736, :val737, :val738, :val739, :val740, :val741, :val742, :val743, :val744, :val745, :val746, :val747, :val748, :val749, :val750, :val751, :val752, :val753, :val754, :val755, :val756, :val757, :val758, :val759, :val760, :val761, :val762, :val763, :val764, :val765, :val766, :val767, :val768, :val769, :val770, :val771, :val772, :val773, :val774, :val775, :val776, :val777, :val778, :val779, :val780, :val781, :val782, :val783, :val784, :val785, :val786, :val787, :val788, :val789, :val790, :val791, :val792, :val793, :val794, :val795, :val796, :val797, :val798, :val799, :val800, :val801, :val802, :val803, :val804, :val805, :val806, :val807, :val808, :val809, :val810, :val811, :val812, :val813, :val814, :val815, :val816, :val817, :val818, :val819, :val820, :val821, :val822, :val823, :val824, :val825, :val826, :val827, :val828, :val829, :val830, :val831, :val832, :val833, :val834, :val835, :val836, :val837, :val838, :val839, :val840, :val841, :val842, :val843, :val844, :val845, :val846, :val847, :val848, :val849, :val850, :val851, :val852, :val853, :val854, :val855, :val856, :val857, :val858, :val859, :val860, :val861, :val862, :val863, :val864, :val865, :val866, :val867, :val868, :val869, :val870, :val871, :val872, :val873, :val874, :val875, :val876, :val877, :val878, :val879, :val880, :val881, :val882, :val883, :val884, :val885, :val886, :val887, :val888, :val889, :val890, :val891, :val892, :val893, :val894, :val895, :val896, :val897, :val898, :val899, :val900, :val901, :val902, :val903, :val904, :val905, :val906, :val907, :val908, :val909, :val910, :val911, :val912, :val913, :val914, :val915, :val916, :val917, :val918, :val919, :val920, :val921, :val922, :val923, :val924, :val925, :val926, :val927, :val928, :val929, :val930, :val931, :val932, :val933, :val934, :val935, :val936, :val937, :val938, :val939, :val940, :val941, :val942, :val943, :val944, :val945, :val946, :val947, :val948, :val949, :val950, :val951, :val952, :val953, :val954, :val955, :val956, :val957, :val958, :val959, :val960, :val961, :val962, :val963, :val964, :val965, :val966, :val967, :val968, :val969, :val970, :val971, :val972, :val973, :val974, :val975, :val976, :val977, :val978, :val979, :val980, :val981, :val982, :val983, :val984, :val985, :val986, :val987, :val988, :val989, :val990, :val991, :val992, :val993, :val994, :val995, :val996, :val997, :val998, :val999, :val1000, :val1001, :val1002, :val1003, :val1004, :val1005, :val1006, :val1007, :val1008, :val1009, :val1010, :val1011, :val1012, :val1013, :val1014, :val1015, :val1016, :val1017, :val1018, :val1019, :val1020, :val1021, :val1022, :val1023, :val1024, :val1025, :val1026, :val1027, :val1028, :val1029, :val1030, :val1031, :val1032, :val1033, :val1034, :val1035, :val1036, :val1037, :val1038, :val1039, :val1040, :val1041, :val1042, :val1043, :val1044, :val1045, :val1046, :val1047, :val1048, :val1049, :val1050, :val1051, :val1052, :val1053, :val1054, :val1055, :val1056, :val1057, :val1058, :val1059, :val1060, :val1061, :val1062, :val1063, :val1064, :val1065, :val1066, :val1067, :val1068, :val1069, :val1070, :val1071, :val1072, :val1073, :val1074, :val1075, :val1076, :val1077, :val1078, :val1079, :val1080, :val1081, :val1082, :val1083, :val1084, :val1085, :val1086, :val1087, :val1088, :val1089, :val1090, :val1091, :val1092, :val1093, :val1094, :val1095, :val1096, :val1097, :val1098, :val1099, :val1100, :val1101, :val1102, :val1103, :val1104, :val1105, :val1106, :val1107, :val1108, :val1109, :val1110, :val1111, :val1112, :val1113, :val1114, :val1115, :val1116, :val1117, :val1118, :val1119, :val1120, :val1121, :val1122, :val1123, :val1124, :val1125, :val1126, :val1127, :val1128, :val1129, :val1130, :val1131, :val1132, :val1133, :val1134, :val1135, :val1136, :val1137, :val1138, :val1139, :val1140, :val1141, :val1142, :val1143, :val1144, :val1145, :val1146, :val1147, :val1148, :val1149, :val1150, :val1151, :val1152, :val1153, :val1154, :val1155, :val1156, :val1157, :val1158, :val1159, :val1160, :val1161, :val1162, :val1163, :val1164, :val1165, :val1166, :val1167, :val1168, :val1169, :val1170, :val1171, :val1172, :val1173, :val1174, :val1175, :val1176, :val1177, :val1178, :val1179, :val1180, :val1181, :val1182, :val1183, :val1184, :val1185, :val1186, :val1187, :val1188, :val1189, :val1190, :val1191, :val1192, :val1193, :val1194, :val1195, :val1196, :val1197, :val1198, :val1199, :val1200, :val1201, :val1202, :val1203, :val1204, :val1205, :val1206, :val1207, :val1208, :val1209, :val1210, :val1211, :val1212, :val1213, :val1214, :val1215, :val1216, :val1217, :val1218, :val1219, :val1220, :val1221, :val1222, :val1223, :val1224, :val1225, :val1226, :val1227, :val1228, :val1229, :val1230, :val1231, :val1232, :val1233, :val1234, :val1235, :val1236, :val1237, :val1238, :val1239, :val1240, :val1241, :val1242, :val1243, :val1244, :val1245, :val1246, :val1247, :val1248, :val1249, :val1250, :val1251, :val1252, :val1253, :val1254, :val1255, :val1256, :val1257, :val1258, :val1259, :val1260, :val1261, :val1262, :val1263, :val1264, :val1265, :val1266, :val1267, :val1268, :val1269, :val1270, :val1271, :val1272, :val1273, :val1274, :val1275, :val1276, :val1277, :val1278, :val1279, :val1280, :val1281, :val1282, :val1283, :val1284, :val1285, :val1286, :val1287, :val1288, :val1289, :val1290, :val1291, :val1292, :val1293, :val1294, :val1295, :val1296, :val1297, :val1298, :val1299, :val1300, :val1301, :val1302, :val1303, :val1304, :val1305, :val1306, :val1307, :val1308, :val1309, :val1310, :val1311, :val1312, :val1313, :val1314, :val1315, :val1316, :val1317, :val1318, :val1319, :val1320, :val1321, :val1322, :val1323, :val1324, :val1325, :val1326, :val1327, :val1328, :val1329, :val1330, :val1331, :val1332, :val1333, :val1334, :val1335, :val1336, :val1337, :val1338, :val1339, :val1340, :val1341, :val1342, :val1343, :val1344, :val1345, :val1346, :val1347, :val1348, :val1349, :val1350, :val1351, :val1352, :val1353, :val1354, :val1355, :val1356, :val1357, :val1358, :val1359, :val1360, :val1361, :val1362, :val1363, :val1364, :val1365, :val1366, :val1367, :val1368, :val1369, :val1370, :val1371, :val1372, :val1373, :val1374, :val1375, :val1376, :val1377, :val1378, :val1379, :val1380, :val1381, :val1382, :val1383, :val1384, :val1385, :val1386, :val1387, :val1388, :val1389, :val1390, :val1391, :val1392, :val1393, :val1394, :val1395, :val1396, :val1397, :val1398, :val1399, :val1400, :val1401, :val1402, :val1403, :val1404, :val1405, :val1406, :val1407, :val1408, :val1409, :val1410, :val1411, :val1412, :val1413, :val1414, :val1415, :val1416, :val1417, :val1418, :val1419, :val1420, :val1421, :val1422, :val1423, :val1424, :val1425, :val1426, :val1427, :val1428, :val1429, :val1430, :val1431, :val1432, :val1433, :val1434, :val1435, :val1436, :val1437, :val1438, :val1439, :val1440, :val1441, :val1442, :val1443, :val1444, :val1445, :val1446, :val1447, :val1448, :val1449, :val1450, :val1451, :val1452, :val1453, :val1454, :val1455, :val1456, :val1457, :val1458, :val1459, :val1460, :val1461, :val1462, :val1463, :val1464, :val1465, :val1466, :val1467, :val1468, :val1469, :val1470, :val1471, :val1472, :val1473, :val1474, :val1475, :val1476, :val1477, :val1478, :val1479, :val1480, :val1481, :val1482, :val1483, :val1484, :val1485, :val1486, :val1487, :val1488, :val1489, :val1490, :val1491, :val1492, :val1493, :val1494, :val1495, :val1496, :val1497, :val1498, :val1499, :val1500, :val1501, :val1502, :val1503, :val1504, :val1505, :val1506, :val1507, :val1508, :val1509, :val1510, :val1511, :val1512, :val1513, :val1514, :val1515, :val1516, :val1517, :val1518, :val1519, :val1520, :val1521, :val1522, :val1523, :val1524, :val1525, :val1526, :val1527, :val1528, :val1529, :val1530, :val1531, :val1532, :val1533, :val1534, :val1535, :val1536, :val1537, :val1538, :val1539, :val1540, :val1541, :val1542, :val1543, :val1544, :val1545, :val1546, :val1547, :val1548, :val1549, :val1550, :val1551, :val1552, :val1553, :val1554, :val1555, :val1556, :val1557, :val1558, :val1559, :val1560, :val1561, :val1562, :val1563, :val1564, :val1565, :val1566, :val1567, :val1568, :val1569, :val1570, :val1571, :val1572, :val1573, :val1574, :val1575, :val1576, :val1577, :val1578, :val1579, :val1580, :val1581, :val1582, :val1583, :val1584, :val1585, :val1586, :val1587, :val1588, :val1589, :val1590, :val1591, :val1592, :val1593, :val1594, :val1595, :val1596, :val1597, :val1598, :val1599, :val1600, :val1601, :val1602, :val1603, :val1604, :val1605, :val1606, :val1607, :val1608, :val1609, :val1610, :val1611, :val1612, :val1613, :val1614, :val1615, :val1616, :val1617, :val1618, :val1619, :val1620, :val1621, :val1622, :val1623, :val1624, :val1625, :val1626, :val1627, :val1628, :val1629, :val1630, :val1631, :val1632, :val1633, :val1634, :val1635, :val1636, :val1637, :val1638, :val1639, :val1640, :val1641, :val1642, :val1643, :val1644, :val1645, :val1646, :val1647, :val1648, :val1649, :val1650, :val1651, :val1652, :val1653, :val1654, :val1655, :val1656, :val1657, :val1658, :val1659, :val1660, :val1661, :val1662, :val1663, :val1664, :val1665, :val1666, :val1667, :val1668, :val1669, :val1670, :val1671, :val1672, :val1673, :val1674, :val1675, :val1676, :val1677, :val1678, :val1679, :val1680, :val1681, :val1682, :val1683, :val1684, :val1685, :val1686, :val1687, :val1688, :val1689, :val1690, :val1691, :val1692, :val1693, :val1694, :val1695, :val1696, :val1697, :val1698, :val1699, :val1700, :val1701, :val1702, :val1703, :val1704, :val1705, :val1706, :val1707, :val1708, :val1709, :val1710, :val1711, :val1712, :val1713, :val1714, :val1715, :val1716, :val1717, :val1718, :val1719, :val1720, :val1721, :val1722, :val1723, :val1724, :val1725, :val1726, :val1727, :val1728, :val1729, :val1730, :val1731, :val1732, :val1733, :val1734, :val1735, :val1736, :val1737, :val1738, :val1739, :val1740, :val1741, :val1742, :val1743, :val1744, :val1745, :val1746, :val1747, :val1748, :val1749, :val1750, :val1751, :val1752, :val1753, :val1754, :val1755, :val1756, :val1757, :val1758, :val1759, :val1760, :val1761, :val1762, :val1763, :val1764, :val1765, :val1766, :val1767, :val1768, :val1769, :val1770, :val1771, :val1772, :val1773, :val1774, :val1775, :val1776, :val1777, :val1778, :val1779, :val1780, :val1781, :val1782, :val1783, :val1784, :val1785, :val1786, :val1787, :val1788, :val1789, :val1790, :val1791, :val1792, :val1793, :val1794, :val1795, :val1796, :val1797, :val1798, :val1799, :val1800, :val1801, :val1802, :val1803, :val1804, :val1805, :val1806, :val1807, :val1808, :val1809, :val1810, :val1811, :val1812, :val1813, :val1814, :val1815, :val1816, :val1817, :val1818, :val1819, :val1820, :val1821, :val1822, :val1823, :val1824, :val1825, :val1826, :val1827, :val1828, :val1829, :val1830, :val1831, :val1832, :val1833, :val1834, :val1835, :val1836, :val1837, :val1838, :val1839, :val1840, :val1841, :val1842, :val1843, :val1844, :val1845, :val1846, :val1847, :val1848, :val1849, :val1850, :val1851, :val1852, :val1853, :val1854, :val1855, :val1856, :val1857, :val1858, :val1859, :val1860, :val1861, :val1862, :val1863, :val1864, :val1865, :val1866, :val1867, :val1868, :val1869, :val1870, :val1871, :val1872, :val1873, :val1874, :val1875, :val1876, :val1877, :val1878, :val1879, :val1880, :val1881, :val1882, :val1883, :val1884, :val1885, :val1886, :val1887, :val1888, :val1889, :val1890, :val1891, :val1892, :val1893, :val1894, :val1895, :val1896, :val1897, :val1898, :val1899, :val1900, :val1901, :val1902, :val1903, :val1904, :val1905, :val1906, :val1907, :val1908, :val1909, :val1910, :val1911, :val1912, :val1913, :val1914, :val1915, :val1916, :val1917, :val1918, :val1919, :val1920, :val1921, :val1922, :val1923, :val1924, :val1925, :val1926, :val1927, :val1928, :val1929, :val1930, :val1931, :val1932, :val1933, :val1934, :val1935, :val1936, :val1937, :val1938, :val1939, :val1940, :val1941, :val1942, :val1943, :val1944, :val1945, :val1946, :val1947, :val1948, :val1949, :val1950, :val1951, :val1952, :val1953, :val1954, :val1955, :val1956, :val1957, :val1958, :val1959, :val1960, :val1961, :val1962, :val1963, :val1964, :val1965, :val1966, :val1967, :val1968, :val1969, :val1970, :val1971, :val1972, :val1973, :val1974, :val1975, :val1976, :val1977, :val1978, :val1979, :val1980, :val1981, :val1982, :val1983, :val1984, :val1985, :val1986, :val1987, :val1988, :val1989, :val1990, :val1991, :val1992, :val1993, :val1994, :val1995, :val1996, :val1997, :val1998, :val1999, :val2000, :val2001, :val2002, :val2003, :val2004, :val2005, :val2006, :val2007, :val2008, :val2009, :val2010, :val2011, :val2012, :val2013, :val2014, :val2015, :val2016, :val2017, :val2018, :val2019, :val2020, :val2021, :val2022, :val2023, :val2024, :val2025, :val2026, :val2027, :val2028, :val2029, :val2030, :val2031, :val2032, :val2033, :val2034, :val2035, :val2036, :val2037, :val2038, :val2039, :val2040, :val2041, :val2042, :val2043, :val2044, :val2045, :val2046, :val2047, :val2048, :val2049, :val2050, :val2051, :val2052, :val2053, :val2054, :val2055, :val2056, :val2057, :val2058, :val2059, :val2060, :val2061, :val2062, :val2063, :val2064, :val2065, :val2066, :val2067, :val2068, :val2069, :val2070, :val2071, :val2072, :val2073, :val2074, :val2075, :val2076, :val2077, :val2078, :val2079, :val2080, :val2081, :val2082, :val2083, :val2084, :val2085, :val2086, :val2087, :val2088, :val2089, :val2090, :val2091, :val2092, :val2093, :val2094, :val2095, :val2096, :val2097, :val2098, :val2099, :val2100, :val2101, :val2102, :val2103, :val2104, :val2105, :val2106, :val2107, :val2108, :val2109, :val2110, :val2111, :val2112, :val2113, :val2114, :val2115, :val2116, :val2117, :val2118, :val2119, :val2120, :val2121, :val2122, :val2123, :val2124, :val2125, :val2126, :val2127, :val2128, :val2129, :val2130, :val2131, :val2132, :val2133, :val2134, :val2135, :val2136, :val2137, :val2138, :val2139, :val2140, :val2141, :val2142, :val2143, :val2144, :val2145, :val2146, :val2147, :val2148, :val2149, :val2150, :val2151, :val2152, :val2153, :val2154, :val2155, :val2156, :val2157, :val2158, :val2159, :val2160, :val2161, :val2162, :val2163, :val2164, :val2165, :val2166, :val2167, :val2168, :val2169, :val2170, :val2171, :val2172, :val2173, :val2174, :val2175, :val2176, :val2177, :val2178, :val2179, :val2180, :val2181, :val2182, :val2183, :val2184, :val2185, :val2186, :val2187, :val2188, :val2189, :val2190, :val2191, :val2192, :val2193, :val2194, :val2195, :val2196, :val2197, :val2198, :val2199, :val2200, :val2201, :val2202, :val2203, :val2204, :val2205, :val2206, :val2207, :val2208, :val2209, :val2210, :val2211, :val2212, :val2213, :val2214, :val2215, :val2216, :val2217, :val2218, :val2219, :val2220, :val2221, :val2222, :val2223, :val2224, :val2225, :val2226, :val2227, :val2228, :val2229, :val2230, :val2231, :val2232, :val2233, :val2234, :val2235, :val2236, :val2237, :val2238, :val2239, :val2240, :val2241, :val2242, :val2243, :val2244, :val2245, :val2246, :val2247, :val2248, :val2249, :val2250, :val2251, :val2252, :val2253, :val2254, :val2255, :val2256, :val2257, :val2258, :val2259, :val2260, :val2261, :val2262, :val2263, :val2264, :val2265, :val2266, :val2267, :val2268, :val2269, :val2270, :val2271, :val2272, :val2273, :val2274, :val2275, :val2276, :val2277, :val2278, :val2279, :val2280, :val2281, :val2282, :val2283, :val2284, :val2285, :val2286, :val2287, :val2288, :val2289, :val2290, :val2291, :val2292, :val2293, :val2294, :val2295, :val2296, :val2297, :val2298, :val2299, :val2300, :val2301, :val2302, :val2303, :val2304, :val2305, :val2306, :val2307, :val2308, :val2309, :val2310, :val2311, :val2312, :val2313, :val2314, :val2315, :val2316, :val2317, :val2318, :val2319, :val2320, :val2321, :val2322, :val2323, :val2324, :val2325, :val2326, :val2327, :val2328, :val2329, :val2330, :val2331, :val2332, :val2333, :val2334, :val2335, :val2336, :val2337, :val2338, :val2339, :val2340, :val2341, :val2342, :val2343, :val2344, :val2345, :val2346, :val2347, :val2348, :val2349, :val2350, :val2351, :val2352, :val2353, :val2354, :val2355, :val2356, :val2357, :val2358, :val2359, :val2360, :val2361, :val2362, :val2363, :val2364, :val2365, :val2366, :val2367, :val2368, :val2369, :val2370, :val2371, :val2372, :val2373, :val2374, :val2375, :val2376, :val2377, :val2378, :val2379, :val2380, :val2381, :val2382, :val2383, :val2384, :val2385, :val2386, :val2387, :val2388, :val2389, :val2390, :val2391, :val2392, :val2393, :val2394, :val2395, :val2396, :val2397, :val2398, :val2399, :val2400, :val2401, :val2402, :val2403, :val2404, :val2405, :val2406, :val2407, :val2408, :val2409, :val2410, :val2411, :val2412, :val2413, :val2414, :val2415, :val2416, :val2417, :val2418, :val2419, :val2420, :val2421, :val2422, :val2423, :val2424, :val2425, :val2426, :val2427, :val2428, :val2429, :val2430, :val2431, :val2432, :val2433, :val2434, :val2435, :val2436, :val2437, :val2438, :val2439, :val2440, :val2441, :val2442, :val2443, :val2444, :val2445, :val2446, :val2447, :val2448, :val2449, :val2450, :val2451, :val2452, :val2453, :val2454, :val2455, :val2456, :val2457, :val2458, :val2459, :val2460, :val2461, :val2462, :val2463, :val2464, :val2465, :val2466, :val2467, :val2468, :val2469, :val2470, :val2471, :val2472, :val2473, :val2474, :val2475, :val2476, :val2477, :val2478, :val2479, :val2480, :val2481, :val2482, :val2483, :val2484, :val2485, :val2486, :val2487, :val2488, :val2489, :val2490, :val2491, :val2492, :val2493, :val2494, :val2495, :val2496, :val2497, :val2498, :val2499, :val2500, :val2501, :val2502, :val2503, :val2504, :val2505, :val2506, :val2507, :val2508, :val2509, :val2510, :val2511, :val2512, :val2513, :val2514, :val2515, :val2516, :val2517, :val2518, :val2519, :val2520, :val2521, :val2522, :val2523, :val2524, :val2525, :val2526, :val2527, :val2528, :val2529, :val2530, :val2531, :val2532, :val2533, :val2534, :val2535, :val2536, :val2537, :val2538, :val2539, :val2540, :val2541, :val2542, :val2543, :val2544, :val2545, :val2546, :val2547, :val2548, :val2549, :val2550, :val2551, :val2552, :val2553, :val2554, :val2555, :val2556, :val2557, :val2558, :val2559, :val2560, :val2561, :val2562, :val2563, :val2564, :val2565, :val2566, :val2567, :val2568, :val2569, :val2570, :val2571, :val2572, :val2573, :val2574, :val2575, :val2576, :val2577, :val2578, :val2579, :val2580, :val2581, :val2582, :val2583, :val2584, :val2585, :val2586, :val2587, :val2588, :val2589, :val2590, :val2591, :val2592, :val2593, :val2594, :val2595, :val2596, :val2597, :val2598, :val2599, :val2600, :val2601, :val2602, :val2603, :val2604, :val2605, :val2606, :val2607, :val2608, :val2609, :val2610, :val2611, :val2612, :val2613, :val2614, :val2615, :val2616, :val2617, :val2618, :val2619, :val2620, :val2621, :val2622, :val2623, :val2624, :val2625, :val2626, :val2627, :val2628, :val2629, :val2630, :val2631, :val2632, :val2633, :val2634, :val2635, :val2636, :val2637, :val2638, :val2639, :val2640, :val2641, :val2642, :val2643, :val2644, :val2645, :val2646, :val2647, :val2648, :val2649, :val2650, :val2651, :val2652, :val2653, :val2654, :val2655, :val2656, :val2657, :val2658, :val2659, :val2660, :val2661, :val2662, :val2663, :val2664, :val2665, :val2666, :val2667, :val2668, :val2669, :val2670, :val2671, :val2672, :val2673, :val2674, :val2675, :val2676, :val2677, :val2678, :val2679, :val2680, :val2681, :val2682, :val2683, :val2684, :val2685, :val2686, :val2687, :val2688, :val2689, :val2690, :val2691, :val2692, :val2693, :val2694, :val2695, :val2696, :val2697, :val2698, :val2699, :val2700, :val2701, :val2702, :val2703, :val2704, :val2705, :val2706, :val2707, :val2708, :val2709, :val2710, :val2711, :val2712, :val2713, :val2714, :val2715, :val2716, :val2717, :val2718, :val2719, :val2720, :val2721, :val2722, :val2723, :val2724, :val2725, :val2726, :val2727, :val2728, :val2729, :val2730, :val2731, :val2732, :val2733, :val2734, :val2735, :val2736, :val2737, :val2738, :val2739, :val2740, :val2741, :val2742, :val2743, :val2744, :val2745, :val2746, :val2747, :val2748, :val2749, :val2750, :val2751, :val2752, :val2753, :val2754, :val2755, :val2756, :val2757, :val2758, :val2759, :val2760, :val2761, :val2762, :val2763, :val2764, :val2765, :val2766, :val2767, :val2768, :val2769, :val2770, :val2771, :val2772, :val2773, :val2774, :val2775, :val2776, :val2777, :val2778, :val2779, :val2780, :val2781, :val2782, :val2783, :val2784, :val2785, :val2786, :val2787, :val2788, :val2789, :val2790, :val2791, :val2792, :val2793, :val2794, :val2795, :val2796, :val2797, :val2798, :val2799, :val2800, :val2801, :val2802, :val2803, :val2804, :val2805, :val2806, :val2807, :val2808, :val2809, :val2810, :val2811, :val2812, :val2813, :val2814, :val2815, :val2816, :val2817, :val2818, :val2819, :val2820, :val2821, :val2822, :val2823, :val2824, :val2825, :val2826, :val2827, :val2828, :val2829, :val2830, :val2831, :val2832, :val2833, :val2834, :val2835, :val2836, :val2837, :val2838, :val2839, :val2840, :val2841, :val2842, :val2843, :val2844, :val2845, :val2846, :val2847, :val2848, :val2849, :val2850, :val2851, :val2852, :val2853, :val2854, :val2855, :val2856, :val2857, :val2858, :val2859, :val2860, :val2861, :val2862, :val2863, :val2864, :val2865, :val2866, :val2867, :val2868, :val2869, :val2870, :val2871, :val2872, :val2873, :val2874, :val2875, :val2876, :val2877, :val2878, :val2879, :val2880, :val2881, :val2882, :val2883, :val2884, :val2885, :val2886, :val2887, :val2888, :val2889, :val2890, :val2891, :val2892, :val2893, :val2894, :val2895, :val2896, :val2897, :val2898, :val2899, :val2900, :val2901, :val2902, :val2903, :val2904, :val2905, :val2906, :val2907, :val2908, :val2909, :val2910, :val2911, :val2912, :val2913, :val2914, :val2915, :val2916, :val2917, :val2918, :val2919, :val2920, :val2921, :val2922, :val2923, :val2924, :val2925, :val2926, :val2927, :val2928, :val2929, :val2930, :val2931, :val2932, :val2933, :val2934, :val2935, :val2936, :val2937, :val2938, :val2939, :val2940, :val2941, :val2942, :val2943, :val2944, :val2945, :val2946, :val2947, :val2948, :val2949, :val2950, :val2951, :val2952, :val2953, :val2954, :val2955, :val2956, :val2957, :val2958, :val2959, :val2960, :val2961, :val2962, :val2963, :val2964, :val2965, :val2966, :val2967, :val2968, :val2969, :val2970, :val2971, :val2972, :val2973, :val2974, :val2975, :val2976, :val2977, :val2978, :val2979, :val2980, :val2981, :val2982, :val2983, :val2984, :val2985, :val2986, :val2987, :val2988, :val2989, :val2990, :val2991, :val2992, :val2993, :val2994, :val2995, :val2996, :val2997, :val2998, :val2999, :val3000, :val3001, :val3002, :val3003, :val3004, :val3005, :val3006, :val3007, :val3008, :val3009, :val3010, :val3011, :val3012, :val3013, :val3014, :val3015, :val3016, :val3017, :val3018, :val3019, :val3020, :val3021, :val3022, :val3023, :val3024, :val3025, :val3026, :val3027, :val3028, :val3029, :val3030, :val3031, :val3032, :val3033, :val3034, :val3035, :val3036, :val3037, :val3038, :val3039, :val3040, :val3041, :val3042, :val3043, :val3044, :val3045, :val3046, :val3047, :val3048, :val3049, :val3050, :val3051, :val3052, :val3053, :val3054, :val3055, :val3056, :val3057, :val3058, :val3059, :val3060, :val3061, :val3062, :val3063, :val3064, :val3065, :val3066, :val3067, :val3068, :val3069, :val3070, :val3071, :val3072, :val3073, :val3074, :val3075, :val3076, :val3077, :val3078, :val3079, :val3080, :val3081, :val3082, :val3083, :val3084, :val3085, :val3086, :val3087, :val3088, :val3089, :val3090, :val3091, :val3092, :val3093, :val3094, :val3095, :val3096, :val3097, :val3098, :val3099, :val3100, :val3101, :val3102, :val3103, :val3104, :val3105, :val3106, :val3107, :val3108, :val3109, :val3110, :val3111, :val3112, :val3113, :val3114, :val3115, :val3116, :val3117, :val3118, :val3119, :val3120, :val3121, :val3122, :val3123, :val3124, :val3125, :val3126, :val3127, :val3128, :val3129, :val3130, :val3131, :val3132, :val3133, :val3134, :val3135, :val3136, :val3137, :val3138, :val3139, :val3140, :val3141, :val3142, :val3143, :val3144, :val3145, :val3146, :val3147, :val3148, :val3149, :val3150, :val3151, :val3152, :val3153, :val3154, :val3155, :val3156, :val3157, :val3158, :val3159, :val3160, :val3161, :val3162, :val3163, :val3164, :val3165, :val3166, :val3167, :val3168, :val3169, :val3170, :val3171, :val3172, :val3173, :val3174, :val3175, :val3176, :val3177, :val3178, :val3179, :val3180, :val3181, :val3182, :val3183, :val3184, :val3185, :val3186, :val3187, :val3188, :val3189, :val3190, :val3191, :val3192, :val3193, :val3194, :val3195, :val3196, :val3197, :val3198, :val3199, :val3200, :val3201, :val3202, :val3203, :val3204, :val3205, :val3206, :val3207, :val3208, :val3209, :val3210, :val3211, :val3212, :val3213, :val3214, :val3215, :val3216, :val3217, :val3218, :val3219, :val3220, :val3221, :val3222, :val3223, :val3224, :val3225, :val3226, :val3227, :val3228, :val3229, :val3230, :val3231, :val3232, :val3233, :val3234, :val3235, :val3236, :val3237, :val3238, :val3239, :val3240, :val3241, :val3242, :val3243, :val3244, :val3245, :val3246, :val3247, :val3248, :val3249, :val3250, :val3251, :val3252, :val3253, :val3254, :val3255, :val3256, :val3257, :val3258, :val3259, :val3260, :val3261, :val3262, :val3263, :val3264, :val3265, :val3266, :val3267, :val3268, :val3269, :val3270, :val3271, :val3272, :val3273, :val3274, :val3275, :val3276, :val3277, :val3278, :val3279, :val3280, :val3281, :val3282, :val3283, :val3284, :val3285, :val3286, :val3287, :val3288, :val3289, :val3290, :val3291, :val3292, :val3293, :val3294, :val3295, :val3296, :val3297, :val3298, :val3299, :val3300, :val3301, :val3302, :val3303, :val3304, :val3305, :val3306, :val3307, :val3308, :val3309, :val3310, :val3311, :val3312, :val3313, :val3314, :val3315, :val3316, :val3317, :val3318, :val3319, :val3320, :val3321, :val3322, :val3323, :val3324, :val3325, :val3326, :val3327, :val3328, :val3329, :val3330, :val3331, :val3332, :val3333, :val3334, :val3335, :val3336, :val3337, :val3338, :val3339, :val3340, :val3341, :val3342, :val3343, :val3344, :val3345, :val3346, :val3347, :val3348, :val3349, :val3350, :val3351, :val3352, :val3353, :val3354, :val3355, :val3356, :val3357, :val3358, :val3359, :val3360, :val3361, :val3362, :val3363, :val3364, :val3365, :val3366, :val3367, :val3368, :val3369, :val3370, :val3371, :val3372, :val3373, :val3374, :val3375, :val3376, :val3377, :val3378, :val3379, :val3380, :val3381, :val3382, :val3383, :val3384, :val3385, :val3386, :val3387, :val3388, :val3389, :val3390, :val3391, :val3392, :val3393, :val3394, :val3395, :val3396, :val3397, :val3398, :val3399, :val3400, :val3401, :val3402, :val3403, :val3404, :val3405, :val3406, :val3407, :val3408, :val3409, :val3410, :val3411, :val3412, :val3413, :val3414, :val3415, :val3416, :val3417, :val3418, :val3419, :val3420, :val3421, :val3422, :val3423, :val3424, :val3425, :val3426, :val3427, :val3428, :val3429, :val3430, :val3431, :val3432, :val3433, :val3434, :val3435, :val3436, :val3437, :val3438, :val3439, :val3440, :val3441, :val3442, :val3443, :val3444, :val3445, :val3446, :val3447, :val3448, :val3449, :val3450, :val3451, :val3452, :val3453, :val3454, :val3455, :val3456, :val3457, :val3458, :val3459, :val3460, :val3461, :val3462, :val3463, :val3464, :val3465, :val3466, :val3467, :val3468, :val3469, :val3470, :val3471, :val3472, :val3473, :val3474, :val3475, :val3476, :val3477, :val3478, :val3479, :val3480, :val3481, :val3482, :val3483, :val3484, :val3485, :val3486, :val3487, :val3488, :val3489, :val3490, :val3491, :val3492, :val3493, :val3494, :val3495, :val3496, :val3497, :val3498, :val3499, :val3500, :val3501, :val3502, :val3503, :val3504, :val3505, :val3506, :val3507, :val3508, :val3509, :val3510, :val3511, :val3512, :val3513, :val3514, :val3515, :val3516, :val3517, :val3518, :val3519, :val3520, :val3521, :val3522, :val3523, :val3524, :val3525, :val3526, :val3527, :val3528, :val3529, :val3530, :val3531, :val3532, :val3533, :val3534, :val3535, :val3536, :val3537, :val3538, :val3539, :val3540, :val3541, :val3542, :val3543, :val3544, :val3545, :val3546, :val3547, :val3548, :val3549, :val3550, :val3551, :val3552, :val3553, :val3554, :val3555, :val3556, :val3557, :val3558, :val3559, :val3560, :val3561, :val3562, :val3563, :val3564, :val3565, :val3566, :val3567, :val3568, :val3569, :val3570, :val3571, :val3572, :val3573, :val3574, :val3575, :val3576, :val3577, :val3578, :val3579, :val3580, :val3581, :val3582, :val3583, :val3584, :val3585, :val3586, :val3587, :val3588, :val3589, :val3590, :val3591, :val3592, :val3593, :val3594, :val3595, :val3596, :val3597, :val3598, :val3599, :val3600, :val3601, :val3602, :val3603, :val3604, :val3605, :val3606, :val3607, :val3608, :val3609, :val3610, :val3611, :val3612, :val3613, :val3614, :val3615, :val3616, :val3617, :val3618, :val3619, :val3620, :val3621, :val3622, :val3623, :val3624, :val3625, :val3626, :val3627, :val3628, :val3629, :val3630, :val3631, :val3632, :val3633, :val3634, :val3635, :val3636, :val3637, :val3638, :val3639, :val3640, :val3641, :val3642, :val3643, :val3644, :val3645, :val3646, :val3647, :val3648, :val3649, :val3650, :val3651, :val3652, :val3653, :val3654, :val3655, :val3656, :val3657, :val3658, :val3659, :val3660, :val3661, :val3662, :val3663, :val3664, :val3665, :val3666, :val3667, :val3668, :val3669, :val3670, :val3671, :val3672, :val3673, :val3674, :val3675, :val3676, :val3677, :val3678, :val3679, :val3680, :val3681, :val3682, :val3683, :val3684, :val3685, :val3686, :val3687, :val3688, :val3689, :val3690, :val3691, :val3692, :val3693, :val3694, :val3695, :val3696, :val3697, :val3698, :val3699, :val3700, :val3701, :val3702, :val3703, :val3704, :val3705, :val3706, :val3707, :val3708, :val3709, :val3710, :val3711, :val3712, :val3713, :val3714, :val3715, :val3716, :val3717, :val3718, :val3719, :val3720, :val3721, :val3722, :val3723, :val3724, :val3725, :val3726, :val3727, :val3728, :val3729, :val3730, :val3731, :val3732, :val3733, :val3734, :val3735, :val3736, :val3737, :val3738, :val3739, :val3740, :val3741, :val3742, :val3743, :val3744, :val3745, :val3746, :val3747, :val3748, :val3749, :val3750, :val3751, :val3752, :val3753, :val3754, :val3755, :val3756, :val3757, :val3758, :val3759, :val3760, :val3761, :val3762, :val3763, :val3764, :val3765, :val3766, :val3767, :val3768, :val3769, :val3770, :val3771, :val3772, :val3773, :val3774, :val3775, :val3776, :val3777, :val3778, :val3779, :val3780, :val3781, :val3782, :val3783, :val3784, :val3785, :val3786, :val3787, :val3788, :val3789, :val3790, :val3791, :val3792, :val3793, :val3794, :val3795, :val3796, :val3797, :val3798, :val3799, :val3800, :val3801, :val3802, :val3803, :val3804, :val3805, :val3806, :val3807, :val3808, :val3809, :val3810, :val3811, :val3812, :val3813, :val3814, :val3815, :val3816, :val3817, :val3818, :val3819, :val3820, :val3821, :val3822, :val3823, :val3824, :val3825, :val3826, :val3827, :val3828, :val3829, :val3830, :val3831, :val3832, :val3833, :val3834, :val3835, :val3836, :val3837, :val3838, :val3839, :val3840, :val3841, :val3842, :val3843, :val3844, :val3845, :val3846, :val3847, :val3848, :val3849, :val3850, :val3851, :val3852, :val3853, :val3854, :val3855, :val3856, :val3857, :val3858, :val3859, :val3860, :val3861, :val3862, :val3863, :val3864, :val3865, :val3866, :val3867, :val3868, :val3869, :val3870, :val3871, :val3872, :val3873, :val3874, :val3875, :val3876, :val3877, :val3878, :val3879, :val3880, :val3881, :val3882, :val3883, :val3884, :val3885, :val3886, :val3887, :val3888, :val3889, :val3890, :val3891, :val3892, :val3893, :val3894, :val3895, :val3896, :val3897, :val3898, :val3899, :val3900, :val3901, :val3902, :val3903, :val3904, :val3905, :val3906, :val3907, :val3908, :val3909, :val3910, :val3911, :val3912, :val3913, :val3914, :val3915, :val3916, :val3917, :val3918, :val3919, :val3920, :val3921, :val3922, :val3923, :val3924, :val3925, :val3926, :val3927, :val3928, :val3929, :val3930, :val3931, :val3932, :val3933, :val3934, :val3935, :val3936, :val3937, :val3938, :val3939, :val3940, :val3941, :val3942, :val3943, :val3944, :val3945, :val3946, :val3947, :val3948, :val3949, :val3950, :val3951, :val3952, :val3953, :val3954, :val3955, :val3956, :val3957, :val3958, :val3959, :val3960, :val3961, :val3962, :val3963, :val3964, :val3965, :val3966, :val3967, :val3968, :val3969, :val3970, :val3971, :val3972, :val3973, :val3974, :val3975, :val3976, :val3977, :val3978, :val3979, :val3980, :val3981, :val3982, :val3983, :val3984, :val3985, :val3986, :val3987, :val3988, :val3989, :val3990, :val3991, :val3992, :val3993, :val3994, :val3995, :val3996, :val3997, :val3998, :val3999, :val4000, :val4001, :val4002, :val4003, :val4004, :val4005, :val4006, :val4007, :val4008, :val4009, :val4010, :val4011, :val4012, :val4013, :val4014, :val4015, :val4016, :val4017, :val4018, :val4019, :val4020, :val4021, :val4022, :val4023, :val4024, :val4025, :val4026, :val4027, :val4028, :val4029, :val4030, :val4031, :val4032, :val4033, :val4034, :val4035, :val4036, :val4037, :val4038, :val4039, :val4040, :val4041, :val4042, :val4043, :val4044, :val4045, :val4046, :val4047, :val4048, :val4049, :val4050, :val4051, :val4052, :val4053, :val4054, :val4055, :val4056, :val4057, :val4058, :val4059, :val4060, :val4061, :val4062, :val4063, :val4064, :val4065, :val4066, :val4067, :val4068, :val4069, :val4070, :val4071, :val4072, :val4073, :val4074, :val4075, :val4076, :val4077, :val4078, :val4079, :val4080, :val4081, :val4082, :val4083, :val4084, :val4085, :val4086, :val4087, :val4088, :val4089, :val4090, :val4091, :val4092, :val4093, :val4094, :val4095, :val4096, :val4097, :val4098, :val4099, :val4100, :val4101, :val4102, :val4103, :val4104, :val4105, :val4106, :val4107, :val4108, :val4109, :val4110, :val4111, :val4112, :val4113, :val4114, :val4115, :val4116, :val4117, :val4118, :val4119, :val4120, :val4121, :val4122, :val4123, :val4124, :val4125, :val4126, :val4127, :val4128, :val4129, :val4130, :val4131, :val4132, :val4133, :val4134, :val4135, :val4136, :val4137, :val4138, :val4139, :val4140, :val4141, :val4142, :val4143, :val4144, :val4145, :val4146, :val4147, :val4148, :val4149, :val4150, :val4151, :val4152, :val4153, :val4154, :val4155, :val4156, :val4157, :val4158, :val4159, :val4160, :val4161, :val4162, :val4163, :val4164, :val4165, :val4166, :val4167, :val4168, :val4169, :val4170, :val4171, :val4172, :val4173, :val4174, :val4175, :val4176, :val4177, :val4178, :val4179, :val4180, :val4181, :val4182, :val4183, :val4184, :val4185, :val4186, :val4187, :val4188, :val4189, :val4190, :val4191, :val4192, :val4193, :val4194, :val4195, :val4196, :val4197, :val4198, :val4199, :val4200, :val4201, :val4202, :val4203, :val4204, :val4205, :val4206, :val4207, :val4208, :val4209, :val4210, :val4211, :val4212, :val4213, :val4214, :val4215, :val4216, :val4217, :val4218, :val4219, :val4220, :val4221, :val4222, :val4223, :val4224, :val4225, :val4226, :val4227, :val4228, :val4229, :val4230, :val4231, :val4232, :val4233, :val4234, :val4235, :val4236, :val4237, :val4238, :val4239, :val4240, :val4241, :val4242, :val4243, :val4244, :val4245, :val4246, :val4247, :val4248, :val4249, :val4250, :val4251, :val4252, :val4253, :val4254, :val4255, :val4256, :val4257, :val4258, :val4259, :val4260, :val4261, :val4262, :val4263, :val4264, :val4265, :val4266, :val4267, :val4268, :val4269, :val4270, :val4271, :val4272, :val4273, :val4274, :val4275, :val4276, :val4277, :val4278, :val4279, :val4280, :val4281, :val4282, :val4283, :val4284, :val4285, :val4286, :val4287, :val4288, :val4289, :val4290, :val4291, :val4292, :val4293, :val4294, :val4295, :val4296, :val4297, :val4298, :val4299, :val4300, :val4301, :val4302, :val4303, :val4304, :val4305, :val4306, :val4307, :val4308, :val4309, :val4310, :val4311, :val4312, :val4313, :val4314, :val4315, :val4316, :val4317, :val4318, :val4319, :val4320, :val4321, :val4322, :val4323, :val4324, :val4325, :val4326, :val4327, :val4328, :val4329, :val4330, :val4331, :val4332, :val4333, :val4334, :val4335, :val4336, :val4337, :val4338, :val4339, :val4340, :val4341, :val4342, :val4343, :val4344, :val4345, :val4346, :val4347, :val4348, :val4349, :val4350, :val4351, :val4352, :val4353, :val4354, :val4355, :val4356, :val4357, :val4358, :val4359, :val4360, :val4361, :val4362, :val4363, :val4364, :val4365, :val4366, :val4367, :val4368, :val4369, :val4370, :val4371, :val4372, :val4373, :val4374, :val4375, :val4376, :val4377, :val4378, :val4379, :val4380, :val4381, :val4382, :val4383, :val4384, :val4385, :val4386, :val4387, :val4388, :val4389, :val4390, :val4391, :val4392, :val4393, :val4394, :val4395, :val4396, :val4397, :val4398, :val4399, :val4400, :val4401, :val4402, :val4403, :val4404, :val4405, :val4406, :val4407, :val4408, :val4409, :val4410, :val4411, :val4412, :val4413, :val4414, :val4415, :val4416, :val4417, :val4418, :val4419, :val4420, :val4421, :val4422, :val4423, :val4424, :val4425, :val4426, :val4427, :val4428, :val4429, :val4430, :val4431, :val4432, :val4433, :val4434, :val4435, :val4436, :val4437, :val4438, :val4439, :val4440, :val4441, :val4442, :val4443, :val4444, :val4445, :val4446, :val4447, :val4448, :val4449, :val4450, :val4451, :val4452, :val4453, :val4454, :val4455, :val4456, :val4457, :val4458, :val4459, :val4460, :val4461, :val4462, :val4463, :val4464, :val4465, :val4466, :val4467, :val4468, :val4469, :val4470, :val4471, :val4472, :val4473, :val4474, :val4475, :val4476, :val4477, :val4478, :val4479, :val4480, :val4481, :val4482, :val4483, :val4484, :val4485, :val4486, :val4487, :val4488, :val4489, :val4490, :val4491, :val4492, :val4493, :val4494, :val4495, :val4496, :val4497, :val4498, :val4499, :val4500, :val4501, :val4502, :val4503, :val4504, :val4505, :val4506, :val4507, :val4508, :val4509, :val4510, :val4511, :val4512, :val4513, :val4514, :val4515, :val4516, :val4517, :val4518, :val4519, :val4520, :val4521, :val4522, :val4523, :val4524, :val4525, :val4526, :val4527, :val4528, :val4529, :val4530, :val4531, :val4532, :val4533, :val4534, :val4535, :val4536, :val4537, :val4538, :val4539, :val4540, :val4541, :val4542, :val4543, :val4544, :val4545, :val4546, :val4547, :val4548, :val4549, :val4550, :val4551, :val4552, :val4553, :val4554, :val4555, :val4556, :val4557, :val4558, :val4559, :val4560, :val4561, :val4562, :val4563, :val4564, :val4565, :val4566, :val4567, :val4568, :val4569, :val4570, :val4571, :val4572, :val4573, :val4574, :val4575, :val4576, :val4577, :val4578, :val4579, :val4580, :val4581, :val4582, :val4583, :val4584, :val4585, :val4586, :val4587, :val4588, :val4589, :val4590, :val4591, :val4592, :val4593, :val4594, :val4595, :val4596, :val4597, :val4598, :val4599, :val4600, :val4601, :val4602, :val4603, :val4604, :val4605, :val4606, :val4607, :val4608, :val4609, :val4610, :val4611, :val4612, :val4613, :val4614, :val4615, :val4616, :val4617, :val4618, :val4619, :val4620, :val4621, :val4622, :val4623, :val4624, :val4625, :val4626, :val4627, :val4628, :val4629, :val4630, :val4631, :val4632, :val4633, :val4634, :val4635, :val4636, :val4637, :val4638, :val4639, :val4640, :val4641, :val4642, :val4643, :val4644, :val4645, :val4646, :val4647, :val4648, :val4649, :val4650, :val4651, :val4652, :val4653, :val4654, :val4655, :val4656, :val4657, :val4658, :val4659, :val4660, :val4661, :val4662, :val4663, :val4664, :val4665, :val4666, :val4667, :val4668, :val4669, :val4670, :val4671, :val4672, :val4673, :val4674, :val4675, :val4676, :val4677, :val4678, :val4679, :val4680, :val4681, :val4682, :val4683, :val4684, :val4685, :val4686, :val4687, :val4688, :val4689, :val4690, :val4691, :val4692, :val4693, :val4694, :val4695, :val4696, :val4697, :val4698, :val4699, :val4700, :val4701, :val4702, :val4703, :val4704, :val4705, :val4706, :val4707, :val4708, :val4709, :val4710, :val4711, :val4712, :val4713, :val4714, :val4715, :val4716, :val4717, :val4718, :val4719, :val4720, :val4721, :val4722, :val4723, :val4724, :val4725, :val4726, :val4727, :val4728, :val4729, :val4730, :val4731, :val4732, :val4733, :val4734, :val4735, :val4736, :val4737, :val4738, :val4739, :val4740, :val4741, :val4742, :val4743, :val4744, :val4745, :val4746, :val4747, :val4748, :val4749, :val4750, :val4751, :val4752, :val4753, :val4754, :val4755, :val4756, :val4757, :val4758, :val4759, :val4760, :val4761, :val4762, :val4763, :val4764, :val4765, :val4766, :val4767, :val4768, :val4769, :val4770, :val4771, :val4772, :val4773, :val4774, :val4775, :val4776, :val4777, :val4778, :val4779, :val4780, :val4781, :val4782, :val4783, :val4784, :val4785, :val4786, :val4787, :val4788, :val4789, :val4790, :val4791, :val4792, :val4793, :val4794, :val4795, :val4796, :val4797, :val4798, :val4799, :val4800, :val4801, :val4802, :val4803, :val4804, :val4805, :val4806, :val4807, :val4808, :val4809, :val4810, :val4811, :val4812, :val4813, :val4814, :val4815, :val4816, :val4817, :val4818, :val4819, :val4820, :val4821, :val4822, :val4823, :val4824, :val4825, :val4826, :val4827, :val4828, :val4829, :val4830, :val4831, :val4832, :val4833, :val4834, :val4835, :val4836, :val4837, :val4838, :val4839, :val4840, :val4841, :val4842, :val4843, :val4844, :val4845, :val4846, :val4847, :val4848, :val4849, :val4850, :val4851, :val4852, :val4853, :val4854, :val4855, :val4856, :val4857, :val4858, :val4859, :val4860, :val4861, :val4862, :val4863, :val4864, :val4865, :val4866, :val4867, :val4868, :val4869, :val4870, :val4871, :val4872, :val4873, :val4874, :val4875, :val4876, :val4877, :val4878, :val4879, :val4880, :val4881, :val4882, :val4883, :val4884, :val4885, :val4886, :val4887, :val4888, :val4889, :val4890, :val4891, :val4892, :val4893, :val4894, :val4895, :val4896, :val4897, :val4898, :val4899, :val4900, :val4901, :val4902, :val4903, :val4904, :val4905, :val4906, :val4907, :val4908, :val4909, :val4910, :val4911, :val4912, :val4913, :val4914, :val4915, :val4916, :val4917, :val4918, :val4919, :val4920, :val4921, :val4922, :val4923, :val4924, :val4925, :val4926, :val4927, :val4928, :val4929, :val4930, :val4931, :val4932, :val4933, :val4934, :val4935, :val4936, :val4937, :val4938, :val4939, :val4940, :val4941, :val4942, :val4943, :val4944, :val4945, :val4946, :val4947, :val4948, :val4949, :val4950, :val4951, :val4952, :val4953, :val4954, :val4955, :val4956, :val4957, :val4958, :val4959, :val4960, :val4961, :val4962, :val4963, :val4964, :val4965, :val4966, :val4967, :val4968, :val4969, :val4970, :val4971, :val4972, :val4973, :val4974, :val4975, :val4976, :val4977, :val4978, :val4979, :val4980, :val4981, :val4982, :val4983, :val4984, :val4985, :val4986, :val4987, :val4988, :val4989, :val4990, :val4991, :val4992, :val4993) AND `诉求地址` LIKE '%公园%' AND YEAR(`工单生成时间`) = YEAR(CURDATE()) - 1 LIMIT 10;
2025-05-26 13:20:20,922 ChatBI->     INFO     websocket发送的数据为：{"result_insight": "去年，宝山区大场镇大华郎香公园、青浦区农商银行广场、长宁区天山公园、浦东新区由由公园、长宁区中山公园、静安区大宁公园、普陀区长寿公园、浦东新区海天湖公园、闵行区古美科普公园和宝山区吴淞炮台湾公园等多处公园发生了噪声扰民事件。"}
2025-05-26 13:20:22,314 ChatBI->     INFO     websocket发送的数据为：{"result_recommand": {"new_query_1": "去年哪些公园的噪声扰民事件最多？", "new_query_2": "去年噪声扰民事件最多的公园位于哪个行政区？", "new_query_3": "去年哪些公园的噪声扰民事件发生在周末？"}}
2025-05-26 13:20:50,130 ChatBI->     ERROR    Unexpected error occured:(1001, '')
Traceback (most recent call last):
  File "/data/yfzx/liucd/chatbi_deploy2/chatbi_DB2/apps/app_main_ws.py", line 64, in websocket_endpoint
    message = await websocket.receive_text()
              ^^^^^^^^^^^^^^^^^^^^^^^^^^^^^^
  File "/root/anaconda3/envs/chatbi/lib/python3.12/site-packages/starlette/websockets.py", line 119, in receive_text
    self._raise_on_disconnect(message)
  File "/root/anaconda3/envs/chatbi/lib/python3.12/site-packages/starlette/websockets.py", line 113, in _raise_on_disconnect
    raise WebSocketDisconnect(message["code"], message.get("reason"))
starlette.websockets.WebSocketDisconnect: (1001, '')
2025-05-26 13:20:50,133 ChatBI->     ERROR    Unexpected error occured:(1001, '')
Traceback (most recent call last):
  File "/data/yfzx/liucd/chatbi_deploy2/chatbi_DB2/apps/app_main_ws.py", line 64, in websocket_endpoint
    message = await websocket.receive_text()
              ^^^^^^^^^^^^^^^^^^^^^^^^^^^^^^
  File "/root/anaconda3/envs/chatbi/lib/python3.12/site-packages/starlette/websockets.py", line 119, in receive_text
    self._raise_on_disconnect(message)
  File "/root/anaconda3/envs/chatbi/lib/python3.12/site-packages/starlette/websockets.py", line 113, in _raise_on_disconnect
    raise WebSocketDisconnect(message["code"], message.get("reason"))
starlette.websockets.WebSocketDisconnect: (1001, '')
2025-05-26 13:20:50,135 ChatBI->     ERROR    Unexpected error occured:(1001, '')
Traceback (most recent call last):
  File "/data/yfzx/liucd/chatbi_deploy2/chatbi_DB2/apps/app_main_ws.py", line 64, in websocket_endpoint
    message = await websocket.receive_text()
              ^^^^^^^^^^^^^^^^^^^^^^^^^^^^^^
  File "/root/anaconda3/envs/chatbi/lib/python3.12/site-packages/starlette/websockets.py", line 119, in receive_text
    self._raise_on_disconnect(message)
  File "/root/anaconda3/envs/chatbi/lib/python3.12/site-packages/starlette/websockets.py", line 113, in _raise_on_disconnect
    raise WebSocketDisconnect(message["code"], message.get("reason"))
starlette.websockets.WebSocketDisconnect: (1001, '')
2025-05-26 13:20:50,154 ChatBI->     ERROR    Unexpected error occured:(1001, '')
Traceback (most recent call last):
  File "/data/yfzx/liucd/chatbi_deploy2/chatbi_DB2/apps/app_main_ws.py", line 64, in websocket_endpoint
    message = await websocket.receive_text()
              ^^^^^^^^^^^^^^^^^^^^^^^^^^^^^^
  File "/root/anaconda3/envs/chatbi/lib/python3.12/site-packages/starlette/websockets.py", line 119, in receive_text
    self._raise_on_disconnect(message)
  File "/root/anaconda3/envs/chatbi/lib/python3.12/site-packages/starlette/websockets.py", line 113, in _raise_on_disconnect
    raise WebSocketDisconnect(message["code"], message.get("reason"))
starlette.websockets.WebSocketDisconnect: (1001, '')
2025-05-26 13:20:50,155 ChatBI->     ERROR    Unexpected error occured:(1001, '')
Traceback (most recent call last):
  File "/data/yfzx/liucd/chatbi_deploy2/chatbi_DB2/apps/app_main_ws.py", line 64, in websocket_endpoint
    message = await websocket.receive_text()
              ^^^^^^^^^^^^^^^^^^^^^^^^^^^^^^
  File "/root/anaconda3/envs/chatbi/lib/python3.12/site-packages/starlette/websockets.py", line 119, in receive_text
    self._raise_on_disconnect(message)
  File "/root/anaconda3/envs/chatbi/lib/python3.12/site-packages/starlette/websockets.py", line 113, in _raise_on_disconnect
    raise WebSocketDisconnect(message["code"], message.get("reason"))
starlette.websockets.WebSocketDisconnect: (1001, '')
2025-05-26 13:20:50,156 ChatBI->     ERROR    Unexpected error occured:(1001, '')
Traceback (most recent call last):
  File "/data/yfzx/liucd/chatbi_deploy2/chatbi_DB2/apps/app_main_ws.py", line 64, in websocket_endpoint
    message = await websocket.receive_text()
              ^^^^^^^^^^^^^^^^^^^^^^^^^^^^^^
  File "/root/anaconda3/envs/chatbi/lib/python3.12/site-packages/starlette/websockets.py", line 119, in receive_text
    self._raise_on_disconnect(message)
  File "/root/anaconda3/envs/chatbi/lib/python3.12/site-packages/starlette/websockets.py", line 113, in _raise_on_disconnect
    raise WebSocketDisconnect(message["code"], message.get("reason"))
starlette.websockets.WebSocketDisconnect: (1001, '')
2025-05-26 13:20:50,157 ChatBI->     ERROR    Unexpected error occured:(1001, '')
Traceback (most recent call last):
  File "/data/yfzx/liucd/chatbi_deploy2/chatbi_DB2/apps/app_main_ws.py", line 64, in websocket_endpoint
    message = await websocket.receive_text()
              ^^^^^^^^^^^^^^^^^^^^^^^^^^^^^^
  File "/root/anaconda3/envs/chatbi/lib/python3.12/site-packages/starlette/websockets.py", line 119, in receive_text
    self._raise_on_disconnect(message)
  File "/root/anaconda3/envs/chatbi/lib/python3.12/site-packages/starlette/websockets.py", line 113, in _raise_on_disconnect
    raise WebSocketDisconnect(message["code"], message.get("reason"))
starlette.websockets.WebSocketDisconnect: (1001, '')
2025-05-26 13:21:10,613 ChatBI->     INFO     案例库查询
2025-05-26 13:21:10,653 ChatBI->     INFO     案例库查询结果: ["{'query': '最近3个月噪音污染事件涉及到了哪些公园', '目标列': ['内容描述'], '条件列': {'工单生成时间': '最近3个月', '诉求地址': '公园', '二级分类': '噪音污染'}}", "{'query': '去年虹口有哪些有噪音污染的公园', '目标列': ['内容描述'], '条件列': {'诉求区域': '虹口区', '内容描述': '噪音污染'}}", "{'query': '近7个月哪些公园被举报存在噪声扰民事件', '目标列': ['内容描述'], '条件列': {'工单类别': '投诉举报类', '内容描述': '噪声扰民', '诉求地址': '公园', '工单生成时间': '近7个月'}}"]
2025-05-26 13:21:11,967 ChatBI->     INFO     schema linking: {'target_columns': ['内容描述'], 'condition_columns': {'诉求区域': '虹口区', '内容描述': '跳广场舞', '工单类别': '投诉举报类', '工单生成时间': '去年'}}
2025-05-26 13:21:14,770 ChatBI->     INFO     任务类型: SQL
2025-05-26 13:21:16,240 ChatBI->     INFO     stad sql: SELECT `诉求区域`, `内容描述`, `工单生成时间` FROM shanghai WHERE `内容描述` LIKE '%跳广场舞%' AND `工单类别` = '投诉举报类' AND YEAR(`工单生成时间`) = YEAR(CURDATE()) - 1 LIMIT 10;
2025-05-26 13:21:16,240 ChatBI->     INFO     开始语义分析 ... 
2025-05-26 13:21:16,242 ChatBI->     INFO     非结构化信息为: {"`内容描述` LIKE '%跳广场舞%'": '跳广场舞'}
2025-05-26 13:21:16,500 ChatBI->     INFO     跳广场舞 的命名实体判别： no
2025-05-26 13:21:16,501 ChatBI->     INFO     开始对非结构化文档【粗略】检索
2025-05-26 13:21:17,040 ChatBI->     INFO     检索到的文档总数量为：5000
2025-05-26 13:21:17,347 ChatBI->     INFO     开始对非结构化文档【深度】检索
2025-05-26 13:21:17,686 ChatBI->     INFO     step_scores: ['yes', 'yes', 'yes', 'yes', 'yes', 'yes', 'yes', 'no', 'no', 'no']
2025-05-26 13:21:17,687 ChatBI->     INFO     层级抽取文档： 市民来电反映：上述地址小区广场有人跳广场舞，噪音扰民，时间20:00-21:00，当时租赁该房子的时候表示内部广场，不会有人跳广场舞，但是警察告知是公共的，可以跳舞。 诉求：要求有关部门管理噪音扰民问题。要求知道广场是否可以跳广场舞。信息保密需要回复 ==> yes  
2025-05-26 13:21:17,687 ChatBI->     INFO     层级抽取文档： 市民来电补充信息。市民补充信息内容为：现在18:45就开始跳舞，20:00才结束，大喇叭噪音太响了，还是用小区的电，市民要求尽快处理噪音扰民。【最近派发的工单编号：20240609019999，工单内容：按答复要点告知市民,市民表示答复要点不明确，其表示每天19:00—20:00期间跳广场舞扰民的问题依旧存在，并称根据其自己查询的关于跳广场舞的相关法规是说18:00—20:00期间是居民的休息时间，是不能够扰民的。诉求：请管理部门核实处理跳广场舞噪音扰民的问题。新交办，要求：答复要点与实际不符，市民称此问题仍未解决，5月15日19:00该处还是照样跳广场舞，噪音扰民，市民原诉求不变。】 ==> yes  
2025-05-26 13:21:17,687 ChatBI->     INFO     层级抽取文档： 市民来电反映:小区楼下路口是一个广场，有人员在广场上跳舞。市民也去跳舞，领舞人员表示市民没穿制服，不让市民跳，要把市民赶走。市民表示对方是否有权利赶市民走，是否必须要购买制服。 ==> yes  
2025-05-26 13:21:17,687 ChatBI->     INFO     层级抽取文档： 市民来电反映:大宁公园里靠近宜川路罗马广场，每天大功率音响跳广场舞，从早上9：00－11：00。诉求：请管理部门核实投诉噪音扰民。 ==> yes  
2025-05-26 13:21:17,687 ChatBI->     INFO     层级抽取文档： 市民来电反映:上述地址每天晚上19点-21点有人使用外置扩音装置放音乐跳广场舞，噪音严重影响周围居民休息，诉求：希望管理部门核实处理噪音扰民问题。（市民要求信息保密 无需回复） ==> yes  
2025-05-26 13:21:17,687 ChatBI->     INFO     层级抽取文档： 市民来电反映:其是常德路1436号德诚大厦E座的居民，其表示每天18:30或者19:00-21:00或者21:30上述地址都有广场舞音乐发出的噪音严重扰民。诉求：希望管理部门核实整治。（需回复） ==> yes  
2025-05-26 13:21:17,687 ChatBI->     INFO     层级抽取文档： 【重新交办,要求：按答复要点告知市民,市民表示答复要点和实际情况不符，上述广场舞噪音没有得到任何改善，管理部门之前一直是消极执法。10月27日，市民报警后，民警开着警车来现场绕了一圈，民警都没有下车，就直接开走了，完全没有执法（市民有录视频）。诉求：市民要求对不作为现象做严肃处理。（市民要求信息保密... ==> yes  
2025-05-26 13:21:17,687 ChatBI->     INFO     层级抽取文档： 市民反映：由于上述广场内有很多美食店铺，骑手乱停车，该广场物业用喇叭循环播放不要乱停车，噪音扰民（详见附件）。诉求：请管理部门制止噪音扰民。（市民要求信息保密，无需回复） ==> no  
2025-05-26 13:21:17,687 ChatBI->     INFO     层级抽取文档： 市民来电反映:上述地址小区早上6:00-7:00左右时，一直有居民在公共的广场上打羽毛球，打球时发出了剧烈吵闹声，严重扰民，故来电。现诉求：望管理部门查实，协调处理该噪音扰民问题（市民要求信息保密 需回复） ==> no  
2025-05-26 13:21:17,687 ChatBI->     INFO     层级抽取文档： 市民来电反映:上述地址梅龙镇广场许多路口没有交通标识 ==> no  
2025-05-26 13:21:17,687 ChatBI->     INFO     阈值索引为：140, 窗口大小为: 100 
2025-05-26 13:21:17,687 ChatBI->     INFO     确定的文档: 41; 在次确认的文档: 199
2025-05-26 13:21:23,088 ChatBI->     INFO     从199个需再次确认的文档中筛选出的相关文档数量：102
2025-05-26 13:21:23,088 ChatBI->     INFO     示例文档：['市民来电反映:上述小区的隔壁小区新梅绿岛每天8:00不到就有人使用扩音设备跳舞，噪音扰民，诉求：要求禁止使用扩音设备跳舞扰民（信息保密需回复）', '市民来电反映:其在上述地址办理了跳舞卡，生育10000左右，没有合同，身体原因不可以继续跳舞，诉求：要求退费。', '市民来电反映:其房屋后面有一条老街，每天晚上会有很多老太在街上跳舞，将音响开的很响，严重影响周边居民生活。诉求：望管理部门核实解决扩音设备扰民问题。（市民要求信息保密 无需回复）', '市民反映：每天晚上19:00左右海派青城1056弄公寓大厅通道有几个阿姨跳舞（详见附件），喇叭声和吵闹声，小朋友会被吓跑，物业无作为，楼组长没权利。诉求：希望协调制止扰民。（市民要求信息保密，需要回复）', '【重新交办,要求：按答复要点告知市民,市民表示答复要点与事实不符,没有解决，外置扩音设备声音还是很响。诉求：依法处罚，彻底解决。（市民要求信息保密 无需回复）最近办结的工单编号:20240324000361，工单内容:重新交办，要求：按答复市民要点告知市民，市民表示答复市民要点与实际情况明显不符，市民表示从未有改善过，尤其是早上6:00跳舞，外置扩音设备噪音扰民严重。诉求：同前，请管理部门如其所述，依法处罚，彻底解决该问题。（市民要求信息保密...']
2025-05-26 13:21:23,090 ChatBI->     INFO     没有找到<  >对应的视图
2025-05-26 13:21:23,090 ChatBI->     INFO     sql 语句：SELECT `诉求区域`, `内容描述`, `工单生成时间` FROM shanghai WHERE  `内容描述` IN (:val0, :val1, :val2, :val3, :val4, :val5, :val6, :val7, :val8, :val9, :val10, :val11, :val12, :val13, :val14, :val15, :val16, :val17, :val18, :val19, :val20, :val21, :val22, :val23, :val24, :val25, :val26, :val27, :val28, :val29, :val30, :val31, :val32, :val33, :val34, :val35, :val36, :val37, :val38, :val39, :val40, :val41, :val42, :val43, :val44, :val45, :val46, :val47, :val48, :val49, :val50, :val51, :val52, :val53, :val54, :val55, :val56, :val57, :val58, :val59, :val60, :val61, :val62, :val63, :val64, :val65, :val66, :val67, :val68, :val69, :val70, :val71, :val72, :val73, :val74, :val75, :val76, :val77, :val78, :val79, :val80, :val81, :val82, :val83, :val84, :val85, :val86, :val87, :val88, :val89, :val90, :val91, :val92, :val93, :val94, :val95, :val96, :val97, :val98, :val99, :val100, :val101, :val102, :val103, :val104, :val105, :val106, :val107, :val108, :val109, :val110, :val111, :val112, :val113, :val114, :val115, :val116, :val117, :val118, :val119, :val120, :val121, :val122, :val123, :val124, :val125, :val126, :val127, :val128, :val129, :val130, :val131, :val132, :val133, :val134, :val135, :val136, :val137, :val138, :val139, :val140, :val141, :val142) AND `工单类别` = '投诉举报类' AND YEAR(`工单生成时间`) = YEAR(CURDATE()) - 1 LIMIT 10;
2025-05-26 13:21:23,363 ChatBI->     INFO     websocket发送的数据为：{"sql_gen": "SELECT `诉求区域`, `内容描述`, `工单生成时间` FROM shanghai WHERE `内容描述` LIKE '%跳广场舞%' AND `工单类别` = '投诉举报类' AND YEAR(`工单生成时间`) = YEAR(CURDATE()) - 1 LIMIT 10;"}
2025-05-26 13:21:23,363 ChatBI->     INFO     websocket发送的数据为：{"response": [{}]}
2025-05-26 13:21:23,375 ChatBI->     INFO     sql 语句：SELECT * FROM shanghai WHERE  `内容描述` IN (:val0, :val1, :val2, :val3, :val4, :val5, :val6, :val7, :val8, :val9, :val10, :val11, :val12, :val13, :val14, :val15, :val16, :val17, :val18, :val19, :val20, :val21, :val22, :val23, :val24, :val25, :val26, :val27, :val28, :val29, :val30, :val31, :val32, :val33, :val34, :val35, :val36, :val37, :val38, :val39, :val40, :val41, :val42, :val43, :val44, :val45, :val46, :val47, :val48, :val49, :val50, :val51, :val52, :val53, :val54, :val55, :val56, :val57, :val58, :val59, :val60, :val61, :val62, :val63, :val64, :val65, :val66, :val67, :val68, :val69, :val70, :val71, :val72, :val73, :val74, :val75, :val76, :val77, :val78, :val79, :val80, :val81, :val82, :val83, :val84, :val85, :val86, :val87, :val88, :val89, :val90, :val91, :val92, :val93, :val94, :val95, :val96, :val97, :val98, :val99, :val100, :val101, :val102, :val103, :val104, :val105, :val106, :val107, :val108, :val109, :val110, :val111, :val112, :val113, :val114, :val115, :val116, :val117, :val118, :val119, :val120, :val121, :val122, :val123, :val124, :val125, :val126, :val127, :val128, :val129, :val130, :val131, :val132, :val133, :val134, :val135, :val136, :val137, :val138, :val139, :val140, :val141, :val142) AND `工单类别` = '投诉举报类' AND YEAR(`工单生成时间`) = YEAR(CURDATE()) - 1 LIMIT 10;
2025-05-26 13:21:23,744 ChatBI->     INFO     websocket发送的数据为：{"data_detail": [{}]}
2025-05-26 13:21:24,446 ChatBI->     INFO     websocket发送的数据为：{"result_insight": "很抱歉，根据提供的信息，去年没有找到任何公园有跳广场舞的扰民事件的记录。如果您有其他问题或需要进一步的帮助，请随时告诉我。"}
2025-05-26 13:21:26,186 ChatBI->     INFO     websocket发送的数据为：{"result_recommand": {"new_query_1": "去年哪些公园有跳广场舞的扰民事件，具体发生在哪些时间段？", "new_query_2": "去年哪些公园有跳广场舞的扰民事件，这些事件的处理结果如何？", "new_query_3": "去年哪些公园有跳广场舞的扰民事件，这些事件主要集中在哪个区域？"}}
2025-05-26 13:23:00,838 ChatBI->     ERROR    Unexpected error occured:(1001, '')
Traceback (most recent call last):
  File "/data/yfzx/liucd/chatbi_deploy2/chatbi_DB2/apps/app_main_ws.py", line 64, in websocket_endpoint
    message = await websocket.receive_text()
              ^^^^^^^^^^^^^^^^^^^^^^^^^^^^^^
  File "/root/anaconda3/envs/chatbi/lib/python3.12/site-packages/starlette/websockets.py", line 119, in receive_text
    self._raise_on_disconnect(message)
  File "/root/anaconda3/envs/chatbi/lib/python3.12/site-packages/starlette/websockets.py", line 113, in _raise_on_disconnect
    raise WebSocketDisconnect(message["code"], message.get("reason"))
starlette.websockets.WebSocketDisconnect: (1001, '')
2025-05-26 13:23:17,682 ChatBI->     INFO     案例库查询
2025-05-26 13:23:17,732 ChatBI->     INFO     案例库查询结果: ["{'query': '最近3个月噪音污染事件涉及到了哪些公园', '目标列': ['内容描述'], '条件列': {'工单生成时间': '最近3个月', '诉求地址': '公园', '二级分类': '噪音污染'}}", "{'query': '去年虹口有哪些有噪音污染的公园', '目标列': ['内容描述'], '条件列': {'诉求区域': '虹口区', '内容描述': '噪音污染'}}", "{'query': '近7个月哪些公园被举报存在噪声扰民事件', '目标列': ['内容描述'], '条件列': {'工单类别': '投诉举报类', '内容描述': '噪声扰民', '诉求地址': '公园', '工单生成时间': '近7个月'}}"]
2025-05-26 13:23:18,988 ChatBI->     INFO     schema linking: {'target_columns': ['内容描述'], 'condition_columns': {'诉求区域': '虹口区', '内容描述': '噪声扰民', '诉求地址': '公园', '工单生成时间': '去年'}}
2025-05-26 13:23:20,643 ChatBI->     INFO     任务类型: SQL
2025-05-26 13:23:21,985 ChatBI->     INFO     stad sql: SELECT `诉求地址`, `工单生成时间` FROM shanghai WHERE `内容描述` LIKE '%噪声扰民%' AND `诉求地址` LIKE '%公园%' AND YEAR(`工单生成时间`) = YEAR(CURDATE()) - 1 LIMIT 10;
2025-05-26 13:23:21,985 ChatBI->     INFO     开始语义分析 ... 
2025-05-26 13:23:21,988 ChatBI->     INFO     非结构化信息为: {"`内容描述` LIKE '%噪声扰民%'": '噪声扰民'}
2025-05-26 13:23:22,242 ChatBI->     INFO     噪声扰民 的命名实体判别： no
2025-05-26 13:23:22,244 ChatBI->     INFO     开始对非结构化文档【粗略】检索
2025-05-26 13:23:22,784 ChatBI->     INFO     检索到的文档总数量为：5000
2025-05-26 13:23:23,112 ChatBI->     INFO     开始对非结构化文档【深度】检索
2025-05-26 13:23:23,385 ChatBI->     INFO     step_scores: ['yes', 'yes', 'yes', 'yes', 'yes', 'yes', 'yes', 'yes', 'yes', 'yes']
2025-05-26 13:23:23,385 ChatBI->     INFO     层级抽取文档： 市民来电反映:上述地址最近每天23:00以后都会传出像发电机一样的噪声严重扰民。诉求：希望管理部门核实解决。（市民要求信息保密 需回复） ==> yes  
2025-05-26 13:23:23,385 ChatBI->     INFO     层级抽取文档： 市民来电反映：建筑工地噪音扰民 ==> yes  
2025-05-26 13:23:23,385 ChatBI->     INFO     层级抽取文档： 市民来电反映:上述地址的居民每天20:00-21:00都会发出很大的声音，存在噪音扰民。诉求：请管理部门尽快解决噪音扰民的情况。（信息保密 需要回复） ==> yes  
2025-05-26 13:23:23,385 ChatBI->     INFO     层级抽取文档： 市民反映：上述地址大板房改建过程中，施工方严重噪音扰民。从7:00开工至17:00... ==> yes  
2025-05-26 13:23:23,385 ChatBI->     INFO     层级抽取文档： 市民反映：近期竹柏路366弄178号201室在装修，晚上19:00还在装修，噪音扰民。诉求：请管理部门制止噪音扰民。 ==> yes  
2025-05-26 13:23:23,385 ChatBI->     INFO     层级抽取文档： 市民来电反映:上述地址的房屋有群租现象，房屋有改建现象，噪音影响到旁边居民，要求管理部门予以取缔。 ==> yes  
2025-05-26 13:23:23,385 ChatBI->     INFO     层级抽取文档： 市民来电反映：杨浦区营口路859号法朵公寓门前，晚上修路扰民。晚上19:00-凌晨一直在修，扰民严重，诉求：市民希望晚上不要施工扰民。 ==> yes  
2025-05-26 13:23:23,385 ChatBI->     INFO     层级抽取文档： 市民来电反映:工作日的装修时间，上述地址的噪音超过了法定标准，影响周边业主休息。诉求：解决噪音扰民问题。（市民要求信息保密 需回复） ==> yes  
2025-05-26 13:23:23,386 ChatBI->     INFO     层级抽取文档： 市民来电反映:上述地址居民夜间噪音扰民，经常走路声音太响。重物掉落的声音。之前反映过解决了，但之后又出现了死灰复燃的现象。诉求：希望核查解决噪音问题。（市民要求信息保密 需回复） ==> yes  
2025-05-26 13:23:23,386 ChatBI->     INFO     层级抽取文档： 市民来电反映:上述地址每天晚间施工噪音过大，一般为20点-22点，影响周围居民休息，诉求：希望管理部门核实处理协助处理噪音扰民问题。 ==> yes  
2025-05-26 13:23:23,682 ChatBI->     INFO     step_scores: ['yes', 'yes', 'yes', 'yes', 'yes', 'yes', 'yes', 'yes', 'yes', 'yes']
2025-05-26 13:23:23,682 ChatBI->     INFO     层级抽取文档： 市民来电反映:上述地址居民经常装修，并使用冲击产生噪音扰民。诉求：希望管理部门督促规范装修，不要扰民。（市民要求信息保密，无需回复） ==> yes  
2025-05-26 13:23:23,683 ChatBI->     INFO     层级抽取文档： 市民来电反映:上述地址4月13日道路夜间施工，噪音扰民严重，市民表示之前没有此类情况，要求投诉，希望不要扰民。（市民要求信息保密 无需回复） ==> yes  
2025-05-26 13:23:23,683 ChatBI->     INFO     层级抽取文档： 市民来电反映:上述地址村民每天早上7：00-18：00装修噪音扰民。诉求：请管理部门核实投诉装修噪音。（市民要求信息保密 需回复） ==> yes  
2025-05-26 13:23:23,683 ChatBI->     INFO     层级抽取文档： 市民留言反映：举报施工，半夜扰民。 ==> yes  
2025-05-26 13:23:23,683 ChatBI->     INFO     层级抽取文档： 市民反映：201室晚上装修扰民。诉求：请管理部门整治装修扰民事宜。（市民要求信息保密，需回复） ==> yes  
2025-05-26 13:23:23,684 ChatBI->     INFO     层级抽取文档： 市民反映：上述地址9月12号晚上20:00施工扰民特别吵，是否为非抢修抢险，非施工时间晚上施工扰民。诉求：请管理部门核实后回复，并消除施工扰民。（市民要求信息保密，需要回复） ==> yes  
2025-05-26 13:23:23,684 ChatBI->     INFO     层级抽取文档： 市民来电反映:上述地址的公寓最近装修施工，导致噪音扰民严重。诉求：请管理部门要求施工单位规范施工，避免扰民。（市民要求信息保密 需回复） ==> yes  
2025-05-26 13:23:23,684 ChatBI->     INFO     层级抽取文档： 市民来电反映:上述地址在道路施工，有搅拌车产生噪音扰民。 ==> yes  
2025-05-26 13:23:23,684 ChatBI->     INFO     层级抽取文档： 市民来电反映:外省市商铺扩音喇叭噪音扰民问题。 ==> yes  
2025-05-26 13:23:23,684 ChatBI->     INFO     层级抽取文档： 市民来电反映:宾川路524号-2、-3居民住房借给外地人的，存在噪音扰民，每天7:00-20:00不间断的产生噪音，和居委反映过无果，诉求：要求核查整治，彻底解决噪音扰民问题。（信息保密，需回复） ==> yes  
2025-05-26 13:23:24,021 ChatBI->     INFO     step_scores: ['yes', 'yes', 'yes', 'yes', 'yes', 'yes', 'yes', 'yes', 'yes', 'yes']
2025-05-26 13:23:24,021 ChatBI->     INFO     层级抽取文档： 市民反映：上述地址绿久苑大门口商铺推销喇叭扰民，从18:00-21:00，已经持续快一周了，每天如此。诉求：希望管理部门制止噪音扰民。 ==> yes  
2025-05-26 13:23:24,021 ChatBI->     INFO     层级抽取文档： 市民反映：上述地址非装修时间装修，造成扰民（详见附件）。诉求：请管理部门加强装修扰民管理。（市民要求信息保密，无需回复） ==> yes  
2025-05-26 13:23:24,021 ChatBI->     INFO     层级抽取文档： 市民来电反映:上述地址世外小学门卫室后面的排风扇，每天05:00多就开始运作产生噪音扰民现象。诉求：请管理部门核实改善噪音扰民。 ==> yes  
2025-05-26 13:23:24,021 ChatBI->     INFO     层级抽取文档： 市民来电反映:上述地址旁边正在进行高架建设施工，10月15日从早上5点就开始施工了，特别嘈杂，噪音非常扰民，影响周边居民正常生活。诉求：投诉噪音扰民，请管理部门核实整治。（需回复） ==> yes  
2025-05-26 13:23:24,021 ChatBI->     INFO     层级抽取文档： 市民来电反映:上述地址小区居民早上6点钟不到就开始装修了产生噪音扰民。诉求：请管理部门尽快解决装修噪音扰民问题。（市民要求信息保密 需回复） ==> yes  
2025-05-26 13:23:24,021 ChatBI->     INFO     层级抽取文档： 市民来电反映:上述地址学校每天6：30开始噪音施工，影响周围市民休息。诉求：希望管理部门可以核实沟通让其晚点噪音施工。（市民要求信息保密 需回复） ==> yes  
2025-05-26 13:23:24,022 ChatBI->     INFO     层级抽取文档： 市民来电反映:上述地址业主家里装修，周末装修扰民，诉求：针对此处小区周末装修扰民行为进行制止。（市民要求信息保密 无需回复） ==> yes  
2025-05-26 13:23:24,022 ChatBI->     INFO     层级抽取文档： 市民来电反映:杨浦区友谊新村东区209号前面的拆迁地块，目前还有土方车进入，造成扰民，诉求：尽快处理扰民问题。凌晨12点和现在已经二次，之后预计还会有。 ==> yes  
2025-05-26 13:23:24,022 ChatBI->     INFO     层级抽取文档： 市民来电反映:上述地址每天6、7点就开始装修，已经持续两周了，噪音非常扰民。有居民报警了也没有用。市民表示可能是虹口实业公司的。诉求：请管理部门核实整治噪音扰民问题。（需回复） ==> yes  
2025-05-26 13:23:24,022 ChatBI->     INFO     层级抽取文档： 市民来电反映:上述地址修路后覆盖了铁板，车子开过噪音扰民。市民诉求：望相关部门核实尽快调整避免扰民。（市民要求信息保密 需回复） ==> yes  
2025-05-26 13:23:24,593 ChatBI->     INFO     step_scores: ['yes', 'yes', 'yes', 'yes', 'yes', 'yes', 'yes', 'yes', 'yes', 'yes']
2025-05-26 13:23:24,593 ChatBI->     INFO     层级抽取文档： 市民来电反映:上述地址5月3日早上7:30开始装修，噪音扰民，诉求：要求管理部门处理节假日装修扰民问题（市民要求信息保密 无需回复） ==> yes  
2025-05-26 13:23:24,593 ChatBI->     INFO     层级抽取文档： 市民来电反映:上述地址的一户人家，于2024年4月7日22:17这个点在打麻将，声音很大很吵，存在噪音扰民。诉求：请管理部门尽快解决噪音扰民的问题。（信息保密 无需回复） ==> yes  
2025-05-26 13:23:24,593 ChatBI->     INFO     层级抽取文档： 市民来电反映:5月3日05:00左右，上述地址小区旁边的建筑工地就开始施工，产生噪音扰民现象。诉求：请管理部门核实改善噪音扰民。（市民要求信息保密 无需回复） ==> yes  
2025-05-26 13:23:24,593 ChatBI->     INFO     层级抽取文档： 【投诉】市民来电反映:噪音扰民问题一直没有改善，市民对于管理部门的处理非常不满，一直在拖延推诿，诉求：投诉关联部门未解决噪音扰民问题。关联工单编号：20241009022562 ==> yes  
2025-05-26 13:23:24,593 ChatBI->     INFO     层级抽取文档： 市民来电反映:市民表示上述地址近期存在夜间施工噪音扰民情况，可能是路政施工，7月19日0:00多又突然发出了类似警报的声音，且声音特别大，影响到周边居民的休息。诉求：请管理部门核实处理夜间施工噪音扰民问题。（市民要求信息保密 无需回复） ==> yes  
2025-05-26 13:23:24,593 ChatBI->     INFO     层级抽取文档： 市民来电反映:上述地址居民经常拖拽凳子、摔碗，噪音扰民，诉求：请管理部门核实，希望居委上门协调解决扰民问题。（市民要求信息保密 需回复） ==> yes  
2025-05-26 13:23:24,593 ChatBI->     INFO     层级抽取文档： 市民来电反映:上述地址每天有人跳广场舞，18:30就开始，现在天热了，大家都要开窗，小区有好多孩子都要中考，高考的，噪音扰民严重，诉求：尽快处理噪音扰民问题（市民要求信息保密 无需回复） ==> yes  
2025-05-26 13:23:24,593 ChatBI->     INFO     层级抽取文档： 市民来电反映:上述地址餐厅噪音扰民问题，市民之前反映过好了现在又死灰复燃了，9月25日音乐声和打鼓声非常吵，市民最近几天只能向公安部门反映。诉求：请管理部门核实，要求彻底解决噪音扰民问题。 ==> yes  
2025-05-26 13:23:24,593 ChatBI->     INFO     层级抽取文档： 市民来电反映:学校里一个新建大楼施工，上课的噪音扰民影响学生正常学习。4月29日噪音特别厉害。诉求：请管理部门投诉噪音施工。（市民要求信息保密 无需回复） ==> yes  
2025-05-26 13:23:24,593 ChatBI->     INFO     层级抽取文档： 市民来电反映:半夜有人燃放烟花扰民要求警方处理。 ==> yes  
2025-05-26 13:23:24,899 ChatBI->     INFO     step_scores: ['yes', 'yes', 'yes', 'yes', 'yes', 'yes', 'yes', 'yes', 'yes', 'yes']
2025-05-26 13:23:24,899 ChatBI->     INFO     层级抽取文档： 市民来电反映:上述地址门面店周末的早上7:00多就开始装修噪音扰民。诉求：希望管理部门核实制止此处周末过早的装修扰民。（市民要求信息保密 无需回复） ==> yes  
2025-05-26 13:23:24,899 ChatBI->     INFO     层级抽取文档： 市民来电反映:上述地址是群租房，并且养了夜行动物，每天02:00-05:00会产生噪音扰民现象。市民称曾向居委物业反映过，但未改善。诉求：请管理部门核实取缔群租，并改善噪音扰民。（市民要求信息保密 需回复） ==> yes  
2025-05-26 13:23:24,899 ChatBI->     INFO     层级抽取文档： 市民反映：上述道路近期在施工，07:00左右就开始了施工噪音严重扰民。诉求：请适当调整作业时间，不要很早就发出有噪音的施工。 ==> yes  
2025-05-26 13:23:24,899 ChatBI->     INFO     层级抽取文档： 市民来电反映:上述地址闵富大厦楼下兴业银行，4月7日早上7:30开始装修，噪音大影响周边居民休息，多次出现装修扰民问题，劝阻无效。诉求：治理装修噪音扰民。（市民要求信息保密 无需回复） ==> yes  
2025-05-26 13:23:24,899 ChatBI->     INFO     层级抽取文档： 市民来电反映:上述地址东亭路上有一块平地上有两部挖掘机正在施工，周末6:00左右开始，严重噪音扰民。诉求：要求管理部门核实尽快彻底制止噪音扰民。（市民要求信息保密 需回复） ==> yes  
2025-05-26 13:23:24,899 ChatBI->     INFO     层级抽取文档： 市民来电反映:11月4日20:30上述地址小区旁有一个工地施工噪音非常大，影响周边市民休息，诉求：希望管理部门协调降低噪音。（市民要求信息保密 无需回复） ==> yes  
2025-05-26 13:23:24,899 ChatBI->     INFO     层级抽取文档： 市民来电反映:市民之前反映该小区外的垃圾清运站噪音扰民的问题，相关部门已处理，但目前又恢复。情况好了两个星期，于2024年1月1日开始，工作日05:45开始作业，周末06:00开始作业，噪音非常厉害，严重扰民。诉求：诉求：请管理部门核实协调，让垃圾清运站控制噪音不要扰民。 ==> yes  
2025-05-26 13:23:24,899 ChatBI->     INFO     层级抽取文档： 市民来电反映:   上述地址居民于9月22日早上8:50存在装修噪音扰民，诉求: 希望管理部门核实协调其周末不要装修.（市民要求信息保密 需回复） ==> yes  
2025-05-26 13:23:24,899 ChatBI->     INFO     层级抽取文档： 市民来电反映: 上述地址附近于10月21日晚上23:06存在道路施工噪音扰民，诉求: 希望管理部门核实协调其不要夜间施工.(需回复) ==> yes  
2025-05-26 13:23:24,899 ChatBI->     INFO     层级抽取文档： 市民来电反映:上述地址道路正在施工，可到晚上23:50左右为止都没有停工，产生了剧烈噪音严重扰民，故来电。现诉求：望管理部门查实，协调处理该夜间施工扰民问题（市民要求信息保密 需回复） ==> yes  
2025-05-26 13:23:25,198 ChatBI->     INFO     step_scores: ['yes', 'yes', 'yes', 'yes', 'yes', 'yes', 'yes', 'yes', 'yes', 'yes']
2025-05-26 13:23:25,199 ChatBI->     INFO     层级抽取文档： 市民来电反映:周末楼上装修扰民，是打110还是12345 ==> yes  
2025-05-26 13:23:25,199 ChatBI->     INFO     层级抽取文档： 市民反映：10月25日青浦区淀昇路黄家埭路工地半夜施工噪音扰民。诉求：请整治夜间施工扰民。（市民要求信息保密，无需回复） ==> yes  
2025-05-26 13:23:25,199 ChatBI->     INFO     层级抽取文档： 市民反映：静安区山西北路388弄11月5日午休时间非施工时间装修施工扰民，诉求：希望核实协调处理装修扰民问题。（市民要求信息保密，需要回复） ==> yes  
2025-05-26 13:23:25,199 ChatBI->     INFO     层级抽取文档： 市民来电反映:其之前向12345反映过上述地址小区4:30左右清运垃圾噪音扰民的问题，反映后好了一段时间，现在又死灰复燃了，诉求：投诉青浦区城运中心，青浦区环卫所，泾茉路安居办，要求尽快解决该噪音扰民问题。 ==> yes  
2025-05-26 13:23:25,199 ChatBI->     INFO     层级抽取文档： 市民来电反映:上述路段多个店铺用扩音装置叫卖一直持续到晚上关门。反映多次无法根治。诉求：要求制止噪音扰民。 ==> yes  
2025-05-26 13:23:25,199 ChatBI->     INFO     层级抽取文档： 市民来电反映:上述地址公寓楼隔壁的第五食堂商户，近期每天23：00以后还在用外置扩音喇叭放歌，严重噪音扰民，影响周围居民休息。诉求：请管理部门核实尽快彻底制止噪音扰民。（市民要求信息保密 需回复） ==> yes  
2025-05-26 13:23:25,199 ChatBI->     INFO     层级抽取文档： 市民来电反映：上述地址道路夜间施工，噪音扰民对市民生活带来影响。诉求：要求管理部门上门整治。（市民要求信息保密，需要回复） ==> yes  
2025-05-26 13:23:25,199 ChatBI->     INFO     层级抽取文档： 市民来电反映:上述地址有一个之前荒废很久的工地，9月27日开始22:00之后会发出低频噪音，晚上扰民让其无法正常休息，诉求：请管理部门核查进行整治。（市民要求信息保密 需回复） ==> yes  
2025-05-26 13:23:25,200 ChatBI->     INFO     层级抽取文档： 市民来电反映: 上述地址的居民最近装修房屋，双休日也不停止，5月16日早上5:30就开始作业，噪音扰民严重，沟通多次无果，诉求：请管理部门核实，尽快上门要求规范施工，避免扰民。（需回复） ==> yes  
2025-05-26 13:23:25,200 ChatBI->     INFO     层级抽取文档： 市民来电反映:4月11日23:00，上述地址附近的建筑工地在夜间施工，产生噪音影响周边居民的正常休息，市民不清楚有没有夜间许可证。诉求：请管理部门核实，解决噪音扰民问题。 ==> yes  
2025-05-26 13:23:25,567 ChatBI->     INFO     step_scores: ['yes', 'yes', 'yes', 'yes', 'yes', 'yes', 'yes', 'yes', 'yes', 'yes']
2025-05-26 13:23:25,567 ChatBI->     INFO     层级抽取文档： 市民补充信息：市民要求信息保密，无需回复。一栋楼的很多人屡次投诉屡次没降低噪音，周末敲敲打打，工作日装修震耳欲聋，去药房买了耳塞都没办法阻隔该噪音，家中有老人要休息，其表示该问题是否解决不了，以及其要有知情权，这种声音需要持续多久才能完，让房东在群里给该栋楼交代。其表示再不解决走法律程序，不是直接110这么简单。【最近派发的工单编号：20240426006743，工单内容：市民反映：上述地址楼下1302室白天装修扰民，超120分贝。每天这样没办法正常白天呆在家里。诉求：投诉噪音扰民。市民要求信息保密，需要回复。】 ==> yes  
2025-05-26 13:23:25,567 ChatBI->     INFO     层级抽取文档： 市民来电反映:9月21日22:19在上述地址有挖马路的施工队正在施工，市民认为超过22:00还在施工非常的不合理，产生巨大的噪音影响周边居民正常休息，诉求:请管理部门核实协调降噪。 ==> yes  
2025-05-26 13:23:25,567 ChatBI->     INFO     层级抽取文档： 市民来电反映:小区楼下的水泵房用水高峰非常吵，向自来水公司反映一直没有解决，当时说螺丝松了，处理了还是有噪音。每天20:30开始声音很响，之前没有，近期才有的噪音，非常扰民。诉求：处理水泵噪音扰民。 ==> yes  
2025-05-26 13:23:25,567 ChatBI->     INFO     层级抽取文档： 市民来电反映:12月23日6:00开始上述地址有工地施工，噪音扰民严重，诉求：要求该工地调整施工时间，不要双休日那么早就开始装修（信息保密无需回复） ==> yes  
2025-05-26 13:23:25,567 ChatBI->     INFO     层级抽取文档： 市民来电反映：上述地址一大早上就开始装修，噪声非常非常大。诉求：希望有关部门沟通协调好时间。 ==> yes  
2025-05-26 13:23:25,567 ChatBI->     INFO     层级抽取文档： 重复来电，咨询处理进程。【最近派发的工单编号：20231213019683，工单内容：市民来电反映: 上述地址于12月13日下午14:30还存在装修噪音扰民的现象,严重影响市民的工作，诉求:希望管理部门核实解决噪音扰民的问题.(需回复)】 ==> yes  
2025-05-26 13:23:25,567 ChatBI->     INFO     层级抽取文档： 市民来电反映:上述地址在周末早上10点左右开始装修，持续到15点半左右，工作日7点左右开始，有装修噪音扰民的现象，电钻噪音尺幅一分钟左，未知哪户居民装修。诉求：请管理部门协调处理扰民问题。（市民要求信息保密  需要回复） ==> yes  
2025-05-26 13:23:25,568 ChatBI->     INFO     层级抽取文档： 市民来电反映:上述地址居民家正在装修，具体装修时间不知道，可产生了剧烈噪音严重扰民，全天都是剧烈的电钻声，市民不认可，故来电。现诉求：望管理部门查实，协调处理该装修噪音扰民问题（市民要求信息保密 无需回复） ==> yes  
2025-05-26 13:23:25,568 ChatBI->     INFO     层级抽取文档： 市民来电反映:上述地址大华锦绣四季澜悦小区营销中心正在装修，周末也不停工，严重噪音扰民，影响周围居民正常休息。诉求：请管理部门尽快核实协调彻底制止噪音扰民。（市民要求信息保密 需回复） ==> yes  
2025-05-26 13:23:25,568 ChatBI->     INFO     层级抽取文档： 市民来电反映:上述地址是老小区在安装电梯，安装电梯的人员凌晨5点就开始施工，拆墙等噪音非常扰民，反映物业无果。诉求：请管理部门核实整治噪音扰民问题。（市民要求信息保密 需回复） ==> yes  
2025-05-26 13:23:25,930 ChatBI->     INFO     step_scores: ['yes', 'yes', 'yes', 'yes', 'yes', 'yes', 'yes', 'yes', 'yes', 'yes']
2025-05-26 13:23:25,930 ChatBI->     INFO     层级抽取文档： 市民来电咨询:法律咨询噪音扰民问题，有无相关文件。 ==> yes  
2025-05-26 13:23:25,931 ChatBI->     INFO     层级抽取文档： 市民来电反映:上述地址22:00之后还在进行修路施工，噪音扰民严重，市民不清楚该处是否有夜间施工许可证，一直持续了近一个月。诉求：请管理部门协调该处不得夜间施工，以减少噪音对周围居民的影响。（市民要求信息保密 需回复） ==> yes  
2025-05-26 13:23:25,931 ChatBI->     INFO     层级抽取文档： 市民来电补充信息，物业没有查到噪音发出的地方，市民表示声音一般在凌晨有，已经和保安确认噪音确实影响睡眠，希望管理部门尽快处理。【最近派发的工单编号：20241210000253，工单内容：市民来电反映:上址属于政府的保租房，房间隔音差，外立面墙属于中空，房屋设计有缺陷，空调外机等交替震动，有扰民情况。严重扰民，诉求：望管理部门尽快派人查证整改，不要扰民。（需回复）】 ==> yes  
2025-05-26 13:23:25,931 ChatBI->     INFO     层级抽取文档： 市民来电反映:上述地址的一幢楼正在进行酒店改造，大楼内部进行装修施工。每天早上6点前就开始装修，噪音扰民严重，且卡车运输建筑垃圾时超载，导致建筑垃圾掉在路面满地都是。诉求：请管理部门核实并尽快取缔此违规装修。（市民要求信息保密 需回复） ==> yes  
2025-05-26 13:23:25,931 ChatBI->     INFO     层级抽取文档： 市民来电反映:上述地址建筑工地夜间23:00还在施工，噪音扰民，诉求：要求管理部门处理施工噪音问题（市民要求信息保密 无需回复） ==> yes  
2025-05-26 13:23:25,931 ChatBI->     INFO     层级抽取文档： 市民来电反映:上述地址3月中旬开始一直有浦东机场的飞机从上空低空飞过，时间：13:00-23:00，密集的时候2分钟一次，市民表示严重扰民。市民诉求：望相关部门核实原因停止扰民。（市民要求需要回复） ==> yes  
2025-05-26 13:23:25,931 ChatBI->     INFO     层级抽取文档： 市民来电反映:上述地址周末早上8:00开始外墙施工，噪音扰民，要求管理部门周末停止施工。 ==> yes  
2025-05-26 13:23:25,931 ChatBI->     INFO     层级抽取文档： 市民反映：普陀区宜川路街道中潭一哩商铺经常性扰民。9月18日凌晨5:00开始，工程车噪音非常大，影响一整条路的居民，无人管理 ，中潭一哩商铺管理方只为生意，一直出现各种扰民现象，没有得到过很好的治理，对周边居民正常休息造成了很恶劣的影响。市民表示如管理方需要视频，市民可以提供。诉求：希望管理部门核实整治扰民问题。 ==> yes  
2025-05-26 13:23:25,931 ChatBI->     INFO     层级抽取文档： 市民补充信息：市民表示窗户紧闭依然可以听到巨大声响。诉求地址：嘉定区安亭镇曹安公路与墨玉路交叉口西50米【最近派发的工单编号：20241206000078，工单内容：12月6日0:30上述地址路口向西处在道路施工，市民表示噪音扰民，诉求：望有关部门协调避免噪音扰民。（市民要求信息保密 无需回复）】 ==> yes  
2025-05-26 13:23:25,931 ChatBI->     INFO     层级抽取文档： 市民来电咨询:市民称楼上居民扰民，希望管理部门告知住宅区的噪音标准是多少分贝，希望管理部门告知。 ==> yes  
2025-05-26 13:23:26,286 ChatBI->     INFO     step_scores: ['yes', 'yes', 'yes', 'yes', 'yes', 'yes', 'yes', 'yes', 'yes', 'yes']
2025-05-26 13:23:26,287 ChatBI->     INFO     层级抽取文档： 市民来电反映:上述地址第一烤场烧烤店存在噪音扰民现象。市民表示该商铺的鼓风机发出噪音，影响周边居民生活。噪音从傍晚开始持续到凌晨。诉求：希望管理部门核实制止噪音扰民行为。（市民要求信息保密 需回复） ==> yes  
2025-05-26 13:23:26,287 ChatBI->     INFO     层级抽取文档： 市民来电反映:上述地址商场中有商铺正在装修，不知道是哪个商铺，可晚上23:00左右还在施工，产生了剧烈噪音，严重扰民，故来电。现诉求：望管理部门查实，处理该违规装修行为 ==> yes  
2025-05-26 13:23:26,287 ChatBI->     INFO     层级抽取文档： 市民反映：谈家桥163小区隔壁汽车站前宿舍正在进行房屋装修工作，每天06：00多开始施工，剔凿的声音特别响，装修应该是08：00以后，施工超分贝，扰民。诉求：请整治装修扰民。（市民要求信息保密，需要回复） ==> yes  
2025-05-26 13:23:26,287 ChatBI->     INFO     层级抽取文档： 市民来电反映:上述地址业主4月21日早上8：00后开始装修，声音过响。诉求：请管理部门核实投诉噪音扰民。（市民要求信息保密 需回复） ==> yes  
2025-05-26 13:23:26,287 ChatBI->     INFO     层级抽取文档： 市民反映：上述地址楼上穿硬底鞋在夜间21,22:00至23:00和清晨5,6:00点钟来回走动或者打扫，造成噪音扰民，已严重影响居民休息，多次自行沟通无效果甚至变本加厉，也报警处理，仍未改善。诉求：请管理部门派人协调解决噪音扰民事宜。 ==> yes  
2025-05-26 13:23:26,287 ChatBI->     INFO     层级抽取文档： 市民来电反映:市民表示上述地址在工作日的8:00—18:00之外的工作时间进行装修，且发生很响的噪音，影响到其他居民正常休息，其有视频录音证据。诉求：请管理部门核实处理装修噪音扰民的问题。（市民要求信息保密 需回复） ==> yes  
2025-05-26 13:23:26,287 ChatBI->     INFO     层级抽取文档： 市民来电反映:上述地址装修扰民，具体房间号不知道。近期每天从7:20分开始施工，使用噪音机械作业，持续到晚上21:00结束。夜间施工频率不高，但是基本上每天08:00之前施工。诉求：希望管理部门核实，要求遵守施工规范，不要过早噪音扰民。（市民需要信息保密，需回复） ==> yes  
2025-05-26 13:23:26,287 ChatBI->     INFO     层级抽取文档： 市民来电补充信息，市民补充信息内容为市民多次通过本热线向管理部门反映，但是管理部门一直没有给到市民回复，市民强调上述地址，道路施工已经持续2个多月了。诉求：请管理部门核实尽快联系市民。【最近派发的工单编号：20231209022614，工单内容：市民来电反映:上述位置之前11月中旬已经进行过夜间道路施工，噪音十分扰民，现在又开始准备夜间施工扰民。诉求：要求不要在21:00后进行施工扰民。】 ==> yes  
2025-05-26 13:23:26,287 ChatBI->     INFO     层级抽取文档： 市民补充信息内容为来电告知每天12:00-14:00依旧装修噪音扰民，之前只好了两天，要求能把好的那两天坚持下去【最近派发的工单编号：20240510002537，工单内容：市民来电反映:上述住户8:00开始装修，导致噪音扰民，诉求：请管理部门核实，让其把有声音的工作可以放在8:30以后发出。（市民要求信息保密 无需回复）】 ==> yes  
2025-05-26 13:23:26,287 ChatBI->     INFO     层级抽取文档： 市民来电反映:上述地址周末装修，从2月24日08:00开始装修，用凿子装修发出噪音，严重影响周边居民休息。诉求：请管理部门核实，让该居民做好放噪音防治措施，不要扰民。（市民需要信息保密，需回复）
 ==> yes  
2025-05-26 13:23:26,691 ChatBI->     INFO     step_scores: ['yes', 'yes', 'yes', 'yes', 'yes', 'yes', 'yes', 'yes', 'yes', 'yes']
2025-05-26 13:23:26,691 ChatBI->     INFO     层级抽取文档： 【重新交办，要求：答复要点与实际情况不符，市民表示问题并未解决，现其前往居委会反映该问题，工作人员还推三阻四，不负责任。诉求：希望管理部门核实制止扰民行为，给予合理解释。最近办结的工单编号:20240107021545工单内容：市民来电反映:上述地址半夜噪音问题，反映后就好了几天，现在又死灰复燃，一会儿咣当又咣当的声音，让人受不了，诉求：希望管理部门尽快处理扰民问题。】 ==> yes  
2025-05-26 13:23:26,691 ChatBI->     INFO     层级抽取文档： 市民来电反映:其为万科城的居民，上述地址为一个商场，不知道商场的什么设备一直有噪音，夜间非常响。严重影响周边居民休息。诉求：望管理部门核实能解决噪音问题。（市民要求信息保密 需回复） ==> yes  
2025-05-26 13:23:26,691 ChatBI->     INFO     层级抽取文档： 市民补充信息内容为工作人员联系了自己会处理，但9月28日7:00开始工地又开始施工，噪音扰民严重，要求管理部门尽快调整工地施工时间【最近派发的工单编号：20240926001610，工单内容：市民来电反映:上述地址处建筑工地，存在噪音扰民现象。每天7:00多就开始施工，使用钻机钻地，发出巨大噪音，影响周边居民休息。诉求：希望管理部门核实制止噪音扰民行为，延晚时间。（市民要求信息保密 需回复）】 ==> yes  
2025-05-26 13:23:26,691 ChatBI->     INFO     层级抽取文档： 市民来电反映:该处地址小区外面在施工，做雨水工程，6:40分就开始了，噪音扰民了，诉求：要求7:00之后在施工。 ==> yes  
2025-05-26 13:23:26,691 ChatBI->     INFO     层级抽取文档： 市民来电反映:上述地址22:00后修路施工，噪音扰民严重，之前都是22:00就结束了，但是6月18日22:00之后还在施工，市民不清楚该处是否有夜间施工许可证，诉求：请管理部门核查避免该处夜间施工扰民。（市民要求信息保密 无需回复） ==> yes  
2025-05-26 13:23:26,691 ChatBI->     INFO     层级抽取文档： 市民来电反映:7月10号6:00开始普陀区江宁路长寿路圣天地公寓楼下马路施工，噪音扰民，他们在扔钢管，在15楼都听得到。诉求：不要这么早施工扰民，至少8:00以后。（市民要求信息保密，需回复） ==> yes  
2025-05-26 13:23:26,691 ChatBI->     INFO     层级抽取文档： 市民反映：上述地址世界外国语中学开学至3月1日，每天食堂排风噪音响，学生在食堂内喧哗吵闹，噪音扰民，严重影响居民正常休息。诉求：请管理部门协调学校解决扰民行为。 ==> yes  
2025-05-26 13:23:26,692 ChatBI->     INFO     层级抽取文档： 市民反映：上述地址饭店长期通宵营业，排风管道噪音大，且距居民区不足一米，时常晚上发出锅碗瓢盆的声音，导致居民夜间无法开窗通风，询问若饭店有噪音，与居民区是否有距离规定，以及噪音是否符合标准。诉求：投诉饭店噪音扰民。 ==> yes  
2025-05-26 13:23:26,692 ChatBI->     INFO     层级抽取文档： 【重新交办,要求：按答复要点告知市民,市民表示答复要点不明确,噪音情况依旧，并无任何改善。原诉求不变。最近办结的工单编号:20231127004948，工单内容:重新交办,要求：按答复要点告知市民,市民表示答复要点不明确,该开发商的噪音问题一直存在，已对市民造成了神经衰弱。诉求：请管理部门核实并尽快处理该地址的装修扰民的问题。工单内容:市民来电反映:上述地址地下室内有人施工，有木材，工具，好像还居住于此，扰民严重，物业说是正常小区施工，每天九、十点开始作业，诉求：要求整顿扰民现象。（市民要求信息保密 需回复）】 ==> yes  
2025-05-26 13:23:26,692 ChatBI->     INFO     层级抽取文档： 市民补充信息，中华人民共和国环境噪声污染防治法规定法定休息日节假日中午12:00-14:00,18:00-次日8:00都不能在已交付使用的住宅内进行产生噪声的装修.【最近派发的工单编号:20240115025791，工单内容：重新交办，要求：按答复要点告知市民，市民表示管理部门答复要点与实际不符。管理部门称“经核实，工作日下午是法定允许装修的时间，装修居民可以在此时段进行装修，但是市民表示事实并非如此。该处的目前虽然没有电钻声音，但其他的施工噪音（类似敲墙的声音）仍对市民造成影响。诉求：希望管理部门核实，并针对施工噪音扰民问题，加大整治力度，彻底解决。最近办结的工单编号，工单内容：市民来... ==> yes  
2025-05-26 13:23:27,044 ChatBI->     INFO     step_scores: ['yes', 'yes', 'yes', 'yes', 'yes', 'yes', 'yes', 'yes', 'yes', 'yes']
2025-05-26 13:23:27,044 ChatBI->     INFO     层级抽取文档： 市民来电反复催单。市民来电反映：10月15日晚上又继续噪音扰民。请管理部门尽快处理，不然市民表示天天来电投诉。【最近派发的工单编号：20241015000179，工单内容：市民来电反映:上述饭店内在唱歌，一直要唱到05：00左右，喝酒、发酒疯非常吵，其表示或者把门关了，非常的吵。诉求：不要半夜唱歌避免扰民。（市民要求信息保密 无需回复）】 ==> yes  
2025-05-26 13:23:27,044 ChatBI->     INFO     层级抽取文档： 市民来电反映:上述地址棋牌室扰民，还没说完市民自行挂断。 ==> yes  
2025-05-26 13:23:27,045 ChatBI->     INFO     层级抽取文档： 市民反映：樱花路469弄小区内有中心广场，每日晚间19：00至20:00会有许多阿姨成群集结跳广场舞，广场舞的音乐声音严重扰民，严重影响了周边住户的晚间作息，影响学生做作业与学习。小区居民曾多次与物业公司沟通让其进行劝阻，但无任何改观，物业公司对夜间广场舞扰民问题不作为。2024年9月5日夜间有居民报警广场舞扰民，民警来现场处置后广场舞暂停了一会，但出警的民警离开不到几分钟，广场舞仍然在继续。诉求：希望有效处理噪音扰民问题，以免矛盾加剧。（市民要求信息保密，需要回复） ==> yes  
2025-05-26 13:23:27,045 ChatBI->     INFO     层级抽取文档： 市民来电反映:上述商铺正在装修，9月28日早上开始敲墙噪音扰民。诉求：请管理部门核实投诉装修噪音。（市民要求信息保密 无需回复） ==> yes  
2025-05-26 13:23:27,045 ChatBI->     INFO     层级抽取文档： 市民来电反映:其为国顺东路26弄居民，近期其小区门口的国顺东路每天通宵进行道路施工，施工噪音严重影响周边居民休息，导致影响市民生活和白天的工作。诉求：望管理部门核实要求不要夜间施工扰民。（需回复） ==> yes  
2025-05-26 13:23:27,045 ChatBI->     INFO     层级抽取文档： 市民反映：安联湖山悦目前未交付，日夜施工严重扰民，不管是双休日还是工作日都施工至1:00-2:00，4:00-5:00又开始施工，各种大型工程车持续轰鸣，严重影响到旁边一路之隔的境秋悦庭小区居民的正常生活。诉求：投诉夜间施工扰民。（市民要求信息保密，需要回复） ==> yes  
2025-05-26 13:23:27,045 ChatBI->     INFO     层级抽取文档： 市民来电反映:上述小区门口在修路，电钻声音非常响，影响周围居民休息。诉求：希望管理部门协调要求规范施工时间，不要噪音扰民。（市民要求信息保密 无需回复） ==> yes  
2025-05-26 13:23:27,045 ChatBI->     INFO     层级抽取文档： 市民来电反映:上述地址中科路在通宵进行地铁施工，噪音扰民，诉求：要求管理部门处理施工噪音问题（市民要求信息保密 需回复） ==> yes  
2025-05-26 13:23:27,045 ChatBI->     INFO     层级抽取文档： 【重新交办，要求：答复要点与实际情况不符,盒马NB中潭路门店半夜卸货扰民，图片拍摄于半夜十二点（详见附件）。问题持续反复，让周边居民休息不堪其扰。诉求：请管理部门制止噪音扰民。最近办结的工单编号：20240805041705，工单内容：市民来电反映：上述地址门店经常在夜间配送货物，噪音扰民严重，其之前有来电反映过，情况好转了一阵子，最近又开始死灰复燃了，8月5日晚上23:00左右，配送人员在楼下一边卸货，一边大声喧哗，还有随车带了小孩，在楼下吵吵闹闹，卸货的时候也是大力往地上扔东西，噪音扰民问题又出现了。诉求：希望管理部门再次派人整治。（市民要求信息保密，需要回复）】 ==> yes  
2025-05-26 13:23:27,045 ChatBI->     INFO     层级抽取文档： 市民来电反映:市民表示上述地址于3月23日15:00多就听到了施工的噪音，但于晚上20:00多还在进行施工，且发出很响的噪音，并且施工时间还是双休日，影响到了附近居民的休息。诉求：请管理部门核实处理施工噪音扰民的问题，回复市民施工时间是几点到几点，并严格遵守施工时间进行施工，避免影响到周边的居民休息。 ==> yes  
2025-05-26 13:23:27,403 ChatBI->     INFO     step_scores: ['yes', 'yes', 'yes', 'yes', 'yes', 'yes', 'yes', 'yes', 'yes', 'yes']
2025-05-26 13:23:27,403 ChatBI->     INFO     层级抽取文档： 市民来电反映:上述地址有一家巴拉巴拉童装店，每天用喇叭播放促销广告。诉求：投诉噪音扰民。（市民要求信息保密 无需回复） ==> yes  
2025-05-26 13:23:27,403 ChatBI->     INFO     层级抽取文档： 市民来电反映:其11月24日到浦江郊野公园游玩，从15:00左右开始公园儿童乐园奇迹花园附近上空一直有直升机，噪音扰民严重。市民诉求：希望管理部门对于该处直升机噪音扰民问题进行处理，希望让直升机避开该区域。（市民要求信息保密 需回复） ==> yes  
2025-05-26 13:23:27,403 ChatBI->     INFO     层级抽取文档： 市民来电反映: 市民表示上述地址双休日在做装修，应该是103室，噪音扰民。敲墙声很大。诉求：要求降低施工噪音。（信息保密，无需回复） ==> yes  
2025-05-26 13:23:27,403 ChatBI->     INFO     层级抽取文档： 重复来电：反应相同事项。【最近办结的工单编号：20241009040428，工单内容：市民来电反映:2024年10月9日19:30左右，上述地址的小区门口，场中路上在道路施工，其在家里测分贝都超过80分贝了。市民表示，该处施工，白天也有施工，晚上也会施工，已经施工很久了，噪音很大，存在噪音扰民。诉求：请管理部门尽快查处噪音扰民的问题。（信息保密 需要回复）】 ==> yes  
2025-05-26 13:23:27,403 ChatBI->     INFO     层级抽取文档： 市民来电反映:8月25日7:00左右，上述工地上有注水泥的车辆不停地按喇叭，噪音扰民，市民表示之前已报警处理，警方称是自动按喇叭的，待警方离开后，又开始按喇叭了。诉求：请管理部门核实，禁止扰民。（市民要求信息保密 无需回复） ==> yes  
2025-05-26 13:23:27,403 ChatBI->     INFO     层级抽取文档： 市民来电反映:上述地址，文怡花园小区旁边新开一家烧烤店”光头海鲜烧烤“。该烧烤店与居住地址距离不到10米，油烟扰民，导致家人晚间不能休息，诉求：请管理部门核实，采取措施，不要油烟扰民。（市民需要信息保密，需回复）
 ==> yes  
2025-05-26 13:23:27,403 ChatBI->     INFO     层级抽取文档： 【重新交办,要求：按答复要点告知市民,市民表示答复要点不明确,该地点的饭店油烟扰民依然很严重，没有得到改善，且风机一直开着噪音也吵到居民。诉求：请管理部门查处饭店的油烟和噪音扰民。最近办结的工单编号:20240123006264，工单内容:市民来电反映:在小区裙楼里开饭店，油烟管道对着小区排放，油烟扰民，只要营业时间都在排放油烟，已经持续了一周，该处是小区裙楼不可以开饭店，要求管理部门核实情况予以确认。】 ==> yes  
2025-05-26 13:23:27,403 ChatBI->     INFO     层级抽取文档： 市民来电反复催单。催单原因：市民称管理部门至今未给予任何回复，请管理部门尽快处理。【最近派发的工单编号：20241013020257，工单内容：市民来电反映:上述地址民房擅自在1楼2楼中间搭建阁楼出租，每天夜间22:00-00:00间，租户会大声尖叫夹杂着狗叫十分吵闹，多次与其沟通，对方不予理睬，报警警察告知等其尖叫时才能反映，房东联系方式：马先生15305580797。诉求：希望解决噪音扰民问题。（市民要求信息保密 需回复）】 ==> yes  
2025-05-26 13:23:27,403 ChatBI->     INFO     层级抽取文档： 市民来电反映:该处地址有人在广场这里吹笛子，16:30分开始，噪音扰民了，诉求：要求解决噪音问题。（市民要求信息保密 需回复） ==> yes  
2025-05-26 13:23:27,403 ChatBI->     INFO     层级抽取文档： 【重新交办,要求：按答复要点告知市民,市民表示反映之后一直都还是有半夜犬吠扰民问题，是上述地址附近居民散养在外的犬只，2、3只中型犬，天一亮不叫但天黑就在叫，没有和居委、派出所反馈，诉求：市民希望管理部门站在居民角度，能有效解决犬吠扰民问题。（市民要求信息保密... ==> yes  
2025-05-26 13:23:27,759 ChatBI->     INFO     step_scores: ['yes', 'yes', 'yes', 'yes', 'yes', 'yes', 'yes', 'yes', 'yes', 'yes']
2025-05-26 13:23:27,759 ChatBI->     INFO     层级抽取文档： 市民来电补充信息。市民补充信息内容为6月30日0:00-3:00左右有排风管道的声音，噪音严重扰民，希望管理部门核实处理。【最近派发的工单编号：20240622004120，工单内容：市民来电反映:投诉浦东新区杨高中路758号苏先生海鲜存在噪音扰民问题，市民表示是该处不知道什么机器的噪音，一直存在震动的噪音，之前还好，从2024年6月21日开始比较严重。诉求：希望管理部门核实整治噪音扰民问题。（市民要求信息保密 需回复）】 ==> yes  
2025-05-26 13:23:27,759 ChatBI->     INFO     层级抽取文档： 市民反映：其为周秀路398弄4号301室的居民，最近楼上居民22:00后还一直弹琴，有很大的噪声，影响市民一家休息，诉求：希望管理部门上门劝诫。 ==> yes  
2025-05-26 13:23:27,759 ChatBI->     INFO     层级抽取文档： 市民反映：23:00-8:00在上述路段桥面与路面连接处不平，上下桥有明显声音，经过的大车也非常多，十分影响休息和生活。诉求：请管理部门核实处理噪音问题。（市民要求信息保密，需要回复） ==> yes  
2025-05-26 13:23:27,759 ChatBI->     INFO     层级抽取文档： 市民来电反映:上述地址晚上22:00-0:00一直有大卡车长鸣笛严重扰民。市民诉求：望相关部门核实在周边设置禁止鸣笛标志。（市民要求信息保密 需回复） ==> yes  
2025-05-26 13:23:27,759 ChatBI->     INFO     层级抽取文档： 市民来电补充信息。市民补充信息内容为：市民表示是上述地址7幢1,2楼在进行装修，8月17日7:28分又在装修，影响居民休息，希望管理部门尽快处理。（市民要求信息保密，无需回复）【最近派发的工单编号：20240815000763，工单内容：市民来电反映:上述地址1号、2号楼有商铺，其每天7：00不到就开始施工噪音扰民，已经有好几天了。诉求：希望管理部门核实规范施工时间，不要太早噪音扰民。（市民要求信息保密 无需回复）】 ==> yes  
2025-05-26 13:23:27,759 ChatBI->     INFO     层级抽取文档： 市民来电反映:上述居民家里感觉有很多人，每到晚上就很吵。诉求：希望管理部门核实，是否群租。（市民要求信息保密 需回复） ==> yes  
2025-05-26 13:23:27,759 ChatBI->     INFO     层级抽取文档： 【重新交办，答复要点与实际情况不符。市民表示沟通门卫不让进去，实际上没有改善，该人员还是反复进出扰民，每天都这样严重影响居民休息。诉求：严格执行管理。最近办结的工单编号：20231217010374，工单内容：重新交办,要求：按答复要点告知市民,市民表示答复要点不明确,目前还是老样子没有改善，当时处理人员比较消极表示无法处理。诉求：请上级管理部门继续介入处理。上述地址每天最早到6:00最晚到18:00有六七个人分别骑三轮车进小区播回收家电家具的录音，噪音扰民。小区门卫也让这些人进入。诉求：要求核实制止噪音扰民。（市民要求信息保密 需回复）】 ==> yes  
2025-05-26 13:23:27,759 ChatBI->     INFO     层级抽取文档： 市民来电反映:上述地址每天18:00-21:00有几百人在跳广场舞，有外置扩音设备，产生噪音扰民，该情况已经持续2年，诉求：请管理部门核实情况整治。（市民要求信息保密 需回复） ==> yes  
2025-05-26 13:23:27,760 ChatBI->     INFO     层级抽取文档： 市民来电反映:上述地址每天早上8点开始就有其他业主使用外扩音社保播放音乐，练拳、练声、唱歌严重影响市民的正常生活。有向物业反映过，但是未果，诉求：请管理部门督促协调制止扰民行为。（市民要求信息保密 需回复） ==> yes  
2025-05-26 13:23:27,760 ChatBI->     INFO     层级抽取文档： 市民来电反复催单。催单原因：市民称管理部门至今未给予任何回复，请管理部门尽快处理。【最近派发的工单编号：20240419000097，工单内容：市民来电反映: 4月19日01:00左右中山北路2088号附近的中山北路还在进行道路施工，导致噪音扰民，影响周围居民休息，诉求：市民要求处理夜间施工扰民问题】 ==> yes  
2025-05-26 13:23:28,170 ChatBI->     INFO     step_scores: ['yes', 'yes', 'yes', 'yes', 'yes', 'yes', 'yes', 'yes', 'yes', 'yes']
2025-05-26 13:23:28,170 ChatBI->     INFO     层级抽取文档： 市民反映：小区内多家民宿，如21号801室，且夜间扰民严重，沟通无果，物业不作为，或者说这是物业承包的业务。居民楼内设置此类民宿、旅馆等是否合法，每天都有不同流动人口出入小区、楼道是否安全，是否会带来不知名传染病。诉求：投诉居民楼内有民宿旅馆扰民。（市民要求信息保密，需要回复） ==> yes  
2025-05-26 13:23:28,170 ChatBI->     INFO     层级抽取文档： 办理结果不满：每天晚上12：00准时开始野蛮施工，工人大声说话，挖土机开工，严重扰民，孩子已经连续一个月睡不好觉，严重的噪音让市民妻子每天都吃安眠药才能入睡，市民表示白天完全可以施工，并没有影响交通，希望核查为何一定要在深夜施工。之前的诉求没有任何回复。【最近派发的工单编号：20241018003114，工单内容：市民反映：上述地址经常野蛮施工至通宵，强大的噪音，工人的大声交谈，让居民无法入睡，严重影响了孩子的睡眠。这条路每年几乎超过一大半的时间在修路，反复修（详见附件）。诉求：请管理部门解决噪音扰民问题。】 ==> yes  
2025-05-26 13:23:28,170 ChatBI->     INFO     层级抽取文档： 市民来电反映:上述路段夜间渣土车搅拌车扰民。诉求：建议该路段晚间时间段限行。（市民要求信息保密 需回复） ==> yes  
2025-05-26 13:23:28,170 ChatBI->     INFO     层级抽取文档： 市民来电反映:市民来电补充信息。市民补充信息内容为市民表示是112号楼。【最近派发的工单编号：20240914026649，工单内容：市民来电反映:上述地址万源新城三期的居民楼存在装修扰民。其从9:00左右到16:00左右一直装修。已经持续1个月。还不清楚是哪一户在装修。市民有视频。市民诉求：希望管理部门解决装修扰民问题。（市民要求信息保密，无需回复）】 ==> yes  
2025-05-26 13:23:28,170 ChatBI->     INFO     层级抽取文档： 【重新交办，要求：答复要点与实际情况不符，市民反映管理部门从来没有联系过市民，市民对于管理部门所说的不满足监测条件不认可，表示自己有凭证，同时对于管理部门答复中未找到有关钢筋的生产加工企业不认可，表示其反映的主要是大货车运输时产生的噪音。诉求：原诉求不变。最近办结的工单编号:20240611008288工单内容：市民来电反映:上述地址工厂，每天4:00-5:00开始弄钢筋以及大货车发出的噪音，扰民严重，分贝超过65。严重影响周边居民正常生活。包括端午节也在正常施工。市民表示反映多次，之前都是村委会处理的，但是村委会无执法权无效果。诉求：要求整治工厂噪音扰民。】 ==> yes  
2025-05-26 13:23:28,170 ChatBI->     INFO     层级抽取文档： 市民来电反映:上海隧道有限公司。上述地址桥梁施工。11月19日23:00-3,4:00，使用大功率钻头施工噪音扰民。市民表示其有夜间施工证，但也不应该在晚上使用大功率工具。拓宽桥梁本身车流量不大，也不是必经之路，可以白天封路施工，施工安排不合理。诉求：调整施工时间，不要噪音扰民。 ==> yes  
2025-05-26 13:23:28,170 ChatBI->     INFO     层级抽取文档： 市民来电补充信息。市民补充信息内容为对方4月21日7:00就开始使用钻头钻墙施工，严重噪音扰民。希望管理部门核实尽快处理。【最近派发的工单编号：20240420004499，工单内容：市民来电反映:上述地址商铺，4月20日周六早上7点就开始噪音装修，严重扰民。诉求：要求按照规定时间段进行装修作业。（市民要求信息保密 无需回复）】 ==> yes  
2025-05-26 13:23:28,170 ChatBI->     INFO     层级抽取文档： 市民来电反映:江浦路周家嘴路路口最近有道路施工，起重机挖路导致有噪音，从夜里施工到凌晨4:00左右，持续好几天了，诉求：希望有关部门解决该处夜间施工扰民的问题。 ==> yes  
2025-05-26 13:23:28,170 ChatBI->     INFO     层级抽取文档： 市民重复来电核实处理进度。【最近办结的工单编号:20240324001006，工单内容:市民来电反映:3月24日7:00多上述地址居民家中开始装修，噪音非常大。诉求：请管理部门核实整治，要求8:30之后装修。（市民要求信息保密 需回复）】 ==> yes  
2025-05-26 13:23:28,170 ChatBI->     INFO     层级抽取文档： 【重新交办，要求：答复要点与实际情况不符，该处现早上6点就开始施工，噪音已超过70分贝，影响周边居民生活，希望管理部门尽快处理解决（市民要求信息保密，无需回复）。最近办结的工单编号：20240521033434，工单内容：市民来电反映:工地在6:00就开始作业，吵到市民无法休息，之前反映后得到改善，近期死灰复燃，每天清晨钢筋卸货，吊钢筋声音，大型器械声音，非常扰民，已经持续二周，周末也是6:00开工，违反政策，诉求：要求管理部门核实制止清晨工地噪音扰民，延后进行大噪音施工项目。（市民要求信息保密 无需回复）】 ==> yes  
2025-05-26 13:23:28,535 ChatBI->     INFO     step_scores: ['yes', 'yes', 'yes', 'yes', 'yes', 'yes', 'yes', 'yes', 'yes', 'yes']
2025-05-26 13:23:28,536 ChatBI->     INFO     层级抽取文档： 市民来电反映:上述地址园区有一幢带液晶屏的大楼，在楼顶有一排风机，运行时产生噪音扰民，诉求：要求管理部门处理噪音问题（市民要求信息保密 需回复） ==> yes  
2025-05-26 13:23:28,536 ChatBI->     INFO     层级抽取文档： 市民来电反映:上述地址棋牌室每天12:30-17:00、19:00一直到凌晨都在进行打牌，噪音扰民严重，诉求：希望管理部门核查管理该问题。（市民要求信息保密 无需回复） ==> yes  
2025-05-26 13:23:28,536 ChatBI->     INFO     层级抽取文档： 市民来电反映:凤凰湘语，饭店3层L310-312，油烟非常严重，旁边是孩子玩乐的天空之城，影响孩子。诉求：投诉油烟扰民。 ==> yes  
2025-05-26 13:23:28,536 ChatBI->     INFO     层级抽取文档： 市民反映：已经连续两个周末，楼道里有人装修。和居委反映过，但是从来都没有后续，仍然每个周末都在装修。非常的吵，小孩子录视频交作业都会把装修的声音录到视频中。第一个星期和居委反应态度极差。第二个星期当有吵装修吵闹声出现时，打电话给居委，问居委你听得到吗，居委说听不到。他们是故意装听不到，还是并不想处理这个事情。其有录视频声音。诉求：请管理部门制止噪音扰民。 ==> yes  
2025-05-26 13:23:28,536 ChatBI->     INFO     层级抽取文档： 市民来电反映:浦东新区泥城镇凌波苑小区南门马路对面，最近几天开始 每到16：00-19：00就有播放高音喇叭，市民称内容好像是关于理发的，噪音扰民，望管理部门 劝阻不要播放喇叭。（需回复） ==> yes  
2025-05-26 13:23:28,536 ChatBI->     INFO     层级抽取文档： 市民来电反映:502室是群租房，夜场的工作人员经过半夜回家制造各种噪音，影响周围邻居。向居委投诉过一次没用。诉求：请管理部门核实投诉噪音污染。（市民要求信息保密 需回复） ==> yes  
2025-05-26 13:23:28,536 ChatBI->     INFO     层级抽取文档： 【重新交办，要求：根据答复市民要点告知市民，市民表示答复要点不明确，市民称该处施工噪音扰民的问题没有得到解决，双休日也在施工，分贝远远超过规定。市民表示城管没有及时解决问题，只是在市民反映后的第14、5天联系市民表示管不了。请管理部门尽快解决噪音问题。最近办结的工单编号:20241001001739，工单内容：市民来电反映:上述工地10月1日6点多开始施工，持续有挖掘的声音扰民，导致市民没法开窗，其认为国庆期间不应该施工。诉求：请管理部门核实尽快解决噪音问题，国定节假日不要施工。（需回复）】 ==> yes  
2025-05-26 13:23:28,536 ChatBI->     INFO     层级抽取文档： 市民来电反映:上述地址景彩路上5月5日6:00多就有人开始道路施工了，严重扰民，希望管理部门核实整治（市民要求信息保密 无需回复） ==> yes  
2025-05-26 13:23:28,536 ChatBI->     INFO     层级抽取文档： 市民来电反映: 最近几个月，上述地址的烧烤店每天经营到很晚，油烟扰民严重。诉求：请管理部门核实，要求尽快整改。（市民要求信息保密 无需回复） ==> yes  
2025-05-26 13:23:28,536 ChatBI->     INFO     层级抽取文档： 市民来电反映:上述地址隔壁的一家工厂，偶尔会喷油漆，会发出严重的油漆味，一个月内有好几次，扰民严重。诉求：希望核实并让其整改。（市民要求信息保密 需回复） ==> yes  
2025-05-26 13:23:28,896 ChatBI->     INFO     step_scores: ['yes', 'yes', 'yes', 'yes', 'yes', 'yes', 'yes', 'yes', 'yes', 'yes']
2025-05-26 13:23:28,897 ChatBI->     INFO     层级抽取文档： 市民来电反映：从早上起每逢有人经过该处，该处内有狗叫扰民，其不清楚是否有犬证，现诉求：望管理部门尽快查处整治。（市民要求信息保密 需回复） ==> yes  
2025-05-26 13:23:28,897 ChatBI->     INFO     层级抽取文档： 市民来电反映:2024年10月3日05:20分左右其听到在普陀区静宁路南郑路有摩托车炸街行为，严重扰民，望管理部门整治查处。（需回复） ==> yes  
2025-05-26 13:23:28,897 ChatBI->     INFO     层级抽取文档： 市民反映：2024年9月以来，顺义路216号的华东政法大学施工严重扰民，不分昼夜不分工作日和周末都在施工（详见附件）。身为周边居民苦不堪言，家有曹杨二中的高中生，正是冲刺紧要关头，每周末工地都在噪音施工，非常影响孩子学习。目前是大清早6点多钟就开始施工，周末也如此。诉求：希望工地能考虑周边居民居住体验，不要在清晨和夜晚以及周末施工就行。（市民要求信息保密，需要回复） ==> yes  
2025-05-26 13:23:28,897 ChatBI->     INFO     层级抽取文档： 市民来电反映:上述地址居民家里正在装修，现2024年1月6日8:00多开始使用电钻，产生严重噪音，影响居民休息。市民表示该问题之前通过12345热线反映过，但现又出现了。诉求：希望管理部门核实制止噪音扰民行为，要求双休日不要装修。（市民要求信息保密 无需回复） ==> yes  
2025-05-26 13:23:28,897 ChatBI->     INFO     层级抽取文档： 【重新交办,要求：按答复要点告知市民,市民表示上述地址仍有活禽交易，噪音扰民现象，诉求：有关部门核实并查处该摊贩，让其停止经营销售活禽。（市民要求信息保密 无需回复）最近办结的工单编号:20231031026140，工单内容:市民来电反映:上述地址门面店每日晚上都会杀鸡杀鸭，导致周围的居民无法休息，气味也非常大。从6:00-17：00一直工作，之前反映过但是一直没有处理。诉求：要求协调能够不要再出现扰民情况。（市民要求信息保密，无需回复）】 ==> yes  
2025-05-26 13:23:28,897 ChatBI->     INFO     层级抽取文档： 市民来电反映:上述地址小区内正在进行施工，施工单位不清楚。现2024年8月25日8:00、9:00就开始施工，产生噪音，影响居民生活。诉求：希望管理部门核实制止施工噪音扰民行为。（市民要求信息保密 需回复） ==> yes  
2025-05-26 13:23:28,897 ChatBI->     INFO     层级抽取文档： 市民来电反映:上述地址小区对面，士林华苑二期建筑工地，每天5:00-6:00以前就开始施工，噪音扰民，影响周边居民正常休息，诉求：希望管理部门核实，要求延迟开工（市民要求信息保密 需回复）。 ==> yes  
2025-05-26 13:23:28,897 ChatBI->     INFO     层级抽取文档： 市民来电反映:其为云昆路261弄逸峰小区50号的居民，房屋旁有一不明归属的通信基站，疑似因大风发出强烈的警报音，严重扰民，请及时处理基站噪音问题。 ==> yes  
2025-05-26 13:23:28,897 ChatBI->     INFO     层级抽取文档： 市民反映：斜土路486弄18号603疑似群租，每日4:00左右多人进出，噪音扰民。诉求：请排查群租。（市民要求信息保密，无需回复） ==> yes  
2025-05-26 13:23:28,897 ChatBI->     INFO     层级抽取文档： 市民来电反映:上述地址做隔间进行出租，增加2个卫生间并且夜间扰民严重，具体群租人数不清楚，诉求：希望核查投诉取缔群租。（市民要求信息保密 无需回复） ==> yes  
2025-05-26 13:23:29,357 ChatBI->     INFO     step_scores: ['yes', 'yes', 'yes', 'yes', 'yes', 'yes', 'yes', 'yes', 'yes', 'yes']
2025-05-26 13:23:29,358 ChatBI->     INFO     层级抽取文档： 市民反映：上述地址非机动车道上的窨井盖松动，车子驶过时噪声很响影响附近居民休息（详见附件）。诉求：希望管理部门尽快整改。（市民要求无需回复） ==> yes  
2025-05-26 13:23:29,358 ChatBI->     INFO     层级抽取文档： 市民来电反复催单。催单原因：市民称管理部门至今未给予任何回复，请管理部门尽快处理。【最近派发的工单编号：20240808000049，工单内容：市民来电反映:8月8日0：16分宝山区龙湖北城天街6号楼1204室内传走路的噪音，影响周边居民正常生活，该现象已经四天了，现诉求：请管理部门协调让对方不要夜间发出噪音产生扰民。（（市民要求信息保密 需回复）】 ==> yes  
2025-05-26 13:23:29,358 ChatBI->     INFO     层级抽取文档： 市民来电反映:上述地址卖肉的店铺（名称市民不清楚）每天7:00-12:00使用高音喇叭播放广播，噪音严重扰民，市民此次来电称相关部门之前已处理，目前又死灰复燃。诉求：希望管理部门核实整改。（市民要求信息保密 无需回复） ==> yes  
2025-05-26 13:23:29,358 ChatBI->     INFO     层级抽取文档： 市民来电反映:上述地址办公大楼空调压缩机白天和晚上有噪音扰民，晚上尤其严重，关注处理结果，影响建德路9号瑞德公寓。诉求：请管理部门尽快处理。（市民要求信息保密 无需回复）    ==> yes  
2025-05-26 13:23:29,358 ChatBI->     INFO     层级抽取文档： 市民来电反映:上述地址，车辆入口处边上的沿街商铺：震轩理发店（不清楚是否有营业执照），该店不分白天黑夜一直搞庆典音乐放得很吵、很响，严重扰民。报过警，警察也去过多次，一直屡禁不止，质疑执法公信力，该情况已约有一年了。诉求：取缔该商铺。（市民要求信息保密，需要回复） ==> yes  
2025-05-26 13:23:29,358 ChatBI->     INFO     层级抽取文档： 市民来电反复催单。催单原因：市民称管理部门至今未给予任何回复，请管理部门尽快处理【最近派发的工单编号：20240503019051，工单内容：【重新交办，要求：按答复要点告知市民，市民表示油烟扰民行为没有任何好转，诉求：请管理部门核实尽快整治。（需回复）最近办结的工单编号：20240407045193，工单内容：重新交办,要求：按答复要点告知市民,市民表示答复要点不明确,油烟设备开启，但是每天19:30分都能闻到油烟味。诉求：投诉油烟扰民，请处理。工单内容:市民来电反映:静安区陕西南路162号新开一家新疆烤肉，店铺营运排烟，油烟扰民，要求禁止在该处经营烤肉店。（需回复）】 ==> yes  
2025-05-26 13:23:29,358 ChatBI->     INFO     层级抽取文档： 市民来电反映:5月1日11:15左右上述地址有直升机盘旋，产生噪音严重，且直升机基本每天都会飞到此处上空，诉求：要求禁止直升机在居民区飞行，影响居民休息，市民也希望了解直升机这样飞行扰民是否接受过航道部门的授权 ==> yes  
2025-05-26 13:23:29,358 ChatBI->     INFO     层级抽取文档： 【重新交办，要求：答复要点与实际情况不符，新元南路近同顺大道，新元南路是城市主干道仍旧集卡，土方车日夜流量巨大，集卡、土方车发动机的轰鸣声和集卡车架产生的噪音严重超标。2019年开始，居民们一直不停在向临港建交处反映，建交处无法采取任何有效措施，巨大噪音没有任何改善。一直写改善桥头跳坡，消除井框差，写到安装违停电子警察，写到加强道路养护，确保道路平整无坑哇，但实际都没有做到位。诉求：请管理部门尽快解决噪音扰民事宜。最近办结的工单编号：20240418001659，工单内容：噪音严重超标，三次市级专业检测机构检测下来都是严重超标，要求临港生态处解决处理。（需要回复）【最近派发的工单编号:2... ==> yes  
2025-05-26 13:23:29,358 ChatBI->     INFO     层级抽取文档： 市民来电反映:上述地址上膳源生鲜店，每天7:00开始使用喇叭播报价格和促销信息，招揽生意，噪音扰民，诉求：希望管理部门核实，禁止使用或降低音量（市民要求信息保密 需回复）。 ==> yes  
2025-05-26 13:23:29,358 ChatBI->     INFO     层级抽取文档： 【重新交办，要求：按答复市民要点告知市民，市民表示答复市民要点与实际情况明显不符，市民表示该问题并未根本解决，仍然存在噪音扰民情况。诉求：同前。（需回复）最近派发的工单编号:20240725002207，工单内容:市民来电反映:上述地址有一个水泥中转站，2024年7月25日5点就开工了，最近都是6点左右就开始施工，该问题之前有向嘉定区人民政府，好了半个月的样，该情况死灰复燃。诉求：望管理部门再次核实并处理该处的噪音问题。】 ==> yes  
2025-05-26 13:23:29,734 ChatBI->     INFO     step_scores: ['yes', 'yes', 'yes', 'yes', 'yes', 'yes', 'yes', 'yes', 'yes', 'yes']
2025-05-26 13:23:29,735 ChatBI->     INFO     层级抽取文档： 市民来电反映:其住的地方距离上述地址的吉宝静安中心，直线距离大概200米，近期该中心晚上开启了霓虹灯，还放音乐，都扰民了，影响周边居民特别是小孩的休息，诉求：请管理部门核实要求该中心一整天都不要放音乐和开霓虹灯。（市民要求信息保密 无需回复） ==> yes  
2025-05-26 13:23:29,735 ChatBI->     INFO     层级抽取文档： 市民来电咨询:上述地址在进行装修时发出的噪音太大，其想知道是否有装修噪音分贝数不能超过多少的规定。诉求：希望管理部门核实告知。（需回复） ==> yes  
2025-05-26 13:23:29,735 ChatBI->     INFO     层级抽取文档： 市民来电反映:上述地址浦航公寓下有一排商铺，其中一家商铺在营业时间一直使用外置扩音设备拨放DJ音乐、找人喊麦等，噪音非常扰民。诉求：请管理部门核实整治。（市民要求信息保密 需回复） ==> yes  
2025-05-26 13:23:29,735 ChatBI->     INFO     层级抽取文档： 市民来电补充信息。市民补充信息内容为需要管理部门进行回复，联系人：吴女士，电话：13761369399，希望管理部门尽快处理此事。【最近派发的工单编号：20240424005304，工单内容：【重新交办,要求：按答复要点告知市民,市民表示答复要点与实际情况不符，此处拍手噪音扰民依然存在，每天 5:00-5:50期间，管理部门如6:00左右去查看人员已离开，故尽快派人重新核实。 诉求：请管理部门核实，尽快彻底解决此处噪音扰民问题。(市民要求信息保密，无需回复）工单内容:市民来电反映: ... ==> yes  
2025-05-26 13:23:29,735 ChatBI->     INFO     层级抽取文档： 市民反映：右侧邻居将空调外机装在其家洗手间窗户外面，每天开空调，声音像地震，穿过洗手间窗户门，站在客厅都震的人头疼，夜里更是吵的人睡不着（详见附件）。诉求：希望管理部门协调处理噪音扰民。 ==> yes  
2025-05-26 13:23:29,735 ChatBI->     INFO     层级抽取文档： 市民来电反映:上述地址有一个小公园，小公园内每天下午15点-18点都有人员使用外置扩音设备跳广场舞，市民表示天冷的时候窗口都是紧闭的。市民不清楚应该向哪个部门投诉。诉求：投诉噪音扰民，请管理部门核实解决。（需回复） ==> yes  
2025-05-26 13:23:29,735 ChatBI->     INFO     层级抽取文档： 市民反映：黄浦区中山南一路737号汇景天地小区旁的山姆仓储超市开在居民住宅区一楼，每天晚上20:30- 凌晨6:30，仓库内卸货、装货、车轮声、冷库板车搬运货物噪音巨大源源不断，严重扰民，多次与店家协调，但商家利益熏心根本不顾居民。居民报警无数次仍然问题得不到解决，商家态度恶劣丝毫不改导致居民和山姆超市矛盾激励 ，受到长期侵害的居民们忍无可忍即将爆发大规模冲突。诉求：希望管理部门协调解决噪音扰民问题。 ==> yes  
2025-05-26 13:23:29,735 ChatBI->     INFO     层级抽取文档： 【重新交办,要求：按答复要点告知市民,市民表示答复要点不明确，管理部门10月31日联系其称从11月1日开始施工会从07:00改为08:00开始，但11月1日07:00又在施工扰民（市民信息保密需回复）。最近办结的工单编号:20241030009312，工单内容:市民来电反映: 上述地址虹口区环境监测站每天早上7:00-18:00，已经持续20多天，距离广中路30弄小区非常近，严重影响小区居民的正常生活。要求管理部门核实督促该处降低噪音作业。（市民要求信息保密 需回复）】 ==> yes  
2025-05-26 13:23:29,735 ChatBI->     INFO     层级抽取文档： 【重新交办，要求：按答复市民要点告知市民，答复要点不明确。市民表示答复告知双休日10:00后诉求过高，市民不清楚为何是诉求过高，诉求：请管理部门核实后明确解释为何该诉求过高，是否有明文规定。（市民要求信息保密，需回复）最近办结的工单编号：20240423000963，工单内容：市民来电反映:每天08:00不到垃圾车就进入小区收垃圾，发出的噪音发出影响周边居民的正常休息，多次向物业进行反映但无法得到解决，诉求：请管理部门解决噪音扰民问题（市民要求信息保密 需回复）】 ==> yes  
2025-05-26 13:23:29,735 ChatBI->     INFO     层级抽取文档： 市民来电反映:上述地址早上5点左右就在房屋内进行敲打，发出装修噪音。诉求：请管理部门协调，在合理时间内装修。（市民要求信息保密 需回复） ==> yes  
2025-05-26 13:23:30,119 ChatBI->     INFO     step_scores: ['yes', 'yes', 'yes', 'yes', 'yes', 'yes', 'yes', 'yes', 'yes', 'yes']
2025-05-26 13:23:30,119 ChatBI->     INFO     层级抽取文档： 市民补充信息内容为:2024年10月1日06:45就开始施工了，市民来电反馈严重打扰市民休息，村委表示其没有办法强制让停止施工，市民不认可。诉求:不变。【最近派发的工单编号：20240918000593，工单内容：市民来电反映:上述地址自建房施工6:20左右就开始产生噪音扰民的切割声，市民此前反馈过情况，承办部门联系施工方8:00后进行，好了一段时间，9月18日又死灰复燃。诉求：希望管理部门能落实监管按8：00后施工。】 ==> yes  
2025-05-26 13:23:30,119 ChatBI->     INFO     层级抽取文档： 市民来电反映:上述学校双休日会将操场出租给别人举办运动会，双休日期间8:00就有用扩音喇叭进行播报，影响周边居民休息，存在噪音扰民情况，诉求：希望管理部门核实尽快彻底制止。（市民要求信息保密 需回复） ==> yes  
2025-05-26 13:23:30,119 ChatBI->     INFO     层级抽取文档： 市民来电反复催单，请管理部门尽快处理。【最近派发的工单编号：20240618041395，工单内容：重新交办，要求：已告知市民答复要点，市民称其反映情况后施工单位早上不施工了，但晚上22：00后还在施工，该情况影响居民休息，诉求：请管理部门核实处理施工噪音扰民情况。】 ==> yes  
2025-05-26 13:23:30,119 ChatBI->     INFO     层级抽取文档： 市民反映：7月9日又开始施工，搬来之前听说每年夏天施工，反馈过多次无果，是谁批准的夜间施工许可，每天都是22:00开始。诉求：核实处理夜间施工扰民，告知施工周期，派人现场检测噪音，搜集反馈。 ==> yes  
2025-05-26 13:23:30,119 ChatBI->     INFO     层级抽取文档： 市民来电反复催单。催单原因：市民称管理部门至今未给予任何回复，请管理部门尽快处理。【最近派发的工单编号：20240327000732，工单内容：市民来电反映:上述地址商家7:00左右进行房屋装修，表示噪音扰民影响休息。诉求：要求按照规定时间装修。（需回复）】 ==> yes  
2025-05-26 13:23:30,120 ChatBI->     INFO     层级抽取文档： 市民来电反复催单。催单原因：市民称管理部门至今未给予任何回复，请管理部门尽快处理。【最近派发的工单编号：20240807001017，工单内容：市民来电反映:上述地址小区内近期正在进行改造施工，每天早上7点左右开始施工，噪音扰民严重；诉求：请管理部门核实情况尽快采取措施，延后开工时间。（市民要求信息保密，需回复）】 ==> yes  
2025-05-26 13:23:30,120 ChatBI->     INFO     层级抽取文档： 【重新交办，要求：根据答复市民要点告知市民，市民表示答复要点与实际情况不符，市民表示噪音问题没有解决，该处居民凌晨在家洗衣服，早上关窗等都有非常大的噪音，市民没有跟居委反映过。最近办结的工单编号：20231227028506，工单内容：市民来电反映:浦东新区北蔡镇鹏飞路426弄鹏丰苑3期3号902，每天早上、晚上噪音扰民，诉求：希望管理部门核实制止。（市民要求信息保密，无需回复）】 ==> yes  
2025-05-26 13:23:30,120 ChatBI->     INFO     层级抽取文档： 市民来电反映:上述地址小区东门外是凯旋南路，为断头路，每天凌晨0点或者2、3点有很多输送渣土的车辆，送进厂房里，噪音非常扰民，市民有视频，诉求：望管理部门核实并尽快予以整治。（市民要求信息保密 需回复） ==> yes  
2025-05-26 13:23:30,120 ChatBI->     INFO     层级抽取文档： 【重新交办，要求：按答复要点告知市民，市民表示答复要点与实际情况不符，市民表示一开始好了几天，但从1月5日开始，对方没有做好减低噪音的措施，请管理部门核实监督。最近办结的工单编号:20231228025749，工单内容:市民来电反映:上述地址12月26开始装修这几天在进行拆旧工作，12月28日08:00开始噪音变大，影响市民生活。市民希望减小噪音，同时希望其严格按照08:00开始装修的约定并在当日装修完将垃圾清理干净诉求：请管理部门监督规范其装修工作。（市民要求信息保密 无需回复）】 ==> yes  
2025-05-26 13:23:30,120 ChatBI->     INFO     层级抽取文档： 市民补充信息：每次投诉后会改善两天，现在用两个喇叭一起放。【最近派发的工单编号：20241029007075，工单内容：三彩路87号苏宁小店喇叭太吵（详见附件）。诉求：投诉外置设备扰民。】 ==> yes  
2025-05-26 13:23:30,494 ChatBI->     INFO     step_scores: ['yes', 'yes', 'yes', 'yes', 'yes', 'yes', 'yes', 'yes', 'yes', 'yes']
2025-05-26 13:23:30,494 ChatBI->     INFO     层级抽取文档： 【投诉】市民来电反映:上述地址噪音及油烟扰民问题，大场镇管理部门告知10月底前商家会完成整改，但市民表示至今噪音依然非常严重。市民认为管理部门存在不作为情况。诉求：投诉管理部门不作为。关联工单号：20241031027437 ==> yes  
2025-05-26 13:23:30,494 ChatBI->     INFO     层级抽取文档： 市民来电反映:上述地址小区内有改建工程，早晨6:00就开始施工，且施工人员就在市民的窗户外交谈，声音较大，影响了市民的生作息，其与施工人员沟通，施工人员回复“居民不签字就不会来施工”。诉求：请管理部门核实，要求晚一些施工，且注意施工噪音。 ==> yes  
2025-05-26 13:23:30,494 ChatBI->     INFO     层级抽取文档： 市民来电反复催单。催单原因：市民称管理部门至今未给予任何回复，请管理部门尽快处理。【最近派发的工单编号：20240422038803，工单内容：市民来电反映:上述居民楼有居改非现象，把居民楼改为经营性的咖啡厅，4月22日22：00多里面还有人唱KTV，噪音扰民。诉求：希望管理部门核实查处。（信息保密，无需回复）】 ==> yes  
2025-05-26 13:23:30,494 ChatBI->     INFO     层级抽取文档： 市民来电反映: 正对着上述小区的徐家汇体育公园有大片绿地和广场（管理方：久事），每天18:30到20:00（冬天的话改在下午）有大量人员跳广场舞，还有人搬来音响大声唱歌，每天22:00左右很多人遛狗，犬吠声也很响，噪音扰民情况严重。市民都有报过警，警方巡逻管理，但是情况还是络绎不绝。诉求：请此公园的管理单位定下规定，要求在此活动的市民不要使用外扩音响，停止制造大量噪音。 ==> yes  
2025-05-26 13:23:30,494 ChatBI->     INFO     层级抽取文档： 【重新交办，要求：按答复市民要点告知市民，答复要点与实际情况不符。市民表示现在家里都是油烟味道，阳台只开了一条缝，管理部门来过后，稍微收敛点，诉求：请管理部门核实后实地上门检查，对其油烟扰民整治。（市民要求信息保密，需回复）最近办结的工单编号：20230715006430，工单内容：市民来电反映:上述地址海汇街305号烧烤店：天天海鲜烧烤，油烟扰民最近夏天油烟非常厉害，严重影响居民生活，主要经营时间：17:00以后。诉求：希望管理部门核实尽快整治油烟扰民。（市民要求信息保密，需回复）】
 ==> yes  
2025-05-26 13:23:30,494 ChatBI->     INFO     层级抽取文档： 市民来电反映:上述地址小区内1楼一户业主把狗散养在天井内，该大狗一天24小时不间断的吠叫，噪音扰民，不文明养犬。诉求：希望管理部门核实后整治不文明养犬行为。（市民要求信息保密 需回复） ==> yes  
2025-05-26 13:23:30,495 ChatBI->     INFO     层级抽取文档： 市民来电反映:上述地址居民近期在装修，该户不按规定时间装修，中午13:00左右在作业（市民表示应12:00-14:00期间应该不能装修），严重影响周边居民，希望管理部门督促对方按照规定的时间装修不要扰民（市民要求信息保密 需回复） ==> yes  
2025-05-26 13:23:30,495 ChatBI->     INFO     层级抽取文档： 市民来电补充信息。市民补充信息内容为：市民更改联系方式，要求回复处理结果，其联系电话：18017087598。【最近派发的工单编号：20240427006047，工单内容：市民来电反映:每天清晨6：00-7：00有物业的保洁人员在楼栋门口收拾垃圾，噪音扰民。诉求：请管理部门核实投诉物业（市民要求信息保密 无需回复）】 ==> yes  
2025-05-26 13:23:30,495 ChatBI->     INFO     层级抽取文档： 市民来电反映:近期上述地址在加装电梯。对方在每日7:00开始施工，且中午午休时间也不停止，周末也在进行施工。对方施工期间存在噪音扰民现象，影响居民正常生活。市民诉求：请管理部门核实后督促对方调整时间，在午休时间及周末停止施工。（市民要求信息保密 无需回复） ==> yes  
2025-05-26 13:23:30,495 ChatBI->     INFO     层级抽取文档： 市民来电反映:上述小区业委会有规定小区11:30-13:00期间禁止进行装修，但现在小区有住户在中午还在进行装修，装修噪音扰民，小区物业也不前去管管。物业是浦江物业。诉求：投诉物业不作为。（市民要求信息保密 需回复） ==> yes  
2025-05-26 13:23:30,884 ChatBI->     INFO     step_scores: ['yes', 'yes', 'yes', 'yes', 'yes', 'yes', 'no', 'yes', 'yes', 'yes']
2025-05-26 13:23:30,884 ChatBI->     INFO     层级抽取文档： 市民来电反映:黄浦区中山南一路256弄原来的九院分院现在在搞装修，施工单位南房集团，现在是否还是医院不清楚，9月12号6:00就在卸材料，钢管砸地声音很吵，9月11号22:30以后也在卸货，找过他们负责人，也报过警，每次态度很好，就是不解决。诉求：投诉噪音扰民，要求监督整改。 ==> yes  
2025-05-26 13:23:30,884 ChatBI->     INFO     层级抽取文档： 市民来电反映:其孩子就读于巨鹿路334号向明初级中学，隔壁巨鹿路395弄有人养鸽子，影响孩子学习生活，具体多少户不清楚，不清楚是否是信鸽，诉求：请管理部门核实，相关养鸽人员是否为正规有证养鸽，协调文明养鸽不要扰民（需回复） ==> yes  
2025-05-26 13:23:30,884 ChatBI->     INFO     层级抽取文档： 市民反映：其是沪太路1188弄北海新苑的居民，龙潭小区节假日7：00，工作日6：00多开始装电梯，发出噪音，影响休息，已持续多日。其家卧室正对着装电梯的地方，声音特别大。诉求：请管理部门整治装电梯扰民事宜。（市民要求信息保密，需要回复） ==> yes  
2025-05-26 13:23:30,884 ChatBI->     INFO     层级抽取文档： 市民来电补充信息。市民补充信息内容为市民没有查询到环保部门有公示过向施工队发放夜间施工许可证。市民对于承办单位的回复也不满。要求继续处理给其回复。【最近派发的工单编号：20240423000195，工单内容：市民来电反映:4月23日1:50左右上述地址有道路施工（施工方：上海振雅建设发展有限公司，有夜间施工许可），噪音严重，诉求：要求施工单位禁止夜间施工扰民】 ==> yes  
2025-05-26 13:23:30,884 ChatBI->     INFO     层级抽取文档： 市民来电反映:上述地址门口每天会有两个人骑着车拿着喇叭在叫卖回收电视机，声音很响噪音扰民，时间不固定有时早上7:00、8:00就开始叫卖，12月8日下午16:13分有在叫卖。诉求:望管理部门核实，予以整治。（市民要求信息保密 无需回复） ==> yes  
2025-05-26 13:23:30,884 ChatBI->     INFO     层级抽取文档： 市民来电反映:上述地址为24小时经营的商家，在每天0:00-7:00产生噼里啪啦的打球声音影响周边居民正常休息，市民怀疑是台球馆的隔音没有做好导致的，该情况已经存在2个月，诉求：请管理部门核实协调降噪。 ==> yes  
2025-05-26 13:23:30,884 ChatBI->     INFO     层级抽取文档： 市民来电反映:小区外河道2旁有杨树飘絮，影响居民开窗。诉求：请管理部门让绿化部门解决飘絮扰民问题。（需回复） ==> no  
2025-05-26 13:23:30,885 ChatBI->     INFO     层级抽取文档： 市民来电反复催单。催单原因：市民称管理部门至今未给予任何回复，市民该处还在施工，拖钢板，机器的轰鸣声非常扰民，请管理部门尽快处理。【最近派发的工单编号：20241202049498，工单内容：市民来电反映:上述地址有夜间道路施工,12月2日20:00至今没有结束，噪音很响，导致市民无法休息，诉求：请管理部门制止晚上施工，改成白天施工或者22:00前结束。（需回复）】 ==> yes  
2025-05-26 13:23:30,885 ChatBI->     INFO     层级抽取文档： 【重新交办,要求：按答复要点告知市民,市民表示答复要点不明确,8月31日6:00左右工地又开始施工，噪音严重，时间就是周末，与答复的噪音较大工作安排在八点以后完全不符。诉求：要求施工单位严格按照答复要点中的时间执行施工。（信息保密需回复）最近办结的工单编号:20240629001022，工单内容:【重新交办，要求：已把答复要点告知市民，市民对答复要点不认可，市民表示此事反映过后没有得到任何的改善，双休日还是一大早，市民家离工地又近，严重影响休息，现诉求：请管理部门与对方协调不要扰民，并且出具正常施工时间为早上6时至晚上10时文件。（市民要求信息保密 需回复）】 ==> yes  
2025-05-26 13:23:30,885 ChatBI->     INFO     层级抽取文档： 市民来电反映:乐爱路38弄16号1楼开设了快递站点，每天人来人往噪音巨大，影响楼内居民，其对此不满，要求投诉。（市民要求信息保密 无需回复） ==> yes  
2025-05-26 13:23:31,311 ChatBI->     INFO     step_scores: ['yes', 'yes', 'yes', 'yes', 'yes', 'yes', 'yes', 'yes', 'yes', 'yes']
2025-05-26 13:23:31,311 ChatBI->     INFO     层级抽取文档： 市民来电补充信息。市民补充信息内容为：市民表示3月23日19:00多还在进行施工，且施工噪音很响，而且施工时间还是在双休日，最主要影响到家中老人的休息了。诉求：请管理部门核实处理，电话联系其给到一个答复，联系电话为”15102142895“。【最近派发的工单编号：20240323016470，工单内容：市民来电反映:上述地址门口是外环S20隧道，该隧道正在改造。3月23日早上7：00多就开始动工了，导致噪音扰民。市民查询相关条例，得知双休日建造应该在：8:00-18:00之间，诉求：请管理部门通知施工单位在规定时间内施工。（市民要求信息保密 无需回复）】（市民要求信息保密 需回复） ==> yes  
2025-05-26 13:23:31,311 ChatBI->     INFO     层级抽取文档： 市民来电反映:上述地址每天晚上18-22点都有无证设摊，油烟扰民，环境脏乱差，要求管理部门尽快取缔（市民要求信息保密，无需回复） ==> yes  
2025-05-26 13:23:31,311 ChatBI->     INFO     层级抽取文档： 市民来电补充信息。市民补充信息内容为1月6日是非工作日根据规定不能施工，但是小区还是施工。诉求：请管理部门尽快整改规范小区施工。【最近派发的工单编号：20231228007165，工单内容：市民反映：装修时间有明确规定是工作日8：00-12：00，14：00-18：00，现浦建小区翻新改造工程，工作日7:00就开始施工，电钻发出很大噪声，严重影响居民休息。诉求：请管理部门核实整改，规范小区施工。】 ==> yes  
2025-05-26 13:23:31,311 ChatBI->     INFO     层级抽取文档： 市民反复催单,希望尽快处理。【最近派发的工单编号:20240318000084，工单内容：市民来电反映:上述地址24小时有大卡车经过，导致噪音严重，诉求：要求尽快解决噪音问题】 ==> yes  
2025-05-26 13:23:31,311 ChatBI->     INFO     层级抽取文档： 市民来电反映:上述地址小区居民家的空调外机安装不规范导致扰民，希望管理部门核实处理督促规范安装（市民要求信息保密 需回复） ==> yes  
2025-05-26 13:23:31,311 ChatBI->     INFO     层级抽取文档： 【重新交办,要求：按答复要点告知市民,市民表示答复要点不明确,其表示主管部门没有联系过市民，且答复要点和其诉求无直接关系，也没有给到具体后续可以处理的时效。诉求：希望管理部门核实，解决噪音问题。最近办结的工单编号:20231228025721，工单内容:【重新交办，要求：市民来电反映相同事项，告知市民答复要点, 市民表示该噪音还在，诉求：望有关部门再次解决噪音问题。最近办结的工单编号:20231203004512，工单内容：市民来电反映:其购买了上述地址小区房屋，市民表示其是顶楼，上面有一个水箱，每天不定时都会打水，噪音很大，无法正常休息。诉求：请管理部门帮其更换房屋，不要此处房子。】 ==> yes  
2025-05-26 13:23:31,311 ChatBI->     INFO     层级抽取文档： 市民来电补充信息。市民补充信息内容为：原定的一期工程是5月底结束，但现在已近6月份了，还有不少楼没有施工完成。目前已经是夏天了，外面拆墙都不能开空调，希望能索性过了夏天再继续施工。【最近派发的工单编号：20240602000351，工单内容：市民来电反映:上述小区6月2日5：30分就开始在小区内进行修缮，导致噪音扰民，并且此项目从3月份就开始，一直未结束，现已6月份了，天热了，要拆北侧的，导致居民家南侧，北侧都不能开空调 ，老人与孩子在家都生活，对此表示异议，现诉求：请管理部门核实要求按照规定的时间进行施工，且不能影响到居民正常的生活。（市民要求信息保密 需回复）】 ==> yes  
2025-05-26 13:23:31,311 ChatBI->     INFO     层级抽取文档： 市民来电反映:上述地址外面有无证设摊现象，每天从02:00就开始摆摊，有卖菜卖鱼的，产生噪音影响周边居民的正常休息。诉求：请管理部门核实，解决噪音扰民问题。 ==> yes  
2025-05-26 13:23:31,311 ChatBI->     INFO     层级抽取文档： 市民来电反映:居民楼下商铺目前在装修，准备做餐饮。排烟装置装在店铺正门口，没有任何排烟作用。诉求：请管理部门解决油烟扰民。（市民要求信息保密，需回复） ==> yes  
2025-05-26 13:23:31,311 ChatBI->     INFO     层级抽取文档： 市民来电反映:其为上述地址嘉定区澄浏中路沧海绿苑小区居民，于6月25日0:45小区外澄浏中路仍在施工，施工方是否持夜间施工许可证不详，产生噪音影响其休息。诉求：望管理部门核实，要求投诉夜间施工，并督促降噪。（需回复） ==> yes  
2025-05-26 13:23:31,694 ChatBI->     INFO     step_scores: ['yes', 'yes', 'yes', 'yes', 'yes', 'yes', 'yes', 'yes', 'yes', 'yes']
2025-05-26 13:23:31,694 ChatBI->     INFO     层级抽取文档： 市民来电反复催单。催单原因：市民称管理部门至今未给予任何回复，请管理部门尽快处理。【最近派发的工单编号：20240905005150，工单内容：市民来电反映：其国和二村居民，现反映上述地址卖菜卖肉的的店家将蔬菜都放置在门面外面人行道上和盲道上影响行人通行，还大声叫卖噪音扰民，反映多次没解决，诉求：管理部门核实情况后制止上述扰民情况。（市民要求信息保密，需要回复。）】 ==> yes  
2025-05-26 13:23:31,695 ChatBI->     INFO     层级抽取文档： 市民留言反映：上述地址有夜间施工的问题，影响休息。 ==> yes  
2025-05-26 13:23:31,695 ChatBI->     INFO     层级抽取文档： 市民来电反映:【重新交办,要求：按答复要点告知市民,市民表示答复要点不符，市民称问题并没有任何改善，还是很大的噪音，要求转交给临港建交处处理。最近办结的工单编号:20240312015238，工单内容:【重新交办，要求：按答复要点告知市民，市民表示答复要点与实际情况不符，市民表示所有的答复都是假的，处置单位承认噪音严重超标，进行了三次检测但是一直没有解决。市民强烈要求按其所述记录转临港建交处处理给予答复。诉求诉求不变，最近办结的工单编号20240220021591工单内容：重复来电：要求：答复要点与实际不符，市民表示并未解决问题，声音严重超标，市民强烈要求按其所述记录转临港建交处处理，诉... ==> yes  
2025-05-26 13:23:31,695 ChatBI->     INFO     层级抽取文档： 【重新交办，要求：按答复市民要点告知市民，市民表示前件答复市民要点不明确，近期可能因为天气关系，基本在07:30左右会有扩音设备噪音。也希望能在此处设立一个警示牌。诉求：望管理部门核实再次处理。（市民要求信息保密... ==> yes  
2025-05-26 13:23:31,695 ChatBI->     INFO     层级抽取文档： 市民来电反映:上述办公楼在工作时间装修，发出严重噪音，影响其他公司正常办公，与物业反映会会停一会，诉求：希望管理部门核实处理该公司装修是否合规并予以制止。（市民要求信息保密 无需回复） ==> yes  
2025-05-26 13:23:31,695 ChatBI->     INFO     层级抽取文档： 重复来电:咨询处理进程。【最近派发工单编号： 20240520035627，工单内容：市民来电反映:上述地址建筑工地每天早上7点不到就开始施工，晚上21点左右才结束施工。发出很响的噪音。影响市民造成生活。诉求：希望管理部门核实情况督促在规定的时间段施工协调减小噪音。】 ==> yes  
2025-05-26 13:23:31,695 ChatBI->     INFO     层级抽取文档： 市民反映：宝山区大场镇北华苑小区的垃圾车每天早上6:00就发出巨大噪音，持续时间长，周末也是如此，垃圾车发生碰撞的声音严重影响到了附近居民的睡眠。由于该垃圾点设立在北华苑小区的最后一排，与远景佳苑二期交界，导致其虽然为远景佳苑的居民，却一直饱受隔壁小区垃圾清运的困扰。诉求：请管理部门核实调整清运时间，并将北华苑小区垃圾站设立在其自己小区出口处。（市民要求信息保密，需要回复） ==> yes  
2025-05-26 13:23:31,695 ChatBI->     INFO     层级抽取文档： 市民反映：已通过市民热线反映事项，现要求补充图片作为证据（详见附件）。市民反映油烟扰民问题。诉求：希望管理部门核实转送相关照片至承办部门。（相关工单编号：20240327028977） （市民要求信息保密，需要回复） ==> yes  
2025-05-26 13:23:31,695 ChatBI->     INFO     层级抽取文档： 市民来电反映:上述地址商家：黄虹贵，占到经营，环境被弄的脏乱差，有噪音。诉求：请管理部门核实整治处理。（市民要求信息保密 需回复） ==> yes  
2025-05-26 13:23:31,695 ChatBI->     INFO     层级抽取文档： 市民来电反映:市民称上述小区的地下车库每天需要开抽风机两个小时，最近才开的，但是物业表示没办法关闭，市民表示噪音很大，故来电希望管理部门尽快解决噪音扰民问题。（市民要求信息保密 需回复） ==> yes  
2025-05-26 13:23:32,039 ChatBI->     INFO     step_scores: ['no', 'yes', 'yes', 'yes', 'yes', 'yes', 'yes', 'yes', 'yes', 'yes']
2025-05-26 13:23:32,039 ChatBI->     INFO     层级抽取文档： 市民反映：该户是外来租户，每天货车乱停，占用公共道路装货卸货，影响道路通行，扰民。举报多次，村委，房东不管。（详见附件）诉求：请管理部门整治乱停车事宜。（市民要求信息保密，无需回复） ==> no  
2025-05-26 13:23:32,039 ChatBI->     INFO     层级抽取文档： 市民来电反映:上述地址存在群租现象。对房间进行隔间用于出租，产生噪音严重影响周边休息，诉求：请管理部门核实，对群组进行取缔，恢复原样。（市民需要信息保密，无需回复） ==> yes  
2025-05-26 13:23:32,039 ChatBI->     INFO     层级抽取文档： 市民反映：楼上频繁发出各种响声，跑步，跳跃，东西砸地等响声，晚上22:00后依然存在，居委表示很正常，无法管制。诉求：希望出面调解，让楼上在半夜和清晨控制响声。 ==> yes  
2025-05-26 13:23:32,039 ChatBI->     INFO     层级抽取文档： 市民来电反映:上述地址存在群租现象。市民告知该处原本是二室一厅，现在被隔成了5-6个房间进行出租，具体住多少人市民不清楚。市民表示该处群租现象，天天晚上都很吵，吵的其无法睡觉。诉求：请管理部门尽快取缔群租现象。（信息保密 需要回复） ==> yes  
2025-05-26 13:23:32,039 ChatBI->     INFO     层级抽取文档： 市民来电反映:其邻居空调外机安装离其窗户太近，对其产生噪音影响。市民表示先协商不成功来电反映。 ==> yes  
2025-05-26 13:23:32,040 ChatBI->     INFO     层级抽取文档： 市民来电反映:上述地址住户把两个空调外机都放在阳台外非空调外机摆放点，摆放在了市民阳台外，噪音扰民十分严重，影响市民日常休息，诉求：请管理部门进行整治，规范摆放位置。（市民要求信息保密 无需回复） ==> yes  
2025-05-26 13:23:32,040 ChatBI->     INFO     层级抽取文档： 市民反映：自从2022年搬入该处后，每逢夏季，小房间的窗户上都是因楼上空调管漏水所滴落的水滴，造成小房间窗户渗水进入房间，还存在滴水声扰民情况。诉求：请管理部门核实，将楼上漏水的空调管修好。（市民要求信息保密，需要回复） ==> yes  
2025-05-26 13:23:32,040 ChatBI->     INFO     层级抽取文档： 市民来电反映：上述地址每天00:00点左右的时间就开始卸货装货，还有外置的扩音喇叭一直放着，每次大概都要维持半小时左右，严重影响了周边市民的休息，诉求：市民希望其处提早点卸货装货时间并同时关闭扩音喇叭。（市民要求信息保密，无需回复） ==> yes  
2025-05-26 13:23:32,040 ChatBI->     INFO     层级抽取文档： 市民来电反映:紫苑小区大门外一整条街上存在无证设摊贩卖烧烤的情况，每天从21:00开始营业一直持续到02:00，数量：5-6个，噪音扰民情况严重，无法忍受，烟味也很重，诉求：请管理部门核实取缔无证设摊。（市民要求信息保密 无需回复） ==> yes  
2025-05-26 13:23:32,040 ChatBI->     INFO     层级抽取文档： 市民来电反映:其是上述地址居民，市民称从2023年年底底楼商户广告牌统一更换后，商户跨门经营严重，很多外卖平台的小哥聚集在商户门口，一等就是一天，严重扰民，影响周边居民生活环境，望管理部门整治取缔跨门经营行为。（需回复）
 ==> yes  
2025-05-26 13:23:32,481 ChatBI->     INFO     step_scores: ['yes', 'yes', 'yes', 'yes', 'yes', 'yes', 'yes', 'yes', 'yes', 'yes']
2025-05-26 13:23:32,481 ChatBI->     INFO     层级抽取文档： 市民来电反映:上述地址小区内部垃圾站，徐汇区环卫局的环卫车每天6:00在小区内行驶作业，噪音较大，对其生活产生了影响。诉求：请管理部门核实，要求环卫车在每天8:00之后再进入小区作业。 ==> yes  
2025-05-26 13:23:32,481 ChatBI->     INFO     层级抽取文档： 市民反映：8月28日22:30左右54号108居住的老头在门口很大声音外放手机，影响到休息，故请他把手机声音调小一点，结果他在其门口骂骂咧咧，骂得很难听，严重影响到其的人身和精神安全，除此之外，他经常早上晚上也在门口大声喧哗，还在门口堆放各种杂物垃圾，有床架、轮胎等，严重影响环境卫生。3.还经常看到有数名小孩出入其中。诉求：请物业加强巡逻和关注。及时清理垃圾，对54号108实际居住人数进行核实并实名登记，超出法定人数请予以劝退。（市民要求信息保密，需回复） ==> yes  
2025-05-26 13:23:32,481 ChatBI->     INFO     层级抽取文档： 市民补充信息：海宁路静安公馆旁道路施工带来的噪音扰民问题已严重影响了周边居民的正常生活。该施工项目不仅在夜间施工，还在休息日施工，极大地干扰了居民的休息和睡眠。北站街道与北站派出所之间却相互推诿责任。北站街道称此问题应由北站派出所处理，而北站派出所又表示这是北站街道的职责范围。【最近派发的工单编号：20240824006082，工单内容：上述地址经常在非规定施工时间进行作业，严重影响周边居民正常生活。而北站派出所多次出警处理此事，在出警过程中却提到该道路为政府道路，即北横通道。市民对此不认可，表示政府道路的建设，也应依据法律明确规定的施工时间进行。诉求：请管理部门核实并督促处理施工扰民问题。】 ==> yes  
2025-05-26 13:23:32,481 ChatBI->     INFO     层级抽取文档： 市民来电反映:浦东新区杨高南路（龙阳路-济阳路），市民表示该路段（地面道路）每天半夜都有土方车通行，还会有鸣喇叭的情况，扰民。由于该处立交上是限制土方车通行的，市民因此建议每天半夜土方车可以在立交上行驶。诉求：希望管理部门知悉。（市民要求信息保密 无需回复） ==> yes  
2025-05-26 13:23:32,481 ChatBI->     INFO     层级抽取文档： 市民来电反映:2024年5月1日浦东新区大团镇永旺路260弄附近永旺路上新开了震轩美容美发店，5月3日音响开到了20:50，影响市民休息。诉求：20:00后不放或声音轻一点。（市民要求信息保密 无需回复） ==> yes  
2025-05-26 13:23:32,482 ChatBI->     INFO     层级抽取文档： 【重新交办，答复要点与实际情况不符，市民称是把排烟管道放在楼道内，要求：要求处理。最近办结的工单编号：20241016015709，工单内容：市民来电反映:上述地址小区擅自更改房屋排油烟道，导致每次只要上述地址烹饪食材就会油烟扰民。诉求：请管理部门督促要求恢复原样。（市民要求信息保密 需回复）】 ==> yes  
2025-05-26 13:23:32,482 ChatBI->     INFO     层级抽取文档： 市民来电反映:市民来电补充信息。市民更正内容为地址为闵行区古美路1388号【最近派发的工单编号：20241001000291，工单内容：市民来电反映:该店铺营业时间10:00-凌晨4:00，设备机械噪音很吵的，市民家中22:00之后测量分贝达到70。诉求：希望管理部门核实协调降低噪音至50左右。】 ==> yes  
2025-05-26 13:23:32,482 ChatBI->     INFO     层级抽取文档： 市民来电补充信息。市民补充信息内容为：物业和居委和城管互相推诿，市民认为302室有关系，希望就尽快处理明确回复。【最近派发的工单编号：20240601017285，工单内容：市民来电反映:上述地址住户违反规定将空调安装在同一栋楼401住户窗户外面，噪音扰民。诉求：更改空调外机安装位置。（市民要求信息保密 需回复）】 ==> yes  
2025-05-26 13:23:32,482 ChatBI->     INFO     层级抽取文档： 市民来电反复催单。催单原因：市民称管理部门至今未给予任何回复，请管理部门尽快处理。【最近派发的工单编号：20241001021725，工单内容：市民来电反映：上述小区旁边有一个货场，没有名称，夜间很多集卡停在该处卸货，噪音扰民，市民此次来电称相关部门已处理，但又恢复，诉求：希望管理部门协调减噪。】 ==> yes  
2025-05-26 13:23:32,482 ChatBI->     INFO     层级抽取文档： 市民来电补充信息。市民补充信息内容为市民表示于5月30日22:28分至市民来电时间1:30，该轰鸣声一直存在，市民表示楼上邻居洗澡会加重轰鸣声。市民表示于5月30日有李师傅联系过市民，表示夜间21至22点可以联系其，市民担心会影响其休息，并没有联系。市民表示其搬家会花费很大代价，请管理部门为其核实解决轰鸣问题。【最近派发的工单编号：20240529038901，工单内容：市民来电反映:床头靠西的墙有轰鸣声，5月24日至今22:00-次日5:00。5月23日21点也有，没那么明显。市民不清楚是空调外机造成的还是旁边工地造成的。诉求：请管理部门核实具体产生的原因并解决轰鸣问题。】 ==> yes  
2025-05-26 13:23:32,482 ChatBI->     INFO     阈值索引为：4999, 窗口大小为: 100 
2025-05-26 13:23:32,482 ChatBI->     INFO     确定的文档: 4900; 在次确认的文档: 100
2025-05-26 13:23:36,080 ChatBI->     INFO     从100个需再次确认的文档中筛选出的相关文档数量：94
2025-05-26 13:23:36,080 ChatBI->     INFO     示例文档：['市民来电反映:其为上述地址徐汇区罗秀路930弄居民，于3月31日小区公共区域施工作业，产生噪音影响其休息。诉求：望管理部门核实，要求禁止双休日施工。（市民要求信息保密 无需回复）', '市民来电反映:上述地址为新交房小区，小区隔壁有个垃圾站，恶臭异常且噪音严重，24小时不间断散味，区里领导之前说过会转移但未落实，诉求：要求将垃圾站尽快进行转移', '市民来电反复催单。催单原因：市民称管理部门至今未给予任何回复，请管理部门尽快处理。【最近派发的工单编号：20241118006671，工单内容：市民来电反映:上述地址装修，影响楼下社区医院分院的正常办公，时间段：工作日9点以后开始，市民的其他同事已反映过，未得到解决。诉求：市民希望减轻噪音或将装修时间调整至其他时间。】', '市民反映：海梦一方商业空调或者排风设备噪音很大（详见附件），二楼在家里测平均分贝都大于50，4楼以上声音更大。诉求：希望管理部门整治噪音问题。', '市民反映相同事项。【最近派发的工单编号：20240831009814，工单内容：根据居民个人观察上报。2024年开始发现有客机持续低空飞过本区域，大约每半小时到一小时有一波。飞行高度很低，让居民有安全顾虑。噪音很大，已经开始影响到正常生活。 1）这些飞机的航线安排是否经过合法审批； 2）低空飞行是否造成扰民，是否需要调整； 3）这些低飞飞机还要持续多久；诉求：希望管理部门给予合理解释。（市民要求信息保密，需要回复）】']
2025-05-26 13:23:36,105 ChatBI->     INFO     没有找到<  >对应的视图
2025-05-26 13:23:36,106 ChatBI->     INFO     sql 语句：SELECT `诉求地址`, `工单生成时间` FROM shanghai WHERE  `内容描述` IN (:val0, :val1, :val2, :val3, :val4, :val5, :val6, :val7, :val8, :val9, :val10, :val11, :val12, :val13, :val14, :val15, :val16, :val17, :val18, :val19, :val20, :val21, :val22, :val23, :val24, :val25, :val26, :val27, :val28, :val29, :val30, :val31, :val32, :val33, :val34, :val35, :val36, :val37, :val38, :val39, :val40, :val41, :val42, :val43, :val44, :val45, :val46, :val47, :val48, :val49, :val50, :val51, :val52, :val53, :val54, :val55, :val56, :val57, :val58, :val59, :val60, :val61, :val62, :val63, :val64, :val65, :val66, :val67, :val68, :val69, :val70, :val71, :val72, :val73, :val74, :val75, :val76, :val77, :val78, :val79, :val80, :val81, :val82, :val83, :val84, :val85, :val86, :val87, :val88, :val89, :val90, :val91, :val92, :val93, :val94, :val95, :val96, :val97, :val98, :val99, :val100, :val101, :val102, :val103, :val104, :val105, :val106, :val107, :val108, :val109, :val110, :val111, :val112, :val113, :val114, :val115, :val116, :val117, :val118, :val119, :val120, :val121, :val122, :val123, :val124, :val125, :val126, :val127, :val128, :val129, :val130, :val131, :val132, :val133, :val134, :val135, :val136, :val137, :val138, :val139, :val140, :val141, :val142, :val143, :val144, :val145, :val146, :val147, :val148, :val149, :val150, :val151, :val152, :val153, :val154, :val155, :val156, :val157, :val158, :val159, :val160, :val161, :val162, :val163, :val164, :val165, :val166, :val167, :val168, :val169, :val170, :val171, :val172, :val173, :val174, :val175, :val176, :val177, :val178, :val179, :val180, :val181, :val182, :val183, :val184, :val185, :val186, :val187, :val188, :val189, :val190, :val191, :val192, :val193, :val194, :val195, :val196, :val197, :val198, :val199, :val200, :val201, :val202, :val203, :val204, :val205, :val206, :val207, :val208, :val209, :val210, :val211, :val212, :val213, :val214, :val215, :val216, :val217, :val218, :val219, :val220, :val221, :val222, :val223, :val224, :val225, :val226, :val227, :val228, :val229, :val230, :val231, :val232, :val233, :val234, :val235, :val236, :val237, :val238, :val239, :val240, :val241, :val242, :val243, :val244, :val245, :val246, :val247, :val248, :val249, :val250, :val251, :val252, :val253, :val254, :val255, :val256, :val257, :val258, :val259, :val260, :val261, :val262, :val263, :val264, :val265, :val266, :val267, :val268, :val269, :val270, :val271, :val272, :val273, :val274, :val275, :val276, :val277, :val278, :val279, :val280, :val281, :val282, :val283, :val284, :val285, :val286, :val287, :val288, :val289, :val290, :val291, :val292, :val293, :val294, :val295, :val296, :val297, :val298, :val299, :val300, :val301, :val302, :val303, :val304, :val305, :val306, :val307, :val308, :val309, :val310, :val311, :val312, :val313, :val314, :val315, :val316, :val317, :val318, :val319, :val320, :val321, :val322, :val323, :val324, :val325, :val326, :val327, :val328, :val329, :val330, :val331, :val332, :val333, :val334, :val335, :val336, :val337, :val338, :val339, :val340, :val341, :val342, :val343, :val344, :val345, :val346, :val347, :val348, :val349, :val350, :val351, :val352, :val353, :val354, :val355, :val356, :val357, :val358, :val359, :val360, :val361, :val362, :val363, :val364, :val365, :val366, :val367, :val368, :val369, :val370, :val371, :val372, :val373, :val374, :val375, :val376, :val377, :val378, :val379, :val380, :val381, :val382, :val383, :val384, :val385, :val386, :val387, :val388, :val389, :val390, :val391, :val392, :val393, :val394, :val395, :val396, :val397, :val398, :val399, :val400, :val401, :val402, :val403, :val404, :val405, :val406, :val407, :val408, :val409, :val410, :val411, :val412, :val413, :val414, :val415, :val416, :val417, :val418, :val419, :val420, :val421, :val422, :val423, :val424, :val425, :val426, :val427, :val428, :val429, :val430, :val431, :val432, :val433, :val434, :val435, :val436, :val437, :val438, :val439, :val440, :val441, :val442, :val443, :val444, :val445, :val446, :val447, :val448, :val449, :val450, :val451, :val452, :val453, :val454, :val455, :val456, :val457, :val458, :val459, :val460, :val461, :val462, :val463, :val464, :val465, :val466, :val467, :val468, :val469, :val470, :val471, :val472, :val473, :val474, :val475, :val476, :val477, :val478, :val479, :val480, :val481, :val482, :val483, :val484, :val485, :val486, :val487, :val488, :val489, :val490, :val491, :val492, :val493, :val494, :val495, :val496, :val497, :val498, :val499, :val500, :val501, :val502, :val503, :val504, :val505, :val506, :val507, :val508, :val509, :val510, :val511, :val512, :val513, :val514, :val515, :val516, :val517, :val518, :val519, :val520, :val521, :val522, :val523, :val524, :val525, :val526, :val527, :val528, :val529, :val530, :val531, :val532, :val533, :val534, :val535, :val536, :val537, :val538, :val539, :val540, :val541, :val542, :val543, :val544, :val545, :val546, :val547, :val548, :val549, :val550, :val551, :val552, :val553, :val554, :val555, :val556, :val557, :val558, :val559, :val560, :val561, :val562, :val563, :val564, :val565, :val566, :val567, :val568, :val569, :val570, :val571, :val572, :val573, :val574, :val575, :val576, :val577, :val578, :val579, :val580, :val581, :val582, :val583, :val584, :val585, :val586, :val587, :val588, :val589, :val590, :val591, :val592, :val593, :val594, :val595, :val596, :val597, :val598, :val599, :val600, :val601, :val602, :val603, :val604, :val605, :val606, :val607, :val608, :val609, :val610, :val611, :val612, :val613, :val614, :val615, :val616, :val617, :val618, :val619, :val620, :val621, :val622, :val623, :val624, :val625, :val626, :val627, :val628, :val629, :val630, :val631, :val632, :val633, :val634, :val635, :val636, :val637, :val638, :val639, :val640, :val641, :val642, :val643, :val644, :val645, :val646, :val647, :val648, :val649, :val650, :val651, :val652, :val653, :val654, :val655, :val656, :val657, :val658, :val659, :val660, :val661, :val662, :val663, :val664, :val665, :val666, :val667, :val668, :val669, :val670, :val671, :val672, :val673, :val674, :val675, :val676, :val677, :val678, :val679, :val680, :val681, :val682, :val683, :val684, :val685, :val686, :val687, :val688, :val689, :val690, :val691, :val692, :val693, :val694, :val695, :val696, :val697, :val698, :val699, :val700, :val701, :val702, :val703, :val704, :val705, :val706, :val707, :val708, :val709, :val710, :val711, :val712, :val713, :val714, :val715, :val716, :val717, :val718, :val719, :val720, :val721, :val722, :val723, :val724, :val725, :val726, :val727, :val728, :val729, :val730, :val731, :val732, :val733, :val734, :val735, :val736, :val737, :val738, :val739, :val740, :val741, :val742, :val743, :val744, :val745, :val746, :val747, :val748, :val749, :val750, :val751, :val752, :val753, :val754, :val755, :val756, :val757, :val758, :val759, :val760, :val761, :val762, :val763, :val764, :val765, :val766, :val767, :val768, :val769, :val770, :val771, :val772, :val773, :val774, :val775, :val776, :val777, :val778, :val779, :val780, :val781, :val782, :val783, :val784, :val785, :val786, :val787, :val788, :val789, :val790, :val791, :val792, :val793, :val794, :val795, :val796, :val797, :val798, :val799, :val800, :val801, :val802, :val803, :val804, :val805, :val806, :val807, :val808, :val809, :val810, :val811, :val812, :val813, :val814, :val815, :val816, :val817, :val818, :val819, :val820, :val821, :val822, :val823, :val824, :val825, :val826, :val827, :val828, :val829, :val830, :val831, :val832, :val833, :val834, :val835, :val836, :val837, :val838, :val839, :val840, :val841, :val842, :val843, :val844, :val845, :val846, :val847, :val848, :val849, :val850, :val851, :val852, :val853, :val854, :val855, :val856, :val857, :val858, :val859, :val860, :val861, :val862, :val863, :val864, :val865, :val866, :val867, :val868, :val869, :val870, :val871, :val872, :val873, :val874, :val875, :val876, :val877, :val878, :val879, :val880, :val881, :val882, :val883, :val884, :val885, :val886, :val887, :val888, :val889, :val890, :val891, :val892, :val893, :val894, :val895, :val896, :val897, :val898, :val899, :val900, :val901, :val902, :val903, :val904, :val905, :val906, :val907, :val908, :val909, :val910, :val911, :val912, :val913, :val914, :val915, :val916, :val917, :val918, :val919, :val920, :val921, :val922, :val923, :val924, :val925, :val926, :val927, :val928, :val929, :val930, :val931, :val932, :val933, :val934, :val935, :val936, :val937, :val938, :val939, :val940, :val941, :val942, :val943, :val944, :val945, :val946, :val947, :val948, :val949, :val950, :val951, :val952, :val953, :val954, :val955, :val956, :val957, :val958, :val959, :val960, :val961, :val962, :val963, :val964, :val965, :val966, :val967, :val968, :val969, :val970, :val971, :val972, :val973, :val974, :val975, :val976, :val977, :val978, :val979, :val980, :val981, :val982, :val983, :val984, :val985, :val986, :val987, :val988, :val989, :val990, :val991, :val992, :val993, :val994, :val995, :val996, :val997, :val998, :val999, :val1000, :val1001, :val1002, :val1003, :val1004, :val1005, :val1006, :val1007, :val1008, :val1009, :val1010, :val1011, :val1012, :val1013, :val1014, :val1015, :val1016, :val1017, :val1018, :val1019, :val1020, :val1021, :val1022, :val1023, :val1024, :val1025, :val1026, :val1027, :val1028, :val1029, :val1030, :val1031, :val1032, :val1033, :val1034, :val1035, :val1036, :val1037, :val1038, :val1039, :val1040, :val1041, :val1042, :val1043, :val1044, :val1045, :val1046, :val1047, :val1048, :val1049, :val1050, :val1051, :val1052, :val1053, :val1054, :val1055, :val1056, :val1057, :val1058, :val1059, :val1060, :val1061, :val1062, :val1063, :val1064, :val1065, :val1066, :val1067, :val1068, :val1069, :val1070, :val1071, :val1072, :val1073, :val1074, :val1075, :val1076, :val1077, :val1078, :val1079, :val1080, :val1081, :val1082, :val1083, :val1084, :val1085, :val1086, :val1087, :val1088, :val1089, :val1090, :val1091, :val1092, :val1093, :val1094, :val1095, :val1096, :val1097, :val1098, :val1099, :val1100, :val1101, :val1102, :val1103, :val1104, :val1105, :val1106, :val1107, :val1108, :val1109, :val1110, :val1111, :val1112, :val1113, :val1114, :val1115, :val1116, :val1117, :val1118, :val1119, :val1120, :val1121, :val1122, :val1123, :val1124, :val1125, :val1126, :val1127, :val1128, :val1129, :val1130, :val1131, :val1132, :val1133, :val1134, :val1135, :val1136, :val1137, :val1138, :val1139, :val1140, :val1141, :val1142, :val1143, :val1144, :val1145, :val1146, :val1147, :val1148, :val1149, :val1150, :val1151, :val1152, :val1153, :val1154, :val1155, :val1156, :val1157, :val1158, :val1159, :val1160, :val1161, :val1162, :val1163, :val1164, :val1165, :val1166, :val1167, :val1168, :val1169, :val1170, :val1171, :val1172, :val1173, :val1174, :val1175, :val1176, :val1177, :val1178, :val1179, :val1180, :val1181, :val1182, :val1183, :val1184, :val1185, :val1186, :val1187, :val1188, :val1189, :val1190, :val1191, :val1192, :val1193, :val1194, :val1195, :val1196, :val1197, :val1198, :val1199, :val1200, :val1201, :val1202, :val1203, :val1204, :val1205, :val1206, :val1207, :val1208, :val1209, :val1210, :val1211, :val1212, :val1213, :val1214, :val1215, :val1216, :val1217, :val1218, :val1219, :val1220, :val1221, :val1222, :val1223, :val1224, :val1225, :val1226, :val1227, :val1228, :val1229, :val1230, :val1231, :val1232, :val1233, :val1234, :val1235, :val1236, :val1237, :val1238, :val1239, :val1240, :val1241, :val1242, :val1243, :val1244, :val1245, :val1246, :val1247, :val1248, :val1249, :val1250, :val1251, :val1252, :val1253, :val1254, :val1255, :val1256, :val1257, :val1258, :val1259, :val1260, :val1261, :val1262, :val1263, :val1264, :val1265, :val1266, :val1267, :val1268, :val1269, :val1270, :val1271, :val1272, :val1273, :val1274, :val1275, :val1276, :val1277, :val1278, :val1279, :val1280, :val1281, :val1282, :val1283, :val1284, :val1285, :val1286, :val1287, :val1288, :val1289, :val1290, :val1291, :val1292, :val1293, :val1294, :val1295, :val1296, :val1297, :val1298, :val1299, :val1300, :val1301, :val1302, :val1303, :val1304, :val1305, :val1306, :val1307, :val1308, :val1309, :val1310, :val1311, :val1312, :val1313, :val1314, :val1315, :val1316, :val1317, :val1318, :val1319, :val1320, :val1321, :val1322, :val1323, :val1324, :val1325, :val1326, :val1327, :val1328, :val1329, :val1330, :val1331, :val1332, :val1333, :val1334, :val1335, :val1336, :val1337, :val1338, :val1339, :val1340, :val1341, :val1342, :val1343, :val1344, :val1345, :val1346, :val1347, :val1348, :val1349, :val1350, :val1351, :val1352, :val1353, :val1354, :val1355, :val1356, :val1357, :val1358, :val1359, :val1360, :val1361, :val1362, :val1363, :val1364, :val1365, :val1366, :val1367, :val1368, :val1369, :val1370, :val1371, :val1372, :val1373, :val1374, :val1375, :val1376, :val1377, :val1378, :val1379, :val1380, :val1381, :val1382, :val1383, :val1384, :val1385, :val1386, :val1387, :val1388, :val1389, :val1390, :val1391, :val1392, :val1393, :val1394, :val1395, :val1396, :val1397, :val1398, :val1399, :val1400, :val1401, :val1402, :val1403, :val1404, :val1405, :val1406, :val1407, :val1408, :val1409, :val1410, :val1411, :val1412, :val1413, :val1414, :val1415, :val1416, :val1417, :val1418, :val1419, :val1420, :val1421, :val1422, :val1423, :val1424, :val1425, :val1426, :val1427, :val1428, :val1429, :val1430, :val1431, :val1432, :val1433, :val1434, :val1435, :val1436, :val1437, :val1438, :val1439, :val1440, :val1441, :val1442, :val1443, :val1444, :val1445, :val1446, :val1447, :val1448, :val1449, :val1450, :val1451, :val1452, :val1453, :val1454, :val1455, :val1456, :val1457, :val1458, :val1459, :val1460, :val1461, :val1462, :val1463, :val1464, :val1465, :val1466, :val1467, :val1468, :val1469, :val1470, :val1471, :val1472, :val1473, :val1474, :val1475, :val1476, :val1477, :val1478, :val1479, :val1480, :val1481, :val1482, :val1483, :val1484, :val1485, :val1486, :val1487, :val1488, :val1489, :val1490, :val1491, :val1492, :val1493, :val1494, :val1495, :val1496, :val1497, :val1498, :val1499, :val1500, :val1501, :val1502, :val1503, :val1504, :val1505, :val1506, :val1507, :val1508, :val1509, :val1510, :val1511, :val1512, :val1513, :val1514, :val1515, :val1516, :val1517, :val1518, :val1519, :val1520, :val1521, :val1522, :val1523, :val1524, :val1525, :val1526, :val1527, :val1528, :val1529, :val1530, :val1531, :val1532, :val1533, :val1534, :val1535, :val1536, :val1537, :val1538, :val1539, :val1540, :val1541, :val1542, :val1543, :val1544, :val1545, :val1546, :val1547, :val1548, :val1549, :val1550, :val1551, :val1552, :val1553, :val1554, :val1555, :val1556, :val1557, :val1558, :val1559, :val1560, :val1561, :val1562, :val1563, :val1564, :val1565, :val1566, :val1567, :val1568, :val1569, :val1570, :val1571, :val1572, :val1573, :val1574, :val1575, :val1576, :val1577, :val1578, :val1579, :val1580, :val1581, :val1582, :val1583, :val1584, :val1585, :val1586, :val1587, :val1588, :val1589, :val1590, :val1591, :val1592, :val1593, :val1594, :val1595, :val1596, :val1597, :val1598, :val1599, :val1600, :val1601, :val1602, :val1603, :val1604, :val1605, :val1606, :val1607, :val1608, :val1609, :val1610, :val1611, :val1612, :val1613, :val1614, :val1615, :val1616, :val1617, :val1618, :val1619, :val1620, :val1621, :val1622, :val1623, :val1624, :val1625, :val1626, :val1627, :val1628, :val1629, :val1630, :val1631, :val1632, :val1633, :val1634, :val1635, :val1636, :val1637, :val1638, :val1639, :val1640, :val1641, :val1642, :val1643, :val1644, :val1645, :val1646, :val1647, :val1648, :val1649, :val1650, :val1651, :val1652, :val1653, :val1654, :val1655, :val1656, :val1657, :val1658, :val1659, :val1660, :val1661, :val1662, :val1663, :val1664, :val1665, :val1666, :val1667, :val1668, :val1669, :val1670, :val1671, :val1672, :val1673, :val1674, :val1675, :val1676, :val1677, :val1678, :val1679, :val1680, :val1681, :val1682, :val1683, :val1684, :val1685, :val1686, :val1687, :val1688, :val1689, :val1690, :val1691, :val1692, :val1693, :val1694, :val1695, :val1696, :val1697, :val1698, :val1699, :val1700, :val1701, :val1702, :val1703, :val1704, :val1705, :val1706, :val1707, :val1708, :val1709, :val1710, :val1711, :val1712, :val1713, :val1714, :val1715, :val1716, :val1717, :val1718, :val1719, :val1720, :val1721, :val1722, :val1723, :val1724, :val1725, :val1726, :val1727, :val1728, :val1729, :val1730, :val1731, :val1732, :val1733, :val1734, :val1735, :val1736, :val1737, :val1738, :val1739, :val1740, :val1741, :val1742, :val1743, :val1744, :val1745, :val1746, :val1747, :val1748, :val1749, :val1750, :val1751, :val1752, :val1753, :val1754, :val1755, :val1756, :val1757, :val1758, :val1759, :val1760, :val1761, :val1762, :val1763, :val1764, :val1765, :val1766, :val1767, :val1768, :val1769, :val1770, :val1771, :val1772, :val1773, :val1774, :val1775, :val1776, :val1777, :val1778, :val1779, :val1780, :val1781, :val1782, :val1783, :val1784, :val1785, :val1786, :val1787, :val1788, :val1789, :val1790, :val1791, :val1792, :val1793, :val1794, :val1795, :val1796, :val1797, :val1798, :val1799, :val1800, :val1801, :val1802, :val1803, :val1804, :val1805, :val1806, :val1807, :val1808, :val1809, :val1810, :val1811, :val1812, :val1813, :val1814, :val1815, :val1816, :val1817, :val1818, :val1819, :val1820, :val1821, :val1822, :val1823, :val1824, :val1825, :val1826, :val1827, :val1828, :val1829, :val1830, :val1831, :val1832, :val1833, :val1834, :val1835, :val1836, :val1837, :val1838, :val1839, :val1840, :val1841, :val1842, :val1843, :val1844, :val1845, :val1846, :val1847, :val1848, :val1849, :val1850, :val1851, :val1852, :val1853, :val1854, :val1855, :val1856, :val1857, :val1858, :val1859, :val1860, :val1861, :val1862, :val1863, :val1864, :val1865, :val1866, :val1867, :val1868, :val1869, :val1870, :val1871, :val1872, :val1873, :val1874, :val1875, :val1876, :val1877, :val1878, :val1879, :val1880, :val1881, :val1882, :val1883, :val1884, :val1885, :val1886, :val1887, :val1888, :val1889, :val1890, :val1891, :val1892, :val1893, :val1894, :val1895, :val1896, :val1897, :val1898, :val1899, :val1900, :val1901, :val1902, :val1903, :val1904, :val1905, :val1906, :val1907, :val1908, :val1909, :val1910, :val1911, :val1912, :val1913, :val1914, :val1915, :val1916, :val1917, :val1918, :val1919, :val1920, :val1921, :val1922, :val1923, :val1924, :val1925, :val1926, :val1927, :val1928, :val1929, :val1930, :val1931, :val1932, :val1933, :val1934, :val1935, :val1936, :val1937, :val1938, :val1939, :val1940, :val1941, :val1942, :val1943, :val1944, :val1945, :val1946, :val1947, :val1948, :val1949, :val1950, :val1951, :val1952, :val1953, :val1954, :val1955, :val1956, :val1957, :val1958, :val1959, :val1960, :val1961, :val1962, :val1963, :val1964, :val1965, :val1966, :val1967, :val1968, :val1969, :val1970, :val1971, :val1972, :val1973, :val1974, :val1975, :val1976, :val1977, :val1978, :val1979, :val1980, :val1981, :val1982, :val1983, :val1984, :val1985, :val1986, :val1987, :val1988, :val1989, :val1990, :val1991, :val1992, :val1993, :val1994, :val1995, :val1996, :val1997, :val1998, :val1999, :val2000, :val2001, :val2002, :val2003, :val2004, :val2005, :val2006, :val2007, :val2008, :val2009, :val2010, :val2011, :val2012, :val2013, :val2014, :val2015, :val2016, :val2017, :val2018, :val2019, :val2020, :val2021, :val2022, :val2023, :val2024, :val2025, :val2026, :val2027, :val2028, :val2029, :val2030, :val2031, :val2032, :val2033, :val2034, :val2035, :val2036, :val2037, :val2038, :val2039, :val2040, :val2041, :val2042, :val2043, :val2044, :val2045, :val2046, :val2047, :val2048, :val2049, :val2050, :val2051, :val2052, :val2053, :val2054, :val2055, :val2056, :val2057, :val2058, :val2059, :val2060, :val2061, :val2062, :val2063, :val2064, :val2065, :val2066, :val2067, :val2068, :val2069, :val2070, :val2071, :val2072, :val2073, :val2074, :val2075, :val2076, :val2077, :val2078, :val2079, :val2080, :val2081, :val2082, :val2083, :val2084, :val2085, :val2086, :val2087, :val2088, :val2089, :val2090, :val2091, :val2092, :val2093, :val2094, :val2095, :val2096, :val2097, :val2098, :val2099, :val2100, :val2101, :val2102, :val2103, :val2104, :val2105, :val2106, :val2107, :val2108, :val2109, :val2110, :val2111, :val2112, :val2113, :val2114, :val2115, :val2116, :val2117, :val2118, :val2119, :val2120, :val2121, :val2122, :val2123, :val2124, :val2125, :val2126, :val2127, :val2128, :val2129, :val2130, :val2131, :val2132, :val2133, :val2134, :val2135, :val2136, :val2137, :val2138, :val2139, :val2140, :val2141, :val2142, :val2143, :val2144, :val2145, :val2146, :val2147, :val2148, :val2149, :val2150, :val2151, :val2152, :val2153, :val2154, :val2155, :val2156, :val2157, :val2158, :val2159, :val2160, :val2161, :val2162, :val2163, :val2164, :val2165, :val2166, :val2167, :val2168, :val2169, :val2170, :val2171, :val2172, :val2173, :val2174, :val2175, :val2176, :val2177, :val2178, :val2179, :val2180, :val2181, :val2182, :val2183, :val2184, :val2185, :val2186, :val2187, :val2188, :val2189, :val2190, :val2191, :val2192, :val2193, :val2194, :val2195, :val2196, :val2197, :val2198, :val2199, :val2200, :val2201, :val2202, :val2203, :val2204, :val2205, :val2206, :val2207, :val2208, :val2209, :val2210, :val2211, :val2212, :val2213, :val2214, :val2215, :val2216, :val2217, :val2218, :val2219, :val2220, :val2221, :val2222, :val2223, :val2224, :val2225, :val2226, :val2227, :val2228, :val2229, :val2230, :val2231, :val2232, :val2233, :val2234, :val2235, :val2236, :val2237, :val2238, :val2239, :val2240, :val2241, :val2242, :val2243, :val2244, :val2245, :val2246, :val2247, :val2248, :val2249, :val2250, :val2251, :val2252, :val2253, :val2254, :val2255, :val2256, :val2257, :val2258, :val2259, :val2260, :val2261, :val2262, :val2263, :val2264, :val2265, :val2266, :val2267, :val2268, :val2269, :val2270, :val2271, :val2272, :val2273, :val2274, :val2275, :val2276, :val2277, :val2278, :val2279, :val2280, :val2281, :val2282, :val2283, :val2284, :val2285, :val2286, :val2287, :val2288, :val2289, :val2290, :val2291, :val2292, :val2293, :val2294, :val2295, :val2296, :val2297, :val2298, :val2299, :val2300, :val2301, :val2302, :val2303, :val2304, :val2305, :val2306, :val2307, :val2308, :val2309, :val2310, :val2311, :val2312, :val2313, :val2314, :val2315, :val2316, :val2317, :val2318, :val2319, :val2320, :val2321, :val2322, :val2323, :val2324, :val2325, :val2326, :val2327, :val2328, :val2329, :val2330, :val2331, :val2332, :val2333, :val2334, :val2335, :val2336, :val2337, :val2338, :val2339, :val2340, :val2341, :val2342, :val2343, :val2344, :val2345, :val2346, :val2347, :val2348, :val2349, :val2350, :val2351, :val2352, :val2353, :val2354, :val2355, :val2356, :val2357, :val2358, :val2359, :val2360, :val2361, :val2362, :val2363, :val2364, :val2365, :val2366, :val2367, :val2368, :val2369, :val2370, :val2371, :val2372, :val2373, :val2374, :val2375, :val2376, :val2377, :val2378, :val2379, :val2380, :val2381, :val2382, :val2383, :val2384, :val2385, :val2386, :val2387, :val2388, :val2389, :val2390, :val2391, :val2392, :val2393, :val2394, :val2395, :val2396, :val2397, :val2398, :val2399, :val2400, :val2401, :val2402, :val2403, :val2404, :val2405, :val2406, :val2407, :val2408, :val2409, :val2410, :val2411, :val2412, :val2413, :val2414, :val2415, :val2416, :val2417, :val2418, :val2419, :val2420, :val2421, :val2422, :val2423, :val2424, :val2425, :val2426, :val2427, :val2428, :val2429, :val2430, :val2431, :val2432, :val2433, :val2434, :val2435, :val2436, :val2437, :val2438, :val2439, :val2440, :val2441, :val2442, :val2443, :val2444, :val2445, :val2446, :val2447, :val2448, :val2449, :val2450, :val2451, :val2452, :val2453, :val2454, :val2455, :val2456, :val2457, :val2458, :val2459, :val2460, :val2461, :val2462, :val2463, :val2464, :val2465, :val2466, :val2467, :val2468, :val2469, :val2470, :val2471, :val2472, :val2473, :val2474, :val2475, :val2476, :val2477, :val2478, :val2479, :val2480, :val2481, :val2482, :val2483, :val2484, :val2485, :val2486, :val2487, :val2488, :val2489, :val2490, :val2491, :val2492, :val2493, :val2494, :val2495, :val2496, :val2497, :val2498, :val2499, :val2500, :val2501, :val2502, :val2503, :val2504, :val2505, :val2506, :val2507, :val2508, :val2509, :val2510, :val2511, :val2512, :val2513, :val2514, :val2515, :val2516, :val2517, :val2518, :val2519, :val2520, :val2521, :val2522, :val2523, :val2524, :val2525, :val2526, :val2527, :val2528, :val2529, :val2530, :val2531, :val2532, :val2533, :val2534, :val2535, :val2536, :val2537, :val2538, :val2539, :val2540, :val2541, :val2542, :val2543, :val2544, :val2545, :val2546, :val2547, :val2548, :val2549, :val2550, :val2551, :val2552, :val2553, :val2554, :val2555, :val2556, :val2557, :val2558, :val2559, :val2560, :val2561, :val2562, :val2563, :val2564, :val2565, :val2566, :val2567, :val2568, :val2569, :val2570, :val2571, :val2572, :val2573, :val2574, :val2575, :val2576, :val2577, :val2578, :val2579, :val2580, :val2581, :val2582, :val2583, :val2584, :val2585, :val2586, :val2587, :val2588, :val2589, :val2590, :val2591, :val2592, :val2593, :val2594, :val2595, :val2596, :val2597, :val2598, :val2599, :val2600, :val2601, :val2602, :val2603, :val2604, :val2605, :val2606, :val2607, :val2608, :val2609, :val2610, :val2611, :val2612, :val2613, :val2614, :val2615, :val2616, :val2617, :val2618, :val2619, :val2620, :val2621, :val2622, :val2623, :val2624, :val2625, :val2626, :val2627, :val2628, :val2629, :val2630, :val2631, :val2632, :val2633, :val2634, :val2635, :val2636, :val2637, :val2638, :val2639, :val2640, :val2641, :val2642, :val2643, :val2644, :val2645, :val2646, :val2647, :val2648, :val2649, :val2650, :val2651, :val2652, :val2653, :val2654, :val2655, :val2656, :val2657, :val2658, :val2659, :val2660, :val2661, :val2662, :val2663, :val2664, :val2665, :val2666, :val2667, :val2668, :val2669, :val2670, :val2671, :val2672, :val2673, :val2674, :val2675, :val2676, :val2677, :val2678, :val2679, :val2680, :val2681, :val2682, :val2683, :val2684, :val2685, :val2686, :val2687, :val2688, :val2689, :val2690, :val2691, :val2692, :val2693, :val2694, :val2695, :val2696, :val2697, :val2698, :val2699, :val2700, :val2701, :val2702, :val2703, :val2704, :val2705, :val2706, :val2707, :val2708, :val2709, :val2710, :val2711, :val2712, :val2713, :val2714, :val2715, :val2716, :val2717, :val2718, :val2719, :val2720, :val2721, :val2722, :val2723, :val2724, :val2725, :val2726, :val2727, :val2728, :val2729, :val2730, :val2731, :val2732, :val2733, :val2734, :val2735, :val2736, :val2737, :val2738, :val2739, :val2740, :val2741, :val2742, :val2743, :val2744, :val2745, :val2746, :val2747, :val2748, :val2749, :val2750, :val2751, :val2752, :val2753, :val2754, :val2755, :val2756, :val2757, :val2758, :val2759, :val2760, :val2761, :val2762, :val2763, :val2764, :val2765, :val2766, :val2767, :val2768, :val2769, :val2770, :val2771, :val2772, :val2773, :val2774, :val2775, :val2776, :val2777, :val2778, :val2779, :val2780, :val2781, :val2782, :val2783, :val2784, :val2785, :val2786, :val2787, :val2788, :val2789, :val2790, :val2791, :val2792, :val2793, :val2794, :val2795, :val2796, :val2797, :val2798, :val2799, :val2800, :val2801, :val2802, :val2803, :val2804, :val2805, :val2806, :val2807, :val2808, :val2809, :val2810, :val2811, :val2812, :val2813, :val2814, :val2815, :val2816, :val2817, :val2818, :val2819, :val2820, :val2821, :val2822, :val2823, :val2824, :val2825, :val2826, :val2827, :val2828, :val2829, :val2830, :val2831, :val2832, :val2833, :val2834, :val2835, :val2836, :val2837, :val2838, :val2839, :val2840, :val2841, :val2842, :val2843, :val2844, :val2845, :val2846, :val2847, :val2848, :val2849, :val2850, :val2851, :val2852, :val2853, :val2854, :val2855, :val2856, :val2857, :val2858, :val2859, :val2860, :val2861, :val2862, :val2863, :val2864, :val2865, :val2866, :val2867, :val2868, :val2869, :val2870, :val2871, :val2872, :val2873, :val2874, :val2875, :val2876, :val2877, :val2878, :val2879, :val2880, :val2881, :val2882, :val2883, :val2884, :val2885, :val2886, :val2887, :val2888, :val2889, :val2890, :val2891, :val2892, :val2893, :val2894, :val2895, :val2896, :val2897, :val2898, :val2899, :val2900, :val2901, :val2902, :val2903, :val2904, :val2905, :val2906, :val2907, :val2908, :val2909, :val2910, :val2911, :val2912, :val2913, :val2914, :val2915, :val2916, :val2917, :val2918, :val2919, :val2920, :val2921, :val2922, :val2923, :val2924, :val2925, :val2926, :val2927, :val2928, :val2929, :val2930, :val2931, :val2932, :val2933, :val2934, :val2935, :val2936, :val2937, :val2938, :val2939, :val2940, :val2941, :val2942, :val2943, :val2944, :val2945, :val2946, :val2947, :val2948, :val2949, :val2950, :val2951, :val2952, :val2953, :val2954, :val2955, :val2956, :val2957, :val2958, :val2959, :val2960, :val2961, :val2962, :val2963, :val2964, :val2965, :val2966, :val2967, :val2968, :val2969, :val2970, :val2971, :val2972, :val2973, :val2974, :val2975, :val2976, :val2977, :val2978, :val2979, :val2980, :val2981, :val2982, :val2983, :val2984, :val2985, :val2986, :val2987, :val2988, :val2989, :val2990, :val2991, :val2992, :val2993, :val2994, :val2995, :val2996, :val2997, :val2998, :val2999, :val3000, :val3001, :val3002, :val3003, :val3004, :val3005, :val3006, :val3007, :val3008, :val3009, :val3010, :val3011, :val3012, :val3013, :val3014, :val3015, :val3016, :val3017, :val3018, :val3019, :val3020, :val3021, :val3022, :val3023, :val3024, :val3025, :val3026, :val3027, :val3028, :val3029, :val3030, :val3031, :val3032, :val3033, :val3034, :val3035, :val3036, :val3037, :val3038, :val3039, :val3040, :val3041, :val3042, :val3043, :val3044, :val3045, :val3046, :val3047, :val3048, :val3049, :val3050, :val3051, :val3052, :val3053, :val3054, :val3055, :val3056, :val3057, :val3058, :val3059, :val3060, :val3061, :val3062, :val3063, :val3064, :val3065, :val3066, :val3067, :val3068, :val3069, :val3070, :val3071, :val3072, :val3073, :val3074, :val3075, :val3076, :val3077, :val3078, :val3079, :val3080, :val3081, :val3082, :val3083, :val3084, :val3085, :val3086, :val3087, :val3088, :val3089, :val3090, :val3091, :val3092, :val3093, :val3094, :val3095, :val3096, :val3097, :val3098, :val3099, :val3100, :val3101, :val3102, :val3103, :val3104, :val3105, :val3106, :val3107, :val3108, :val3109, :val3110, :val3111, :val3112, :val3113, :val3114, :val3115, :val3116, :val3117, :val3118, :val3119, :val3120, :val3121, :val3122, :val3123, :val3124, :val3125, :val3126, :val3127, :val3128, :val3129, :val3130, :val3131, :val3132, :val3133, :val3134, :val3135, :val3136, :val3137, :val3138, :val3139, :val3140, :val3141, :val3142, :val3143, :val3144, :val3145, :val3146, :val3147, :val3148, :val3149, :val3150, :val3151, :val3152, :val3153, :val3154, :val3155, :val3156, :val3157, :val3158, :val3159, :val3160, :val3161, :val3162, :val3163, :val3164, :val3165, :val3166, :val3167, :val3168, :val3169, :val3170, :val3171, :val3172, :val3173, :val3174, :val3175, :val3176, :val3177, :val3178, :val3179, :val3180, :val3181, :val3182, :val3183, :val3184, :val3185, :val3186, :val3187, :val3188, :val3189, :val3190, :val3191, :val3192, :val3193, :val3194, :val3195, :val3196, :val3197, :val3198, :val3199, :val3200, :val3201, :val3202, :val3203, :val3204, :val3205, :val3206, :val3207, :val3208, :val3209, :val3210, :val3211, :val3212, :val3213, :val3214, :val3215, :val3216, :val3217, :val3218, :val3219, :val3220, :val3221, :val3222, :val3223, :val3224, :val3225, :val3226, :val3227, :val3228, :val3229, :val3230, :val3231, :val3232, :val3233, :val3234, :val3235, :val3236, :val3237, :val3238, :val3239, :val3240, :val3241, :val3242, :val3243, :val3244, :val3245, :val3246, :val3247, :val3248, :val3249, :val3250, :val3251, :val3252, :val3253, :val3254, :val3255, :val3256, :val3257, :val3258, :val3259, :val3260, :val3261, :val3262, :val3263, :val3264, :val3265, :val3266, :val3267, :val3268, :val3269, :val3270, :val3271, :val3272, :val3273, :val3274, :val3275, :val3276, :val3277, :val3278, :val3279, :val3280, :val3281, :val3282, :val3283, :val3284, :val3285, :val3286, :val3287, :val3288, :val3289, :val3290, :val3291, :val3292, :val3293, :val3294, :val3295, :val3296, :val3297, :val3298, :val3299, :val3300, :val3301, :val3302, :val3303, :val3304, :val3305, :val3306, :val3307, :val3308, :val3309, :val3310, :val3311, :val3312, :val3313, :val3314, :val3315, :val3316, :val3317, :val3318, :val3319, :val3320, :val3321, :val3322, :val3323, :val3324, :val3325, :val3326, :val3327, :val3328, :val3329, :val3330, :val3331, :val3332, :val3333, :val3334, :val3335, :val3336, :val3337, :val3338, :val3339, :val3340, :val3341, :val3342, :val3343, :val3344, :val3345, :val3346, :val3347, :val3348, :val3349, :val3350, :val3351, :val3352, :val3353, :val3354, :val3355, :val3356, :val3357, :val3358, :val3359, :val3360, :val3361, :val3362, :val3363, :val3364, :val3365, :val3366, :val3367, :val3368, :val3369, :val3370, :val3371, :val3372, :val3373, :val3374, :val3375, :val3376, :val3377, :val3378, :val3379, :val3380, :val3381, :val3382, :val3383, :val3384, :val3385, :val3386, :val3387, :val3388, :val3389, :val3390, :val3391, :val3392, :val3393, :val3394, :val3395, :val3396, :val3397, :val3398, :val3399, :val3400, :val3401, :val3402, :val3403, :val3404, :val3405, :val3406, :val3407, :val3408, :val3409, :val3410, :val3411, :val3412, :val3413, :val3414, :val3415, :val3416, :val3417, :val3418, :val3419, :val3420, :val3421, :val3422, :val3423, :val3424, :val3425, :val3426, :val3427, :val3428, :val3429, :val3430, :val3431, :val3432, :val3433, :val3434, :val3435, :val3436, :val3437, :val3438, :val3439, :val3440, :val3441, :val3442, :val3443, :val3444, :val3445, :val3446, :val3447, :val3448, :val3449, :val3450, :val3451, :val3452, :val3453, :val3454, :val3455, :val3456, :val3457, :val3458, :val3459, :val3460, :val3461, :val3462, :val3463, :val3464, :val3465, :val3466, :val3467, :val3468, :val3469, :val3470, :val3471, :val3472, :val3473, :val3474, :val3475, :val3476, :val3477, :val3478, :val3479, :val3480, :val3481, :val3482, :val3483, :val3484, :val3485, :val3486, :val3487, :val3488, :val3489, :val3490, :val3491, :val3492, :val3493, :val3494, :val3495, :val3496, :val3497, :val3498, :val3499, :val3500, :val3501, :val3502, :val3503, :val3504, :val3505, :val3506, :val3507, :val3508, :val3509, :val3510, :val3511, :val3512, :val3513, :val3514, :val3515, :val3516, :val3517, :val3518, :val3519, :val3520, :val3521, :val3522, :val3523, :val3524, :val3525, :val3526, :val3527, :val3528, :val3529, :val3530, :val3531, :val3532, :val3533, :val3534, :val3535, :val3536, :val3537, :val3538, :val3539, :val3540, :val3541, :val3542, :val3543, :val3544, :val3545, :val3546, :val3547, :val3548, :val3549, :val3550, :val3551, :val3552, :val3553, :val3554, :val3555, :val3556, :val3557, :val3558, :val3559, :val3560, :val3561, :val3562, :val3563, :val3564, :val3565, :val3566, :val3567, :val3568, :val3569, :val3570, :val3571, :val3572, :val3573, :val3574, :val3575, :val3576, :val3577, :val3578, :val3579, :val3580, :val3581, :val3582, :val3583, :val3584, :val3585, :val3586, :val3587, :val3588, :val3589, :val3590, :val3591, :val3592, :val3593, :val3594, :val3595, :val3596, :val3597, :val3598, :val3599, :val3600, :val3601, :val3602, :val3603, :val3604, :val3605, :val3606, :val3607, :val3608, :val3609, :val3610, :val3611, :val3612, :val3613, :val3614, :val3615, :val3616, :val3617, :val3618, :val3619, :val3620, :val3621, :val3622, :val3623, :val3624, :val3625, :val3626, :val3627, :val3628, :val3629, :val3630, :val3631, :val3632, :val3633, :val3634, :val3635, :val3636, :val3637, :val3638, :val3639, :val3640, :val3641, :val3642, :val3643, :val3644, :val3645, :val3646, :val3647, :val3648, :val3649, :val3650, :val3651, :val3652, :val3653, :val3654, :val3655, :val3656, :val3657, :val3658, :val3659, :val3660, :val3661, :val3662, :val3663, :val3664, :val3665, :val3666, :val3667, :val3668, :val3669, :val3670, :val3671, :val3672, :val3673, :val3674, :val3675, :val3676, :val3677, :val3678, :val3679, :val3680, :val3681, :val3682, :val3683, :val3684, :val3685, :val3686, :val3687, :val3688, :val3689, :val3690, :val3691, :val3692, :val3693, :val3694, :val3695, :val3696, :val3697, :val3698, :val3699, :val3700, :val3701, :val3702, :val3703, :val3704, :val3705, :val3706, :val3707, :val3708, :val3709, :val3710, :val3711, :val3712, :val3713, :val3714, :val3715, :val3716, :val3717, :val3718, :val3719, :val3720, :val3721, :val3722, :val3723, :val3724, :val3725, :val3726, :val3727, :val3728, :val3729, :val3730, :val3731, :val3732, :val3733, :val3734, :val3735, :val3736, :val3737, :val3738, :val3739, :val3740, :val3741, :val3742, :val3743, :val3744, :val3745, :val3746, :val3747, :val3748, :val3749, :val3750, :val3751, :val3752, :val3753, :val3754, :val3755, :val3756, :val3757, :val3758, :val3759, :val3760, :val3761, :val3762, :val3763, :val3764, :val3765, :val3766, :val3767, :val3768, :val3769, :val3770, :val3771, :val3772, :val3773, :val3774, :val3775, :val3776, :val3777, :val3778, :val3779, :val3780, :val3781, :val3782, :val3783, :val3784, :val3785, :val3786, :val3787, :val3788, :val3789, :val3790, :val3791, :val3792, :val3793, :val3794, :val3795, :val3796, :val3797, :val3798, :val3799, :val3800, :val3801, :val3802, :val3803, :val3804, :val3805, :val3806, :val3807, :val3808, :val3809, :val3810, :val3811, :val3812, :val3813, :val3814, :val3815, :val3816, :val3817, :val3818, :val3819, :val3820, :val3821, :val3822, :val3823, :val3824, :val3825, :val3826, :val3827, :val3828, :val3829, :val3830, :val3831, :val3832, :val3833, :val3834, :val3835, :val3836, :val3837, :val3838, :val3839, :val3840, :val3841, :val3842, :val3843, :val3844, :val3845, :val3846, :val3847, :val3848, :val3849, :val3850, :val3851, :val3852, :val3853, :val3854, :val3855, :val3856, :val3857, :val3858, :val3859, :val3860, :val3861, :val3862, :val3863, :val3864, :val3865, :val3866, :val3867, :val3868, :val3869, :val3870, :val3871, :val3872, :val3873, :val3874, :val3875, :val3876, :val3877, :val3878, :val3879, :val3880, :val3881, :val3882, :val3883, :val3884, :val3885, :val3886, :val3887, :val3888, :val3889, :val3890, :val3891, :val3892, :val3893, :val3894, :val3895, :val3896, :val3897, :val3898, :val3899, :val3900, :val3901, :val3902, :val3903, :val3904, :val3905, :val3906, :val3907, :val3908, :val3909, :val3910, :val3911, :val3912, :val3913, :val3914, :val3915, :val3916, :val3917, :val3918, :val3919, :val3920, :val3921, :val3922, :val3923, :val3924, :val3925, :val3926, :val3927, :val3928, :val3929, :val3930, :val3931, :val3932, :val3933, :val3934, :val3935, :val3936, :val3937, :val3938, :val3939, :val3940, :val3941, :val3942, :val3943, :val3944, :val3945, :val3946, :val3947, :val3948, :val3949, :val3950, :val3951, :val3952, :val3953, :val3954, :val3955, :val3956, :val3957, :val3958, :val3959, :val3960, :val3961, :val3962, :val3963, :val3964, :val3965, :val3966, :val3967, :val3968, :val3969, :val3970, :val3971, :val3972, :val3973, :val3974, :val3975, :val3976, :val3977, :val3978, :val3979, :val3980, :val3981, :val3982, :val3983, :val3984, :val3985, :val3986, :val3987, :val3988, :val3989, :val3990, :val3991, :val3992, :val3993, :val3994, :val3995, :val3996, :val3997, :val3998, :val3999, :val4000, :val4001, :val4002, :val4003, :val4004, :val4005, :val4006, :val4007, :val4008, :val4009, :val4010, :val4011, :val4012, :val4013, :val4014, :val4015, :val4016, :val4017, :val4018, :val4019, :val4020, :val4021, :val4022, :val4023, :val4024, :val4025, :val4026, :val4027, :val4028, :val4029, :val4030, :val4031, :val4032, :val4033, :val4034, :val4035, :val4036, :val4037, :val4038, :val4039, :val4040, :val4041, :val4042, :val4043, :val4044, :val4045, :val4046, :val4047, :val4048, :val4049, :val4050, :val4051, :val4052, :val4053, :val4054, :val4055, :val4056, :val4057, :val4058, :val4059, :val4060, :val4061, :val4062, :val4063, :val4064, :val4065, :val4066, :val4067, :val4068, :val4069, :val4070, :val4071, :val4072, :val4073, :val4074, :val4075, :val4076, :val4077, :val4078, :val4079, :val4080, :val4081, :val4082, :val4083, :val4084, :val4085, :val4086, :val4087, :val4088, :val4089, :val4090, :val4091, :val4092, :val4093, :val4094, :val4095, :val4096, :val4097, :val4098, :val4099, :val4100, :val4101, :val4102, :val4103, :val4104, :val4105, :val4106, :val4107, :val4108, :val4109, :val4110, :val4111, :val4112, :val4113, :val4114, :val4115, :val4116, :val4117, :val4118, :val4119, :val4120, :val4121, :val4122, :val4123, :val4124, :val4125, :val4126, :val4127, :val4128, :val4129, :val4130, :val4131, :val4132, :val4133, :val4134, :val4135, :val4136, :val4137, :val4138, :val4139, :val4140, :val4141, :val4142, :val4143, :val4144, :val4145, :val4146, :val4147, :val4148, :val4149, :val4150, :val4151, :val4152, :val4153, :val4154, :val4155, :val4156, :val4157, :val4158, :val4159, :val4160, :val4161, :val4162, :val4163, :val4164, :val4165, :val4166, :val4167, :val4168, :val4169, :val4170, :val4171, :val4172, :val4173, :val4174, :val4175, :val4176, :val4177, :val4178, :val4179, :val4180, :val4181, :val4182, :val4183, :val4184, :val4185, :val4186, :val4187, :val4188, :val4189, :val4190, :val4191, :val4192, :val4193, :val4194, :val4195, :val4196, :val4197, :val4198, :val4199, :val4200, :val4201, :val4202, :val4203, :val4204, :val4205, :val4206, :val4207, :val4208, :val4209, :val4210, :val4211, :val4212, :val4213, :val4214, :val4215, :val4216, :val4217, :val4218, :val4219, :val4220, :val4221, :val4222, :val4223, :val4224, :val4225, :val4226, :val4227, :val4228, :val4229, :val4230, :val4231, :val4232, :val4233, :val4234, :val4235, :val4236, :val4237, :val4238, :val4239, :val4240, :val4241, :val4242, :val4243, :val4244, :val4245, :val4246, :val4247, :val4248, :val4249, :val4250, :val4251, :val4252, :val4253, :val4254, :val4255, :val4256, :val4257, :val4258, :val4259, :val4260, :val4261, :val4262, :val4263, :val4264, :val4265, :val4266, :val4267, :val4268, :val4269, :val4270, :val4271, :val4272, :val4273, :val4274, :val4275, :val4276, :val4277, :val4278, :val4279, :val4280, :val4281, :val4282, :val4283, :val4284, :val4285, :val4286, :val4287, :val4288, :val4289, :val4290, :val4291, :val4292, :val4293, :val4294, :val4295, :val4296, :val4297, :val4298, :val4299, :val4300, :val4301, :val4302, :val4303, :val4304, :val4305, :val4306, :val4307, :val4308, :val4309, :val4310, :val4311, :val4312, :val4313, :val4314, :val4315, :val4316, :val4317, :val4318, :val4319, :val4320, :val4321, :val4322, :val4323, :val4324, :val4325, :val4326, :val4327, :val4328, :val4329, :val4330, :val4331, :val4332, :val4333, :val4334, :val4335, :val4336, :val4337, :val4338, :val4339, :val4340, :val4341, :val4342, :val4343, :val4344, :val4345, :val4346, :val4347, :val4348, :val4349, :val4350, :val4351, :val4352, :val4353, :val4354, :val4355, :val4356, :val4357, :val4358, :val4359, :val4360, :val4361, :val4362, :val4363, :val4364, :val4365, :val4366, :val4367, :val4368, :val4369, :val4370, :val4371, :val4372, :val4373, :val4374, :val4375, :val4376, :val4377, :val4378, :val4379, :val4380, :val4381, :val4382, :val4383, :val4384, :val4385, :val4386, :val4387, :val4388, :val4389, :val4390, :val4391, :val4392, :val4393, :val4394, :val4395, :val4396, :val4397, :val4398, :val4399, :val4400, :val4401, :val4402, :val4403, :val4404, :val4405, :val4406, :val4407, :val4408, :val4409, :val4410, :val4411, :val4412, :val4413, :val4414, :val4415, :val4416, :val4417, :val4418, :val4419, :val4420, :val4421, :val4422, :val4423, :val4424, :val4425, :val4426, :val4427, :val4428, :val4429, :val4430, :val4431, :val4432, :val4433, :val4434, :val4435, :val4436, :val4437, :val4438, :val4439, :val4440, :val4441, :val4442, :val4443, :val4444, :val4445, :val4446, :val4447, :val4448, :val4449, :val4450, :val4451, :val4452, :val4453, :val4454, :val4455, :val4456, :val4457, :val4458, :val4459, :val4460, :val4461, :val4462, :val4463, :val4464, :val4465, :val4466, :val4467, :val4468, :val4469, :val4470, :val4471, :val4472, :val4473, :val4474, :val4475, :val4476, :val4477, :val4478, :val4479, :val4480, :val4481, :val4482, :val4483, :val4484, :val4485, :val4486, :val4487, :val4488, :val4489, :val4490, :val4491, :val4492, :val4493, :val4494, :val4495, :val4496, :val4497, :val4498, :val4499, :val4500, :val4501, :val4502, :val4503, :val4504, :val4505, :val4506, :val4507, :val4508, :val4509, :val4510, :val4511, :val4512, :val4513, :val4514, :val4515, :val4516, :val4517, :val4518, :val4519, :val4520, :val4521, :val4522, :val4523, :val4524, :val4525, :val4526, :val4527, :val4528, :val4529, :val4530, :val4531, :val4532, :val4533, :val4534, :val4535, :val4536, :val4537, :val4538, :val4539, :val4540, :val4541, :val4542, :val4543, :val4544, :val4545, :val4546, :val4547, :val4548, :val4549, :val4550, :val4551, :val4552, :val4553, :val4554, :val4555, :val4556, :val4557, :val4558, :val4559, :val4560, :val4561, :val4562, :val4563, :val4564, :val4565, :val4566, :val4567, :val4568, :val4569, :val4570, :val4571, :val4572, :val4573, :val4574, :val4575, :val4576, :val4577, :val4578, :val4579, :val4580, :val4581, :val4582, :val4583, :val4584, :val4585, :val4586, :val4587, :val4588, :val4589, :val4590, :val4591, :val4592, :val4593, :val4594, :val4595, :val4596, :val4597, :val4598, :val4599, :val4600, :val4601, :val4602, :val4603, :val4604, :val4605, :val4606, :val4607, :val4608, :val4609, :val4610, :val4611, :val4612, :val4613, :val4614, :val4615, :val4616, :val4617, :val4618, :val4619, :val4620, :val4621, :val4622, :val4623, :val4624, :val4625, :val4626, :val4627, :val4628, :val4629, :val4630, :val4631, :val4632, :val4633, :val4634, :val4635, :val4636, :val4637, :val4638, :val4639, :val4640, :val4641, :val4642, :val4643, :val4644, :val4645, :val4646, :val4647, :val4648, :val4649, :val4650, :val4651, :val4652, :val4653, :val4654, :val4655, :val4656, :val4657, :val4658, :val4659, :val4660, :val4661, :val4662, :val4663, :val4664, :val4665, :val4666, :val4667, :val4668, :val4669, :val4670, :val4671, :val4672, :val4673, :val4674, :val4675, :val4676, :val4677, :val4678, :val4679, :val4680, :val4681, :val4682, :val4683, :val4684, :val4685, :val4686, :val4687, :val4688, :val4689, :val4690, :val4691, :val4692, :val4693, :val4694, :val4695, :val4696, :val4697, :val4698, :val4699, :val4700, :val4701, :val4702, :val4703, :val4704, :val4705, :val4706, :val4707, :val4708, :val4709, :val4710, :val4711, :val4712, :val4713, :val4714, :val4715, :val4716, :val4717, :val4718, :val4719, :val4720, :val4721, :val4722, :val4723, :val4724, :val4725, :val4726, :val4727, :val4728, :val4729, :val4730, :val4731, :val4732, :val4733, :val4734, :val4735, :val4736, :val4737, :val4738, :val4739, :val4740, :val4741, :val4742, :val4743, :val4744, :val4745, :val4746, :val4747, :val4748, :val4749, :val4750, :val4751, :val4752, :val4753, :val4754, :val4755, :val4756, :val4757, :val4758, :val4759, :val4760, :val4761, :val4762, :val4763, :val4764, :val4765, :val4766, :val4767, :val4768, :val4769, :val4770, :val4771, :val4772, :val4773, :val4774, :val4775, :val4776, :val4777, :val4778, :val4779, :val4780, :val4781, :val4782, :val4783, :val4784, :val4785, :val4786, :val4787, :val4788, :val4789, :val4790, :val4791, :val4792, :val4793, :val4794, :val4795, :val4796, :val4797, :val4798, :val4799, :val4800, :val4801, :val4802, :val4803, :val4804, :val4805, :val4806, :val4807, :val4808, :val4809, :val4810, :val4811, :val4812, :val4813, :val4814, :val4815, :val4816, :val4817, :val4818, :val4819, :val4820, :val4821, :val4822, :val4823, :val4824, :val4825, :val4826, :val4827, :val4828, :val4829, :val4830, :val4831, :val4832, :val4833, :val4834, :val4835, :val4836, :val4837, :val4838, :val4839, :val4840, :val4841, :val4842, :val4843, :val4844, :val4845, :val4846, :val4847, :val4848, :val4849, :val4850, :val4851, :val4852, :val4853, :val4854, :val4855, :val4856, :val4857, :val4858, :val4859, :val4860, :val4861, :val4862, :val4863, :val4864, :val4865, :val4866, :val4867, :val4868, :val4869, :val4870, :val4871, :val4872, :val4873, :val4874, :val4875, :val4876, :val4877, :val4878, :val4879, :val4880, :val4881, :val4882, :val4883, :val4884, :val4885, :val4886, :val4887, :val4888, :val4889, :val4890, :val4891, :val4892, :val4893, :val4894, :val4895, :val4896, :val4897, :val4898, :val4899, :val4900, :val4901, :val4902, :val4903, :val4904, :val4905, :val4906, :val4907, :val4908, :val4909, :val4910, :val4911, :val4912, :val4913, :val4914, :val4915, :val4916, :val4917, :val4918, :val4919, :val4920, :val4921, :val4922, :val4923, :val4924, :val4925, :val4926, :val4927, :val4928, :val4929, :val4930, :val4931, :val4932, :val4933, :val4934, :val4935, :val4936, :val4937, :val4938, :val4939, :val4940, :val4941, :val4942, :val4943, :val4944, :val4945, :val4946, :val4947, :val4948, :val4949, :val4950, :val4951, :val4952, :val4953, :val4954, :val4955, :val4956, :val4957, :val4958, :val4959, :val4960, :val4961, :val4962, :val4963, :val4964, :val4965, :val4966, :val4967, :val4968, :val4969, :val4970, :val4971, :val4972, :val4973, :val4974, :val4975, :val4976, :val4977, :val4978, :val4979, :val4980, :val4981, :val4982, :val4983, :val4984, :val4985, :val4986, :val4987, :val4988, :val4989, :val4990, :val4991, :val4992, :val4993) AND `诉求地址` LIKE '%公园%' AND YEAR(`工单生成时间`) = YEAR(CURDATE()) - 1 LIMIT 10;
2025-05-26 13:23:36,544 ChatBI->     INFO     websocket发送的数据为：{"sql_gen": "SELECT `诉求地址`, `工单生成时间` FROM shanghai WHERE `内容描述` LIKE '%噪声扰民%' AND `诉求地址` LIKE '%公园%' AND YEAR(`工单生成时间`) = YEAR(CURDATE()) - 1 LIMIT 10;"}
2025-05-26 13:23:36,544 ChatBI->     INFO     response 发送失败: Object of type datetime is not JSON serializable
2025-05-26 13:23:39,292 ChatBI->     INFO     sql 语句：SELECT * FROM shanghai WHERE  `内容描述` IN (:val0, :val1, :val2, :val3, :val4, :val5, :val6, :val7, :val8, :val9, :val10, :val11, :val12, :val13, :val14, :val15, :val16, :val17, :val18, :val19, :val20, :val21, :val22, :val23, :val24, :val25, :val26, :val27, :val28, :val29, :val30, :val31, :val32, :val33, :val34, :val35, :val36, :val37, :val38, :val39, :val40, :val41, :val42, :val43, :val44, :val45, :val46, :val47, :val48, :val49, :val50, :val51, :val52, :val53, :val54, :val55, :val56, :val57, :val58, :val59, :val60, :val61, :val62, :val63, :val64, :val65, :val66, :val67, :val68, :val69, :val70, :val71, :val72, :val73, :val74, :val75, :val76, :val77, :val78, :val79, :val80, :val81, :val82, :val83, :val84, :val85, :val86, :val87, :val88, :val89, :val90, :val91, :val92, :val93, :val94, :val95, :val96, :val97, :val98, :val99, :val100, :val101, :val102, :val103, :val104, :val105, :val106, :val107, :val108, :val109, :val110, :val111, :val112, :val113, :val114, :val115, :val116, :val117, :val118, :val119, :val120, :val121, :val122, :val123, :val124, :val125, :val126, :val127, :val128, :val129, :val130, :val131, :val132, :val133, :val134, :val135, :val136, :val137, :val138, :val139, :val140, :val141, :val142, :val143, :val144, :val145, :val146, :val147, :val148, :val149, :val150, :val151, :val152, :val153, :val154, :val155, :val156, :val157, :val158, :val159, :val160, :val161, :val162, :val163, :val164, :val165, :val166, :val167, :val168, :val169, :val170, :val171, :val172, :val173, :val174, :val175, :val176, :val177, :val178, :val179, :val180, :val181, :val182, :val183, :val184, :val185, :val186, :val187, :val188, :val189, :val190, :val191, :val192, :val193, :val194, :val195, :val196, :val197, :val198, :val199, :val200, :val201, :val202, :val203, :val204, :val205, :val206, :val207, :val208, :val209, :val210, :val211, :val212, :val213, :val214, :val215, :val216, :val217, :val218, :val219, :val220, :val221, :val222, :val223, :val224, :val225, :val226, :val227, :val228, :val229, :val230, :val231, :val232, :val233, :val234, :val235, :val236, :val237, :val238, :val239, :val240, :val241, :val242, :val243, :val244, :val245, :val246, :val247, :val248, :val249, :val250, :val251, :val252, :val253, :val254, :val255, :val256, :val257, :val258, :val259, :val260, :val261, :val262, :val263, :val264, :val265, :val266, :val267, :val268, :val269, :val270, :val271, :val272, :val273, :val274, :val275, :val276, :val277, :val278, :val279, :val280, :val281, :val282, :val283, :val284, :val285, :val286, :val287, :val288, :val289, :val290, :val291, :val292, :val293, :val294, :val295, :val296, :val297, :val298, :val299, :val300, :val301, :val302, :val303, :val304, :val305, :val306, :val307, :val308, :val309, :val310, :val311, :val312, :val313, :val314, :val315, :val316, :val317, :val318, :val319, :val320, :val321, :val322, :val323, :val324, :val325, :val326, :val327, :val328, :val329, :val330, :val331, :val332, :val333, :val334, :val335, :val336, :val337, :val338, :val339, :val340, :val341, :val342, :val343, :val344, :val345, :val346, :val347, :val348, :val349, :val350, :val351, :val352, :val353, :val354, :val355, :val356, :val357, :val358, :val359, :val360, :val361, :val362, :val363, :val364, :val365, :val366, :val367, :val368, :val369, :val370, :val371, :val372, :val373, :val374, :val375, :val376, :val377, :val378, :val379, :val380, :val381, :val382, :val383, :val384, :val385, :val386, :val387, :val388, :val389, :val390, :val391, :val392, :val393, :val394, :val395, :val396, :val397, :val398, :val399, :val400, :val401, :val402, :val403, :val404, :val405, :val406, :val407, :val408, :val409, :val410, :val411, :val412, :val413, :val414, :val415, :val416, :val417, :val418, :val419, :val420, :val421, :val422, :val423, :val424, :val425, :val426, :val427, :val428, :val429, :val430, :val431, :val432, :val433, :val434, :val435, :val436, :val437, :val438, :val439, :val440, :val441, :val442, :val443, :val444, :val445, :val446, :val447, :val448, :val449, :val450, :val451, :val452, :val453, :val454, :val455, :val456, :val457, :val458, :val459, :val460, :val461, :val462, :val463, :val464, :val465, :val466, :val467, :val468, :val469, :val470, :val471, :val472, :val473, :val474, :val475, :val476, :val477, :val478, :val479, :val480, :val481, :val482, :val483, :val484, :val485, :val486, :val487, :val488, :val489, :val490, :val491, :val492, :val493, :val494, :val495, :val496, :val497, :val498, :val499, :val500, :val501, :val502, :val503, :val504, :val505, :val506, :val507, :val508, :val509, :val510, :val511, :val512, :val513, :val514, :val515, :val516, :val517, :val518, :val519, :val520, :val521, :val522, :val523, :val524, :val525, :val526, :val527, :val528, :val529, :val530, :val531, :val532, :val533, :val534, :val535, :val536, :val537, :val538, :val539, :val540, :val541, :val542, :val543, :val544, :val545, :val546, :val547, :val548, :val549, :val550, :val551, :val552, :val553, :val554, :val555, :val556, :val557, :val558, :val559, :val560, :val561, :val562, :val563, :val564, :val565, :val566, :val567, :val568, :val569, :val570, :val571, :val572, :val573, :val574, :val575, :val576, :val577, :val578, :val579, :val580, :val581, :val582, :val583, :val584, :val585, :val586, :val587, :val588, :val589, :val590, :val591, :val592, :val593, :val594, :val595, :val596, :val597, :val598, :val599, :val600, :val601, :val602, :val603, :val604, :val605, :val606, :val607, :val608, :val609, :val610, :val611, :val612, :val613, :val614, :val615, :val616, :val617, :val618, :val619, :val620, :val621, :val622, :val623, :val624, :val625, :val626, :val627, :val628, :val629, :val630, :val631, :val632, :val633, :val634, :val635, :val636, :val637, :val638, :val639, :val640, :val641, :val642, :val643, :val644, :val645, :val646, :val647, :val648, :val649, :val650, :val651, :val652, :val653, :val654, :val655, :val656, :val657, :val658, :val659, :val660, :val661, :val662, :val663, :val664, :val665, :val666, :val667, :val668, :val669, :val670, :val671, :val672, :val673, :val674, :val675, :val676, :val677, :val678, :val679, :val680, :val681, :val682, :val683, :val684, :val685, :val686, :val687, :val688, :val689, :val690, :val691, :val692, :val693, :val694, :val695, :val696, :val697, :val698, :val699, :val700, :val701, :val702, :val703, :val704, :val705, :val706, :val707, :val708, :val709, :val710, :val711, :val712, :val713, :val714, :val715, :val716, :val717, :val718, :val719, :val720, :val721, :val722, :val723, :val724, :val725, :val726, :val727, :val728, :val729, :val730, :val731, :val732, :val733, :val734, :val735, :val736, :val737, :val738, :val739, :val740, :val741, :val742, :val743, :val744, :val745, :val746, :val747, :val748, :val749, :val750, :val751, :val752, :val753, :val754, :val755, :val756, :val757, :val758, :val759, :val760, :val761, :val762, :val763, :val764, :val765, :val766, :val767, :val768, :val769, :val770, :val771, :val772, :val773, :val774, :val775, :val776, :val777, :val778, :val779, :val780, :val781, :val782, :val783, :val784, :val785, :val786, :val787, :val788, :val789, :val790, :val791, :val792, :val793, :val794, :val795, :val796, :val797, :val798, :val799, :val800, :val801, :val802, :val803, :val804, :val805, :val806, :val807, :val808, :val809, :val810, :val811, :val812, :val813, :val814, :val815, :val816, :val817, :val818, :val819, :val820, :val821, :val822, :val823, :val824, :val825, :val826, :val827, :val828, :val829, :val830, :val831, :val832, :val833, :val834, :val835, :val836, :val837, :val838, :val839, :val840, :val841, :val842, :val843, :val844, :val845, :val846, :val847, :val848, :val849, :val850, :val851, :val852, :val853, :val854, :val855, :val856, :val857, :val858, :val859, :val860, :val861, :val862, :val863, :val864, :val865, :val866, :val867, :val868, :val869, :val870, :val871, :val872, :val873, :val874, :val875, :val876, :val877, :val878, :val879, :val880, :val881, :val882, :val883, :val884, :val885, :val886, :val887, :val888, :val889, :val890, :val891, :val892, :val893, :val894, :val895, :val896, :val897, :val898, :val899, :val900, :val901, :val902, :val903, :val904, :val905, :val906, :val907, :val908, :val909, :val910, :val911, :val912, :val913, :val914, :val915, :val916, :val917, :val918, :val919, :val920, :val921, :val922, :val923, :val924, :val925, :val926, :val927, :val928, :val929, :val930, :val931, :val932, :val933, :val934, :val935, :val936, :val937, :val938, :val939, :val940, :val941, :val942, :val943, :val944, :val945, :val946, :val947, :val948, :val949, :val950, :val951, :val952, :val953, :val954, :val955, :val956, :val957, :val958, :val959, :val960, :val961, :val962, :val963, :val964, :val965, :val966, :val967, :val968, :val969, :val970, :val971, :val972, :val973, :val974, :val975, :val976, :val977, :val978, :val979, :val980, :val981, :val982, :val983, :val984, :val985, :val986, :val987, :val988, :val989, :val990, :val991, :val992, :val993, :val994, :val995, :val996, :val997, :val998, :val999, :val1000, :val1001, :val1002, :val1003, :val1004, :val1005, :val1006, :val1007, :val1008, :val1009, :val1010, :val1011, :val1012, :val1013, :val1014, :val1015, :val1016, :val1017, :val1018, :val1019, :val1020, :val1021, :val1022, :val1023, :val1024, :val1025, :val1026, :val1027, :val1028, :val1029, :val1030, :val1031, :val1032, :val1033, :val1034, :val1035, :val1036, :val1037, :val1038, :val1039, :val1040, :val1041, :val1042, :val1043, :val1044, :val1045, :val1046, :val1047, :val1048, :val1049, :val1050, :val1051, :val1052, :val1053, :val1054, :val1055, :val1056, :val1057, :val1058, :val1059, :val1060, :val1061, :val1062, :val1063, :val1064, :val1065, :val1066, :val1067, :val1068, :val1069, :val1070, :val1071, :val1072, :val1073, :val1074, :val1075, :val1076, :val1077, :val1078, :val1079, :val1080, :val1081, :val1082, :val1083, :val1084, :val1085, :val1086, :val1087, :val1088, :val1089, :val1090, :val1091, :val1092, :val1093, :val1094, :val1095, :val1096, :val1097, :val1098, :val1099, :val1100, :val1101, :val1102, :val1103, :val1104, :val1105, :val1106, :val1107, :val1108, :val1109, :val1110, :val1111, :val1112, :val1113, :val1114, :val1115, :val1116, :val1117, :val1118, :val1119, :val1120, :val1121, :val1122, :val1123, :val1124, :val1125, :val1126, :val1127, :val1128, :val1129, :val1130, :val1131, :val1132, :val1133, :val1134, :val1135, :val1136, :val1137, :val1138, :val1139, :val1140, :val1141, :val1142, :val1143, :val1144, :val1145, :val1146, :val1147, :val1148, :val1149, :val1150, :val1151, :val1152, :val1153, :val1154, :val1155, :val1156, :val1157, :val1158, :val1159, :val1160, :val1161, :val1162, :val1163, :val1164, :val1165, :val1166, :val1167, :val1168, :val1169, :val1170, :val1171, :val1172, :val1173, :val1174, :val1175, :val1176, :val1177, :val1178, :val1179, :val1180, :val1181, :val1182, :val1183, :val1184, :val1185, :val1186, :val1187, :val1188, :val1189, :val1190, :val1191, :val1192, :val1193, :val1194, :val1195, :val1196, :val1197, :val1198, :val1199, :val1200, :val1201, :val1202, :val1203, :val1204, :val1205, :val1206, :val1207, :val1208, :val1209, :val1210, :val1211, :val1212, :val1213, :val1214, :val1215, :val1216, :val1217, :val1218, :val1219, :val1220, :val1221, :val1222, :val1223, :val1224, :val1225, :val1226, :val1227, :val1228, :val1229, :val1230, :val1231, :val1232, :val1233, :val1234, :val1235, :val1236, :val1237, :val1238, :val1239, :val1240, :val1241, :val1242, :val1243, :val1244, :val1245, :val1246, :val1247, :val1248, :val1249, :val1250, :val1251, :val1252, :val1253, :val1254, :val1255, :val1256, :val1257, :val1258, :val1259, :val1260, :val1261, :val1262, :val1263, :val1264, :val1265, :val1266, :val1267, :val1268, :val1269, :val1270, :val1271, :val1272, :val1273, :val1274, :val1275, :val1276, :val1277, :val1278, :val1279, :val1280, :val1281, :val1282, :val1283, :val1284, :val1285, :val1286, :val1287, :val1288, :val1289, :val1290, :val1291, :val1292, :val1293, :val1294, :val1295, :val1296, :val1297, :val1298, :val1299, :val1300, :val1301, :val1302, :val1303, :val1304, :val1305, :val1306, :val1307, :val1308, :val1309, :val1310, :val1311, :val1312, :val1313, :val1314, :val1315, :val1316, :val1317, :val1318, :val1319, :val1320, :val1321, :val1322, :val1323, :val1324, :val1325, :val1326, :val1327, :val1328, :val1329, :val1330, :val1331, :val1332, :val1333, :val1334, :val1335, :val1336, :val1337, :val1338, :val1339, :val1340, :val1341, :val1342, :val1343, :val1344, :val1345, :val1346, :val1347, :val1348, :val1349, :val1350, :val1351, :val1352, :val1353, :val1354, :val1355, :val1356, :val1357, :val1358, :val1359, :val1360, :val1361, :val1362, :val1363, :val1364, :val1365, :val1366, :val1367, :val1368, :val1369, :val1370, :val1371, :val1372, :val1373, :val1374, :val1375, :val1376, :val1377, :val1378, :val1379, :val1380, :val1381, :val1382, :val1383, :val1384, :val1385, :val1386, :val1387, :val1388, :val1389, :val1390, :val1391, :val1392, :val1393, :val1394, :val1395, :val1396, :val1397, :val1398, :val1399, :val1400, :val1401, :val1402, :val1403, :val1404, :val1405, :val1406, :val1407, :val1408, :val1409, :val1410, :val1411, :val1412, :val1413, :val1414, :val1415, :val1416, :val1417, :val1418, :val1419, :val1420, :val1421, :val1422, :val1423, :val1424, :val1425, :val1426, :val1427, :val1428, :val1429, :val1430, :val1431, :val1432, :val1433, :val1434, :val1435, :val1436, :val1437, :val1438, :val1439, :val1440, :val1441, :val1442, :val1443, :val1444, :val1445, :val1446, :val1447, :val1448, :val1449, :val1450, :val1451, :val1452, :val1453, :val1454, :val1455, :val1456, :val1457, :val1458, :val1459, :val1460, :val1461, :val1462, :val1463, :val1464, :val1465, :val1466, :val1467, :val1468, :val1469, :val1470, :val1471, :val1472, :val1473, :val1474, :val1475, :val1476, :val1477, :val1478, :val1479, :val1480, :val1481, :val1482, :val1483, :val1484, :val1485, :val1486, :val1487, :val1488, :val1489, :val1490, :val1491, :val1492, :val1493, :val1494, :val1495, :val1496, :val1497, :val1498, :val1499, :val1500, :val1501, :val1502, :val1503, :val1504, :val1505, :val1506, :val1507, :val1508, :val1509, :val1510, :val1511, :val1512, :val1513, :val1514, :val1515, :val1516, :val1517, :val1518, :val1519, :val1520, :val1521, :val1522, :val1523, :val1524, :val1525, :val1526, :val1527, :val1528, :val1529, :val1530, :val1531, :val1532, :val1533, :val1534, :val1535, :val1536, :val1537, :val1538, :val1539, :val1540, :val1541, :val1542, :val1543, :val1544, :val1545, :val1546, :val1547, :val1548, :val1549, :val1550, :val1551, :val1552, :val1553, :val1554, :val1555, :val1556, :val1557, :val1558, :val1559, :val1560, :val1561, :val1562, :val1563, :val1564, :val1565, :val1566, :val1567, :val1568, :val1569, :val1570, :val1571, :val1572, :val1573, :val1574, :val1575, :val1576, :val1577, :val1578, :val1579, :val1580, :val1581, :val1582, :val1583, :val1584, :val1585, :val1586, :val1587, :val1588, :val1589, :val1590, :val1591, :val1592, :val1593, :val1594, :val1595, :val1596, :val1597, :val1598, :val1599, :val1600, :val1601, :val1602, :val1603, :val1604, :val1605, :val1606, :val1607, :val1608, :val1609, :val1610, :val1611, :val1612, :val1613, :val1614, :val1615, :val1616, :val1617, :val1618, :val1619, :val1620, :val1621, :val1622, :val1623, :val1624, :val1625, :val1626, :val1627, :val1628, :val1629, :val1630, :val1631, :val1632, :val1633, :val1634, :val1635, :val1636, :val1637, :val1638, :val1639, :val1640, :val1641, :val1642, :val1643, :val1644, :val1645, :val1646, :val1647, :val1648, :val1649, :val1650, :val1651, :val1652, :val1653, :val1654, :val1655, :val1656, :val1657, :val1658, :val1659, :val1660, :val1661, :val1662, :val1663, :val1664, :val1665, :val1666, :val1667, :val1668, :val1669, :val1670, :val1671, :val1672, :val1673, :val1674, :val1675, :val1676, :val1677, :val1678, :val1679, :val1680, :val1681, :val1682, :val1683, :val1684, :val1685, :val1686, :val1687, :val1688, :val1689, :val1690, :val1691, :val1692, :val1693, :val1694, :val1695, :val1696, :val1697, :val1698, :val1699, :val1700, :val1701, :val1702, :val1703, :val1704, :val1705, :val1706, :val1707, :val1708, :val1709, :val1710, :val1711, :val1712, :val1713, :val1714, :val1715, :val1716, :val1717, :val1718, :val1719, :val1720, :val1721, :val1722, :val1723, :val1724, :val1725, :val1726, :val1727, :val1728, :val1729, :val1730, :val1731, :val1732, :val1733, :val1734, :val1735, :val1736, :val1737, :val1738, :val1739, :val1740, :val1741, :val1742, :val1743, :val1744, :val1745, :val1746, :val1747, :val1748, :val1749, :val1750, :val1751, :val1752, :val1753, :val1754, :val1755, :val1756, :val1757, :val1758, :val1759, :val1760, :val1761, :val1762, :val1763, :val1764, :val1765, :val1766, :val1767, :val1768, :val1769, :val1770, :val1771, :val1772, :val1773, :val1774, :val1775, :val1776, :val1777, :val1778, :val1779, :val1780, :val1781, :val1782, :val1783, :val1784, :val1785, :val1786, :val1787, :val1788, :val1789, :val1790, :val1791, :val1792, :val1793, :val1794, :val1795, :val1796, :val1797, :val1798, :val1799, :val1800, :val1801, :val1802, :val1803, :val1804, :val1805, :val1806, :val1807, :val1808, :val1809, :val1810, :val1811, :val1812, :val1813, :val1814, :val1815, :val1816, :val1817, :val1818, :val1819, :val1820, :val1821, :val1822, :val1823, :val1824, :val1825, :val1826, :val1827, :val1828, :val1829, :val1830, :val1831, :val1832, :val1833, :val1834, :val1835, :val1836, :val1837, :val1838, :val1839, :val1840, :val1841, :val1842, :val1843, :val1844, :val1845, :val1846, :val1847, :val1848, :val1849, :val1850, :val1851, :val1852, :val1853, :val1854, :val1855, :val1856, :val1857, :val1858, :val1859, :val1860, :val1861, :val1862, :val1863, :val1864, :val1865, :val1866, :val1867, :val1868, :val1869, :val1870, :val1871, :val1872, :val1873, :val1874, :val1875, :val1876, :val1877, :val1878, :val1879, :val1880, :val1881, :val1882, :val1883, :val1884, :val1885, :val1886, :val1887, :val1888, :val1889, :val1890, :val1891, :val1892, :val1893, :val1894, :val1895, :val1896, :val1897, :val1898, :val1899, :val1900, :val1901, :val1902, :val1903, :val1904, :val1905, :val1906, :val1907, :val1908, :val1909, :val1910, :val1911, :val1912, :val1913, :val1914, :val1915, :val1916, :val1917, :val1918, :val1919, :val1920, :val1921, :val1922, :val1923, :val1924, :val1925, :val1926, :val1927, :val1928, :val1929, :val1930, :val1931, :val1932, :val1933, :val1934, :val1935, :val1936, :val1937, :val1938, :val1939, :val1940, :val1941, :val1942, :val1943, :val1944, :val1945, :val1946, :val1947, :val1948, :val1949, :val1950, :val1951, :val1952, :val1953, :val1954, :val1955, :val1956, :val1957, :val1958, :val1959, :val1960, :val1961, :val1962, :val1963, :val1964, :val1965, :val1966, :val1967, :val1968, :val1969, :val1970, :val1971, :val1972, :val1973, :val1974, :val1975, :val1976, :val1977, :val1978, :val1979, :val1980, :val1981, :val1982, :val1983, :val1984, :val1985, :val1986, :val1987, :val1988, :val1989, :val1990, :val1991, :val1992, :val1993, :val1994, :val1995, :val1996, :val1997, :val1998, :val1999, :val2000, :val2001, :val2002, :val2003, :val2004, :val2005, :val2006, :val2007, :val2008, :val2009, :val2010, :val2011, :val2012, :val2013, :val2014, :val2015, :val2016, :val2017, :val2018, :val2019, :val2020, :val2021, :val2022, :val2023, :val2024, :val2025, :val2026, :val2027, :val2028, :val2029, :val2030, :val2031, :val2032, :val2033, :val2034, :val2035, :val2036, :val2037, :val2038, :val2039, :val2040, :val2041, :val2042, :val2043, :val2044, :val2045, :val2046, :val2047, :val2048, :val2049, :val2050, :val2051, :val2052, :val2053, :val2054, :val2055, :val2056, :val2057, :val2058, :val2059, :val2060, :val2061, :val2062, :val2063, :val2064, :val2065, :val2066, :val2067, :val2068, :val2069, :val2070, :val2071, :val2072, :val2073, :val2074, :val2075, :val2076, :val2077, :val2078, :val2079, :val2080, :val2081, :val2082, :val2083, :val2084, :val2085, :val2086, :val2087, :val2088, :val2089, :val2090, :val2091, :val2092, :val2093, :val2094, :val2095, :val2096, :val2097, :val2098, :val2099, :val2100, :val2101, :val2102, :val2103, :val2104, :val2105, :val2106, :val2107, :val2108, :val2109, :val2110, :val2111, :val2112, :val2113, :val2114, :val2115, :val2116, :val2117, :val2118, :val2119, :val2120, :val2121, :val2122, :val2123, :val2124, :val2125, :val2126, :val2127, :val2128, :val2129, :val2130, :val2131, :val2132, :val2133, :val2134, :val2135, :val2136, :val2137, :val2138, :val2139, :val2140, :val2141, :val2142, :val2143, :val2144, :val2145, :val2146, :val2147, :val2148, :val2149, :val2150, :val2151, :val2152, :val2153, :val2154, :val2155, :val2156, :val2157, :val2158, :val2159, :val2160, :val2161, :val2162, :val2163, :val2164, :val2165, :val2166, :val2167, :val2168, :val2169, :val2170, :val2171, :val2172, :val2173, :val2174, :val2175, :val2176, :val2177, :val2178, :val2179, :val2180, :val2181, :val2182, :val2183, :val2184, :val2185, :val2186, :val2187, :val2188, :val2189, :val2190, :val2191, :val2192, :val2193, :val2194, :val2195, :val2196, :val2197, :val2198, :val2199, :val2200, :val2201, :val2202, :val2203, :val2204, :val2205, :val2206, :val2207, :val2208, :val2209, :val2210, :val2211, :val2212, :val2213, :val2214, :val2215, :val2216, :val2217, :val2218, :val2219, :val2220, :val2221, :val2222, :val2223, :val2224, :val2225, :val2226, :val2227, :val2228, :val2229, :val2230, :val2231, :val2232, :val2233, :val2234, :val2235, :val2236, :val2237, :val2238, :val2239, :val2240, :val2241, :val2242, :val2243, :val2244, :val2245, :val2246, :val2247, :val2248, :val2249, :val2250, :val2251, :val2252, :val2253, :val2254, :val2255, :val2256, :val2257, :val2258, :val2259, :val2260, :val2261, :val2262, :val2263, :val2264, :val2265, :val2266, :val2267, :val2268, :val2269, :val2270, :val2271, :val2272, :val2273, :val2274, :val2275, :val2276, :val2277, :val2278, :val2279, :val2280, :val2281, :val2282, :val2283, :val2284, :val2285, :val2286, :val2287, :val2288, :val2289, :val2290, :val2291, :val2292, :val2293, :val2294, :val2295, :val2296, :val2297, :val2298, :val2299, :val2300, :val2301, :val2302, :val2303, :val2304, :val2305, :val2306, :val2307, :val2308, :val2309, :val2310, :val2311, :val2312, :val2313, :val2314, :val2315, :val2316, :val2317, :val2318, :val2319, :val2320, :val2321, :val2322, :val2323, :val2324, :val2325, :val2326, :val2327, :val2328, :val2329, :val2330, :val2331, :val2332, :val2333, :val2334, :val2335, :val2336, :val2337, :val2338, :val2339, :val2340, :val2341, :val2342, :val2343, :val2344, :val2345, :val2346, :val2347, :val2348, :val2349, :val2350, :val2351, :val2352, :val2353, :val2354, :val2355, :val2356, :val2357, :val2358, :val2359, :val2360, :val2361, :val2362, :val2363, :val2364, :val2365, :val2366, :val2367, :val2368, :val2369, :val2370, :val2371, :val2372, :val2373, :val2374, :val2375, :val2376, :val2377, :val2378, :val2379, :val2380, :val2381, :val2382, :val2383, :val2384, :val2385, :val2386, :val2387, :val2388, :val2389, :val2390, :val2391, :val2392, :val2393, :val2394, :val2395, :val2396, :val2397, :val2398, :val2399, :val2400, :val2401, :val2402, :val2403, :val2404, :val2405, :val2406, :val2407, :val2408, :val2409, :val2410, :val2411, :val2412, :val2413, :val2414, :val2415, :val2416, :val2417, :val2418, :val2419, :val2420, :val2421, :val2422, :val2423, :val2424, :val2425, :val2426, :val2427, :val2428, :val2429, :val2430, :val2431, :val2432, :val2433, :val2434, :val2435, :val2436, :val2437, :val2438, :val2439, :val2440, :val2441, :val2442, :val2443, :val2444, :val2445, :val2446, :val2447, :val2448, :val2449, :val2450, :val2451, :val2452, :val2453, :val2454, :val2455, :val2456, :val2457, :val2458, :val2459, :val2460, :val2461, :val2462, :val2463, :val2464, :val2465, :val2466, :val2467, :val2468, :val2469, :val2470, :val2471, :val2472, :val2473, :val2474, :val2475, :val2476, :val2477, :val2478, :val2479, :val2480, :val2481, :val2482, :val2483, :val2484, :val2485, :val2486, :val2487, :val2488, :val2489, :val2490, :val2491, :val2492, :val2493, :val2494, :val2495, :val2496, :val2497, :val2498, :val2499, :val2500, :val2501, :val2502, :val2503, :val2504, :val2505, :val2506, :val2507, :val2508, :val2509, :val2510, :val2511, :val2512, :val2513, :val2514, :val2515, :val2516, :val2517, :val2518, :val2519, :val2520, :val2521, :val2522, :val2523, :val2524, :val2525, :val2526, :val2527, :val2528, :val2529, :val2530, :val2531, :val2532, :val2533, :val2534, :val2535, :val2536, :val2537, :val2538, :val2539, :val2540, :val2541, :val2542, :val2543, :val2544, :val2545, :val2546, :val2547, :val2548, :val2549, :val2550, :val2551, :val2552, :val2553, :val2554, :val2555, :val2556, :val2557, :val2558, :val2559, :val2560, :val2561, :val2562, :val2563, :val2564, :val2565, :val2566, :val2567, :val2568, :val2569, :val2570, :val2571, :val2572, :val2573, :val2574, :val2575, :val2576, :val2577, :val2578, :val2579, :val2580, :val2581, :val2582, :val2583, :val2584, :val2585, :val2586, :val2587, :val2588, :val2589, :val2590, :val2591, :val2592, :val2593, :val2594, :val2595, :val2596, :val2597, :val2598, :val2599, :val2600, :val2601, :val2602, :val2603, :val2604, :val2605, :val2606, :val2607, :val2608, :val2609, :val2610, :val2611, :val2612, :val2613, :val2614, :val2615, :val2616, :val2617, :val2618, :val2619, :val2620, :val2621, :val2622, :val2623, :val2624, :val2625, :val2626, :val2627, :val2628, :val2629, :val2630, :val2631, :val2632, :val2633, :val2634, :val2635, :val2636, :val2637, :val2638, :val2639, :val2640, :val2641, :val2642, :val2643, :val2644, :val2645, :val2646, :val2647, :val2648, :val2649, :val2650, :val2651, :val2652, :val2653, :val2654, :val2655, :val2656, :val2657, :val2658, :val2659, :val2660, :val2661, :val2662, :val2663, :val2664, :val2665, :val2666, :val2667, :val2668, :val2669, :val2670, :val2671, :val2672, :val2673, :val2674, :val2675, :val2676, :val2677, :val2678, :val2679, :val2680, :val2681, :val2682, :val2683, :val2684, :val2685, :val2686, :val2687, :val2688, :val2689, :val2690, :val2691, :val2692, :val2693, :val2694, :val2695, :val2696, :val2697, :val2698, :val2699, :val2700, :val2701, :val2702, :val2703, :val2704, :val2705, :val2706, :val2707, :val2708, :val2709, :val2710, :val2711, :val2712, :val2713, :val2714, :val2715, :val2716, :val2717, :val2718, :val2719, :val2720, :val2721, :val2722, :val2723, :val2724, :val2725, :val2726, :val2727, :val2728, :val2729, :val2730, :val2731, :val2732, :val2733, :val2734, :val2735, :val2736, :val2737, :val2738, :val2739, :val2740, :val2741, :val2742, :val2743, :val2744, :val2745, :val2746, :val2747, :val2748, :val2749, :val2750, :val2751, :val2752, :val2753, :val2754, :val2755, :val2756, :val2757, :val2758, :val2759, :val2760, :val2761, :val2762, :val2763, :val2764, :val2765, :val2766, :val2767, :val2768, :val2769, :val2770, :val2771, :val2772, :val2773, :val2774, :val2775, :val2776, :val2777, :val2778, :val2779, :val2780, :val2781, :val2782, :val2783, :val2784, :val2785, :val2786, :val2787, :val2788, :val2789, :val2790, :val2791, :val2792, :val2793, :val2794, :val2795, :val2796, :val2797, :val2798, :val2799, :val2800, :val2801, :val2802, :val2803, :val2804, :val2805, :val2806, :val2807, :val2808, :val2809, :val2810, :val2811, :val2812, :val2813, :val2814, :val2815, :val2816, :val2817, :val2818, :val2819, :val2820, :val2821, :val2822, :val2823, :val2824, :val2825, :val2826, :val2827, :val2828, :val2829, :val2830, :val2831, :val2832, :val2833, :val2834, :val2835, :val2836, :val2837, :val2838, :val2839, :val2840, :val2841, :val2842, :val2843, :val2844, :val2845, :val2846, :val2847, :val2848, :val2849, :val2850, :val2851, :val2852, :val2853, :val2854, :val2855, :val2856, :val2857, :val2858, :val2859, :val2860, :val2861, :val2862, :val2863, :val2864, :val2865, :val2866, :val2867, :val2868, :val2869, :val2870, :val2871, :val2872, :val2873, :val2874, :val2875, :val2876, :val2877, :val2878, :val2879, :val2880, :val2881, :val2882, :val2883, :val2884, :val2885, :val2886, :val2887, :val2888, :val2889, :val2890, :val2891, :val2892, :val2893, :val2894, :val2895, :val2896, :val2897, :val2898, :val2899, :val2900, :val2901, :val2902, :val2903, :val2904, :val2905, :val2906, :val2907, :val2908, :val2909, :val2910, :val2911, :val2912, :val2913, :val2914, :val2915, :val2916, :val2917, :val2918, :val2919, :val2920, :val2921, :val2922, :val2923, :val2924, :val2925, :val2926, :val2927, :val2928, :val2929, :val2930, :val2931, :val2932, :val2933, :val2934, :val2935, :val2936, :val2937, :val2938, :val2939, :val2940, :val2941, :val2942, :val2943, :val2944, :val2945, :val2946, :val2947, :val2948, :val2949, :val2950, :val2951, :val2952, :val2953, :val2954, :val2955, :val2956, :val2957, :val2958, :val2959, :val2960, :val2961, :val2962, :val2963, :val2964, :val2965, :val2966, :val2967, :val2968, :val2969, :val2970, :val2971, :val2972, :val2973, :val2974, :val2975, :val2976, :val2977, :val2978, :val2979, :val2980, :val2981, :val2982, :val2983, :val2984, :val2985, :val2986, :val2987, :val2988, :val2989, :val2990, :val2991, :val2992, :val2993, :val2994, :val2995, :val2996, :val2997, :val2998, :val2999, :val3000, :val3001, :val3002, :val3003, :val3004, :val3005, :val3006, :val3007, :val3008, :val3009, :val3010, :val3011, :val3012, :val3013, :val3014, :val3015, :val3016, :val3017, :val3018, :val3019, :val3020, :val3021, :val3022, :val3023, :val3024, :val3025, :val3026, :val3027, :val3028, :val3029, :val3030, :val3031, :val3032, :val3033, :val3034, :val3035, :val3036, :val3037, :val3038, :val3039, :val3040, :val3041, :val3042, :val3043, :val3044, :val3045, :val3046, :val3047, :val3048, :val3049, :val3050, :val3051, :val3052, :val3053, :val3054, :val3055, :val3056, :val3057, :val3058, :val3059, :val3060, :val3061, :val3062, :val3063, :val3064, :val3065, :val3066, :val3067, :val3068, :val3069, :val3070, :val3071, :val3072, :val3073, :val3074, :val3075, :val3076, :val3077, :val3078, :val3079, :val3080, :val3081, :val3082, :val3083, :val3084, :val3085, :val3086, :val3087, :val3088, :val3089, :val3090, :val3091, :val3092, :val3093, :val3094, :val3095, :val3096, :val3097, :val3098, :val3099, :val3100, :val3101, :val3102, :val3103, :val3104, :val3105, :val3106, :val3107, :val3108, :val3109, :val3110, :val3111, :val3112, :val3113, :val3114, :val3115, :val3116, :val3117, :val3118, :val3119, :val3120, :val3121, :val3122, :val3123, :val3124, :val3125, :val3126, :val3127, :val3128, :val3129, :val3130, :val3131, :val3132, :val3133, :val3134, :val3135, :val3136, :val3137, :val3138, :val3139, :val3140, :val3141, :val3142, :val3143, :val3144, :val3145, :val3146, :val3147, :val3148, :val3149, :val3150, :val3151, :val3152, :val3153, :val3154, :val3155, :val3156, :val3157, :val3158, :val3159, :val3160, :val3161, :val3162, :val3163, :val3164, :val3165, :val3166, :val3167, :val3168, :val3169, :val3170, :val3171, :val3172, :val3173, :val3174, :val3175, :val3176, :val3177, :val3178, :val3179, :val3180, :val3181, :val3182, :val3183, :val3184, :val3185, :val3186, :val3187, :val3188, :val3189, :val3190, :val3191, :val3192, :val3193, :val3194, :val3195, :val3196, :val3197, :val3198, :val3199, :val3200, :val3201, :val3202, :val3203, :val3204, :val3205, :val3206, :val3207, :val3208, :val3209, :val3210, :val3211, :val3212, :val3213, :val3214, :val3215, :val3216, :val3217, :val3218, :val3219, :val3220, :val3221, :val3222, :val3223, :val3224, :val3225, :val3226, :val3227, :val3228, :val3229, :val3230, :val3231, :val3232, :val3233, :val3234, :val3235, :val3236, :val3237, :val3238, :val3239, :val3240, :val3241, :val3242, :val3243, :val3244, :val3245, :val3246, :val3247, :val3248, :val3249, :val3250, :val3251, :val3252, :val3253, :val3254, :val3255, :val3256, :val3257, :val3258, :val3259, :val3260, :val3261, :val3262, :val3263, :val3264, :val3265, :val3266, :val3267, :val3268, :val3269, :val3270, :val3271, :val3272, :val3273, :val3274, :val3275, :val3276, :val3277, :val3278, :val3279, :val3280, :val3281, :val3282, :val3283, :val3284, :val3285, :val3286, :val3287, :val3288, :val3289, :val3290, :val3291, :val3292, :val3293, :val3294, :val3295, :val3296, :val3297, :val3298, :val3299, :val3300, :val3301, :val3302, :val3303, :val3304, :val3305, :val3306, :val3307, :val3308, :val3309, :val3310, :val3311, :val3312, :val3313, :val3314, :val3315, :val3316, :val3317, :val3318, :val3319, :val3320, :val3321, :val3322, :val3323, :val3324, :val3325, :val3326, :val3327, :val3328, :val3329, :val3330, :val3331, :val3332, :val3333, :val3334, :val3335, :val3336, :val3337, :val3338, :val3339, :val3340, :val3341, :val3342, :val3343, :val3344, :val3345, :val3346, :val3347, :val3348, :val3349, :val3350, :val3351, :val3352, :val3353, :val3354, :val3355, :val3356, :val3357, :val3358, :val3359, :val3360, :val3361, :val3362, :val3363, :val3364, :val3365, :val3366, :val3367, :val3368, :val3369, :val3370, :val3371, :val3372, :val3373, :val3374, :val3375, :val3376, :val3377, :val3378, :val3379, :val3380, :val3381, :val3382, :val3383, :val3384, :val3385, :val3386, :val3387, :val3388, :val3389, :val3390, :val3391, :val3392, :val3393, :val3394, :val3395, :val3396, :val3397, :val3398, :val3399, :val3400, :val3401, :val3402, :val3403, :val3404, :val3405, :val3406, :val3407, :val3408, :val3409, :val3410, :val3411, :val3412, :val3413, :val3414, :val3415, :val3416, :val3417, :val3418, :val3419, :val3420, :val3421, :val3422, :val3423, :val3424, :val3425, :val3426, :val3427, :val3428, :val3429, :val3430, :val3431, :val3432, :val3433, :val3434, :val3435, :val3436, :val3437, :val3438, :val3439, :val3440, :val3441, :val3442, :val3443, :val3444, :val3445, :val3446, :val3447, :val3448, :val3449, :val3450, :val3451, :val3452, :val3453, :val3454, :val3455, :val3456, :val3457, :val3458, :val3459, :val3460, :val3461, :val3462, :val3463, :val3464, :val3465, :val3466, :val3467, :val3468, :val3469, :val3470, :val3471, :val3472, :val3473, :val3474, :val3475, :val3476, :val3477, :val3478, :val3479, :val3480, :val3481, :val3482, :val3483, :val3484, :val3485, :val3486, :val3487, :val3488, :val3489, :val3490, :val3491, :val3492, :val3493, :val3494, :val3495, :val3496, :val3497, :val3498, :val3499, :val3500, :val3501, :val3502, :val3503, :val3504, :val3505, :val3506, :val3507, :val3508, :val3509, :val3510, :val3511, :val3512, :val3513, :val3514, :val3515, :val3516, :val3517, :val3518, :val3519, :val3520, :val3521, :val3522, :val3523, :val3524, :val3525, :val3526, :val3527, :val3528, :val3529, :val3530, :val3531, :val3532, :val3533, :val3534, :val3535, :val3536, :val3537, :val3538, :val3539, :val3540, :val3541, :val3542, :val3543, :val3544, :val3545, :val3546, :val3547, :val3548, :val3549, :val3550, :val3551, :val3552, :val3553, :val3554, :val3555, :val3556, :val3557, :val3558, :val3559, :val3560, :val3561, :val3562, :val3563, :val3564, :val3565, :val3566, :val3567, :val3568, :val3569, :val3570, :val3571, :val3572, :val3573, :val3574, :val3575, :val3576, :val3577, :val3578, :val3579, :val3580, :val3581, :val3582, :val3583, :val3584, :val3585, :val3586, :val3587, :val3588, :val3589, :val3590, :val3591, :val3592, :val3593, :val3594, :val3595, :val3596, :val3597, :val3598, :val3599, :val3600, :val3601, :val3602, :val3603, :val3604, :val3605, :val3606, :val3607, :val3608, :val3609, :val3610, :val3611, :val3612, :val3613, :val3614, :val3615, :val3616, :val3617, :val3618, :val3619, :val3620, :val3621, :val3622, :val3623, :val3624, :val3625, :val3626, :val3627, :val3628, :val3629, :val3630, :val3631, :val3632, :val3633, :val3634, :val3635, :val3636, :val3637, :val3638, :val3639, :val3640, :val3641, :val3642, :val3643, :val3644, :val3645, :val3646, :val3647, :val3648, :val3649, :val3650, :val3651, :val3652, :val3653, :val3654, :val3655, :val3656, :val3657, :val3658, :val3659, :val3660, :val3661, :val3662, :val3663, :val3664, :val3665, :val3666, :val3667, :val3668, :val3669, :val3670, :val3671, :val3672, :val3673, :val3674, :val3675, :val3676, :val3677, :val3678, :val3679, :val3680, :val3681, :val3682, :val3683, :val3684, :val3685, :val3686, :val3687, :val3688, :val3689, :val3690, :val3691, :val3692, :val3693, :val3694, :val3695, :val3696, :val3697, :val3698, :val3699, :val3700, :val3701, :val3702, :val3703, :val3704, :val3705, :val3706, :val3707, :val3708, :val3709, :val3710, :val3711, :val3712, :val3713, :val3714, :val3715, :val3716, :val3717, :val3718, :val3719, :val3720, :val3721, :val3722, :val3723, :val3724, :val3725, :val3726, :val3727, :val3728, :val3729, :val3730, :val3731, :val3732, :val3733, :val3734, :val3735, :val3736, :val3737, :val3738, :val3739, :val3740, :val3741, :val3742, :val3743, :val3744, :val3745, :val3746, :val3747, :val3748, :val3749, :val3750, :val3751, :val3752, :val3753, :val3754, :val3755, :val3756, :val3757, :val3758, :val3759, :val3760, :val3761, :val3762, :val3763, :val3764, :val3765, :val3766, :val3767, :val3768, :val3769, :val3770, :val3771, :val3772, :val3773, :val3774, :val3775, :val3776, :val3777, :val3778, :val3779, :val3780, :val3781, :val3782, :val3783, :val3784, :val3785, :val3786, :val3787, :val3788, :val3789, :val3790, :val3791, :val3792, :val3793, :val3794, :val3795, :val3796, :val3797, :val3798, :val3799, :val3800, :val3801, :val3802, :val3803, :val3804, :val3805, :val3806, :val3807, :val3808, :val3809, :val3810, :val3811, :val3812, :val3813, :val3814, :val3815, :val3816, :val3817, :val3818, :val3819, :val3820, :val3821, :val3822, :val3823, :val3824, :val3825, :val3826, :val3827, :val3828, :val3829, :val3830, :val3831, :val3832, :val3833, :val3834, :val3835, :val3836, :val3837, :val3838, :val3839, :val3840, :val3841, :val3842, :val3843, :val3844, :val3845, :val3846, :val3847, :val3848, :val3849, :val3850, :val3851, :val3852, :val3853, :val3854, :val3855, :val3856, :val3857, :val3858, :val3859, :val3860, :val3861, :val3862, :val3863, :val3864, :val3865, :val3866, :val3867, :val3868, :val3869, :val3870, :val3871, :val3872, :val3873, :val3874, :val3875, :val3876, :val3877, :val3878, :val3879, :val3880, :val3881, :val3882, :val3883, :val3884, :val3885, :val3886, :val3887, :val3888, :val3889, :val3890, :val3891, :val3892, :val3893, :val3894, :val3895, :val3896, :val3897, :val3898, :val3899, :val3900, :val3901, :val3902, :val3903, :val3904, :val3905, :val3906, :val3907, :val3908, :val3909, :val3910, :val3911, :val3912, :val3913, :val3914, :val3915, :val3916, :val3917, :val3918, :val3919, :val3920, :val3921, :val3922, :val3923, :val3924, :val3925, :val3926, :val3927, :val3928, :val3929, :val3930, :val3931, :val3932, :val3933, :val3934, :val3935, :val3936, :val3937, :val3938, :val3939, :val3940, :val3941, :val3942, :val3943, :val3944, :val3945, :val3946, :val3947, :val3948, :val3949, :val3950, :val3951, :val3952, :val3953, :val3954, :val3955, :val3956, :val3957, :val3958, :val3959, :val3960, :val3961, :val3962, :val3963, :val3964, :val3965, :val3966, :val3967, :val3968, :val3969, :val3970, :val3971, :val3972, :val3973, :val3974, :val3975, :val3976, :val3977, :val3978, :val3979, :val3980, :val3981, :val3982, :val3983, :val3984, :val3985, :val3986, :val3987, :val3988, :val3989, :val3990, :val3991, :val3992, :val3993, :val3994, :val3995, :val3996, :val3997, :val3998, :val3999, :val4000, :val4001, :val4002, :val4003, :val4004, :val4005, :val4006, :val4007, :val4008, :val4009, :val4010, :val4011, :val4012, :val4013, :val4014, :val4015, :val4016, :val4017, :val4018, :val4019, :val4020, :val4021, :val4022, :val4023, :val4024, :val4025, :val4026, :val4027, :val4028, :val4029, :val4030, :val4031, :val4032, :val4033, :val4034, :val4035, :val4036, :val4037, :val4038, :val4039, :val4040, :val4041, :val4042, :val4043, :val4044, :val4045, :val4046, :val4047, :val4048, :val4049, :val4050, :val4051, :val4052, :val4053, :val4054, :val4055, :val4056, :val4057, :val4058, :val4059, :val4060, :val4061, :val4062, :val4063, :val4064, :val4065, :val4066, :val4067, :val4068, :val4069, :val4070, :val4071, :val4072, :val4073, :val4074, :val4075, :val4076, :val4077, :val4078, :val4079, :val4080, :val4081, :val4082, :val4083, :val4084, :val4085, :val4086, :val4087, :val4088, :val4089, :val4090, :val4091, :val4092, :val4093, :val4094, :val4095, :val4096, :val4097, :val4098, :val4099, :val4100, :val4101, :val4102, :val4103, :val4104, :val4105, :val4106, :val4107, :val4108, :val4109, :val4110, :val4111, :val4112, :val4113, :val4114, :val4115, :val4116, :val4117, :val4118, :val4119, :val4120, :val4121, :val4122, :val4123, :val4124, :val4125, :val4126, :val4127, :val4128, :val4129, :val4130, :val4131, :val4132, :val4133, :val4134, :val4135, :val4136, :val4137, :val4138, :val4139, :val4140, :val4141, :val4142, :val4143, :val4144, :val4145, :val4146, :val4147, :val4148, :val4149, :val4150, :val4151, :val4152, :val4153, :val4154, :val4155, :val4156, :val4157, :val4158, :val4159, :val4160, :val4161, :val4162, :val4163, :val4164, :val4165, :val4166, :val4167, :val4168, :val4169, :val4170, :val4171, :val4172, :val4173, :val4174, :val4175, :val4176, :val4177, :val4178, :val4179, :val4180, :val4181, :val4182, :val4183, :val4184, :val4185, :val4186, :val4187, :val4188, :val4189, :val4190, :val4191, :val4192, :val4193, :val4194, :val4195, :val4196, :val4197, :val4198, :val4199, :val4200, :val4201, :val4202, :val4203, :val4204, :val4205, :val4206, :val4207, :val4208, :val4209, :val4210, :val4211, :val4212, :val4213, :val4214, :val4215, :val4216, :val4217, :val4218, :val4219, :val4220, :val4221, :val4222, :val4223, :val4224, :val4225, :val4226, :val4227, :val4228, :val4229, :val4230, :val4231, :val4232, :val4233, :val4234, :val4235, :val4236, :val4237, :val4238, :val4239, :val4240, :val4241, :val4242, :val4243, :val4244, :val4245, :val4246, :val4247, :val4248, :val4249, :val4250, :val4251, :val4252, :val4253, :val4254, :val4255, :val4256, :val4257, :val4258, :val4259, :val4260, :val4261, :val4262, :val4263, :val4264, :val4265, :val4266, :val4267, :val4268, :val4269, :val4270, :val4271, :val4272, :val4273, :val4274, :val4275, :val4276, :val4277, :val4278, :val4279, :val4280, :val4281, :val4282, :val4283, :val4284, :val4285, :val4286, :val4287, :val4288, :val4289, :val4290, :val4291, :val4292, :val4293, :val4294, :val4295, :val4296, :val4297, :val4298, :val4299, :val4300, :val4301, :val4302, :val4303, :val4304, :val4305, :val4306, :val4307, :val4308, :val4309, :val4310, :val4311, :val4312, :val4313, :val4314, :val4315, :val4316, :val4317, :val4318, :val4319, :val4320, :val4321, :val4322, :val4323, :val4324, :val4325, :val4326, :val4327, :val4328, :val4329, :val4330, :val4331, :val4332, :val4333, :val4334, :val4335, :val4336, :val4337, :val4338, :val4339, :val4340, :val4341, :val4342, :val4343, :val4344, :val4345, :val4346, :val4347, :val4348, :val4349, :val4350, :val4351, :val4352, :val4353, :val4354, :val4355, :val4356, :val4357, :val4358, :val4359, :val4360, :val4361, :val4362, :val4363, :val4364, :val4365, :val4366, :val4367, :val4368, :val4369, :val4370, :val4371, :val4372, :val4373, :val4374, :val4375, :val4376, :val4377, :val4378, :val4379, :val4380, :val4381, :val4382, :val4383, :val4384, :val4385, :val4386, :val4387, :val4388, :val4389, :val4390, :val4391, :val4392, :val4393, :val4394, :val4395, :val4396, :val4397, :val4398, :val4399, :val4400, :val4401, :val4402, :val4403, :val4404, :val4405, :val4406, :val4407, :val4408, :val4409, :val4410, :val4411, :val4412, :val4413, :val4414, :val4415, :val4416, :val4417, :val4418, :val4419, :val4420, :val4421, :val4422, :val4423, :val4424, :val4425, :val4426, :val4427, :val4428, :val4429, :val4430, :val4431, :val4432, :val4433, :val4434, :val4435, :val4436, :val4437, :val4438, :val4439, :val4440, :val4441, :val4442, :val4443, :val4444, :val4445, :val4446, :val4447, :val4448, :val4449, :val4450, :val4451, :val4452, :val4453, :val4454, :val4455, :val4456, :val4457, :val4458, :val4459, :val4460, :val4461, :val4462, :val4463, :val4464, :val4465, :val4466, :val4467, :val4468, :val4469, :val4470, :val4471, :val4472, :val4473, :val4474, :val4475, :val4476, :val4477, :val4478, :val4479, :val4480, :val4481, :val4482, :val4483, :val4484, :val4485, :val4486, :val4487, :val4488, :val4489, :val4490, :val4491, :val4492, :val4493, :val4494, :val4495, :val4496, :val4497, :val4498, :val4499, :val4500, :val4501, :val4502, :val4503, :val4504, :val4505, :val4506, :val4507, :val4508, :val4509, :val4510, :val4511, :val4512, :val4513, :val4514, :val4515, :val4516, :val4517, :val4518, :val4519, :val4520, :val4521, :val4522, :val4523, :val4524, :val4525, :val4526, :val4527, :val4528, :val4529, :val4530, :val4531, :val4532, :val4533, :val4534, :val4535, :val4536, :val4537, :val4538, :val4539, :val4540, :val4541, :val4542, :val4543, :val4544, :val4545, :val4546, :val4547, :val4548, :val4549, :val4550, :val4551, :val4552, :val4553, :val4554, :val4555, :val4556, :val4557, :val4558, :val4559, :val4560, :val4561, :val4562, :val4563, :val4564, :val4565, :val4566, :val4567, :val4568, :val4569, :val4570, :val4571, :val4572, :val4573, :val4574, :val4575, :val4576, :val4577, :val4578, :val4579, :val4580, :val4581, :val4582, :val4583, :val4584, :val4585, :val4586, :val4587, :val4588, :val4589, :val4590, :val4591, :val4592, :val4593, :val4594, :val4595, :val4596, :val4597, :val4598, :val4599, :val4600, :val4601, :val4602, :val4603, :val4604, :val4605, :val4606, :val4607, :val4608, :val4609, :val4610, :val4611, :val4612, :val4613, :val4614, :val4615, :val4616, :val4617, :val4618, :val4619, :val4620, :val4621, :val4622, :val4623, :val4624, :val4625, :val4626, :val4627, :val4628, :val4629, :val4630, :val4631, :val4632, :val4633, :val4634, :val4635, :val4636, :val4637, :val4638, :val4639, :val4640, :val4641, :val4642, :val4643, :val4644, :val4645, :val4646, :val4647, :val4648, :val4649, :val4650, :val4651, :val4652, :val4653, :val4654, :val4655, :val4656, :val4657, :val4658, :val4659, :val4660, :val4661, :val4662, :val4663, :val4664, :val4665, :val4666, :val4667, :val4668, :val4669, :val4670, :val4671, :val4672, :val4673, :val4674, :val4675, :val4676, :val4677, :val4678, :val4679, :val4680, :val4681, :val4682, :val4683, :val4684, :val4685, :val4686, :val4687, :val4688, :val4689, :val4690, :val4691, :val4692, :val4693, :val4694, :val4695, :val4696, :val4697, :val4698, :val4699, :val4700, :val4701, :val4702, :val4703, :val4704, :val4705, :val4706, :val4707, :val4708, :val4709, :val4710, :val4711, :val4712, :val4713, :val4714, :val4715, :val4716, :val4717, :val4718, :val4719, :val4720, :val4721, :val4722, :val4723, :val4724, :val4725, :val4726, :val4727, :val4728, :val4729, :val4730, :val4731, :val4732, :val4733, :val4734, :val4735, :val4736, :val4737, :val4738, :val4739, :val4740, :val4741, :val4742, :val4743, :val4744, :val4745, :val4746, :val4747, :val4748, :val4749, :val4750, :val4751, :val4752, :val4753, :val4754, :val4755, :val4756, :val4757, :val4758, :val4759, :val4760, :val4761, :val4762, :val4763, :val4764, :val4765, :val4766, :val4767, :val4768, :val4769, :val4770, :val4771, :val4772, :val4773, :val4774, :val4775, :val4776, :val4777, :val4778, :val4779, :val4780, :val4781, :val4782, :val4783, :val4784, :val4785, :val4786, :val4787, :val4788, :val4789, :val4790, :val4791, :val4792, :val4793, :val4794, :val4795, :val4796, :val4797, :val4798, :val4799, :val4800, :val4801, :val4802, :val4803, :val4804, :val4805, :val4806, :val4807, :val4808, :val4809, :val4810, :val4811, :val4812, :val4813, :val4814, :val4815, :val4816, :val4817, :val4818, :val4819, :val4820, :val4821, :val4822, :val4823, :val4824, :val4825, :val4826, :val4827, :val4828, :val4829, :val4830, :val4831, :val4832, :val4833, :val4834, :val4835, :val4836, :val4837, :val4838, :val4839, :val4840, :val4841, :val4842, :val4843, :val4844, :val4845, :val4846, :val4847, :val4848, :val4849, :val4850, :val4851, :val4852, :val4853, :val4854, :val4855, :val4856, :val4857, :val4858, :val4859, :val4860, :val4861, :val4862, :val4863, :val4864, :val4865, :val4866, :val4867, :val4868, :val4869, :val4870, :val4871, :val4872, :val4873, :val4874, :val4875, :val4876, :val4877, :val4878, :val4879, :val4880, :val4881, :val4882, :val4883, :val4884, :val4885, :val4886, :val4887, :val4888, :val4889, :val4890, :val4891, :val4892, :val4893, :val4894, :val4895, :val4896, :val4897, :val4898, :val4899, :val4900, :val4901, :val4902, :val4903, :val4904, :val4905, :val4906, :val4907, :val4908, :val4909, :val4910, :val4911, :val4912, :val4913, :val4914, :val4915, :val4916, :val4917, :val4918, :val4919, :val4920, :val4921, :val4922, :val4923, :val4924, :val4925, :val4926, :val4927, :val4928, :val4929, :val4930, :val4931, :val4932, :val4933, :val4934, :val4935, :val4936, :val4937, :val4938, :val4939, :val4940, :val4941, :val4942, :val4943, :val4944, :val4945, :val4946, :val4947, :val4948, :val4949, :val4950, :val4951, :val4952, :val4953, :val4954, :val4955, :val4956, :val4957, :val4958, :val4959, :val4960, :val4961, :val4962, :val4963, :val4964, :val4965, :val4966, :val4967, :val4968, :val4969, :val4970, :val4971, :val4972, :val4973, :val4974, :val4975, :val4976, :val4977, :val4978, :val4979, :val4980, :val4981, :val4982, :val4983, :val4984, :val4985, :val4986, :val4987, :val4988, :val4989, :val4990, :val4991, :val4992, :val4993) AND `诉求地址` LIKE '%公园%' AND YEAR(`工单生成时间`) = YEAR(CURDATE()) - 1 LIMIT 10;
2025-05-26 13:23:41,473 ChatBI->     INFO     websocket发送的数据为：{"result_insight": "去年，宝山区大场镇大华郎香公园、青浦区农商银行广场、长宁区天山公园、浦东新区由由公园、长宁区中山公园、静安区大宁公园、普陀区长寿公园、浦东新区海天湖公园、闵行区古美科普公园和宝山区吴淞炮台湾公园等多处公园发生了噪声扰民事件。"}
2025-05-26 13:23:42,877 ChatBI->     INFO     websocket发送的数据为：{"result_recommand": {"new_query_1": "去年哪些公园的噪声扰民事件最多？", "new_query_2": "去年噪声扰民事件最多的公园位于哪个行政区？", "new_query_3": "去年哪些公园的噪声扰民事件发生在周末？"}}
2025-05-26 13:26:40,455 ChatBI->     ERROR    Unexpected error occured:(1001, '')
Traceback (most recent call last):
  File "/data/yfzx/liucd/chatbi_deploy2/chatbi_DB2/apps/app_main_ws.py", line 64, in websocket_endpoint
    message = await websocket.receive_text()
              ^^^^^^^^^^^^^^^^^^^^^^^^^^^^^^
  File "/root/anaconda3/envs/chatbi/lib/python3.12/site-packages/starlette/websockets.py", line 119, in receive_text
    self._raise_on_disconnect(message)
  File "/root/anaconda3/envs/chatbi/lib/python3.12/site-packages/starlette/websockets.py", line 113, in _raise_on_disconnect
    raise WebSocketDisconnect(message["code"], message.get("reason"))
starlette.websockets.WebSocketDisconnect: (1001, '')
2025-05-26 13:26:45,347 ChatBI->     INFO     案例库查询
2025-05-26 13:26:45,391 ChatBI->     INFO     案例库查询结果: ["{'query': '最近3个月噪音污染事件涉及到了哪些公园', '目标列': ['内容描述'], '条件列': {'工单生成时间': '最近3个月', '诉求地址': '公园', '二级分类': '噪音污染'}}", "{'query': '去年虹口有哪些有噪音污染的公园', '目标列': ['内容描述'], '条件列': {'诉求区域': '虹口区', '内容描述': '噪音污染'}}", "{'query': '近7个月哪些公园被举报存在噪声扰民事件', '目标列': ['内容描述'], '条件列': {'工单类别': '投诉举报类', '内容描述': '噪声扰民', '诉求地址': '公园', '工单生成时间': '近7个月'}}"]
2025-05-26 13:26:46,618 ChatBI->     INFO     schema linking: {'target_columns': ['内容描述'], 'condition_columns': {'诉求区域': '虹口区', '内容描述': '噪声扰民', '诉求地址': '公园', '工单生成时间': '去年'}}
2025-05-26 13:26:48,044 ChatBI->     INFO     任务类型: SQL
2025-05-26 13:26:49,383 ChatBI->     INFO     stad sql: SELECT `诉求地址`, `工单生成时间` FROM shanghai WHERE `内容描述` LIKE '%噪声扰民%' AND `诉求地址` LIKE '%公园%' AND YEAR(`工单生成时间`) = YEAR(CURDATE()) - 1 LIMIT 10;
2025-05-26 13:26:49,383 ChatBI->     INFO     开始语义分析 ... 
2025-05-26 13:26:49,388 ChatBI->     INFO     非结构化信息为: {"`内容描述` LIKE '%噪声扰民%'": '噪声扰民'}
2025-05-26 13:26:49,643 ChatBI->     INFO     噪声扰民 的命名实体判别： no
2025-05-26 13:26:49,645 ChatBI->     INFO     开始对非结构化文档【粗略】检索
2025-05-26 13:26:50,260 ChatBI->     INFO     检索到的文档总数量为：5000
2025-05-26 13:26:50,613 ChatBI->     INFO     开始对非结构化文档【深度】检索
2025-05-26 13:26:50,786 ChatBI->     INFO     step_scores: ['yes', 'yes', 'yes', 'yes', 'yes', 'yes', 'yes', 'yes', 'yes', 'yes']
2025-05-26 13:26:50,786 ChatBI->     INFO     层级抽取文档： 市民来电反映:上述地址最近每天23:00以后都会传出像发电机一样的噪声严重扰民。诉求：希望管理部门核实解决。（市民要求信息保密 需回复） ==> yes  
2025-05-26 13:26:50,787 ChatBI->     INFO     层级抽取文档： 市民来电反映：建筑工地噪音扰民 ==> yes  
2025-05-26 13:26:50,787 ChatBI->     INFO     层级抽取文档： 市民来电反映:上述地址的居民每天20:00-21:00都会发出很大的声音，存在噪音扰民。诉求：请管理部门尽快解决噪音扰民的情况。（信息保密 需要回复） ==> yes  
2025-05-26 13:26:50,787 ChatBI->     INFO     层级抽取文档： 市民反映：上述地址大板房改建过程中，施工方严重噪音扰民。从7:00开工至17:00... ==> yes  
2025-05-26 13:26:50,787 ChatBI->     INFO     层级抽取文档： 市民反映：近期竹柏路366弄178号201室在装修，晚上19:00还在装修，噪音扰民。诉求：请管理部门制止噪音扰民。 ==> yes  
2025-05-26 13:26:50,787 ChatBI->     INFO     层级抽取文档： 市民来电反映:上述地址的房屋有群租现象，房屋有改建现象，噪音影响到旁边居民，要求管理部门予以取缔。 ==> yes  
2025-05-26 13:26:50,787 ChatBI->     INFO     层级抽取文档： 市民来电反映：杨浦区营口路859号法朵公寓门前，晚上修路扰民。晚上19:00-凌晨一直在修，扰民严重，诉求：市民希望晚上不要施工扰民。 ==> yes  
2025-05-26 13:26:50,787 ChatBI->     INFO     层级抽取文档： 市民来电反映:工作日的装修时间，上述地址的噪音超过了法定标准，影响周边业主休息。诉求：解决噪音扰民问题。（市民要求信息保密 需回复） ==> yes  
2025-05-26 13:26:50,787 ChatBI->     INFO     层级抽取文档： 市民来电反映:上述地址居民夜间噪音扰民，经常走路声音太响。重物掉落的声音。之前反映过解决了，但之后又出现了死灰复燃的现象。诉求：希望核查解决噪音问题。（市民要求信息保密 需回复） ==> yes  
2025-05-26 13:26:50,787 ChatBI->     INFO     层级抽取文档： 市民来电反映:上述地址每天晚间施工噪音过大，一般为20点-22点，影响周围居民休息，诉求：希望管理部门核实处理协助处理噪音扰民问题。 ==> yes  
2025-05-26 13:26:50,975 ChatBI->     INFO     step_scores: ['yes', 'yes', 'yes', 'yes', 'yes', 'yes', 'yes', 'yes', 'yes', 'yes']
2025-05-26 13:26:50,975 ChatBI->     INFO     层级抽取文档： 市民来电反映:上述地址居民经常装修，并使用冲击产生噪音扰民。诉求：希望管理部门督促规范装修，不要扰民。（市民要求信息保密，无需回复） ==> yes  
2025-05-26 13:26:50,976 ChatBI->     INFO     层级抽取文档： 市民来电反映:上述地址4月13日道路夜间施工，噪音扰民严重，市民表示之前没有此类情况，要求投诉，希望不要扰民。（市民要求信息保密 无需回复） ==> yes  
2025-05-26 13:26:50,976 ChatBI->     INFO     层级抽取文档： 市民来电反映:上述地址村民每天早上7：00-18：00装修噪音扰民。诉求：请管理部门核实投诉装修噪音。（市民要求信息保密 需回复） ==> yes  
2025-05-26 13:26:50,976 ChatBI->     INFO     层级抽取文档： 市民留言反映：举报施工，半夜扰民。 ==> yes  
2025-05-26 13:26:50,976 ChatBI->     INFO     层级抽取文档： 市民反映：201室晚上装修扰民。诉求：请管理部门整治装修扰民事宜。（市民要求信息保密，需回复） ==> yes  
2025-05-26 13:26:50,976 ChatBI->     INFO     层级抽取文档： 市民反映：上述地址9月12号晚上20:00施工扰民特别吵，是否为非抢修抢险，非施工时间晚上施工扰民。诉求：请管理部门核实后回复，并消除施工扰民。（市民要求信息保密，需要回复） ==> yes  
2025-05-26 13:26:50,976 ChatBI->     INFO     层级抽取文档： 市民来电反映:上述地址的公寓最近装修施工，导致噪音扰民严重。诉求：请管理部门要求施工单位规范施工，避免扰民。（市民要求信息保密 需回复） ==> yes  
2025-05-26 13:26:50,976 ChatBI->     INFO     层级抽取文档： 市民来电反映:上述地址在道路施工，有搅拌车产生噪音扰民。 ==> yes  
2025-05-26 13:26:50,976 ChatBI->     INFO     层级抽取文档： 市民来电反映:外省市商铺扩音喇叭噪音扰民问题。 ==> yes  
2025-05-26 13:26:50,976 ChatBI->     INFO     层级抽取文档： 市民来电反映:宾川路524号-2、-3居民住房借给外地人的，存在噪音扰民，每天7:00-20:00不间断的产生噪音，和居委反映过无果，诉求：要求核查整治，彻底解决噪音扰民问题。（信息保密，需回复） ==> yes  
2025-05-26 13:26:51,171 ChatBI->     INFO     step_scores: ['yes', 'yes', 'yes', 'yes', 'yes', 'yes', 'yes', 'yes', 'yes', 'yes']
2025-05-26 13:26:51,171 ChatBI->     INFO     层级抽取文档： 市民反映：上述地址绿久苑大门口商铺推销喇叭扰民，从18:00-21:00，已经持续快一周了，每天如此。诉求：希望管理部门制止噪音扰民。 ==> yes  
2025-05-26 13:26:51,171 ChatBI->     INFO     层级抽取文档： 市民反映：上述地址非装修时间装修，造成扰民（详见附件）。诉求：请管理部门加强装修扰民管理。（市民要求信息保密，无需回复） ==> yes  
2025-05-26 13:26:51,171 ChatBI->     INFO     层级抽取文档： 市民来电反映:上述地址世外小学门卫室后面的排风扇，每天05:00多就开始运作产生噪音扰民现象。诉求：请管理部门核实改善噪音扰民。 ==> yes  
2025-05-26 13:26:51,172 ChatBI->     INFO     层级抽取文档： 市民来电反映:上述地址旁边正在进行高架建设施工，10月15日从早上5点就开始施工了，特别嘈杂，噪音非常扰民，影响周边居民正常生活。诉求：投诉噪音扰民，请管理部门核实整治。（需回复） ==> yes  
2025-05-26 13:26:51,172 ChatBI->     INFO     层级抽取文档： 市民来电反映:上述地址小区居民早上6点钟不到就开始装修了产生噪音扰民。诉求：请管理部门尽快解决装修噪音扰民问题。（市民要求信息保密 需回复） ==> yes  
2025-05-26 13:26:51,172 ChatBI->     INFO     层级抽取文档： 市民来电反映:上述地址学校每天6：30开始噪音施工，影响周围市民休息。诉求：希望管理部门可以核实沟通让其晚点噪音施工。（市民要求信息保密 需回复） ==> yes  
2025-05-26 13:26:51,172 ChatBI->     INFO     层级抽取文档： 市民来电反映:上述地址业主家里装修，周末装修扰民，诉求：针对此处小区周末装修扰民行为进行制止。（市民要求信息保密 无需回复） ==> yes  
2025-05-26 13:26:51,172 ChatBI->     INFO     层级抽取文档： 市民来电反映:杨浦区友谊新村东区209号前面的拆迁地块，目前还有土方车进入，造成扰民，诉求：尽快处理扰民问题。凌晨12点和现在已经二次，之后预计还会有。 ==> yes  
2025-05-26 13:26:51,172 ChatBI->     INFO     层级抽取文档： 市民来电反映:上述地址每天6、7点就开始装修，已经持续两周了，噪音非常扰民。有居民报警了也没有用。市民表示可能是虹口实业公司的。诉求：请管理部门核实整治噪音扰民问题。（需回复） ==> yes  
2025-05-26 13:26:51,172 ChatBI->     INFO     层级抽取文档： 市民来电反映:上述地址修路后覆盖了铁板，车子开过噪音扰民。市民诉求：望相关部门核实尽快调整避免扰民。（市民要求信息保密 需回复） ==> yes  
2025-05-26 13:26:51,346 ChatBI->     INFO     step_scores: ['yes', 'yes', 'yes', 'yes', 'yes', 'yes', 'yes', 'yes', 'yes', 'yes']
2025-05-26 13:26:51,346 ChatBI->     INFO     层级抽取文档： 市民来电反映:上述地址5月3日早上7:30开始装修，噪音扰民，诉求：要求管理部门处理节假日装修扰民问题（市民要求信息保密 无需回复） ==> yes  
2025-05-26 13:26:51,347 ChatBI->     INFO     层级抽取文档： 市民来电反映:上述地址的一户人家，于2024年4月7日22:17这个点在打麻将，声音很大很吵，存在噪音扰民。诉求：请管理部门尽快解决噪音扰民的问题。（信息保密 无需回复） ==> yes  
2025-05-26 13:26:51,347 ChatBI->     INFO     层级抽取文档： 市民来电反映:5月3日05:00左右，上述地址小区旁边的建筑工地就开始施工，产生噪音扰民现象。诉求：请管理部门核实改善噪音扰民。（市民要求信息保密 无需回复） ==> yes  
2025-05-26 13:26:51,347 ChatBI->     INFO     层级抽取文档： 【投诉】市民来电反映:噪音扰民问题一直没有改善，市民对于管理部门的处理非常不满，一直在拖延推诿，诉求：投诉关联部门未解决噪音扰民问题。关联工单编号：20241009022562 ==> yes  
2025-05-26 13:26:51,347 ChatBI->     INFO     层级抽取文档： 市民来电反映:市民表示上述地址近期存在夜间施工噪音扰民情况，可能是路政施工，7月19日0:00多又突然发出了类似警报的声音，且声音特别大，影响到周边居民的休息。诉求：请管理部门核实处理夜间施工噪音扰民问题。（市民要求信息保密 无需回复） ==> yes  
2025-05-26 13:26:51,347 ChatBI->     INFO     层级抽取文档： 市民来电反映:上述地址居民经常拖拽凳子、摔碗，噪音扰民，诉求：请管理部门核实，希望居委上门协调解决扰民问题。（市民要求信息保密 需回复） ==> yes  
2025-05-26 13:26:51,347 ChatBI->     INFO     层级抽取文档： 市民来电反映:上述地址每天有人跳广场舞，18:30就开始，现在天热了，大家都要开窗，小区有好多孩子都要中考，高考的，噪音扰民严重，诉求：尽快处理噪音扰民问题（市民要求信息保密 无需回复） ==> yes  
2025-05-26 13:26:51,347 ChatBI->     INFO     层级抽取文档： 市民来电反映:上述地址餐厅噪音扰民问题，市民之前反映过好了现在又死灰复燃了，9月25日音乐声和打鼓声非常吵，市民最近几天只能向公安部门反映。诉求：请管理部门核实，要求彻底解决噪音扰民问题。 ==> yes  
2025-05-26 13:26:51,347 ChatBI->     INFO     层级抽取文档： 市民来电反映:学校里一个新建大楼施工，上课的噪音扰民影响学生正常学习。4月29日噪音特别厉害。诉求：请管理部门投诉噪音施工。（市民要求信息保密 无需回复） ==> yes  
2025-05-26 13:26:51,347 ChatBI->     INFO     层级抽取文档： 市民来电反映:半夜有人燃放烟花扰民要求警方处理。 ==> yes  
2025-05-26 13:26:51,535 ChatBI->     INFO     step_scores: ['yes', 'yes', 'yes', 'yes', 'yes', 'yes', 'yes', 'yes', 'yes', 'yes']
2025-05-26 13:26:51,535 ChatBI->     INFO     层级抽取文档： 市民来电反映:上述地址门面店周末的早上7:00多就开始装修噪音扰民。诉求：希望管理部门核实制止此处周末过早的装修扰民。（市民要求信息保密 无需回复） ==> yes  
2025-05-26 13:26:51,535 ChatBI->     INFO     层级抽取文档： 市民来电反映:上述地址是群租房，并且养了夜行动物，每天02:00-05:00会产生噪音扰民现象。市民称曾向居委物业反映过，但未改善。诉求：请管理部门核实取缔群租，并改善噪音扰民。（市民要求信息保密 需回复） ==> yes  
2025-05-26 13:26:51,535 ChatBI->     INFO     层级抽取文档： 市民反映：上述道路近期在施工，07:00左右就开始了施工噪音严重扰民。诉求：请适当调整作业时间，不要很早就发出有噪音的施工。 ==> yes  
2025-05-26 13:26:51,535 ChatBI->     INFO     层级抽取文档： 市民来电反映:上述地址闵富大厦楼下兴业银行，4月7日早上7:30开始装修，噪音大影响周边居民休息，多次出现装修扰民问题，劝阻无效。诉求：治理装修噪音扰民。（市民要求信息保密 无需回复） ==> yes  
2025-05-26 13:26:51,535 ChatBI->     INFO     层级抽取文档： 市民来电反映:上述地址东亭路上有一块平地上有两部挖掘机正在施工，周末6:00左右开始，严重噪音扰民。诉求：要求管理部门核实尽快彻底制止噪音扰民。（市民要求信息保密 需回复） ==> yes  
2025-05-26 13:26:51,535 ChatBI->     INFO     层级抽取文档： 市民来电反映:11月4日20:30上述地址小区旁有一个工地施工噪音非常大，影响周边市民休息，诉求：希望管理部门协调降低噪音。（市民要求信息保密 无需回复） ==> yes  
2025-05-26 13:26:51,535 ChatBI->     INFO     层级抽取文档： 市民来电反映:市民之前反映该小区外的垃圾清运站噪音扰民的问题，相关部门已处理，但目前又恢复。情况好了两个星期，于2024年1月1日开始，工作日05:45开始作业，周末06:00开始作业，噪音非常厉害，严重扰民。诉求：诉求：请管理部门核实协调，让垃圾清运站控制噪音不要扰民。 ==> yes  
2025-05-26 13:26:51,535 ChatBI->     INFO     层级抽取文档： 市民来电反映:   上述地址居民于9月22日早上8:50存在装修噪音扰民，诉求: 希望管理部门核实协调其周末不要装修.（市民要求信息保密 需回复） ==> yes  
2025-05-26 13:26:51,536 ChatBI->     INFO     层级抽取文档： 市民来电反映: 上述地址附近于10月21日晚上23:06存在道路施工噪音扰民，诉求: 希望管理部门核实协调其不要夜间施工.(需回复) ==> yes  
2025-05-26 13:26:51,536 ChatBI->     INFO     层级抽取文档： 市民来电反映:上述地址道路正在施工，可到晚上23:50左右为止都没有停工，产生了剧烈噪音严重扰民，故来电。现诉求：望管理部门查实，协调处理该夜间施工扰民问题（市民要求信息保密 需回复） ==> yes  
2025-05-26 13:26:51,735 ChatBI->     INFO     step_scores: ['yes', 'yes', 'yes', 'yes', 'yes', 'yes', 'yes', 'yes', 'yes', 'yes']
2025-05-26 13:26:51,736 ChatBI->     INFO     层级抽取文档： 市民来电反映:周末楼上装修扰民，是打110还是12345 ==> yes  
2025-05-26 13:26:51,736 ChatBI->     INFO     层级抽取文档： 市民反映：10月25日青浦区淀昇路黄家埭路工地半夜施工噪音扰民。诉求：请整治夜间施工扰民。（市民要求信息保密，无需回复） ==> yes  
2025-05-26 13:26:51,736 ChatBI->     INFO     层级抽取文档： 市民反映：静安区山西北路388弄11月5日午休时间非施工时间装修施工扰民，诉求：希望核实协调处理装修扰民问题。（市民要求信息保密，需要回复） ==> yes  
2025-05-26 13:26:51,736 ChatBI->     INFO     层级抽取文档： 市民来电反映:其之前向12345反映过上述地址小区4:30左右清运垃圾噪音扰民的问题，反映后好了一段时间，现在又死灰复燃了，诉求：投诉青浦区城运中心，青浦区环卫所，泾茉路安居办，要求尽快解决该噪音扰民问题。 ==> yes  
2025-05-26 13:26:51,736 ChatBI->     INFO     层级抽取文档： 市民来电反映:上述路段多个店铺用扩音装置叫卖一直持续到晚上关门。反映多次无法根治。诉求：要求制止噪音扰民。 ==> yes  
2025-05-26 13:26:51,736 ChatBI->     INFO     层级抽取文档： 市民来电反映:上述地址公寓楼隔壁的第五食堂商户，近期每天23：00以后还在用外置扩音喇叭放歌，严重噪音扰民，影响周围居民休息。诉求：请管理部门核实尽快彻底制止噪音扰民。（市民要求信息保密 需回复） ==> yes  
2025-05-26 13:26:51,736 ChatBI->     INFO     层级抽取文档： 市民来电反映：上述地址道路夜间施工，噪音扰民对市民生活带来影响。诉求：要求管理部门上门整治。（市民要求信息保密，需要回复） ==> yes  
2025-05-26 13:26:51,736 ChatBI->     INFO     层级抽取文档： 市民来电反映:上述地址有一个之前荒废很久的工地，9月27日开始22:00之后会发出低频噪音，晚上扰民让其无法正常休息，诉求：请管理部门核查进行整治。（市民要求信息保密 需回复） ==> yes  
2025-05-26 13:26:51,736 ChatBI->     INFO     层级抽取文档： 市民来电反映: 上述地址的居民最近装修房屋，双休日也不停止，5月16日早上5:30就开始作业，噪音扰民严重，沟通多次无果，诉求：请管理部门核实，尽快上门要求规范施工，避免扰民。（需回复） ==> yes  
2025-05-26 13:26:51,736 ChatBI->     INFO     层级抽取文档： 市民来电反映:4月11日23:00，上述地址附近的建筑工地在夜间施工，产生噪音影响周边居民的正常休息，市民不清楚有没有夜间许可证。诉求：请管理部门核实，解决噪音扰民问题。 ==> yes  
2025-05-26 13:26:51,932 ChatBI->     INFO     step_scores: ['yes', 'yes', 'yes', 'yes', 'yes', 'yes', 'yes', 'yes', 'yes', 'yes']
2025-05-26 13:26:51,932 ChatBI->     INFO     层级抽取文档： 市民补充信息：市民要求信息保密，无需回复。一栋楼的很多人屡次投诉屡次没降低噪音，周末敲敲打打，工作日装修震耳欲聋，去药房买了耳塞都没办法阻隔该噪音，家中有老人要休息，其表示该问题是否解决不了，以及其要有知情权，这种声音需要持续多久才能完，让房东在群里给该栋楼交代。其表示再不解决走法律程序，不是直接110这么简单。【最近派发的工单编号：20240426006743，工单内容：市民反映：上述地址楼下1302室白天装修扰民，超120分贝。每天这样没办法正常白天呆在家里。诉求：投诉噪音扰民。市民要求信息保密，需要回复。】 ==> yes  
2025-05-26 13:26:51,933 ChatBI->     INFO     层级抽取文档： 市民来电反映:9月21日22:19在上述地址有挖马路的施工队正在施工，市民认为超过22:00还在施工非常的不合理，产生巨大的噪音影响周边居民正常休息，诉求:请管理部门核实协调降噪。 ==> yes  
2025-05-26 13:26:51,933 ChatBI->     INFO     层级抽取文档： 市民来电反映:小区楼下的水泵房用水高峰非常吵，向自来水公司反映一直没有解决，当时说螺丝松了，处理了还是有噪音。每天20:30开始声音很响，之前没有，近期才有的噪音，非常扰民。诉求：处理水泵噪音扰民。 ==> yes  
2025-05-26 13:26:51,933 ChatBI->     INFO     层级抽取文档： 市民来电反映:12月23日6:00开始上述地址有工地施工，噪音扰民严重，诉求：要求该工地调整施工时间，不要双休日那么早就开始装修（信息保密无需回复） ==> yes  
2025-05-26 13:26:51,933 ChatBI->     INFO     层级抽取文档： 市民来电反映：上述地址一大早上就开始装修，噪声非常非常大。诉求：希望有关部门沟通协调好时间。 ==> yes  
2025-05-26 13:26:51,933 ChatBI->     INFO     层级抽取文档： 重复来电，咨询处理进程。【最近派发的工单编号：20231213019683，工单内容：市民来电反映: 上述地址于12月13日下午14:30还存在装修噪音扰民的现象,严重影响市民的工作，诉求:希望管理部门核实解决噪音扰民的问题.(需回复)】 ==> yes  
2025-05-26 13:26:51,933 ChatBI->     INFO     层级抽取文档： 市民来电反映:上述地址在周末早上10点左右开始装修，持续到15点半左右，工作日7点左右开始，有装修噪音扰民的现象，电钻噪音尺幅一分钟左，未知哪户居民装修。诉求：请管理部门协调处理扰民问题。（市民要求信息保密  需要回复） ==> yes  
2025-05-26 13:26:51,933 ChatBI->     INFO     层级抽取文档： 市民来电反映:上述地址居民家正在装修，具体装修时间不知道，可产生了剧烈噪音严重扰民，全天都是剧烈的电钻声，市民不认可，故来电。现诉求：望管理部门查实，协调处理该装修噪音扰民问题（市民要求信息保密 无需回复） ==> yes  
2025-05-26 13:26:51,933 ChatBI->     INFO     层级抽取文档： 市民来电反映:上述地址大华锦绣四季澜悦小区营销中心正在装修，周末也不停工，严重噪音扰民，影响周围居民正常休息。诉求：请管理部门尽快核实协调彻底制止噪音扰民。（市民要求信息保密 需回复） ==> yes  
2025-05-26 13:26:51,933 ChatBI->     INFO     层级抽取文档： 市民来电反映:上述地址是老小区在安装电梯，安装电梯的人员凌晨5点就开始施工，拆墙等噪音非常扰民，反映物业无果。诉求：请管理部门核实整治噪音扰民问题。（市民要求信息保密 需回复） ==> yes  
2025-05-26 13:26:52,115 ChatBI->     INFO     step_scores: ['yes', 'yes', 'yes', 'yes', 'yes', 'yes', 'yes', 'yes', 'yes', 'yes']
2025-05-26 13:26:52,115 ChatBI->     INFO     层级抽取文档： 市民来电咨询:法律咨询噪音扰民问题，有无相关文件。 ==> yes  
2025-05-26 13:26:52,115 ChatBI->     INFO     层级抽取文档： 市民来电反映:上述地址22:00之后还在进行修路施工，噪音扰民严重，市民不清楚该处是否有夜间施工许可证，一直持续了近一个月。诉求：请管理部门协调该处不得夜间施工，以减少噪音对周围居民的影响。（市民要求信息保密 需回复） ==> yes  
2025-05-26 13:26:52,115 ChatBI->     INFO     层级抽取文档： 市民来电补充信息，物业没有查到噪音发出的地方，市民表示声音一般在凌晨有，已经和保安确认噪音确实影响睡眠，希望管理部门尽快处理。【最近派发的工单编号：20241210000253，工单内容：市民来电反映:上址属于政府的保租房，房间隔音差，外立面墙属于中空，房屋设计有缺陷，空调外机等交替震动，有扰民情况。严重扰民，诉求：望管理部门尽快派人查证整改，不要扰民。（需回复）】 ==> yes  
2025-05-26 13:26:52,115 ChatBI->     INFO     层级抽取文档： 市民来电反映:上述地址的一幢楼正在进行酒店改造，大楼内部进行装修施工。每天早上6点前就开始装修，噪音扰民严重，且卡车运输建筑垃圾时超载，导致建筑垃圾掉在路面满地都是。诉求：请管理部门核实并尽快取缔此违规装修。（市民要求信息保密 需回复） ==> yes  
2025-05-26 13:26:52,115 ChatBI->     INFO     层级抽取文档： 市民来电反映:上述地址建筑工地夜间23:00还在施工，噪音扰民，诉求：要求管理部门处理施工噪音问题（市民要求信息保密 无需回复） ==> yes  
2025-05-26 13:26:52,115 ChatBI->     INFO     层级抽取文档： 市民来电反映:上述地址3月中旬开始一直有浦东机场的飞机从上空低空飞过，时间：13:00-23:00，密集的时候2分钟一次，市民表示严重扰民。市民诉求：望相关部门核实原因停止扰民。（市民要求需要回复） ==> yes  
2025-05-26 13:26:52,115 ChatBI->     INFO     层级抽取文档： 市民来电反映:上述地址周末早上8:00开始外墙施工，噪音扰民，要求管理部门周末停止施工。 ==> yes  
2025-05-26 13:26:52,115 ChatBI->     INFO     层级抽取文档： 市民反映：普陀区宜川路街道中潭一哩商铺经常性扰民。9月18日凌晨5:00开始，工程车噪音非常大，影响一整条路的居民，无人管理 ，中潭一哩商铺管理方只为生意，一直出现各种扰民现象，没有得到过很好的治理，对周边居民正常休息造成了很恶劣的影响。市民表示如管理方需要视频，市民可以提供。诉求：希望管理部门核实整治扰民问题。 ==> yes  
2025-05-26 13:26:52,116 ChatBI->     INFO     层级抽取文档： 市民补充信息：市民表示窗户紧闭依然可以听到巨大声响。诉求地址：嘉定区安亭镇曹安公路与墨玉路交叉口西50米【最近派发的工单编号：20241206000078，工单内容：12月6日0:30上述地址路口向西处在道路施工，市民表示噪音扰民，诉求：望有关部门协调避免噪音扰民。（市民要求信息保密 无需回复）】 ==> yes  
2025-05-26 13:26:52,116 ChatBI->     INFO     层级抽取文档： 市民来电咨询:市民称楼上居民扰民，希望管理部门告知住宅区的噪音标准是多少分贝，希望管理部门告知。 ==> yes  
2025-05-26 13:26:52,298 ChatBI->     INFO     step_scores: ['yes', 'yes', 'yes', 'yes', 'yes', 'yes', 'yes', 'yes', 'yes', 'yes']
2025-05-26 13:26:52,298 ChatBI->     INFO     层级抽取文档： 市民来电反映:上述地址第一烤场烧烤店存在噪音扰民现象。市民表示该商铺的鼓风机发出噪音，影响周边居民生活。噪音从傍晚开始持续到凌晨。诉求：希望管理部门核实制止噪音扰民行为。（市民要求信息保密 需回复） ==> yes  
2025-05-26 13:26:52,298 ChatBI->     INFO     层级抽取文档： 市民来电反映:上述地址商场中有商铺正在装修，不知道是哪个商铺，可晚上23:00左右还在施工，产生了剧烈噪音，严重扰民，故来电。现诉求：望管理部门查实，处理该违规装修行为 ==> yes  
2025-05-26 13:26:52,298 ChatBI->     INFO     层级抽取文档： 市民反映：谈家桥163小区隔壁汽车站前宿舍正在进行房屋装修工作，每天06：00多开始施工，剔凿的声音特别响，装修应该是08：00以后，施工超分贝，扰民。诉求：请整治装修扰民。（市民要求信息保密，需要回复） ==> yes  
2025-05-26 13:26:52,298 ChatBI->     INFO     层级抽取文档： 市民来电反映:上述地址业主4月21日早上8：00后开始装修，声音过响。诉求：请管理部门核实投诉噪音扰民。（市民要求信息保密 需回复） ==> yes  
2025-05-26 13:26:52,298 ChatBI->     INFO     层级抽取文档： 市民反映：上述地址楼上穿硬底鞋在夜间21,22:00至23:00和清晨5,6:00点钟来回走动或者打扫，造成噪音扰民，已严重影响居民休息，多次自行沟通无效果甚至变本加厉，也报警处理，仍未改善。诉求：请管理部门派人协调解决噪音扰民事宜。 ==> yes  
2025-05-26 13:26:52,298 ChatBI->     INFO     层级抽取文档： 市民来电反映:市民表示上述地址在工作日的8:00—18:00之外的工作时间进行装修，且发生很响的噪音，影响到其他居民正常休息，其有视频录音证据。诉求：请管理部门核实处理装修噪音扰民的问题。（市民要求信息保密 需回复） ==> yes  
2025-05-26 13:26:52,298 ChatBI->     INFO     层级抽取文档： 市民来电反映:上述地址装修扰民，具体房间号不知道。近期每天从7:20分开始施工，使用噪音机械作业，持续到晚上21:00结束。夜间施工频率不高，但是基本上每天08:00之前施工。诉求：希望管理部门核实，要求遵守施工规范，不要过早噪音扰民。（市民需要信息保密，需回复） ==> yes  
2025-05-26 13:26:52,299 ChatBI->     INFO     层级抽取文档： 市民来电补充信息，市民补充信息内容为市民多次通过本热线向管理部门反映，但是管理部门一直没有给到市民回复，市民强调上述地址，道路施工已经持续2个多月了。诉求：请管理部门核实尽快联系市民。【最近派发的工单编号：20231209022614，工单内容：市民来电反映:上述位置之前11月中旬已经进行过夜间道路施工，噪音十分扰民，现在又开始准备夜间施工扰民。诉求：要求不要在21:00后进行施工扰民。】 ==> yes  
2025-05-26 13:26:52,299 ChatBI->     INFO     层级抽取文档： 市民补充信息内容为来电告知每天12:00-14:00依旧装修噪音扰民，之前只好了两天，要求能把好的那两天坚持下去【最近派发的工单编号：20240510002537，工单内容：市民来电反映:上述住户8:00开始装修，导致噪音扰民，诉求：请管理部门核实，让其把有声音的工作可以放在8:30以后发出。（市民要求信息保密 无需回复）】 ==> yes  
2025-05-26 13:26:52,299 ChatBI->     INFO     层级抽取文档： 市民来电反映:上述地址周末装修，从2月24日08:00开始装修，用凿子装修发出噪音，严重影响周边居民休息。诉求：请管理部门核实，让该居民做好放噪音防治措施，不要扰民。（市民需要信息保密，需回复）
 ==> yes  
2025-05-26 13:26:52,493 ChatBI->     INFO     step_scores: ['yes', 'yes', 'yes', 'yes', 'yes', 'yes', 'yes', 'yes', 'yes', 'yes']
2025-05-26 13:26:52,493 ChatBI->     INFO     层级抽取文档： 【重新交办，要求：答复要点与实际情况不符，市民表示问题并未解决，现其前往居委会反映该问题，工作人员还推三阻四，不负责任。诉求：希望管理部门核实制止扰民行为，给予合理解释。最近办结的工单编号:20240107021545工单内容：市民来电反映:上述地址半夜噪音问题，反映后就好了几天，现在又死灰复燃，一会儿咣当又咣当的声音，让人受不了，诉求：希望管理部门尽快处理扰民问题。】 ==> yes  
2025-05-26 13:26:52,493 ChatBI->     INFO     层级抽取文档： 市民来电反映:其为万科城的居民，上述地址为一个商场，不知道商场的什么设备一直有噪音，夜间非常响。严重影响周边居民休息。诉求：望管理部门核实能解决噪音问题。（市民要求信息保密 需回复） ==> yes  
2025-05-26 13:26:52,493 ChatBI->     INFO     层级抽取文档： 市民补充信息内容为工作人员联系了自己会处理，但9月28日7:00开始工地又开始施工，噪音扰民严重，要求管理部门尽快调整工地施工时间【最近派发的工单编号：20240926001610，工单内容：市民来电反映:上述地址处建筑工地，存在噪音扰民现象。每天7:00多就开始施工，使用钻机钻地，发出巨大噪音，影响周边居民休息。诉求：希望管理部门核实制止噪音扰民行为，延晚时间。（市民要求信息保密 需回复）】 ==> yes  
2025-05-26 13:26:52,493 ChatBI->     INFO     层级抽取文档： 市民来电反映:该处地址小区外面在施工，做雨水工程，6:40分就开始了，噪音扰民了，诉求：要求7:00之后在施工。 ==> yes  
2025-05-26 13:26:52,493 ChatBI->     INFO     层级抽取文档： 市民来电反映:上述地址22:00后修路施工，噪音扰民严重，之前都是22:00就结束了，但是6月18日22:00之后还在施工，市民不清楚该处是否有夜间施工许可证，诉求：请管理部门核查避免该处夜间施工扰民。（市民要求信息保密 无需回复） ==> yes  
2025-05-26 13:26:52,494 ChatBI->     INFO     层级抽取文档： 市民来电反映:7月10号6:00开始普陀区江宁路长寿路圣天地公寓楼下马路施工，噪音扰民，他们在扔钢管，在15楼都听得到。诉求：不要这么早施工扰民，至少8:00以后。（市民要求信息保密，需回复） ==> yes  
2025-05-26 13:26:52,494 ChatBI->     INFO     层级抽取文档： 市民反映：上述地址世界外国语中学开学至3月1日，每天食堂排风噪音响，学生在食堂内喧哗吵闹，噪音扰民，严重影响居民正常休息。诉求：请管理部门协调学校解决扰民行为。 ==> yes  
2025-05-26 13:26:52,494 ChatBI->     INFO     层级抽取文档： 市民反映：上述地址饭店长期通宵营业，排风管道噪音大，且距居民区不足一米，时常晚上发出锅碗瓢盆的声音，导致居民夜间无法开窗通风，询问若饭店有噪音，与居民区是否有距离规定，以及噪音是否符合标准。诉求：投诉饭店噪音扰民。 ==> yes  
2025-05-26 13:26:52,494 ChatBI->     INFO     层级抽取文档： 【重新交办,要求：按答复要点告知市民,市民表示答复要点不明确,噪音情况依旧，并无任何改善。原诉求不变。最近办结的工单编号:20231127004948，工单内容:重新交办,要求：按答复要点告知市民,市民表示答复要点不明确,该开发商的噪音问题一直存在，已对市民造成了神经衰弱。诉求：请管理部门核实并尽快处理该地址的装修扰民的问题。工单内容:市民来电反映:上述地址地下室内有人施工，有木材，工具，好像还居住于此，扰民严重，物业说是正常小区施工，每天九、十点开始作业，诉求：要求整顿扰民现象。（市民要求信息保密 需回复）】 ==> yes  
2025-05-26 13:26:52,494 ChatBI->     INFO     层级抽取文档： 市民补充信息，中华人民共和国环境噪声污染防治法规定法定休息日节假日中午12:00-14:00,18:00-次日8:00都不能在已交付使用的住宅内进行产生噪声的装修.【最近派发的工单编号:20240115025791，工单内容：重新交办，要求：按答复要点告知市民，市民表示管理部门答复要点与实际不符。管理部门称“经核实，工作日下午是法定允许装修的时间，装修居民可以在此时段进行装修，但是市民表示事实并非如此。该处的目前虽然没有电钻声音，但其他的施工噪音（类似敲墙的声音）仍对市民造成影响。诉求：希望管理部门核实，并针对施工噪音扰民问题，加大整治力度，彻底解决。最近办结的工单编号，工单内容：市民来... ==> yes  
2025-05-26 13:26:52,694 ChatBI->     INFO     step_scores: ['yes', 'yes', 'yes', 'yes', 'yes', 'yes', 'yes', 'yes', 'yes', 'yes']
2025-05-26 13:26:52,694 ChatBI->     INFO     层级抽取文档： 市民来电反复催单。市民来电反映：10月15日晚上又继续噪音扰民。请管理部门尽快处理，不然市民表示天天来电投诉。【最近派发的工单编号：20241015000179，工单内容：市民来电反映:上述饭店内在唱歌，一直要唱到05：00左右，喝酒、发酒疯非常吵，其表示或者把门关了，非常的吵。诉求：不要半夜唱歌避免扰民。（市民要求信息保密 无需回复）】 ==> yes  
2025-05-26 13:26:52,694 ChatBI->     INFO     层级抽取文档： 市民来电反映:上述地址棋牌室扰民，还没说完市民自行挂断。 ==> yes  
2025-05-26 13:26:52,694 ChatBI->     INFO     层级抽取文档： 市民反映：樱花路469弄小区内有中心广场，每日晚间19：00至20:00会有许多阿姨成群集结跳广场舞，广场舞的音乐声音严重扰民，严重影响了周边住户的晚间作息，影响学生做作业与学习。小区居民曾多次与物业公司沟通让其进行劝阻，但无任何改观，物业公司对夜间广场舞扰民问题不作为。2024年9月5日夜间有居民报警广场舞扰民，民警来现场处置后广场舞暂停了一会，但出警的民警离开不到几分钟，广场舞仍然在继续。诉求：希望有效处理噪音扰民问题，以免矛盾加剧。（市民要求信息保密，需要回复） ==> yes  
2025-05-26 13:26:52,694 ChatBI->     INFO     层级抽取文档： 市民来电反映:上述商铺正在装修，9月28日早上开始敲墙噪音扰民。诉求：请管理部门核实投诉装修噪音。（市民要求信息保密 无需回复） ==> yes  
2025-05-26 13:26:52,694 ChatBI->     INFO     层级抽取文档： 市民来电反映:其为国顺东路26弄居民，近期其小区门口的国顺东路每天通宵进行道路施工，施工噪音严重影响周边居民休息，导致影响市民生活和白天的工作。诉求：望管理部门核实要求不要夜间施工扰民。（需回复） ==> yes  
2025-05-26 13:26:52,694 ChatBI->     INFO     层级抽取文档： 市民反映：安联湖山悦目前未交付，日夜施工严重扰民，不管是双休日还是工作日都施工至1:00-2:00，4:00-5:00又开始施工，各种大型工程车持续轰鸣，严重影响到旁边一路之隔的境秋悦庭小区居民的正常生活。诉求：投诉夜间施工扰民。（市民要求信息保密，需要回复） ==> yes  
2025-05-26 13:26:52,695 ChatBI->     INFO     层级抽取文档： 市民来电反映:上述小区门口在修路，电钻声音非常响，影响周围居民休息。诉求：希望管理部门协调要求规范施工时间，不要噪音扰民。（市民要求信息保密 无需回复） ==> yes  
2025-05-26 13:26:52,695 ChatBI->     INFO     层级抽取文档： 市民来电反映:上述地址中科路在通宵进行地铁施工，噪音扰民，诉求：要求管理部门处理施工噪音问题（市民要求信息保密 需回复） ==> yes  
2025-05-26 13:26:52,695 ChatBI->     INFO     层级抽取文档： 【重新交办，要求：答复要点与实际情况不符,盒马NB中潭路门店半夜卸货扰民，图片拍摄于半夜十二点（详见附件）。问题持续反复，让周边居民休息不堪其扰。诉求：请管理部门制止噪音扰民。最近办结的工单编号：20240805041705，工单内容：市民来电反映：上述地址门店经常在夜间配送货物，噪音扰民严重，其之前有来电反映过，情况好转了一阵子，最近又开始死灰复燃了，8月5日晚上23:00左右，配送人员在楼下一边卸货，一边大声喧哗，还有随车带了小孩，在楼下吵吵闹闹，卸货的时候也是大力往地上扔东西，噪音扰民问题又出现了。诉求：希望管理部门再次派人整治。（市民要求信息保密，需要回复）】 ==> yes  
2025-05-26 13:26:52,695 ChatBI->     INFO     层级抽取文档： 市民来电反映:市民表示上述地址于3月23日15:00多就听到了施工的噪音，但于晚上20:00多还在进行施工，且发出很响的噪音，并且施工时间还是双休日，影响到了附近居民的休息。诉求：请管理部门核实处理施工噪音扰民的问题，回复市民施工时间是几点到几点，并严格遵守施工时间进行施工，避免影响到周边的居民休息。 ==> yes  
2025-05-26 13:26:52,904 ChatBI->     INFO     step_scores: ['yes', 'yes', 'yes', 'yes', 'yes', 'yes', 'yes', 'yes', 'yes', 'yes']
2025-05-26 13:26:52,904 ChatBI->     INFO     层级抽取文档： 市民来电反映:上述地址有一家巴拉巴拉童装店，每天用喇叭播放促销广告。诉求：投诉噪音扰民。（市民要求信息保密 无需回复） ==> yes  
2025-05-26 13:26:52,904 ChatBI->     INFO     层级抽取文档： 市民来电反映:其11月24日到浦江郊野公园游玩，从15:00左右开始公园儿童乐园奇迹花园附近上空一直有直升机，噪音扰民严重。市民诉求：希望管理部门对于该处直升机噪音扰民问题进行处理，希望让直升机避开该区域。（市民要求信息保密 需回复） ==> yes  
2025-05-26 13:26:52,904 ChatBI->     INFO     层级抽取文档： 市民来电反映: 市民表示上述地址双休日在做装修，应该是103室，噪音扰民。敲墙声很大。诉求：要求降低施工噪音。（信息保密，无需回复） ==> yes  
2025-05-26 13:26:52,904 ChatBI->     INFO     层级抽取文档： 重复来电：反应相同事项。【最近办结的工单编号：20241009040428，工单内容：市民来电反映:2024年10月9日19:30左右，上述地址的小区门口，场中路上在道路施工，其在家里测分贝都超过80分贝了。市民表示，该处施工，白天也有施工，晚上也会施工，已经施工很久了，噪音很大，存在噪音扰民。诉求：请管理部门尽快查处噪音扰民的问题。（信息保密 需要回复）】 ==> yes  
2025-05-26 13:26:52,904 ChatBI->     INFO     层级抽取文档： 市民来电反映:8月25日7:00左右，上述工地上有注水泥的车辆不停地按喇叭，噪音扰民，市民表示之前已报警处理，警方称是自动按喇叭的，待警方离开后，又开始按喇叭了。诉求：请管理部门核实，禁止扰民。（市民要求信息保密 无需回复） ==> yes  
2025-05-26 13:26:52,905 ChatBI->     INFO     层级抽取文档： 市民来电反映:上述地址，文怡花园小区旁边新开一家烧烤店”光头海鲜烧烤“。该烧烤店与居住地址距离不到10米，油烟扰民，导致家人晚间不能休息，诉求：请管理部门核实，采取措施，不要油烟扰民。（市民需要信息保密，需回复）
 ==> yes  
2025-05-26 13:26:52,905 ChatBI->     INFO     层级抽取文档： 【重新交办,要求：按答复要点告知市民,市民表示答复要点不明确,该地点的饭店油烟扰民依然很严重，没有得到改善，且风机一直开着噪音也吵到居民。诉求：请管理部门查处饭店的油烟和噪音扰民。最近办结的工单编号:20240123006264，工单内容:市民来电反映:在小区裙楼里开饭店，油烟管道对着小区排放，油烟扰民，只要营业时间都在排放油烟，已经持续了一周，该处是小区裙楼不可以开饭店，要求管理部门核实情况予以确认。】 ==> yes  
2025-05-26 13:26:52,905 ChatBI->     INFO     层级抽取文档： 市民来电反复催单。催单原因：市民称管理部门至今未给予任何回复，请管理部门尽快处理。【最近派发的工单编号：20241013020257，工单内容：市民来电反映:上述地址民房擅自在1楼2楼中间搭建阁楼出租，每天夜间22:00-00:00间，租户会大声尖叫夹杂着狗叫十分吵闹，多次与其沟通，对方不予理睬，报警警察告知等其尖叫时才能反映，房东联系方式：马先生15305580797。诉求：希望解决噪音扰民问题。（市民要求信息保密 需回复）】 ==> yes  
2025-05-26 13:26:52,905 ChatBI->     INFO     层级抽取文档： 市民来电反映:该处地址有人在广场这里吹笛子，16:30分开始，噪音扰民了，诉求：要求解决噪音问题。（市民要求信息保密 需回复） ==> yes  
2025-05-26 13:26:52,905 ChatBI->     INFO     层级抽取文档： 【重新交办,要求：按答复要点告知市民,市民表示反映之后一直都还是有半夜犬吠扰民问题，是上述地址附近居民散养在外的犬只，2、3只中型犬，天一亮不叫但天黑就在叫，没有和居委、派出所反馈，诉求：市民希望管理部门站在居民角度，能有效解决犬吠扰民问题。（市民要求信息保密... ==> yes  
2025-05-26 13:26:53,076 ChatBI->     INFO     step_scores: ['yes', 'yes', 'yes', 'yes', 'yes', 'yes', 'yes', 'yes', 'yes', 'yes']
2025-05-26 13:26:53,077 ChatBI->     INFO     层级抽取文档： 市民来电补充信息。市民补充信息内容为6月30日0:00-3:00左右有排风管道的声音，噪音严重扰民，希望管理部门核实处理。【最近派发的工单编号：20240622004120，工单内容：市民来电反映:投诉浦东新区杨高中路758号苏先生海鲜存在噪音扰民问题，市民表示是该处不知道什么机器的噪音，一直存在震动的噪音，之前还好，从2024年6月21日开始比较严重。诉求：希望管理部门核实整治噪音扰民问题。（市民要求信息保密 需回复）】 ==> yes  
2025-05-26 13:26:53,077 ChatBI->     INFO     层级抽取文档： 市民反映：其为周秀路398弄4号301室的居民，最近楼上居民22:00后还一直弹琴，有很大的噪声，影响市民一家休息，诉求：希望管理部门上门劝诫。 ==> yes  
2025-05-26 13:26:53,077 ChatBI->     INFO     层级抽取文档： 市民反映：23:00-8:00在上述路段桥面与路面连接处不平，上下桥有明显声音，经过的大车也非常多，十分影响休息和生活。诉求：请管理部门核实处理噪音问题。（市民要求信息保密，需要回复） ==> yes  
2025-05-26 13:26:53,077 ChatBI->     INFO     层级抽取文档： 市民来电反映:上述地址晚上22:00-0:00一直有大卡车长鸣笛严重扰民。市民诉求：望相关部门核实在周边设置禁止鸣笛标志。（市民要求信息保密 需回复） ==> yes  
2025-05-26 13:26:53,077 ChatBI->     INFO     层级抽取文档： 市民来电补充信息。市民补充信息内容为：市民表示是上述地址7幢1,2楼在进行装修，8月17日7:28分又在装修，影响居民休息，希望管理部门尽快处理。（市民要求信息保密，无需回复）【最近派发的工单编号：20240815000763，工单内容：市民来电反映:上述地址1号、2号楼有商铺，其每天7：00不到就开始施工噪音扰民，已经有好几天了。诉求：希望管理部门核实规范施工时间，不要太早噪音扰民。（市民要求信息保密 无需回复）】 ==> yes  
2025-05-26 13:26:53,077 ChatBI->     INFO     层级抽取文档： 市民来电反映:上述居民家里感觉有很多人，每到晚上就很吵。诉求：希望管理部门核实，是否群租。（市民要求信息保密 需回复） ==> yes  
2025-05-26 13:26:53,077 ChatBI->     INFO     层级抽取文档： 【重新交办，答复要点与实际情况不符。市民表示沟通门卫不让进去，实际上没有改善，该人员还是反复进出扰民，每天都这样严重影响居民休息。诉求：严格执行管理。最近办结的工单编号：20231217010374，工单内容：重新交办,要求：按答复要点告知市民,市民表示答复要点不明确,目前还是老样子没有改善，当时处理人员比较消极表示无法处理。诉求：请上级管理部门继续介入处理。上述地址每天最早到6:00最晚到18:00有六七个人分别骑三轮车进小区播回收家电家具的录音，噪音扰民。小区门卫也让这些人进入。诉求：要求核实制止噪音扰民。（市民要求信息保密 需回复）】 ==> yes  
2025-05-26 13:26:53,077 ChatBI->     INFO     层级抽取文档： 市民来电反映:上述地址每天18:00-21:00有几百人在跳广场舞，有外置扩音设备，产生噪音扰民，该情况已经持续2年，诉求：请管理部门核实情况整治。（市民要求信息保密 需回复） ==> yes  
2025-05-26 13:26:53,077 ChatBI->     INFO     层级抽取文档： 市民来电反映:上述地址每天早上8点开始就有其他业主使用外扩音社保播放音乐，练拳、练声、唱歌严重影响市民的正常生活。有向物业反映过，但是未果，诉求：请管理部门督促协调制止扰民行为。（市民要求信息保密 需回复） ==> yes  
2025-05-26 13:26:53,077 ChatBI->     INFO     层级抽取文档： 市民来电反复催单。催单原因：市民称管理部门至今未给予任何回复，请管理部门尽快处理。【最近派发的工单编号：20240419000097，工单内容：市民来电反映: 4月19日01:00左右中山北路2088号附近的中山北路还在进行道路施工，导致噪音扰民，影响周围居民休息，诉求：市民要求处理夜间施工扰民问题】 ==> yes  
2025-05-26 13:26:53,265 ChatBI->     INFO     step_scores: ['yes', 'yes', 'yes', 'yes', 'yes', 'yes', 'yes', 'yes', 'yes', 'yes']
2025-05-26 13:26:53,265 ChatBI->     INFO     层级抽取文档： 市民反映：小区内多家民宿，如21号801室，且夜间扰民严重，沟通无果，物业不作为，或者说这是物业承包的业务。居民楼内设置此类民宿、旅馆等是否合法，每天都有不同流动人口出入小区、楼道是否安全，是否会带来不知名传染病。诉求：投诉居民楼内有民宿旅馆扰民。（市民要求信息保密，需要回复） ==> yes  
2025-05-26 13:26:53,265 ChatBI->     INFO     层级抽取文档： 办理结果不满：每天晚上12：00准时开始野蛮施工，工人大声说话，挖土机开工，严重扰民，孩子已经连续一个月睡不好觉，严重的噪音让市民妻子每天都吃安眠药才能入睡，市民表示白天完全可以施工，并没有影响交通，希望核查为何一定要在深夜施工。之前的诉求没有任何回复。【最近派发的工单编号：20241018003114，工单内容：市民反映：上述地址经常野蛮施工至通宵，强大的噪音，工人的大声交谈，让居民无法入睡，严重影响了孩子的睡眠。这条路每年几乎超过一大半的时间在修路，反复修（详见附件）。诉求：请管理部门解决噪音扰民问题。】 ==> yes  
2025-05-26 13:26:53,265 ChatBI->     INFO     层级抽取文档： 市民来电反映:上述路段夜间渣土车搅拌车扰民。诉求：建议该路段晚间时间段限行。（市民要求信息保密 需回复） ==> yes  
2025-05-26 13:26:53,265 ChatBI->     INFO     层级抽取文档： 市民来电反映:市民来电补充信息。市民补充信息内容为市民表示是112号楼。【最近派发的工单编号：20240914026649，工单内容：市民来电反映:上述地址万源新城三期的居民楼存在装修扰民。其从9:00左右到16:00左右一直装修。已经持续1个月。还不清楚是哪一户在装修。市民有视频。市民诉求：希望管理部门解决装修扰民问题。（市民要求信息保密，无需回复）】 ==> yes  
2025-05-26 13:26:53,265 ChatBI->     INFO     层级抽取文档： 【重新交办，要求：答复要点与实际情况不符，市民反映管理部门从来没有联系过市民，市民对于管理部门所说的不满足监测条件不认可，表示自己有凭证，同时对于管理部门答复中未找到有关钢筋的生产加工企业不认可，表示其反映的主要是大货车运输时产生的噪音。诉求：原诉求不变。最近办结的工单编号:20240611008288工单内容：市民来电反映:上述地址工厂，每天4:00-5:00开始弄钢筋以及大货车发出的噪音，扰民严重，分贝超过65。严重影响周边居民正常生活。包括端午节也在正常施工。市民表示反映多次，之前都是村委会处理的，但是村委会无执法权无效果。诉求：要求整治工厂噪音扰民。】 ==> yes  
2025-05-26 13:26:53,265 ChatBI->     INFO     层级抽取文档： 市民来电反映:上海隧道有限公司。上述地址桥梁施工。11月19日23:00-3,4:00，使用大功率钻头施工噪音扰民。市民表示其有夜间施工证，但也不应该在晚上使用大功率工具。拓宽桥梁本身车流量不大，也不是必经之路，可以白天封路施工，施工安排不合理。诉求：调整施工时间，不要噪音扰民。 ==> yes  
2025-05-26 13:26:53,265 ChatBI->     INFO     层级抽取文档： 市民来电补充信息。市民补充信息内容为对方4月21日7:00就开始使用钻头钻墙施工，严重噪音扰民。希望管理部门核实尽快处理。【最近派发的工单编号：20240420004499，工单内容：市民来电反映:上述地址商铺，4月20日周六早上7点就开始噪音装修，严重扰民。诉求：要求按照规定时间段进行装修作业。（市民要求信息保密 无需回复）】 ==> yes  
2025-05-26 13:26:53,265 ChatBI->     INFO     层级抽取文档： 市民来电反映:江浦路周家嘴路路口最近有道路施工，起重机挖路导致有噪音，从夜里施工到凌晨4:00左右，持续好几天了，诉求：希望有关部门解决该处夜间施工扰民的问题。 ==> yes  
2025-05-26 13:26:53,265 ChatBI->     INFO     层级抽取文档： 市民重复来电核实处理进度。【最近办结的工单编号:20240324001006，工单内容:市民来电反映:3月24日7:00多上述地址居民家中开始装修，噪音非常大。诉求：请管理部门核实整治，要求8:30之后装修。（市民要求信息保密 需回复）】 ==> yes  
2025-05-26 13:26:53,265 ChatBI->     INFO     层级抽取文档： 【重新交办，要求：答复要点与实际情况不符，该处现早上6点就开始施工，噪音已超过70分贝，影响周边居民生活，希望管理部门尽快处理解决（市民要求信息保密，无需回复）。最近办结的工单编号：20240521033434，工单内容：市民来电反映:工地在6:00就开始作业，吵到市民无法休息，之前反映后得到改善，近期死灰复燃，每天清晨钢筋卸货，吊钢筋声音，大型器械声音，非常扰民，已经持续二周，周末也是6:00开工，违反政策，诉求：要求管理部门核实制止清晨工地噪音扰民，延后进行大噪音施工项目。（市民要求信息保密 无需回复）】 ==> yes  
2025-05-26 13:26:53,454 ChatBI->     INFO     step_scores: ['yes', 'yes', 'yes', 'yes', 'yes', 'yes', 'yes', 'yes', 'yes', 'yes']
2025-05-26 13:26:53,454 ChatBI->     INFO     层级抽取文档： 市民来电反映:上述地址园区有一幢带液晶屏的大楼，在楼顶有一排风机，运行时产生噪音扰民，诉求：要求管理部门处理噪音问题（市民要求信息保密 需回复） ==> yes  
2025-05-26 13:26:53,454 ChatBI->     INFO     层级抽取文档： 市民来电反映:上述地址棋牌室每天12:30-17:00、19:00一直到凌晨都在进行打牌，噪音扰民严重，诉求：希望管理部门核查管理该问题。（市民要求信息保密 无需回复） ==> yes  
2025-05-26 13:26:53,455 ChatBI->     INFO     层级抽取文档： 市民来电反映:凤凰湘语，饭店3层L310-312，油烟非常严重，旁边是孩子玩乐的天空之城，影响孩子。诉求：投诉油烟扰民。 ==> yes  
2025-05-26 13:26:53,455 ChatBI->     INFO     层级抽取文档： 市民反映：已经连续两个周末，楼道里有人装修。和居委反映过，但是从来都没有后续，仍然每个周末都在装修。非常的吵，小孩子录视频交作业都会把装修的声音录到视频中。第一个星期和居委反应态度极差。第二个星期当有吵装修吵闹声出现时，打电话给居委，问居委你听得到吗，居委说听不到。他们是故意装听不到，还是并不想处理这个事情。其有录视频声音。诉求：请管理部门制止噪音扰民。 ==> yes  
2025-05-26 13:26:53,455 ChatBI->     INFO     层级抽取文档： 市民来电反映:浦东新区泥城镇凌波苑小区南门马路对面，最近几天开始 每到16：00-19：00就有播放高音喇叭，市民称内容好像是关于理发的，噪音扰民，望管理部门 劝阻不要播放喇叭。（需回复） ==> yes  
2025-05-26 13:26:53,455 ChatBI->     INFO     层级抽取文档： 市民来电反映:502室是群租房，夜场的工作人员经过半夜回家制造各种噪音，影响周围邻居。向居委投诉过一次没用。诉求：请管理部门核实投诉噪音污染。（市民要求信息保密 需回复） ==> yes  
2025-05-26 13:26:53,455 ChatBI->     INFO     层级抽取文档： 【重新交办，要求：根据答复市民要点告知市民，市民表示答复要点不明确，市民称该处施工噪音扰民的问题没有得到解决，双休日也在施工，分贝远远超过规定。市民表示城管没有及时解决问题，只是在市民反映后的第14、5天联系市民表示管不了。请管理部门尽快解决噪音问题。最近办结的工单编号:20241001001739，工单内容：市民来电反映:上述工地10月1日6点多开始施工，持续有挖掘的声音扰民，导致市民没法开窗，其认为国庆期间不应该施工。诉求：请管理部门核实尽快解决噪音问题，国定节假日不要施工。（需回复）】 ==> yes  
2025-05-26 13:26:53,455 ChatBI->     INFO     层级抽取文档： 市民来电反映:上述地址景彩路上5月5日6:00多就有人开始道路施工了，严重扰民，希望管理部门核实整治（市民要求信息保密 无需回复） ==> yes  
2025-05-26 13:26:53,455 ChatBI->     INFO     层级抽取文档： 市民来电反映: 最近几个月，上述地址的烧烤店每天经营到很晚，油烟扰民严重。诉求：请管理部门核实，要求尽快整改。（市民要求信息保密 无需回复） ==> yes  
2025-05-26 13:26:53,455 ChatBI->     INFO     层级抽取文档： 市民来电反映:上述地址隔壁的一家工厂，偶尔会喷油漆，会发出严重的油漆味，一个月内有好几次，扰民严重。诉求：希望核实并让其整改。（市民要求信息保密 需回复） ==> yes  
2025-05-26 13:26:53,648 ChatBI->     INFO     step_scores: ['yes', 'yes', 'yes', 'yes', 'yes', 'yes', 'yes', 'yes', 'yes', 'yes']
2025-05-26 13:26:53,649 ChatBI->     INFO     层级抽取文档： 市民来电反映：从早上起每逢有人经过该处，该处内有狗叫扰民，其不清楚是否有犬证，现诉求：望管理部门尽快查处整治。（市民要求信息保密 需回复） ==> yes  
2025-05-26 13:26:53,649 ChatBI->     INFO     层级抽取文档： 市民来电反映:2024年10月3日05:20分左右其听到在普陀区静宁路南郑路有摩托车炸街行为，严重扰民，望管理部门整治查处。（需回复） ==> yes  
2025-05-26 13:26:53,649 ChatBI->     INFO     层级抽取文档： 市民反映：2024年9月以来，顺义路216号的华东政法大学施工严重扰民，不分昼夜不分工作日和周末都在施工（详见附件）。身为周边居民苦不堪言，家有曹杨二中的高中生，正是冲刺紧要关头，每周末工地都在噪音施工，非常影响孩子学习。目前是大清早6点多钟就开始施工，周末也如此。诉求：希望工地能考虑周边居民居住体验，不要在清晨和夜晚以及周末施工就行。（市民要求信息保密，需要回复） ==> yes  
2025-05-26 13:26:53,649 ChatBI->     INFO     层级抽取文档： 市民来电反映:上述地址居民家里正在装修，现2024年1月6日8:00多开始使用电钻，产生严重噪音，影响居民休息。市民表示该问题之前通过12345热线反映过，但现又出现了。诉求：希望管理部门核实制止噪音扰民行为，要求双休日不要装修。（市民要求信息保密 无需回复） ==> yes  
2025-05-26 13:26:53,649 ChatBI->     INFO     层级抽取文档： 【重新交办,要求：按答复要点告知市民,市民表示上述地址仍有活禽交易，噪音扰民现象，诉求：有关部门核实并查处该摊贩，让其停止经营销售活禽。（市民要求信息保密 无需回复）最近办结的工单编号:20231031026140，工单内容:市民来电反映:上述地址门面店每日晚上都会杀鸡杀鸭，导致周围的居民无法休息，气味也非常大。从6:00-17：00一直工作，之前反映过但是一直没有处理。诉求：要求协调能够不要再出现扰民情况。（市民要求信息保密，无需回复）】 ==> yes  
2025-05-26 13:26:53,649 ChatBI->     INFO     层级抽取文档： 市民来电反映:上述地址小区内正在进行施工，施工单位不清楚。现2024年8月25日8:00、9:00就开始施工，产生噪音，影响居民生活。诉求：希望管理部门核实制止施工噪音扰民行为。（市民要求信息保密 需回复） ==> yes  
2025-05-26 13:26:53,649 ChatBI->     INFO     层级抽取文档： 市民来电反映:上述地址小区对面，士林华苑二期建筑工地，每天5:00-6:00以前就开始施工，噪音扰民，影响周边居民正常休息，诉求：希望管理部门核实，要求延迟开工（市民要求信息保密 需回复）。 ==> yes  
2025-05-26 13:26:53,649 ChatBI->     INFO     层级抽取文档： 市民来电反映:其为云昆路261弄逸峰小区50号的居民，房屋旁有一不明归属的通信基站，疑似因大风发出强烈的警报音，严重扰民，请及时处理基站噪音问题。 ==> yes  
2025-05-26 13:26:53,649 ChatBI->     INFO     层级抽取文档： 市民反映：斜土路486弄18号603疑似群租，每日4:00左右多人进出，噪音扰民。诉求：请排查群租。（市民要求信息保密，无需回复） ==> yes  
2025-05-26 13:26:53,649 ChatBI->     INFO     层级抽取文档： 市民来电反映:上述地址做隔间进行出租，增加2个卫生间并且夜间扰民严重，具体群租人数不清楚，诉求：希望核查投诉取缔群租。（市民要求信息保密 无需回复） ==> yes  
2025-05-26 13:26:53,854 ChatBI->     INFO     step_scores: ['yes', 'yes', 'yes', 'yes', 'yes', 'yes', 'yes', 'yes', 'yes', 'yes']
2025-05-26 13:26:53,854 ChatBI->     INFO     层级抽取文档： 市民反映：上述地址非机动车道上的窨井盖松动，车子驶过时噪声很响影响附近居民休息（详见附件）。诉求：希望管理部门尽快整改。（市民要求无需回复） ==> yes  
2025-05-26 13:26:53,854 ChatBI->     INFO     层级抽取文档： 市民来电反复催单。催单原因：市民称管理部门至今未给予任何回复，请管理部门尽快处理。【最近派发的工单编号：20240808000049，工单内容：市民来电反映:8月8日0：16分宝山区龙湖北城天街6号楼1204室内传走路的噪音，影响周边居民正常生活，该现象已经四天了，现诉求：请管理部门协调让对方不要夜间发出噪音产生扰民。（（市民要求信息保密 需回复）】 ==> yes  
2025-05-26 13:26:53,854 ChatBI->     INFO     层级抽取文档： 市民来电反映:上述地址卖肉的店铺（名称市民不清楚）每天7:00-12:00使用高音喇叭播放广播，噪音严重扰民，市民此次来电称相关部门之前已处理，目前又死灰复燃。诉求：希望管理部门核实整改。（市民要求信息保密 无需回复） ==> yes  
2025-05-26 13:26:53,854 ChatBI->     INFO     层级抽取文档： 市民来电反映:上述地址办公大楼空调压缩机白天和晚上有噪音扰民，晚上尤其严重，关注处理结果，影响建德路9号瑞德公寓。诉求：请管理部门尽快处理。（市民要求信息保密 无需回复）    ==> yes  
2025-05-26 13:26:53,854 ChatBI->     INFO     层级抽取文档： 市民来电反映:上述地址，车辆入口处边上的沿街商铺：震轩理发店（不清楚是否有营业执照），该店不分白天黑夜一直搞庆典音乐放得很吵、很响，严重扰民。报过警，警察也去过多次，一直屡禁不止，质疑执法公信力，该情况已约有一年了。诉求：取缔该商铺。（市民要求信息保密，需要回复） ==> yes  
2025-05-26 13:26:53,855 ChatBI->     INFO     层级抽取文档： 市民来电反复催单。催单原因：市民称管理部门至今未给予任何回复，请管理部门尽快处理【最近派发的工单编号：20240503019051，工单内容：【重新交办，要求：按答复要点告知市民，市民表示油烟扰民行为没有任何好转，诉求：请管理部门核实尽快整治。（需回复）最近办结的工单编号：20240407045193，工单内容：重新交办,要求：按答复要点告知市民,市民表示答复要点不明确,油烟设备开启，但是每天19:30分都能闻到油烟味。诉求：投诉油烟扰民，请处理。工单内容:市民来电反映:静安区陕西南路162号新开一家新疆烤肉，店铺营运排烟，油烟扰民，要求禁止在该处经营烤肉店。（需回复）】 ==> yes  
2025-05-26 13:26:53,855 ChatBI->     INFO     层级抽取文档： 市民来电反映:5月1日11:15左右上述地址有直升机盘旋，产生噪音严重，且直升机基本每天都会飞到此处上空，诉求：要求禁止直升机在居民区飞行，影响居民休息，市民也希望了解直升机这样飞行扰民是否接受过航道部门的授权 ==> yes  
2025-05-26 13:26:53,855 ChatBI->     INFO     层级抽取文档： 【重新交办，要求：答复要点与实际情况不符，新元南路近同顺大道，新元南路是城市主干道仍旧集卡，土方车日夜流量巨大，集卡、土方车发动机的轰鸣声和集卡车架产生的噪音严重超标。2019年开始，居民们一直不停在向临港建交处反映，建交处无法采取任何有效措施，巨大噪音没有任何改善。一直写改善桥头跳坡，消除井框差，写到安装违停电子警察，写到加强道路养护，确保道路平整无坑哇，但实际都没有做到位。诉求：请管理部门尽快解决噪音扰民事宜。最近办结的工单编号：20240418001659，工单内容：噪音严重超标，三次市级专业检测机构检测下来都是严重超标，要求临港生态处解决处理。（需要回复）【最近派发的工单编号:2... ==> yes  
2025-05-26 13:26:53,855 ChatBI->     INFO     层级抽取文档： 市民来电反映:上述地址上膳源生鲜店，每天7:00开始使用喇叭播报价格和促销信息，招揽生意，噪音扰民，诉求：希望管理部门核实，禁止使用或降低音量（市民要求信息保密 需回复）。 ==> yes  
2025-05-26 13:26:53,855 ChatBI->     INFO     层级抽取文档： 【重新交办，要求：按答复市民要点告知市民，市民表示答复市民要点与实际情况明显不符，市民表示该问题并未根本解决，仍然存在噪音扰民情况。诉求：同前。（需回复）最近派发的工单编号:20240725002207，工单内容:市民来电反映:上述地址有一个水泥中转站，2024年7月25日5点就开工了，最近都是6点左右就开始施工，该问题之前有向嘉定区人民政府，好了半个月的样，该情况死灰复燃。诉求：望管理部门再次核实并处理该处的噪音问题。】 ==> yes  
2025-05-26 13:26:54,062 ChatBI->     INFO     step_scores: ['yes', 'yes', 'yes', 'yes', 'yes', 'yes', 'yes', 'yes', 'yes', 'yes']
2025-05-26 13:26:54,062 ChatBI->     INFO     层级抽取文档： 市民来电反映:其住的地方距离上述地址的吉宝静安中心，直线距离大概200米，近期该中心晚上开启了霓虹灯，还放音乐，都扰民了，影响周边居民特别是小孩的休息，诉求：请管理部门核实要求该中心一整天都不要放音乐和开霓虹灯。（市民要求信息保密 无需回复） ==> yes  
2025-05-26 13:26:54,062 ChatBI->     INFO     层级抽取文档： 市民来电咨询:上述地址在进行装修时发出的噪音太大，其想知道是否有装修噪音分贝数不能超过多少的规定。诉求：希望管理部门核实告知。（需回复） ==> yes  
2025-05-26 13:26:54,062 ChatBI->     INFO     层级抽取文档： 市民来电反映:上述地址浦航公寓下有一排商铺，其中一家商铺在营业时间一直使用外置扩音设备拨放DJ音乐、找人喊麦等，噪音非常扰民。诉求：请管理部门核实整治。（市民要求信息保密 需回复） ==> yes  
2025-05-26 13:26:54,063 ChatBI->     INFO     层级抽取文档： 市民来电补充信息。市民补充信息内容为需要管理部门进行回复，联系人：吴女士，电话：13761369399，希望管理部门尽快处理此事。【最近派发的工单编号：20240424005304，工单内容：【重新交办,要求：按答复要点告知市民,市民表示答复要点与实际情况不符，此处拍手噪音扰民依然存在，每天 5:00-5:50期间，管理部门如6:00左右去查看人员已离开，故尽快派人重新核实。 诉求：请管理部门核实，尽快彻底解决此处噪音扰民问题。(市民要求信息保密，无需回复）工单内容:市民来电反映: ... ==> yes  
2025-05-26 13:26:54,063 ChatBI->     INFO     层级抽取文档： 市民反映：右侧邻居将空调外机装在其家洗手间窗户外面，每天开空调，声音像地震，穿过洗手间窗户门，站在客厅都震的人头疼，夜里更是吵的人睡不着（详见附件）。诉求：希望管理部门协调处理噪音扰民。 ==> yes  
2025-05-26 13:26:54,063 ChatBI->     INFO     层级抽取文档： 市民来电反映:上述地址有一个小公园，小公园内每天下午15点-18点都有人员使用外置扩音设备跳广场舞，市民表示天冷的时候窗口都是紧闭的。市民不清楚应该向哪个部门投诉。诉求：投诉噪音扰民，请管理部门核实解决。（需回复） ==> yes  
2025-05-26 13:26:54,063 ChatBI->     INFO     层级抽取文档： 市民反映：黄浦区中山南一路737号汇景天地小区旁的山姆仓储超市开在居民住宅区一楼，每天晚上20:30- 凌晨6:30，仓库内卸货、装货、车轮声、冷库板车搬运货物噪音巨大源源不断，严重扰民，多次与店家协调，但商家利益熏心根本不顾居民。居民报警无数次仍然问题得不到解决，商家态度恶劣丝毫不改导致居民和山姆超市矛盾激励 ，受到长期侵害的居民们忍无可忍即将爆发大规模冲突。诉求：希望管理部门协调解决噪音扰民问题。 ==> yes  
2025-05-26 13:26:54,063 ChatBI->     INFO     层级抽取文档： 【重新交办,要求：按答复要点告知市民,市民表示答复要点不明确，管理部门10月31日联系其称从11月1日开始施工会从07:00改为08:00开始，但11月1日07:00又在施工扰民（市民信息保密需回复）。最近办结的工单编号:20241030009312，工单内容:市民来电反映: 上述地址虹口区环境监测站每天早上7:00-18:00，已经持续20多天，距离广中路30弄小区非常近，严重影响小区居民的正常生活。要求管理部门核实督促该处降低噪音作业。（市民要求信息保密 需回复）】 ==> yes  
2025-05-26 13:26:54,063 ChatBI->     INFO     层级抽取文档： 【重新交办，要求：按答复市民要点告知市民，答复要点不明确。市民表示答复告知双休日10:00后诉求过高，市民不清楚为何是诉求过高，诉求：请管理部门核实后明确解释为何该诉求过高，是否有明文规定。（市民要求信息保密，需回复）最近办结的工单编号：20240423000963，工单内容：市民来电反映:每天08:00不到垃圾车就进入小区收垃圾，发出的噪音发出影响周边居民的正常休息，多次向物业进行反映但无法得到解决，诉求：请管理部门解决噪音扰民问题（市民要求信息保密 需回复）】 ==> yes  
2025-05-26 13:26:54,063 ChatBI->     INFO     层级抽取文档： 市民来电反映:上述地址早上5点左右就在房屋内进行敲打，发出装修噪音。诉求：请管理部门协调，在合理时间内装修。（市民要求信息保密 需回复） ==> yes  
2025-05-26 13:26:54,266 ChatBI->     INFO     step_scores: ['yes', 'yes', 'yes', 'yes', 'yes', 'yes', 'yes', 'yes', 'yes', 'yes']
2025-05-26 13:26:54,266 ChatBI->     INFO     层级抽取文档： 市民补充信息内容为:2024年10月1日06:45就开始施工了，市民来电反馈严重打扰市民休息，村委表示其没有办法强制让停止施工，市民不认可。诉求:不变。【最近派发的工单编号：20240918000593，工单内容：市民来电反映:上述地址自建房施工6:20左右就开始产生噪音扰民的切割声，市民此前反馈过情况，承办部门联系施工方8:00后进行，好了一段时间，9月18日又死灰复燃。诉求：希望管理部门能落实监管按8：00后施工。】 ==> yes  
2025-05-26 13:26:54,266 ChatBI->     INFO     层级抽取文档： 市民来电反映:上述学校双休日会将操场出租给别人举办运动会，双休日期间8:00就有用扩音喇叭进行播报，影响周边居民休息，存在噪音扰民情况，诉求：希望管理部门核实尽快彻底制止。（市民要求信息保密 需回复） ==> yes  
2025-05-26 13:26:54,266 ChatBI->     INFO     层级抽取文档： 市民来电反复催单，请管理部门尽快处理。【最近派发的工单编号：20240618041395，工单内容：重新交办，要求：已告知市民答复要点，市民称其反映情况后施工单位早上不施工了，但晚上22：00后还在施工，该情况影响居民休息，诉求：请管理部门核实处理施工噪音扰民情况。】 ==> yes  
2025-05-26 13:26:54,266 ChatBI->     INFO     层级抽取文档： 市民反映：7月9日又开始施工，搬来之前听说每年夏天施工，反馈过多次无果，是谁批准的夜间施工许可，每天都是22:00开始。诉求：核实处理夜间施工扰民，告知施工周期，派人现场检测噪音，搜集反馈。 ==> yes  
2025-05-26 13:26:54,266 ChatBI->     INFO     层级抽取文档： 市民来电反复催单。催单原因：市民称管理部门至今未给予任何回复，请管理部门尽快处理。【最近派发的工单编号：20240327000732，工单内容：市民来电反映:上述地址商家7:00左右进行房屋装修，表示噪音扰民影响休息。诉求：要求按照规定时间装修。（需回复）】 ==> yes  
2025-05-26 13:26:54,266 ChatBI->     INFO     层级抽取文档： 市民来电反复催单。催单原因：市民称管理部门至今未给予任何回复，请管理部门尽快处理。【最近派发的工单编号：20240807001017，工单内容：市民来电反映:上述地址小区内近期正在进行改造施工，每天早上7点左右开始施工，噪音扰民严重；诉求：请管理部门核实情况尽快采取措施，延后开工时间。（市民要求信息保密，需回复）】 ==> yes  
2025-05-26 13:26:54,266 ChatBI->     INFO     层级抽取文档： 【重新交办，要求：根据答复市民要点告知市民，市民表示答复要点与实际情况不符，市民表示噪音问题没有解决，该处居民凌晨在家洗衣服，早上关窗等都有非常大的噪音，市民没有跟居委反映过。最近办结的工单编号：20231227028506，工单内容：市民来电反映:浦东新区北蔡镇鹏飞路426弄鹏丰苑3期3号902，每天早上、晚上噪音扰民，诉求：希望管理部门核实制止。（市民要求信息保密，无需回复）】 ==> yes  
2025-05-26 13:26:54,266 ChatBI->     INFO     层级抽取文档： 市民来电反映:上述地址小区东门外是凯旋南路，为断头路，每天凌晨0点或者2、3点有很多输送渣土的车辆，送进厂房里，噪音非常扰民，市民有视频，诉求：望管理部门核实并尽快予以整治。（市民要求信息保密 需回复） ==> yes  
2025-05-26 13:26:54,266 ChatBI->     INFO     层级抽取文档： 【重新交办，要求：按答复要点告知市民，市民表示答复要点与实际情况不符，市民表示一开始好了几天，但从1月5日开始，对方没有做好减低噪音的措施，请管理部门核实监督。最近办结的工单编号:20231228025749，工单内容:市民来电反映:上述地址12月26开始装修这几天在进行拆旧工作，12月28日08:00开始噪音变大，影响市民生活。市民希望减小噪音，同时希望其严格按照08:00开始装修的约定并在当日装修完将垃圾清理干净诉求：请管理部门监督规范其装修工作。（市民要求信息保密 无需回复）】 ==> yes  
2025-05-26 13:26:54,266 ChatBI->     INFO     层级抽取文档： 市民补充信息：每次投诉后会改善两天，现在用两个喇叭一起放。【最近派发的工单编号：20241029007075，工单内容：三彩路87号苏宁小店喇叭太吵（详见附件）。诉求：投诉外置设备扰民。】 ==> yes  
2025-05-26 13:26:54,452 ChatBI->     INFO     step_scores: ['yes', 'yes', 'yes', 'yes', 'yes', 'yes', 'yes', 'yes', 'yes', 'yes']
2025-05-26 13:26:54,453 ChatBI->     INFO     层级抽取文档： 【投诉】市民来电反映:上述地址噪音及油烟扰民问题，大场镇管理部门告知10月底前商家会完成整改，但市民表示至今噪音依然非常严重。市民认为管理部门存在不作为情况。诉求：投诉管理部门不作为。关联工单号：20241031027437 ==> yes  
2025-05-26 13:26:54,453 ChatBI->     INFO     层级抽取文档： 市民来电反映:上述地址小区内有改建工程，早晨6:00就开始施工，且施工人员就在市民的窗户外交谈，声音较大，影响了市民的生作息，其与施工人员沟通，施工人员回复“居民不签字就不会来施工”。诉求：请管理部门核实，要求晚一些施工，且注意施工噪音。 ==> yes  
2025-05-26 13:26:54,453 ChatBI->     INFO     层级抽取文档： 市民来电反复催单。催单原因：市民称管理部门至今未给予任何回复，请管理部门尽快处理。【最近派发的工单编号：20240422038803，工单内容：市民来电反映:上述居民楼有居改非现象，把居民楼改为经营性的咖啡厅，4月22日22：00多里面还有人唱KTV，噪音扰民。诉求：希望管理部门核实查处。（信息保密，无需回复）】 ==> yes  
2025-05-26 13:26:54,453 ChatBI->     INFO     层级抽取文档： 市民来电反映: 正对着上述小区的徐家汇体育公园有大片绿地和广场（管理方：久事），每天18:30到20:00（冬天的话改在下午）有大量人员跳广场舞，还有人搬来音响大声唱歌，每天22:00左右很多人遛狗，犬吠声也很响，噪音扰民情况严重。市民都有报过警，警方巡逻管理，但是情况还是络绎不绝。诉求：请此公园的管理单位定下规定，要求在此活动的市民不要使用外扩音响，停止制造大量噪音。 ==> yes  
2025-05-26 13:26:54,453 ChatBI->     INFO     层级抽取文档： 【重新交办，要求：按答复市民要点告知市民，答复要点与实际情况不符。市民表示现在家里都是油烟味道，阳台只开了一条缝，管理部门来过后，稍微收敛点，诉求：请管理部门核实后实地上门检查，对其油烟扰民整治。（市民要求信息保密，需回复）最近办结的工单编号：20230715006430，工单内容：市民来电反映:上述地址海汇街305号烧烤店：天天海鲜烧烤，油烟扰民最近夏天油烟非常厉害，严重影响居民生活，主要经营时间：17:00以后。诉求：希望管理部门核实尽快整治油烟扰民。（市民要求信息保密，需回复）】
 ==> yes  
2025-05-26 13:26:54,453 ChatBI->     INFO     层级抽取文档： 市民来电反映:上述地址小区内1楼一户业主把狗散养在天井内，该大狗一天24小时不间断的吠叫，噪音扰民，不文明养犬。诉求：希望管理部门核实后整治不文明养犬行为。（市民要求信息保密 需回复） ==> yes  
2025-05-26 13:26:54,453 ChatBI->     INFO     层级抽取文档： 市民来电反映:上述地址居民近期在装修，该户不按规定时间装修，中午13:00左右在作业（市民表示应12:00-14:00期间应该不能装修），严重影响周边居民，希望管理部门督促对方按照规定的时间装修不要扰民（市民要求信息保密 需回复） ==> yes  
2025-05-26 13:26:54,453 ChatBI->     INFO     层级抽取文档： 市民来电补充信息。市民补充信息内容为：市民更改联系方式，要求回复处理结果，其联系电话：18017087598。【最近派发的工单编号：20240427006047，工单内容：市民来电反映:每天清晨6：00-7：00有物业的保洁人员在楼栋门口收拾垃圾，噪音扰民。诉求：请管理部门核实投诉物业（市民要求信息保密 无需回复）】 ==> yes  
2025-05-26 13:26:54,454 ChatBI->     INFO     层级抽取文档： 市民来电反映:近期上述地址在加装电梯。对方在每日7:00开始施工，且中午午休时间也不停止，周末也在进行施工。对方施工期间存在噪音扰民现象，影响居民正常生活。市民诉求：请管理部门核实后督促对方调整时间，在午休时间及周末停止施工。（市民要求信息保密 无需回复） ==> yes  
2025-05-26 13:26:54,454 ChatBI->     INFO     层级抽取文档： 市民来电反映:上述小区业委会有规定小区11:30-13:00期间禁止进行装修，但现在小区有住户在中午还在进行装修，装修噪音扰民，小区物业也不前去管管。物业是浦江物业。诉求：投诉物业不作为。（市民要求信息保密 需回复） ==> yes  
2025-05-26 13:26:54,663 ChatBI->     INFO     step_scores: ['yes', 'yes', 'yes', 'yes', 'yes', 'yes', 'no', 'yes', 'yes', 'yes']
2025-05-26 13:26:54,663 ChatBI->     INFO     层级抽取文档： 市民来电反映:黄浦区中山南一路256弄原来的九院分院现在在搞装修，施工单位南房集团，现在是否还是医院不清楚，9月12号6:00就在卸材料，钢管砸地声音很吵，9月11号22:30以后也在卸货，找过他们负责人，也报过警，每次态度很好，就是不解决。诉求：投诉噪音扰民，要求监督整改。 ==> yes  
2025-05-26 13:26:54,663 ChatBI->     INFO     层级抽取文档： 市民来电反映:其孩子就读于巨鹿路334号向明初级中学，隔壁巨鹿路395弄有人养鸽子，影响孩子学习生活，具体多少户不清楚，不清楚是否是信鸽，诉求：请管理部门核实，相关养鸽人员是否为正规有证养鸽，协调文明养鸽不要扰民（需回复） ==> yes  
2025-05-26 13:26:54,663 ChatBI->     INFO     层级抽取文档： 市民反映：其是沪太路1188弄北海新苑的居民，龙潭小区节假日7：00，工作日6：00多开始装电梯，发出噪音，影响休息，已持续多日。其家卧室正对着装电梯的地方，声音特别大。诉求：请管理部门整治装电梯扰民事宜。（市民要求信息保密，需要回复） ==> yes  
2025-05-26 13:26:54,664 ChatBI->     INFO     层级抽取文档： 市民来电补充信息。市民补充信息内容为市民没有查询到环保部门有公示过向施工队发放夜间施工许可证。市民对于承办单位的回复也不满。要求继续处理给其回复。【最近派发的工单编号：20240423000195，工单内容：市民来电反映:4月23日1:50左右上述地址有道路施工（施工方：上海振雅建设发展有限公司，有夜间施工许可），噪音严重，诉求：要求施工单位禁止夜间施工扰民】 ==> yes  
2025-05-26 13:26:54,664 ChatBI->     INFO     层级抽取文档： 市民来电反映:上述地址门口每天会有两个人骑着车拿着喇叭在叫卖回收电视机，声音很响噪音扰民，时间不固定有时早上7:00、8:00就开始叫卖，12月8日下午16:13分有在叫卖。诉求:望管理部门核实，予以整治。（市民要求信息保密 无需回复） ==> yes  
2025-05-26 13:26:54,664 ChatBI->     INFO     层级抽取文档： 市民来电反映:上述地址为24小时经营的商家，在每天0:00-7:00产生噼里啪啦的打球声音影响周边居民正常休息，市民怀疑是台球馆的隔音没有做好导致的，该情况已经存在2个月，诉求：请管理部门核实协调降噪。 ==> yes  
2025-05-26 13:26:54,664 ChatBI->     INFO     层级抽取文档： 市民来电反映:小区外河道2旁有杨树飘絮，影响居民开窗。诉求：请管理部门让绿化部门解决飘絮扰民问题。（需回复） ==> no  
2025-05-26 13:26:54,664 ChatBI->     INFO     层级抽取文档： 市民来电反复催单。催单原因：市民称管理部门至今未给予任何回复，市民该处还在施工，拖钢板，机器的轰鸣声非常扰民，请管理部门尽快处理。【最近派发的工单编号：20241202049498，工单内容：市民来电反映:上述地址有夜间道路施工,12月2日20:00至今没有结束，噪音很响，导致市民无法休息，诉求：请管理部门制止晚上施工，改成白天施工或者22:00前结束。（需回复）】 ==> yes  
2025-05-26 13:26:54,664 ChatBI->     INFO     层级抽取文档： 【重新交办,要求：按答复要点告知市民,市民表示答复要点不明确,8月31日6:00左右工地又开始施工，噪音严重，时间就是周末，与答复的噪音较大工作安排在八点以后完全不符。诉求：要求施工单位严格按照答复要点中的时间执行施工。（信息保密需回复）最近办结的工单编号:20240629001022，工单内容:【重新交办，要求：已把答复要点告知市民，市民对答复要点不认可，市民表示此事反映过后没有得到任何的改善，双休日还是一大早，市民家离工地又近，严重影响休息，现诉求：请管理部门与对方协调不要扰民，并且出具正常施工时间为早上6时至晚上10时文件。（市民要求信息保密 需回复）】 ==> yes  
2025-05-26 13:26:54,664 ChatBI->     INFO     层级抽取文档： 市民来电反映:乐爱路38弄16号1楼开设了快递站点，每天人来人往噪音巨大，影响楼内居民，其对此不满，要求投诉。（市民要求信息保密 无需回复） ==> yes  
2025-05-26 13:26:54,864 ChatBI->     INFO     step_scores: ['yes', 'yes', 'yes', 'yes', 'yes', 'yes', 'yes', 'yes', 'yes', 'yes']
2025-05-26 13:26:54,864 ChatBI->     INFO     层级抽取文档： 市民来电补充信息。市民补充信息内容为：市民表示3月23日19:00多还在进行施工，且施工噪音很响，而且施工时间还是在双休日，最主要影响到家中老人的休息了。诉求：请管理部门核实处理，电话联系其给到一个答复，联系电话为”15102142895“。【最近派发的工单编号：20240323016470，工单内容：市民来电反映:上述地址门口是外环S20隧道，该隧道正在改造。3月23日早上7：00多就开始动工了，导致噪音扰民。市民查询相关条例，得知双休日建造应该在：8:00-18:00之间，诉求：请管理部门通知施工单位在规定时间内施工。（市民要求信息保密 无需回复）】（市民要求信息保密 需回复） ==> yes  
2025-05-26 13:26:54,864 ChatBI->     INFO     层级抽取文档： 市民来电反映:上述地址每天晚上18-22点都有无证设摊，油烟扰民，环境脏乱差，要求管理部门尽快取缔（市民要求信息保密，无需回复） ==> yes  
2025-05-26 13:26:54,865 ChatBI->     INFO     层级抽取文档： 市民来电补充信息。市民补充信息内容为1月6日是非工作日根据规定不能施工，但是小区还是施工。诉求：请管理部门尽快整改规范小区施工。【最近派发的工单编号：20231228007165，工单内容：市民反映：装修时间有明确规定是工作日8：00-12：00，14：00-18：00，现浦建小区翻新改造工程，工作日7:00就开始施工，电钻发出很大噪声，严重影响居民休息。诉求：请管理部门核实整改，规范小区施工。】 ==> yes  
2025-05-26 13:26:54,865 ChatBI->     INFO     层级抽取文档： 市民反复催单,希望尽快处理。【最近派发的工单编号:20240318000084，工单内容：市民来电反映:上述地址24小时有大卡车经过，导致噪音严重，诉求：要求尽快解决噪音问题】 ==> yes  
2025-05-26 13:26:54,865 ChatBI->     INFO     层级抽取文档： 市民来电反映:上述地址小区居民家的空调外机安装不规范导致扰民，希望管理部门核实处理督促规范安装（市民要求信息保密 需回复） ==> yes  
2025-05-26 13:26:54,865 ChatBI->     INFO     层级抽取文档： 【重新交办,要求：按答复要点告知市民,市民表示答复要点不明确,其表示主管部门没有联系过市民，且答复要点和其诉求无直接关系，也没有给到具体后续可以处理的时效。诉求：希望管理部门核实，解决噪音问题。最近办结的工单编号:20231228025721，工单内容:【重新交办，要求：市民来电反映相同事项，告知市民答复要点, 市民表示该噪音还在，诉求：望有关部门再次解决噪音问题。最近办结的工单编号:20231203004512，工单内容：市民来电反映:其购买了上述地址小区房屋，市民表示其是顶楼，上面有一个水箱，每天不定时都会打水，噪音很大，无法正常休息。诉求：请管理部门帮其更换房屋，不要此处房子。】 ==> yes  
2025-05-26 13:26:54,865 ChatBI->     INFO     层级抽取文档： 市民来电补充信息。市民补充信息内容为：原定的一期工程是5月底结束，但现在已近6月份了，还有不少楼没有施工完成。目前已经是夏天了，外面拆墙都不能开空调，希望能索性过了夏天再继续施工。【最近派发的工单编号：20240602000351，工单内容：市民来电反映:上述小区6月2日5：30分就开始在小区内进行修缮，导致噪音扰民，并且此项目从3月份就开始，一直未结束，现已6月份了，天热了，要拆北侧的，导致居民家南侧，北侧都不能开空调 ，老人与孩子在家都生活，对此表示异议，现诉求：请管理部门核实要求按照规定的时间进行施工，且不能影响到居民正常的生活。（市民要求信息保密 需回复）】 ==> yes  
2025-05-26 13:26:54,865 ChatBI->     INFO     层级抽取文档： 市民来电反映:上述地址外面有无证设摊现象，每天从02:00就开始摆摊，有卖菜卖鱼的，产生噪音影响周边居民的正常休息。诉求：请管理部门核实，解决噪音扰民问题。 ==> yes  
2025-05-26 13:26:54,865 ChatBI->     INFO     层级抽取文档： 市民来电反映:居民楼下商铺目前在装修，准备做餐饮。排烟装置装在店铺正门口，没有任何排烟作用。诉求：请管理部门解决油烟扰民。（市民要求信息保密，需回复） ==> yes  
2025-05-26 13:26:54,865 ChatBI->     INFO     层级抽取文档： 市民来电反映:其为上述地址嘉定区澄浏中路沧海绿苑小区居民，于6月25日0:45小区外澄浏中路仍在施工，施工方是否持夜间施工许可证不详，产生噪音影响其休息。诉求：望管理部门核实，要求投诉夜间施工，并督促降噪。（需回复） ==> yes  
2025-05-26 13:26:55,051 ChatBI->     INFO     step_scores: ['yes', 'yes', 'yes', 'yes', 'yes', 'yes', 'yes', 'yes', 'yes', 'yes']
2025-05-26 13:26:55,052 ChatBI->     INFO     层级抽取文档： 市民来电反复催单。催单原因：市民称管理部门至今未给予任何回复，请管理部门尽快处理。【最近派发的工单编号：20240905005150，工单内容：市民来电反映：其国和二村居民，现反映上述地址卖菜卖肉的的店家将蔬菜都放置在门面外面人行道上和盲道上影响行人通行，还大声叫卖噪音扰民，反映多次没解决，诉求：管理部门核实情况后制止上述扰民情况。（市民要求信息保密，需要回复。）】 ==> yes  
2025-05-26 13:26:55,052 ChatBI->     INFO     层级抽取文档： 市民留言反映：上述地址有夜间施工的问题，影响休息。 ==> yes  
2025-05-26 13:26:55,052 ChatBI->     INFO     层级抽取文档： 市民来电反映:【重新交办,要求：按答复要点告知市民,市民表示答复要点不符，市民称问题并没有任何改善，还是很大的噪音，要求转交给临港建交处处理。最近办结的工单编号:20240312015238，工单内容:【重新交办，要求：按答复要点告知市民，市民表示答复要点与实际情况不符，市民表示所有的答复都是假的，处置单位承认噪音严重超标，进行了三次检测但是一直没有解决。市民强烈要求按其所述记录转临港建交处处理给予答复。诉求诉求不变，最近办结的工单编号20240220021591工单内容：重复来电：要求：答复要点与实际不符，市民表示并未解决问题，声音严重超标，市民强烈要求按其所述记录转临港建交处处理，诉... ==> yes  
2025-05-26 13:26:55,052 ChatBI->     INFO     层级抽取文档： 【重新交办，要求：按答复市民要点告知市民，市民表示前件答复市民要点不明确，近期可能因为天气关系，基本在07:30左右会有扩音设备噪音。也希望能在此处设立一个警示牌。诉求：望管理部门核实再次处理。（市民要求信息保密... ==> yes  
2025-05-26 13:26:55,052 ChatBI->     INFO     层级抽取文档： 市民来电反映:上述办公楼在工作时间装修，发出严重噪音，影响其他公司正常办公，与物业反映会会停一会，诉求：希望管理部门核实处理该公司装修是否合规并予以制止。（市民要求信息保密 无需回复） ==> yes  
2025-05-26 13:26:55,052 ChatBI->     INFO     层级抽取文档： 重复来电:咨询处理进程。【最近派发工单编号： 20240520035627，工单内容：市民来电反映:上述地址建筑工地每天早上7点不到就开始施工，晚上21点左右才结束施工。发出很响的噪音。影响市民造成生活。诉求：希望管理部门核实情况督促在规定的时间段施工协调减小噪音。】 ==> yes  
2025-05-26 13:26:55,052 ChatBI->     INFO     层级抽取文档： 市民反映：宝山区大场镇北华苑小区的垃圾车每天早上6:00就发出巨大噪音，持续时间长，周末也是如此，垃圾车发生碰撞的声音严重影响到了附近居民的睡眠。由于该垃圾点设立在北华苑小区的最后一排，与远景佳苑二期交界，导致其虽然为远景佳苑的居民，却一直饱受隔壁小区垃圾清运的困扰。诉求：请管理部门核实调整清运时间，并将北华苑小区垃圾站设立在其自己小区出口处。（市民要求信息保密，需要回复） ==> yes  
2025-05-26 13:26:55,052 ChatBI->     INFO     层级抽取文档： 市民反映：已通过市民热线反映事项，现要求补充图片作为证据（详见附件）。市民反映油烟扰民问题。诉求：希望管理部门核实转送相关照片至承办部门。（相关工单编号：20240327028977） （市民要求信息保密，需要回复） ==> yes  
2025-05-26 13:26:55,052 ChatBI->     INFO     层级抽取文档： 市民来电反映:上述地址商家：黄虹贵，占到经营，环境被弄的脏乱差，有噪音。诉求：请管理部门核实整治处理。（市民要求信息保密 需回复） ==> yes  
2025-05-26 13:26:55,052 ChatBI->     INFO     层级抽取文档： 市民来电反映:市民称上述小区的地下车库每天需要开抽风机两个小时，最近才开的，但是物业表示没办法关闭，市民表示噪音很大，故来电希望管理部门尽快解决噪音扰民问题。（市民要求信息保密 需回复） ==> yes  
2025-05-26 13:26:55,248 ChatBI->     INFO     step_scores: ['no', 'yes', 'yes', 'yes', 'yes', 'yes', 'yes', 'yes', 'yes', 'yes']
2025-05-26 13:26:55,248 ChatBI->     INFO     层级抽取文档： 市民反映：该户是外来租户，每天货车乱停，占用公共道路装货卸货，影响道路通行，扰民。举报多次，村委，房东不管。（详见附件）诉求：请管理部门整治乱停车事宜。（市民要求信息保密，无需回复） ==> no  
2025-05-26 13:26:55,248 ChatBI->     INFO     层级抽取文档： 市民来电反映:上述地址存在群租现象。对房间进行隔间用于出租，产生噪音严重影响周边休息，诉求：请管理部门核实，对群组进行取缔，恢复原样。（市民需要信息保密，无需回复） ==> yes  
2025-05-26 13:26:55,248 ChatBI->     INFO     层级抽取文档： 市民反映：楼上频繁发出各种响声，跑步，跳跃，东西砸地等响声，晚上22:00后依然存在，居委表示很正常，无法管制。诉求：希望出面调解，让楼上在半夜和清晨控制响声。 ==> yes  
2025-05-26 13:26:55,248 ChatBI->     INFO     层级抽取文档： 市民来电反映:上述地址存在群租现象。市民告知该处原本是二室一厅，现在被隔成了5-6个房间进行出租，具体住多少人市民不清楚。市民表示该处群租现象，天天晚上都很吵，吵的其无法睡觉。诉求：请管理部门尽快取缔群租现象。（信息保密 需要回复） ==> yes  
2025-05-26 13:26:55,248 ChatBI->     INFO     层级抽取文档： 市民来电反映:其邻居空调外机安装离其窗户太近，对其产生噪音影响。市民表示先协商不成功来电反映。 ==> yes  
2025-05-26 13:26:55,248 ChatBI->     INFO     层级抽取文档： 市民来电反映:上述地址住户把两个空调外机都放在阳台外非空调外机摆放点，摆放在了市民阳台外，噪音扰民十分严重，影响市民日常休息，诉求：请管理部门进行整治，规范摆放位置。（市民要求信息保密 无需回复） ==> yes  
2025-05-26 13:26:55,248 ChatBI->     INFO     层级抽取文档： 市民反映：自从2022年搬入该处后，每逢夏季，小房间的窗户上都是因楼上空调管漏水所滴落的水滴，造成小房间窗户渗水进入房间，还存在滴水声扰民情况。诉求：请管理部门核实，将楼上漏水的空调管修好。（市民要求信息保密，需要回复） ==> yes  
2025-05-26 13:26:55,248 ChatBI->     INFO     层级抽取文档： 市民来电反映：上述地址每天00:00点左右的时间就开始卸货装货，还有外置的扩音喇叭一直放着，每次大概都要维持半小时左右，严重影响了周边市民的休息，诉求：市民希望其处提早点卸货装货时间并同时关闭扩音喇叭。（市民要求信息保密，无需回复） ==> yes  
2025-05-26 13:26:55,248 ChatBI->     INFO     层级抽取文档： 市民来电反映:紫苑小区大门外一整条街上存在无证设摊贩卖烧烤的情况，每天从21:00开始营业一直持续到02:00，数量：5-6个，噪音扰民情况严重，无法忍受，烟味也很重，诉求：请管理部门核实取缔无证设摊。（市民要求信息保密 无需回复） ==> yes  
2025-05-26 13:26:55,248 ChatBI->     INFO     层级抽取文档： 市民来电反映:其是上述地址居民，市民称从2023年年底底楼商户广告牌统一更换后，商户跨门经营严重，很多外卖平台的小哥聚集在商户门口，一等就是一天，严重扰民，影响周边居民生活环境，望管理部门整治取缔跨门经营行为。（需回复）
 ==> yes  
2025-05-26 13:26:55,447 ChatBI->     INFO     step_scores: ['yes', 'yes', 'yes', 'yes', 'yes', 'yes', 'yes', 'yes', 'yes', 'yes']
2025-05-26 13:26:55,448 ChatBI->     INFO     层级抽取文档： 市民来电反映:上述地址小区内部垃圾站，徐汇区环卫局的环卫车每天6:00在小区内行驶作业，噪音较大，对其生活产生了影响。诉求：请管理部门核实，要求环卫车在每天8:00之后再进入小区作业。 ==> yes  
2025-05-26 13:26:55,448 ChatBI->     INFO     层级抽取文档： 市民反映：8月28日22:30左右54号108居住的老头在门口很大声音外放手机，影响到休息，故请他把手机声音调小一点，结果他在其门口骂骂咧咧，骂得很难听，严重影响到其的人身和精神安全，除此之外，他经常早上晚上也在门口大声喧哗，还在门口堆放各种杂物垃圾，有床架、轮胎等，严重影响环境卫生。3.还经常看到有数名小孩出入其中。诉求：请物业加强巡逻和关注。及时清理垃圾，对54号108实际居住人数进行核实并实名登记，超出法定人数请予以劝退。（市民要求信息保密，需回复） ==> yes  
2025-05-26 13:26:55,448 ChatBI->     INFO     层级抽取文档： 市民补充信息：海宁路静安公馆旁道路施工带来的噪音扰民问题已严重影响了周边居民的正常生活。该施工项目不仅在夜间施工，还在休息日施工，极大地干扰了居民的休息和睡眠。北站街道与北站派出所之间却相互推诿责任。北站街道称此问题应由北站派出所处理，而北站派出所又表示这是北站街道的职责范围。【最近派发的工单编号：20240824006082，工单内容：上述地址经常在非规定施工时间进行作业，严重影响周边居民正常生活。而北站派出所多次出警处理此事，在出警过程中却提到该道路为政府道路，即北横通道。市民对此不认可，表示政府道路的建设，也应依据法律明确规定的施工时间进行。诉求：请管理部门核实并督促处理施工扰民问题。】 ==> yes  
2025-05-26 13:26:55,448 ChatBI->     INFO     层级抽取文档： 市民来电反映:浦东新区杨高南路（龙阳路-济阳路），市民表示该路段（地面道路）每天半夜都有土方车通行，还会有鸣喇叭的情况，扰民。由于该处立交上是限制土方车通行的，市民因此建议每天半夜土方车可以在立交上行驶。诉求：希望管理部门知悉。（市民要求信息保密 无需回复） ==> yes  
2025-05-26 13:26:55,448 ChatBI->     INFO     层级抽取文档： 市民来电反映:2024年5月1日浦东新区大团镇永旺路260弄附近永旺路上新开了震轩美容美发店，5月3日音响开到了20:50，影响市民休息。诉求：20:00后不放或声音轻一点。（市民要求信息保密 无需回复） ==> yes  
2025-05-26 13:26:55,448 ChatBI->     INFO     层级抽取文档： 【重新交办，答复要点与实际情况不符，市民称是把排烟管道放在楼道内，要求：要求处理。最近办结的工单编号：20241016015709，工单内容：市民来电反映:上述地址小区擅自更改房屋排油烟道，导致每次只要上述地址烹饪食材就会油烟扰民。诉求：请管理部门督促要求恢复原样。（市民要求信息保密 需回复）】 ==> yes  
2025-05-26 13:26:55,448 ChatBI->     INFO     层级抽取文档： 市民来电反映:市民来电补充信息。市民更正内容为地址为闵行区古美路1388号【最近派发的工单编号：20241001000291，工单内容：市民来电反映:该店铺营业时间10:00-凌晨4:00，设备机械噪音很吵的，市民家中22:00之后测量分贝达到70。诉求：希望管理部门核实协调降低噪音至50左右。】 ==> yes  
2025-05-26 13:26:55,448 ChatBI->     INFO     层级抽取文档： 市民来电补充信息。市民补充信息内容为：物业和居委和城管互相推诿，市民认为302室有关系，希望就尽快处理明确回复。【最近派发的工单编号：20240601017285，工单内容：市民来电反映:上述地址住户违反规定将空调安装在同一栋楼401住户窗户外面，噪音扰民。诉求：更改空调外机安装位置。（市民要求信息保密 需回复）】 ==> yes  
2025-05-26 13:26:55,449 ChatBI->     INFO     层级抽取文档： 市民来电反复催单。催单原因：市民称管理部门至今未给予任何回复，请管理部门尽快处理。【最近派发的工单编号：20241001021725，工单内容：市民来电反映：上述小区旁边有一个货场，没有名称，夜间很多集卡停在该处卸货，噪音扰民，市民此次来电称相关部门已处理，但又恢复，诉求：希望管理部门协调减噪。】 ==> yes  
2025-05-26 13:26:55,449 ChatBI->     INFO     层级抽取文档： 市民来电补充信息。市民补充信息内容为市民表示于5月30日22:28分至市民来电时间1:30，该轰鸣声一直存在，市民表示楼上邻居洗澡会加重轰鸣声。市民表示于5月30日有李师傅联系过市民，表示夜间21至22点可以联系其，市民担心会影响其休息，并没有联系。市民表示其搬家会花费很大代价，请管理部门为其核实解决轰鸣问题。【最近派发的工单编号：20240529038901，工单内容：市民来电反映:床头靠西的墙有轰鸣声，5月24日至今22:00-次日5:00。5月23日21点也有，没那么明显。市民不清楚是空调外机造成的还是旁边工地造成的。诉求：请管理部门核实具体产生的原因并解决轰鸣问题。】 ==> yes  
2025-05-26 13:26:55,449 ChatBI->     INFO     阈值索引为：4999, 窗口大小为: 100 
2025-05-26 13:26:55,449 ChatBI->     INFO     确定的文档: 4900; 在次确认的文档: 100
2025-05-26 13:26:57,083 ChatBI->     INFO     从100个需再次确认的文档中筛选出的相关文档数量：94
2025-05-26 13:26:57,083 ChatBI->     INFO     示例文档：['市民来电反映:其为上述地址徐汇区罗秀路930弄居民，于3月31日小区公共区域施工作业，产生噪音影响其休息。诉求：望管理部门核实，要求禁止双休日施工。（市民要求信息保密 无需回复）', '市民来电反映:上述地址为新交房小区，小区隔壁有个垃圾站，恶臭异常且噪音严重，24小时不间断散味，区里领导之前说过会转移但未落实，诉求：要求将垃圾站尽快进行转移', '市民来电反复催单。催单原因：市民称管理部门至今未给予任何回复，请管理部门尽快处理。【最近派发的工单编号：20241118006671，工单内容：市民来电反映:上述地址装修，影响楼下社区医院分院的正常办公，时间段：工作日9点以后开始，市民的其他同事已反映过，未得到解决。诉求：市民希望减轻噪音或将装修时间调整至其他时间。】', '市民反映：海梦一方商业空调或者排风设备噪音很大（详见附件），二楼在家里测平均分贝都大于50，4楼以上声音更大。诉求：希望管理部门整治噪音问题。', '市民反映相同事项。【最近派发的工单编号：20240831009814，工单内容：根据居民个人观察上报。2024年开始发现有客机持续低空飞过本区域，大约每半小时到一小时有一波。飞行高度很低，让居民有安全顾虑。噪音很大，已经开始影响到正常生活。 1）这些飞机的航线安排是否经过合法审批； 2）低空飞行是否造成扰民，是否需要调整； 3）这些低飞飞机还要持续多久；诉求：希望管理部门给予合理解释。（市民要求信息保密，需要回复）】']
2025-05-26 13:26:57,100 ChatBI->     INFO     没有找到<  >对应的视图
2025-05-26 13:26:57,100 ChatBI->     INFO     sql 语句：SELECT `诉求地址`, `工单生成时间` FROM shanghai WHERE  `内容描述` IN (:val0, :val1, :val2, :val3, :val4, :val5, :val6, :val7, :val8, :val9, :val10, :val11, :val12, :val13, :val14, :val15, :val16, :val17, :val18, :val19, :val20, :val21, :val22, :val23, :val24, :val25, :val26, :val27, :val28, :val29, :val30, :val31, :val32, :val33, :val34, :val35, :val36, :val37, :val38, :val39, :val40, :val41, :val42, :val43, :val44, :val45, :val46, :val47, :val48, :val49, :val50, :val51, :val52, :val53, :val54, :val55, :val56, :val57, :val58, :val59, :val60, :val61, :val62, :val63, :val64, :val65, :val66, :val67, :val68, :val69, :val70, :val71, :val72, :val73, :val74, :val75, :val76, :val77, :val78, :val79, :val80, :val81, :val82, :val83, :val84, :val85, :val86, :val87, :val88, :val89, :val90, :val91, :val92, :val93, :val94, :val95, :val96, :val97, :val98, :val99, :val100, :val101, :val102, :val103, :val104, :val105, :val106, :val107, :val108, :val109, :val110, :val111, :val112, :val113, :val114, :val115, :val116, :val117, :val118, :val119, :val120, :val121, :val122, :val123, :val124, :val125, :val126, :val127, :val128, :val129, :val130, :val131, :val132, :val133, :val134, :val135, :val136, :val137, :val138, :val139, :val140, :val141, :val142, :val143, :val144, :val145, :val146, :val147, :val148, :val149, :val150, :val151, :val152, :val153, :val154, :val155, :val156, :val157, :val158, :val159, :val160, :val161, :val162, :val163, :val164, :val165, :val166, :val167, :val168, :val169, :val170, :val171, :val172, :val173, :val174, :val175, :val176, :val177, :val178, :val179, :val180, :val181, :val182, :val183, :val184, :val185, :val186, :val187, :val188, :val189, :val190, :val191, :val192, :val193, :val194, :val195, :val196, :val197, :val198, :val199, :val200, :val201, :val202, :val203, :val204, :val205, :val206, :val207, :val208, :val209, :val210, :val211, :val212, :val213, :val214, :val215, :val216, :val217, :val218, :val219, :val220, :val221, :val222, :val223, :val224, :val225, :val226, :val227, :val228, :val229, :val230, :val231, :val232, :val233, :val234, :val235, :val236, :val237, :val238, :val239, :val240, :val241, :val242, :val243, :val244, :val245, :val246, :val247, :val248, :val249, :val250, :val251, :val252, :val253, :val254, :val255, :val256, :val257, :val258, :val259, :val260, :val261, :val262, :val263, :val264, :val265, :val266, :val267, :val268, :val269, :val270, :val271, :val272, :val273, :val274, :val275, :val276, :val277, :val278, :val279, :val280, :val281, :val282, :val283, :val284, :val285, :val286, :val287, :val288, :val289, :val290, :val291, :val292, :val293, :val294, :val295, :val296, :val297, :val298, :val299, :val300, :val301, :val302, :val303, :val304, :val305, :val306, :val307, :val308, :val309, :val310, :val311, :val312, :val313, :val314, :val315, :val316, :val317, :val318, :val319, :val320, :val321, :val322, :val323, :val324, :val325, :val326, :val327, :val328, :val329, :val330, :val331, :val332, :val333, :val334, :val335, :val336, :val337, :val338, :val339, :val340, :val341, :val342, :val343, :val344, :val345, :val346, :val347, :val348, :val349, :val350, :val351, :val352, :val353, :val354, :val355, :val356, :val357, :val358, :val359, :val360, :val361, :val362, :val363, :val364, :val365, :val366, :val367, :val368, :val369, :val370, :val371, :val372, :val373, :val374, :val375, :val376, :val377, :val378, :val379, :val380, :val381, :val382, :val383, :val384, :val385, :val386, :val387, :val388, :val389, :val390, :val391, :val392, :val393, :val394, :val395, :val396, :val397, :val398, :val399, :val400, :val401, :val402, :val403, :val404, :val405, :val406, :val407, :val408, :val409, :val410, :val411, :val412, :val413, :val414, :val415, :val416, :val417, :val418, :val419, :val420, :val421, :val422, :val423, :val424, :val425, :val426, :val427, :val428, :val429, :val430, :val431, :val432, :val433, :val434, :val435, :val436, :val437, :val438, :val439, :val440, :val441, :val442, :val443, :val444, :val445, :val446, :val447, :val448, :val449, :val450, :val451, :val452, :val453, :val454, :val455, :val456, :val457, :val458, :val459, :val460, :val461, :val462, :val463, :val464, :val465, :val466, :val467, :val468, :val469, :val470, :val471, :val472, :val473, :val474, :val475, :val476, :val477, :val478, :val479, :val480, :val481, :val482, :val483, :val484, :val485, :val486, :val487, :val488, :val489, :val490, :val491, :val492, :val493, :val494, :val495, :val496, :val497, :val498, :val499, :val500, :val501, :val502, :val503, :val504, :val505, :val506, :val507, :val508, :val509, :val510, :val511, :val512, :val513, :val514, :val515, :val516, :val517, :val518, :val519, :val520, :val521, :val522, :val523, :val524, :val525, :val526, :val527, :val528, :val529, :val530, :val531, :val532, :val533, :val534, :val535, :val536, :val537, :val538, :val539, :val540, :val541, :val542, :val543, :val544, :val545, :val546, :val547, :val548, :val549, :val550, :val551, :val552, :val553, :val554, :val555, :val556, :val557, :val558, :val559, :val560, :val561, :val562, :val563, :val564, :val565, :val566, :val567, :val568, :val569, :val570, :val571, :val572, :val573, :val574, :val575, :val576, :val577, :val578, :val579, :val580, :val581, :val582, :val583, :val584, :val585, :val586, :val587, :val588, :val589, :val590, :val591, :val592, :val593, :val594, :val595, :val596, :val597, :val598, :val599, :val600, :val601, :val602, :val603, :val604, :val605, :val606, :val607, :val608, :val609, :val610, :val611, :val612, :val613, :val614, :val615, :val616, :val617, :val618, :val619, :val620, :val621, :val622, :val623, :val624, :val625, :val626, :val627, :val628, :val629, :val630, :val631, :val632, :val633, :val634, :val635, :val636, :val637, :val638, :val639, :val640, :val641, :val642, :val643, :val644, :val645, :val646, :val647, :val648, :val649, :val650, :val651, :val652, :val653, :val654, :val655, :val656, :val657, :val658, :val659, :val660, :val661, :val662, :val663, :val664, :val665, :val666, :val667, :val668, :val669, :val670, :val671, :val672, :val673, :val674, :val675, :val676, :val677, :val678, :val679, :val680, :val681, :val682, :val683, :val684, :val685, :val686, :val687, :val688, :val689, :val690, :val691, :val692, :val693, :val694, :val695, :val696, :val697, :val698, :val699, :val700, :val701, :val702, :val703, :val704, :val705, :val706, :val707, :val708, :val709, :val710, :val711, :val712, :val713, :val714, :val715, :val716, :val717, :val718, :val719, :val720, :val721, :val722, :val723, :val724, :val725, :val726, :val727, :val728, :val729, :val730, :val731, :val732, :val733, :val734, :val735, :val736, :val737, :val738, :val739, :val740, :val741, :val742, :val743, :val744, :val745, :val746, :val747, :val748, :val749, :val750, :val751, :val752, :val753, :val754, :val755, :val756, :val757, :val758, :val759, :val760, :val761, :val762, :val763, :val764, :val765, :val766, :val767, :val768, :val769, :val770, :val771, :val772, :val773, :val774, :val775, :val776, :val777, :val778, :val779, :val780, :val781, :val782, :val783, :val784, :val785, :val786, :val787, :val788, :val789, :val790, :val791, :val792, :val793, :val794, :val795, :val796, :val797, :val798, :val799, :val800, :val801, :val802, :val803, :val804, :val805, :val806, :val807, :val808, :val809, :val810, :val811, :val812, :val813, :val814, :val815, :val816, :val817, :val818, :val819, :val820, :val821, :val822, :val823, :val824, :val825, :val826, :val827, :val828, :val829, :val830, :val831, :val832, :val833, :val834, :val835, :val836, :val837, :val838, :val839, :val840, :val841, :val842, :val843, :val844, :val845, :val846, :val847, :val848, :val849, :val850, :val851, :val852, :val853, :val854, :val855, :val856, :val857, :val858, :val859, :val860, :val861, :val862, :val863, :val864, :val865, :val866, :val867, :val868, :val869, :val870, :val871, :val872, :val873, :val874, :val875, :val876, :val877, :val878, :val879, :val880, :val881, :val882, :val883, :val884, :val885, :val886, :val887, :val888, :val889, :val890, :val891, :val892, :val893, :val894, :val895, :val896, :val897, :val898, :val899, :val900, :val901, :val902, :val903, :val904, :val905, :val906, :val907, :val908, :val909, :val910, :val911, :val912, :val913, :val914, :val915, :val916, :val917, :val918, :val919, :val920, :val921, :val922, :val923, :val924, :val925, :val926, :val927, :val928, :val929, :val930, :val931, :val932, :val933, :val934, :val935, :val936, :val937, :val938, :val939, :val940, :val941, :val942, :val943, :val944, :val945, :val946, :val947, :val948, :val949, :val950, :val951, :val952, :val953, :val954, :val955, :val956, :val957, :val958, :val959, :val960, :val961, :val962, :val963, :val964, :val965, :val966, :val967, :val968, :val969, :val970, :val971, :val972, :val973, :val974, :val975, :val976, :val977, :val978, :val979, :val980, :val981, :val982, :val983, :val984, :val985, :val986, :val987, :val988, :val989, :val990, :val991, :val992, :val993, :val994, :val995, :val996, :val997, :val998, :val999, :val1000, :val1001, :val1002, :val1003, :val1004, :val1005, :val1006, :val1007, :val1008, :val1009, :val1010, :val1011, :val1012, :val1013, :val1014, :val1015, :val1016, :val1017, :val1018, :val1019, :val1020, :val1021, :val1022, :val1023, :val1024, :val1025, :val1026, :val1027, :val1028, :val1029, :val1030, :val1031, :val1032, :val1033, :val1034, :val1035, :val1036, :val1037, :val1038, :val1039, :val1040, :val1041, :val1042, :val1043, :val1044, :val1045, :val1046, :val1047, :val1048, :val1049, :val1050, :val1051, :val1052, :val1053, :val1054, :val1055, :val1056, :val1057, :val1058, :val1059, :val1060, :val1061, :val1062, :val1063, :val1064, :val1065, :val1066, :val1067, :val1068, :val1069, :val1070, :val1071, :val1072, :val1073, :val1074, :val1075, :val1076, :val1077, :val1078, :val1079, :val1080, :val1081, :val1082, :val1083, :val1084, :val1085, :val1086, :val1087, :val1088, :val1089, :val1090, :val1091, :val1092, :val1093, :val1094, :val1095, :val1096, :val1097, :val1098, :val1099, :val1100, :val1101, :val1102, :val1103, :val1104, :val1105, :val1106, :val1107, :val1108, :val1109, :val1110, :val1111, :val1112, :val1113, :val1114, :val1115, :val1116, :val1117, :val1118, :val1119, :val1120, :val1121, :val1122, :val1123, :val1124, :val1125, :val1126, :val1127, :val1128, :val1129, :val1130, :val1131, :val1132, :val1133, :val1134, :val1135, :val1136, :val1137, :val1138, :val1139, :val1140, :val1141, :val1142, :val1143, :val1144, :val1145, :val1146, :val1147, :val1148, :val1149, :val1150, :val1151, :val1152, :val1153, :val1154, :val1155, :val1156, :val1157, :val1158, :val1159, :val1160, :val1161, :val1162, :val1163, :val1164, :val1165, :val1166, :val1167, :val1168, :val1169, :val1170, :val1171, :val1172, :val1173, :val1174, :val1175, :val1176, :val1177, :val1178, :val1179, :val1180, :val1181, :val1182, :val1183, :val1184, :val1185, :val1186, :val1187, :val1188, :val1189, :val1190, :val1191, :val1192, :val1193, :val1194, :val1195, :val1196, :val1197, :val1198, :val1199, :val1200, :val1201, :val1202, :val1203, :val1204, :val1205, :val1206, :val1207, :val1208, :val1209, :val1210, :val1211, :val1212, :val1213, :val1214, :val1215, :val1216, :val1217, :val1218, :val1219, :val1220, :val1221, :val1222, :val1223, :val1224, :val1225, :val1226, :val1227, :val1228, :val1229, :val1230, :val1231, :val1232, :val1233, :val1234, :val1235, :val1236, :val1237, :val1238, :val1239, :val1240, :val1241, :val1242, :val1243, :val1244, :val1245, :val1246, :val1247, :val1248, :val1249, :val1250, :val1251, :val1252, :val1253, :val1254, :val1255, :val1256, :val1257, :val1258, :val1259, :val1260, :val1261, :val1262, :val1263, :val1264, :val1265, :val1266, :val1267, :val1268, :val1269, :val1270, :val1271, :val1272, :val1273, :val1274, :val1275, :val1276, :val1277, :val1278, :val1279, :val1280, :val1281, :val1282, :val1283, :val1284, :val1285, :val1286, :val1287, :val1288, :val1289, :val1290, :val1291, :val1292, :val1293, :val1294, :val1295, :val1296, :val1297, :val1298, :val1299, :val1300, :val1301, :val1302, :val1303, :val1304, :val1305, :val1306, :val1307, :val1308, :val1309, :val1310, :val1311, :val1312, :val1313, :val1314, :val1315, :val1316, :val1317, :val1318, :val1319, :val1320, :val1321, :val1322, :val1323, :val1324, :val1325, :val1326, :val1327, :val1328, :val1329, :val1330, :val1331, :val1332, :val1333, :val1334, :val1335, :val1336, :val1337, :val1338, :val1339, :val1340, :val1341, :val1342, :val1343, :val1344, :val1345, :val1346, :val1347, :val1348, :val1349, :val1350, :val1351, :val1352, :val1353, :val1354, :val1355, :val1356, :val1357, :val1358, :val1359, :val1360, :val1361, :val1362, :val1363, :val1364, :val1365, :val1366, :val1367, :val1368, :val1369, :val1370, :val1371, :val1372, :val1373, :val1374, :val1375, :val1376, :val1377, :val1378, :val1379, :val1380, :val1381, :val1382, :val1383, :val1384, :val1385, :val1386, :val1387, :val1388, :val1389, :val1390, :val1391, :val1392, :val1393, :val1394, :val1395, :val1396, :val1397, :val1398, :val1399, :val1400, :val1401, :val1402, :val1403, :val1404, :val1405, :val1406, :val1407, :val1408, :val1409, :val1410, :val1411, :val1412, :val1413, :val1414, :val1415, :val1416, :val1417, :val1418, :val1419, :val1420, :val1421, :val1422, :val1423, :val1424, :val1425, :val1426, :val1427, :val1428, :val1429, :val1430, :val1431, :val1432, :val1433, :val1434, :val1435, :val1436, :val1437, :val1438, :val1439, :val1440, :val1441, :val1442, :val1443, :val1444, :val1445, :val1446, :val1447, :val1448, :val1449, :val1450, :val1451, :val1452, :val1453, :val1454, :val1455, :val1456, :val1457, :val1458, :val1459, :val1460, :val1461, :val1462, :val1463, :val1464, :val1465, :val1466, :val1467, :val1468, :val1469, :val1470, :val1471, :val1472, :val1473, :val1474, :val1475, :val1476, :val1477, :val1478, :val1479, :val1480, :val1481, :val1482, :val1483, :val1484, :val1485, :val1486, :val1487, :val1488, :val1489, :val1490, :val1491, :val1492, :val1493, :val1494, :val1495, :val1496, :val1497, :val1498, :val1499, :val1500, :val1501, :val1502, :val1503, :val1504, :val1505, :val1506, :val1507, :val1508, :val1509, :val1510, :val1511, :val1512, :val1513, :val1514, :val1515, :val1516, :val1517, :val1518, :val1519, :val1520, :val1521, :val1522, :val1523, :val1524, :val1525, :val1526, :val1527, :val1528, :val1529, :val1530, :val1531, :val1532, :val1533, :val1534, :val1535, :val1536, :val1537, :val1538, :val1539, :val1540, :val1541, :val1542, :val1543, :val1544, :val1545, :val1546, :val1547, :val1548, :val1549, :val1550, :val1551, :val1552, :val1553, :val1554, :val1555, :val1556, :val1557, :val1558, :val1559, :val1560, :val1561, :val1562, :val1563, :val1564, :val1565, :val1566, :val1567, :val1568, :val1569, :val1570, :val1571, :val1572, :val1573, :val1574, :val1575, :val1576, :val1577, :val1578, :val1579, :val1580, :val1581, :val1582, :val1583, :val1584, :val1585, :val1586, :val1587, :val1588, :val1589, :val1590, :val1591, :val1592, :val1593, :val1594, :val1595, :val1596, :val1597, :val1598, :val1599, :val1600, :val1601, :val1602, :val1603, :val1604, :val1605, :val1606, :val1607, :val1608, :val1609, :val1610, :val1611, :val1612, :val1613, :val1614, :val1615, :val1616, :val1617, :val1618, :val1619, :val1620, :val1621, :val1622, :val1623, :val1624, :val1625, :val1626, :val1627, :val1628, :val1629, :val1630, :val1631, :val1632, :val1633, :val1634, :val1635, :val1636, :val1637, :val1638, :val1639, :val1640, :val1641, :val1642, :val1643, :val1644, :val1645, :val1646, :val1647, :val1648, :val1649, :val1650, :val1651, :val1652, :val1653, :val1654, :val1655, :val1656, :val1657, :val1658, :val1659, :val1660, :val1661, :val1662, :val1663, :val1664, :val1665, :val1666, :val1667, :val1668, :val1669, :val1670, :val1671, :val1672, :val1673, :val1674, :val1675, :val1676, :val1677, :val1678, :val1679, :val1680, :val1681, :val1682, :val1683, :val1684, :val1685, :val1686, :val1687, :val1688, :val1689, :val1690, :val1691, :val1692, :val1693, :val1694, :val1695, :val1696, :val1697, :val1698, :val1699, :val1700, :val1701, :val1702, :val1703, :val1704, :val1705, :val1706, :val1707, :val1708, :val1709, :val1710, :val1711, :val1712, :val1713, :val1714, :val1715, :val1716, :val1717, :val1718, :val1719, :val1720, :val1721, :val1722, :val1723, :val1724, :val1725, :val1726, :val1727, :val1728, :val1729, :val1730, :val1731, :val1732, :val1733, :val1734, :val1735, :val1736, :val1737, :val1738, :val1739, :val1740, :val1741, :val1742, :val1743, :val1744, :val1745, :val1746, :val1747, :val1748, :val1749, :val1750, :val1751, :val1752, :val1753, :val1754, :val1755, :val1756, :val1757, :val1758, :val1759, :val1760, :val1761, :val1762, :val1763, :val1764, :val1765, :val1766, :val1767, :val1768, :val1769, :val1770, :val1771, :val1772, :val1773, :val1774, :val1775, :val1776, :val1777, :val1778, :val1779, :val1780, :val1781, :val1782, :val1783, :val1784, :val1785, :val1786, :val1787, :val1788, :val1789, :val1790, :val1791, :val1792, :val1793, :val1794, :val1795, :val1796, :val1797, :val1798, :val1799, :val1800, :val1801, :val1802, :val1803, :val1804, :val1805, :val1806, :val1807, :val1808, :val1809, :val1810, :val1811, :val1812, :val1813, :val1814, :val1815, :val1816, :val1817, :val1818, :val1819, :val1820, :val1821, :val1822, :val1823, :val1824, :val1825, :val1826, :val1827, :val1828, :val1829, :val1830, :val1831, :val1832, :val1833, :val1834, :val1835, :val1836, :val1837, :val1838, :val1839, :val1840, :val1841, :val1842, :val1843, :val1844, :val1845, :val1846, :val1847, :val1848, :val1849, :val1850, :val1851, :val1852, :val1853, :val1854, :val1855, :val1856, :val1857, :val1858, :val1859, :val1860, :val1861, :val1862, :val1863, :val1864, :val1865, :val1866, :val1867, :val1868, :val1869, :val1870, :val1871, :val1872, :val1873, :val1874, :val1875, :val1876, :val1877, :val1878, :val1879, :val1880, :val1881, :val1882, :val1883, :val1884, :val1885, :val1886, :val1887, :val1888, :val1889, :val1890, :val1891, :val1892, :val1893, :val1894, :val1895, :val1896, :val1897, :val1898, :val1899, :val1900, :val1901, :val1902, :val1903, :val1904, :val1905, :val1906, :val1907, :val1908, :val1909, :val1910, :val1911, :val1912, :val1913, :val1914, :val1915, :val1916, :val1917, :val1918, :val1919, :val1920, :val1921, :val1922, :val1923, :val1924, :val1925, :val1926, :val1927, :val1928, :val1929, :val1930, :val1931, :val1932, :val1933, :val1934, :val1935, :val1936, :val1937, :val1938, :val1939, :val1940, :val1941, :val1942, :val1943, :val1944, :val1945, :val1946, :val1947, :val1948, :val1949, :val1950, :val1951, :val1952, :val1953, :val1954, :val1955, :val1956, :val1957, :val1958, :val1959, :val1960, :val1961, :val1962, :val1963, :val1964, :val1965, :val1966, :val1967, :val1968, :val1969, :val1970, :val1971, :val1972, :val1973, :val1974, :val1975, :val1976, :val1977, :val1978, :val1979, :val1980, :val1981, :val1982, :val1983, :val1984, :val1985, :val1986, :val1987, :val1988, :val1989, :val1990, :val1991, :val1992, :val1993, :val1994, :val1995, :val1996, :val1997, :val1998, :val1999, :val2000, :val2001, :val2002, :val2003, :val2004, :val2005, :val2006, :val2007, :val2008, :val2009, :val2010, :val2011, :val2012, :val2013, :val2014, :val2015, :val2016, :val2017, :val2018, :val2019, :val2020, :val2021, :val2022, :val2023, :val2024, :val2025, :val2026, :val2027, :val2028, :val2029, :val2030, :val2031, :val2032, :val2033, :val2034, :val2035, :val2036, :val2037, :val2038, :val2039, :val2040, :val2041, :val2042, :val2043, :val2044, :val2045, :val2046, :val2047, :val2048, :val2049, :val2050, :val2051, :val2052, :val2053, :val2054, :val2055, :val2056, :val2057, :val2058, :val2059, :val2060, :val2061, :val2062, :val2063, :val2064, :val2065, :val2066, :val2067, :val2068, :val2069, :val2070, :val2071, :val2072, :val2073, :val2074, :val2075, :val2076, :val2077, :val2078, :val2079, :val2080, :val2081, :val2082, :val2083, :val2084, :val2085, :val2086, :val2087, :val2088, :val2089, :val2090, :val2091, :val2092, :val2093, :val2094, :val2095, :val2096, :val2097, :val2098, :val2099, :val2100, :val2101, :val2102, :val2103, :val2104, :val2105, :val2106, :val2107, :val2108, :val2109, :val2110, :val2111, :val2112, :val2113, :val2114, :val2115, :val2116, :val2117, :val2118, :val2119, :val2120, :val2121, :val2122, :val2123, :val2124, :val2125, :val2126, :val2127, :val2128, :val2129, :val2130, :val2131, :val2132, :val2133, :val2134, :val2135, :val2136, :val2137, :val2138, :val2139, :val2140, :val2141, :val2142, :val2143, :val2144, :val2145, :val2146, :val2147, :val2148, :val2149, :val2150, :val2151, :val2152, :val2153, :val2154, :val2155, :val2156, :val2157, :val2158, :val2159, :val2160, :val2161, :val2162, :val2163, :val2164, :val2165, :val2166, :val2167, :val2168, :val2169, :val2170, :val2171, :val2172, :val2173, :val2174, :val2175, :val2176, :val2177, :val2178, :val2179, :val2180, :val2181, :val2182, :val2183, :val2184, :val2185, :val2186, :val2187, :val2188, :val2189, :val2190, :val2191, :val2192, :val2193, :val2194, :val2195, :val2196, :val2197, :val2198, :val2199, :val2200, :val2201, :val2202, :val2203, :val2204, :val2205, :val2206, :val2207, :val2208, :val2209, :val2210, :val2211, :val2212, :val2213, :val2214, :val2215, :val2216, :val2217, :val2218, :val2219, :val2220, :val2221, :val2222, :val2223, :val2224, :val2225, :val2226, :val2227, :val2228, :val2229, :val2230, :val2231, :val2232, :val2233, :val2234, :val2235, :val2236, :val2237, :val2238, :val2239, :val2240, :val2241, :val2242, :val2243, :val2244, :val2245, :val2246, :val2247, :val2248, :val2249, :val2250, :val2251, :val2252, :val2253, :val2254, :val2255, :val2256, :val2257, :val2258, :val2259, :val2260, :val2261, :val2262, :val2263, :val2264, :val2265, :val2266, :val2267, :val2268, :val2269, :val2270, :val2271, :val2272, :val2273, :val2274, :val2275, :val2276, :val2277, :val2278, :val2279, :val2280, :val2281, :val2282, :val2283, :val2284, :val2285, :val2286, :val2287, :val2288, :val2289, :val2290, :val2291, :val2292, :val2293, :val2294, :val2295, :val2296, :val2297, :val2298, :val2299, :val2300, :val2301, :val2302, :val2303, :val2304, :val2305, :val2306, :val2307, :val2308, :val2309, :val2310, :val2311, :val2312, :val2313, :val2314, :val2315, :val2316, :val2317, :val2318, :val2319, :val2320, :val2321, :val2322, :val2323, :val2324, :val2325, :val2326, :val2327, :val2328, :val2329, :val2330, :val2331, :val2332, :val2333, :val2334, :val2335, :val2336, :val2337, :val2338, :val2339, :val2340, :val2341, :val2342, :val2343, :val2344, :val2345, :val2346, :val2347, :val2348, :val2349, :val2350, :val2351, :val2352, :val2353, :val2354, :val2355, :val2356, :val2357, :val2358, :val2359, :val2360, :val2361, :val2362, :val2363, :val2364, :val2365, :val2366, :val2367, :val2368, :val2369, :val2370, :val2371, :val2372, :val2373, :val2374, :val2375, :val2376, :val2377, :val2378, :val2379, :val2380, :val2381, :val2382, :val2383, :val2384, :val2385, :val2386, :val2387, :val2388, :val2389, :val2390, :val2391, :val2392, :val2393, :val2394, :val2395, :val2396, :val2397, :val2398, :val2399, :val2400, :val2401, :val2402, :val2403, :val2404, :val2405, :val2406, :val2407, :val2408, :val2409, :val2410, :val2411, :val2412, :val2413, :val2414, :val2415, :val2416, :val2417, :val2418, :val2419, :val2420, :val2421, :val2422, :val2423, :val2424, :val2425, :val2426, :val2427, :val2428, :val2429, :val2430, :val2431, :val2432, :val2433, :val2434, :val2435, :val2436, :val2437, :val2438, :val2439, :val2440, :val2441, :val2442, :val2443, :val2444, :val2445, :val2446, :val2447, :val2448, :val2449, :val2450, :val2451, :val2452, :val2453, :val2454, :val2455, :val2456, :val2457, :val2458, :val2459, :val2460, :val2461, :val2462, :val2463, :val2464, :val2465, :val2466, :val2467, :val2468, :val2469, :val2470, :val2471, :val2472, :val2473, :val2474, :val2475, :val2476, :val2477, :val2478, :val2479, :val2480, :val2481, :val2482, :val2483, :val2484, :val2485, :val2486, :val2487, :val2488, :val2489, :val2490, :val2491, :val2492, :val2493, :val2494, :val2495, :val2496, :val2497, :val2498, :val2499, :val2500, :val2501, :val2502, :val2503, :val2504, :val2505, :val2506, :val2507, :val2508, :val2509, :val2510, :val2511, :val2512, :val2513, :val2514, :val2515, :val2516, :val2517, :val2518, :val2519, :val2520, :val2521, :val2522, :val2523, :val2524, :val2525, :val2526, :val2527, :val2528, :val2529, :val2530, :val2531, :val2532, :val2533, :val2534, :val2535, :val2536, :val2537, :val2538, :val2539, :val2540, :val2541, :val2542, :val2543, :val2544, :val2545, :val2546, :val2547, :val2548, :val2549, :val2550, :val2551, :val2552, :val2553, :val2554, :val2555, :val2556, :val2557, :val2558, :val2559, :val2560, :val2561, :val2562, :val2563, :val2564, :val2565, :val2566, :val2567, :val2568, :val2569, :val2570, :val2571, :val2572, :val2573, :val2574, :val2575, :val2576, :val2577, :val2578, :val2579, :val2580, :val2581, :val2582, :val2583, :val2584, :val2585, :val2586, :val2587, :val2588, :val2589, :val2590, :val2591, :val2592, :val2593, :val2594, :val2595, :val2596, :val2597, :val2598, :val2599, :val2600, :val2601, :val2602, :val2603, :val2604, :val2605, :val2606, :val2607, :val2608, :val2609, :val2610, :val2611, :val2612, :val2613, :val2614, :val2615, :val2616, :val2617, :val2618, :val2619, :val2620, :val2621, :val2622, :val2623, :val2624, :val2625, :val2626, :val2627, :val2628, :val2629, :val2630, :val2631, :val2632, :val2633, :val2634, :val2635, :val2636, :val2637, :val2638, :val2639, :val2640, :val2641, :val2642, :val2643, :val2644, :val2645, :val2646, :val2647, :val2648, :val2649, :val2650, :val2651, :val2652, :val2653, :val2654, :val2655, :val2656, :val2657, :val2658, :val2659, :val2660, :val2661, :val2662, :val2663, :val2664, :val2665, :val2666, :val2667, :val2668, :val2669, :val2670, :val2671, :val2672, :val2673, :val2674, :val2675, :val2676, :val2677, :val2678, :val2679, :val2680, :val2681, :val2682, :val2683, :val2684, :val2685, :val2686, :val2687, :val2688, :val2689, :val2690, :val2691, :val2692, :val2693, :val2694, :val2695, :val2696, :val2697, :val2698, :val2699, :val2700, :val2701, :val2702, :val2703, :val2704, :val2705, :val2706, :val2707, :val2708, :val2709, :val2710, :val2711, :val2712, :val2713, :val2714, :val2715, :val2716, :val2717, :val2718, :val2719, :val2720, :val2721, :val2722, :val2723, :val2724, :val2725, :val2726, :val2727, :val2728, :val2729, :val2730, :val2731, :val2732, :val2733, :val2734, :val2735, :val2736, :val2737, :val2738, :val2739, :val2740, :val2741, :val2742, :val2743, :val2744, :val2745, :val2746, :val2747, :val2748, :val2749, :val2750, :val2751, :val2752, :val2753, :val2754, :val2755, :val2756, :val2757, :val2758, :val2759, :val2760, :val2761, :val2762, :val2763, :val2764, :val2765, :val2766, :val2767, :val2768, :val2769, :val2770, :val2771, :val2772, :val2773, :val2774, :val2775, :val2776, :val2777, :val2778, :val2779, :val2780, :val2781, :val2782, :val2783, :val2784, :val2785, :val2786, :val2787, :val2788, :val2789, :val2790, :val2791, :val2792, :val2793, :val2794, :val2795, :val2796, :val2797, :val2798, :val2799, :val2800, :val2801, :val2802, :val2803, :val2804, :val2805, :val2806, :val2807, :val2808, :val2809, :val2810, :val2811, :val2812, :val2813, :val2814, :val2815, :val2816, :val2817, :val2818, :val2819, :val2820, :val2821, :val2822, :val2823, :val2824, :val2825, :val2826, :val2827, :val2828, :val2829, :val2830, :val2831, :val2832, :val2833, :val2834, :val2835, :val2836, :val2837, :val2838, :val2839, :val2840, :val2841, :val2842, :val2843, :val2844, :val2845, :val2846, :val2847, :val2848, :val2849, :val2850, :val2851, :val2852, :val2853, :val2854, :val2855, :val2856, :val2857, :val2858, :val2859, :val2860, :val2861, :val2862, :val2863, :val2864, :val2865, :val2866, :val2867, :val2868, :val2869, :val2870, :val2871, :val2872, :val2873, :val2874, :val2875, :val2876, :val2877, :val2878, :val2879, :val2880, :val2881, :val2882, :val2883, :val2884, :val2885, :val2886, :val2887, :val2888, :val2889, :val2890, :val2891, :val2892, :val2893, :val2894, :val2895, :val2896, :val2897, :val2898, :val2899, :val2900, :val2901, :val2902, :val2903, :val2904, :val2905, :val2906, :val2907, :val2908, :val2909, :val2910, :val2911, :val2912, :val2913, :val2914, :val2915, :val2916, :val2917, :val2918, :val2919, :val2920, :val2921, :val2922, :val2923, :val2924, :val2925, :val2926, :val2927, :val2928, :val2929, :val2930, :val2931, :val2932, :val2933, :val2934, :val2935, :val2936, :val2937, :val2938, :val2939, :val2940, :val2941, :val2942, :val2943, :val2944, :val2945, :val2946, :val2947, :val2948, :val2949, :val2950, :val2951, :val2952, :val2953, :val2954, :val2955, :val2956, :val2957, :val2958, :val2959, :val2960, :val2961, :val2962, :val2963, :val2964, :val2965, :val2966, :val2967, :val2968, :val2969, :val2970, :val2971, :val2972, :val2973, :val2974, :val2975, :val2976, :val2977, :val2978, :val2979, :val2980, :val2981, :val2982, :val2983, :val2984, :val2985, :val2986, :val2987, :val2988, :val2989, :val2990, :val2991, :val2992, :val2993, :val2994, :val2995, :val2996, :val2997, :val2998, :val2999, :val3000, :val3001, :val3002, :val3003, :val3004, :val3005, :val3006, :val3007, :val3008, :val3009, :val3010, :val3011, :val3012, :val3013, :val3014, :val3015, :val3016, :val3017, :val3018, :val3019, :val3020, :val3021, :val3022, :val3023, :val3024, :val3025, :val3026, :val3027, :val3028, :val3029, :val3030, :val3031, :val3032, :val3033, :val3034, :val3035, :val3036, :val3037, :val3038, :val3039, :val3040, :val3041, :val3042, :val3043, :val3044, :val3045, :val3046, :val3047, :val3048, :val3049, :val3050, :val3051, :val3052, :val3053, :val3054, :val3055, :val3056, :val3057, :val3058, :val3059, :val3060, :val3061, :val3062, :val3063, :val3064, :val3065, :val3066, :val3067, :val3068, :val3069, :val3070, :val3071, :val3072, :val3073, :val3074, :val3075, :val3076, :val3077, :val3078, :val3079, :val3080, :val3081, :val3082, :val3083, :val3084, :val3085, :val3086, :val3087, :val3088, :val3089, :val3090, :val3091, :val3092, :val3093, :val3094, :val3095, :val3096, :val3097, :val3098, :val3099, :val3100, :val3101, :val3102, :val3103, :val3104, :val3105, :val3106, :val3107, :val3108, :val3109, :val3110, :val3111, :val3112, :val3113, :val3114, :val3115, :val3116, :val3117, :val3118, :val3119, :val3120, :val3121, :val3122, :val3123, :val3124, :val3125, :val3126, :val3127, :val3128, :val3129, :val3130, :val3131, :val3132, :val3133, :val3134, :val3135, :val3136, :val3137, :val3138, :val3139, :val3140, :val3141, :val3142, :val3143, :val3144, :val3145, :val3146, :val3147, :val3148, :val3149, :val3150, :val3151, :val3152, :val3153, :val3154, :val3155, :val3156, :val3157, :val3158, :val3159, :val3160, :val3161, :val3162, :val3163, :val3164, :val3165, :val3166, :val3167, :val3168, :val3169, :val3170, :val3171, :val3172, :val3173, :val3174, :val3175, :val3176, :val3177, :val3178, :val3179, :val3180, :val3181, :val3182, :val3183, :val3184, :val3185, :val3186, :val3187, :val3188, :val3189, :val3190, :val3191, :val3192, :val3193, :val3194, :val3195, :val3196, :val3197, :val3198, :val3199, :val3200, :val3201, :val3202, :val3203, :val3204, :val3205, :val3206, :val3207, :val3208, :val3209, :val3210, :val3211, :val3212, :val3213, :val3214, :val3215, :val3216, :val3217, :val3218, :val3219, :val3220, :val3221, :val3222, :val3223, :val3224, :val3225, :val3226, :val3227, :val3228, :val3229, :val3230, :val3231, :val3232, :val3233, :val3234, :val3235, :val3236, :val3237, :val3238, :val3239, :val3240, :val3241, :val3242, :val3243, :val3244, :val3245, :val3246, :val3247, :val3248, :val3249, :val3250, :val3251, :val3252, :val3253, :val3254, :val3255, :val3256, :val3257, :val3258, :val3259, :val3260, :val3261, :val3262, :val3263, :val3264, :val3265, :val3266, :val3267, :val3268, :val3269, :val3270, :val3271, :val3272, :val3273, :val3274, :val3275, :val3276, :val3277, :val3278, :val3279, :val3280, :val3281, :val3282, :val3283, :val3284, :val3285, :val3286, :val3287, :val3288, :val3289, :val3290, :val3291, :val3292, :val3293, :val3294, :val3295, :val3296, :val3297, :val3298, :val3299, :val3300, :val3301, :val3302, :val3303, :val3304, :val3305, :val3306, :val3307, :val3308, :val3309, :val3310, :val3311, :val3312, :val3313, :val3314, :val3315, :val3316, :val3317, :val3318, :val3319, :val3320, :val3321, :val3322, :val3323, :val3324, :val3325, :val3326, :val3327, :val3328, :val3329, :val3330, :val3331, :val3332, :val3333, :val3334, :val3335, :val3336, :val3337, :val3338, :val3339, :val3340, :val3341, :val3342, :val3343, :val3344, :val3345, :val3346, :val3347, :val3348, :val3349, :val3350, :val3351, :val3352, :val3353, :val3354, :val3355, :val3356, :val3357, :val3358, :val3359, :val3360, :val3361, :val3362, :val3363, :val3364, :val3365, :val3366, :val3367, :val3368, :val3369, :val3370, :val3371, :val3372, :val3373, :val3374, :val3375, :val3376, :val3377, :val3378, :val3379, :val3380, :val3381, :val3382, :val3383, :val3384, :val3385, :val3386, :val3387, :val3388, :val3389, :val3390, :val3391, :val3392, :val3393, :val3394, :val3395, :val3396, :val3397, :val3398, :val3399, :val3400, :val3401, :val3402, :val3403, :val3404, :val3405, :val3406, :val3407, :val3408, :val3409, :val3410, :val3411, :val3412, :val3413, :val3414, :val3415, :val3416, :val3417, :val3418, :val3419, :val3420, :val3421, :val3422, :val3423, :val3424, :val3425, :val3426, :val3427, :val3428, :val3429, :val3430, :val3431, :val3432, :val3433, :val3434, :val3435, :val3436, :val3437, :val3438, :val3439, :val3440, :val3441, :val3442, :val3443, :val3444, :val3445, :val3446, :val3447, :val3448, :val3449, :val3450, :val3451, :val3452, :val3453, :val3454, :val3455, :val3456, :val3457, :val3458, :val3459, :val3460, :val3461, :val3462, :val3463, :val3464, :val3465, :val3466, :val3467, :val3468, :val3469, :val3470, :val3471, :val3472, :val3473, :val3474, :val3475, :val3476, :val3477, :val3478, :val3479, :val3480, :val3481, :val3482, :val3483, :val3484, :val3485, :val3486, :val3487, :val3488, :val3489, :val3490, :val3491, :val3492, :val3493, :val3494, :val3495, :val3496, :val3497, :val3498, :val3499, :val3500, :val3501, :val3502, :val3503, :val3504, :val3505, :val3506, :val3507, :val3508, :val3509, :val3510, :val3511, :val3512, :val3513, :val3514, :val3515, :val3516, :val3517, :val3518, :val3519, :val3520, :val3521, :val3522, :val3523, :val3524, :val3525, :val3526, :val3527, :val3528, :val3529, :val3530, :val3531, :val3532, :val3533, :val3534, :val3535, :val3536, :val3537, :val3538, :val3539, :val3540, :val3541, :val3542, :val3543, :val3544, :val3545, :val3546, :val3547, :val3548, :val3549, :val3550, :val3551, :val3552, :val3553, :val3554, :val3555, :val3556, :val3557, :val3558, :val3559, :val3560, :val3561, :val3562, :val3563, :val3564, :val3565, :val3566, :val3567, :val3568, :val3569, :val3570, :val3571, :val3572, :val3573, :val3574, :val3575, :val3576, :val3577, :val3578, :val3579, :val3580, :val3581, :val3582, :val3583, :val3584, :val3585, :val3586, :val3587, :val3588, :val3589, :val3590, :val3591, :val3592, :val3593, :val3594, :val3595, :val3596, :val3597, :val3598, :val3599, :val3600, :val3601, :val3602, :val3603, :val3604, :val3605, :val3606, :val3607, :val3608, :val3609, :val3610, :val3611, :val3612, :val3613, :val3614, :val3615, :val3616, :val3617, :val3618, :val3619, :val3620, :val3621, :val3622, :val3623, :val3624, :val3625, :val3626, :val3627, :val3628, :val3629, :val3630, :val3631, :val3632, :val3633, :val3634, :val3635, :val3636, :val3637, :val3638, :val3639, :val3640, :val3641, :val3642, :val3643, :val3644, :val3645, :val3646, :val3647, :val3648, :val3649, :val3650, :val3651, :val3652, :val3653, :val3654, :val3655, :val3656, :val3657, :val3658, :val3659, :val3660, :val3661, :val3662, :val3663, :val3664, :val3665, :val3666, :val3667, :val3668, :val3669, :val3670, :val3671, :val3672, :val3673, :val3674, :val3675, :val3676, :val3677, :val3678, :val3679, :val3680, :val3681, :val3682, :val3683, :val3684, :val3685, :val3686, :val3687, :val3688, :val3689, :val3690, :val3691, :val3692, :val3693, :val3694, :val3695, :val3696, :val3697, :val3698, :val3699, :val3700, :val3701, :val3702, :val3703, :val3704, :val3705, :val3706, :val3707, :val3708, :val3709, :val3710, :val3711, :val3712, :val3713, :val3714, :val3715, :val3716, :val3717, :val3718, :val3719, :val3720, :val3721, :val3722, :val3723, :val3724, :val3725, :val3726, :val3727, :val3728, :val3729, :val3730, :val3731, :val3732, :val3733, :val3734, :val3735, :val3736, :val3737, :val3738, :val3739, :val3740, :val3741, :val3742, :val3743, :val3744, :val3745, :val3746, :val3747, :val3748, :val3749, :val3750, :val3751, :val3752, :val3753, :val3754, :val3755, :val3756, :val3757, :val3758, :val3759, :val3760, :val3761, :val3762, :val3763, :val3764, :val3765, :val3766, :val3767, :val3768, :val3769, :val3770, :val3771, :val3772, :val3773, :val3774, :val3775, :val3776, :val3777, :val3778, :val3779, :val3780, :val3781, :val3782, :val3783, :val3784, :val3785, :val3786, :val3787, :val3788, :val3789, :val3790, :val3791, :val3792, :val3793, :val3794, :val3795, :val3796, :val3797, :val3798, :val3799, :val3800, :val3801, :val3802, :val3803, :val3804, :val3805, :val3806, :val3807, :val3808, :val3809, :val3810, :val3811, :val3812, :val3813, :val3814, :val3815, :val3816, :val3817, :val3818, :val3819, :val3820, :val3821, :val3822, :val3823, :val3824, :val3825, :val3826, :val3827, :val3828, :val3829, :val3830, :val3831, :val3832, :val3833, :val3834, :val3835, :val3836, :val3837, :val3838, :val3839, :val3840, :val3841, :val3842, :val3843, :val3844, :val3845, :val3846, :val3847, :val3848, :val3849, :val3850, :val3851, :val3852, :val3853, :val3854, :val3855, :val3856, :val3857, :val3858, :val3859, :val3860, :val3861, :val3862, :val3863, :val3864, :val3865, :val3866, :val3867, :val3868, :val3869, :val3870, :val3871, :val3872, :val3873, :val3874, :val3875, :val3876, :val3877, :val3878, :val3879, :val3880, :val3881, :val3882, :val3883, :val3884, :val3885, :val3886, :val3887, :val3888, :val3889, :val3890, :val3891, :val3892, :val3893, :val3894, :val3895, :val3896, :val3897, :val3898, :val3899, :val3900, :val3901, :val3902, :val3903, :val3904, :val3905, :val3906, :val3907, :val3908, :val3909, :val3910, :val3911, :val3912, :val3913, :val3914, :val3915, :val3916, :val3917, :val3918, :val3919, :val3920, :val3921, :val3922, :val3923, :val3924, :val3925, :val3926, :val3927, :val3928, :val3929, :val3930, :val3931, :val3932, :val3933, :val3934, :val3935, :val3936, :val3937, :val3938, :val3939, :val3940, :val3941, :val3942, :val3943, :val3944, :val3945, :val3946, :val3947, :val3948, :val3949, :val3950, :val3951, :val3952, :val3953, :val3954, :val3955, :val3956, :val3957, :val3958, :val3959, :val3960, :val3961, :val3962, :val3963, :val3964, :val3965, :val3966, :val3967, :val3968, :val3969, :val3970, :val3971, :val3972, :val3973, :val3974, :val3975, :val3976, :val3977, :val3978, :val3979, :val3980, :val3981, :val3982, :val3983, :val3984, :val3985, :val3986, :val3987, :val3988, :val3989, :val3990, :val3991, :val3992, :val3993, :val3994, :val3995, :val3996, :val3997, :val3998, :val3999, :val4000, :val4001, :val4002, :val4003, :val4004, :val4005, :val4006, :val4007, :val4008, :val4009, :val4010, :val4011, :val4012, :val4013, :val4014, :val4015, :val4016, :val4017, :val4018, :val4019, :val4020, :val4021, :val4022, :val4023, :val4024, :val4025, :val4026, :val4027, :val4028, :val4029, :val4030, :val4031, :val4032, :val4033, :val4034, :val4035, :val4036, :val4037, :val4038, :val4039, :val4040, :val4041, :val4042, :val4043, :val4044, :val4045, :val4046, :val4047, :val4048, :val4049, :val4050, :val4051, :val4052, :val4053, :val4054, :val4055, :val4056, :val4057, :val4058, :val4059, :val4060, :val4061, :val4062, :val4063, :val4064, :val4065, :val4066, :val4067, :val4068, :val4069, :val4070, :val4071, :val4072, :val4073, :val4074, :val4075, :val4076, :val4077, :val4078, :val4079, :val4080, :val4081, :val4082, :val4083, :val4084, :val4085, :val4086, :val4087, :val4088, :val4089, :val4090, :val4091, :val4092, :val4093, :val4094, :val4095, :val4096, :val4097, :val4098, :val4099, :val4100, :val4101, :val4102, :val4103, :val4104, :val4105, :val4106, :val4107, :val4108, :val4109, :val4110, :val4111, :val4112, :val4113, :val4114, :val4115, :val4116, :val4117, :val4118, :val4119, :val4120, :val4121, :val4122, :val4123, :val4124, :val4125, :val4126, :val4127, :val4128, :val4129, :val4130, :val4131, :val4132, :val4133, :val4134, :val4135, :val4136, :val4137, :val4138, :val4139, :val4140, :val4141, :val4142, :val4143, :val4144, :val4145, :val4146, :val4147, :val4148, :val4149, :val4150, :val4151, :val4152, :val4153, :val4154, :val4155, :val4156, :val4157, :val4158, :val4159, :val4160, :val4161, :val4162, :val4163, :val4164, :val4165, :val4166, :val4167, :val4168, :val4169, :val4170, :val4171, :val4172, :val4173, :val4174, :val4175, :val4176, :val4177, :val4178, :val4179, :val4180, :val4181, :val4182, :val4183, :val4184, :val4185, :val4186, :val4187, :val4188, :val4189, :val4190, :val4191, :val4192, :val4193, :val4194, :val4195, :val4196, :val4197, :val4198, :val4199, :val4200, :val4201, :val4202, :val4203, :val4204, :val4205, :val4206, :val4207, :val4208, :val4209, :val4210, :val4211, :val4212, :val4213, :val4214, :val4215, :val4216, :val4217, :val4218, :val4219, :val4220, :val4221, :val4222, :val4223, :val4224, :val4225, :val4226, :val4227, :val4228, :val4229, :val4230, :val4231, :val4232, :val4233, :val4234, :val4235, :val4236, :val4237, :val4238, :val4239, :val4240, :val4241, :val4242, :val4243, :val4244, :val4245, :val4246, :val4247, :val4248, :val4249, :val4250, :val4251, :val4252, :val4253, :val4254, :val4255, :val4256, :val4257, :val4258, :val4259, :val4260, :val4261, :val4262, :val4263, :val4264, :val4265, :val4266, :val4267, :val4268, :val4269, :val4270, :val4271, :val4272, :val4273, :val4274, :val4275, :val4276, :val4277, :val4278, :val4279, :val4280, :val4281, :val4282, :val4283, :val4284, :val4285, :val4286, :val4287, :val4288, :val4289, :val4290, :val4291, :val4292, :val4293, :val4294, :val4295, :val4296, :val4297, :val4298, :val4299, :val4300, :val4301, :val4302, :val4303, :val4304, :val4305, :val4306, :val4307, :val4308, :val4309, :val4310, :val4311, :val4312, :val4313, :val4314, :val4315, :val4316, :val4317, :val4318, :val4319, :val4320, :val4321, :val4322, :val4323, :val4324, :val4325, :val4326, :val4327, :val4328, :val4329, :val4330, :val4331, :val4332, :val4333, :val4334, :val4335, :val4336, :val4337, :val4338, :val4339, :val4340, :val4341, :val4342, :val4343, :val4344, :val4345, :val4346, :val4347, :val4348, :val4349, :val4350, :val4351, :val4352, :val4353, :val4354, :val4355, :val4356, :val4357, :val4358, :val4359, :val4360, :val4361, :val4362, :val4363, :val4364, :val4365, :val4366, :val4367, :val4368, :val4369, :val4370, :val4371, :val4372, :val4373, :val4374, :val4375, :val4376, :val4377, :val4378, :val4379, :val4380, :val4381, :val4382, :val4383, :val4384, :val4385, :val4386, :val4387, :val4388, :val4389, :val4390, :val4391, :val4392, :val4393, :val4394, :val4395, :val4396, :val4397, :val4398, :val4399, :val4400, :val4401, :val4402, :val4403, :val4404, :val4405, :val4406, :val4407, :val4408, :val4409, :val4410, :val4411, :val4412, :val4413, :val4414, :val4415, :val4416, :val4417, :val4418, :val4419, :val4420, :val4421, :val4422, :val4423, :val4424, :val4425, :val4426, :val4427, :val4428, :val4429, :val4430, :val4431, :val4432, :val4433, :val4434, :val4435, :val4436, :val4437, :val4438, :val4439, :val4440, :val4441, :val4442, :val4443, :val4444, :val4445, :val4446, :val4447, :val4448, :val4449, :val4450, :val4451, :val4452, :val4453, :val4454, :val4455, :val4456, :val4457, :val4458, :val4459, :val4460, :val4461, :val4462, :val4463, :val4464, :val4465, :val4466, :val4467, :val4468, :val4469, :val4470, :val4471, :val4472, :val4473, :val4474, :val4475, :val4476, :val4477, :val4478, :val4479, :val4480, :val4481, :val4482, :val4483, :val4484, :val4485, :val4486, :val4487, :val4488, :val4489, :val4490, :val4491, :val4492, :val4493, :val4494, :val4495, :val4496, :val4497, :val4498, :val4499, :val4500, :val4501, :val4502, :val4503, :val4504, :val4505, :val4506, :val4507, :val4508, :val4509, :val4510, :val4511, :val4512, :val4513, :val4514, :val4515, :val4516, :val4517, :val4518, :val4519, :val4520, :val4521, :val4522, :val4523, :val4524, :val4525, :val4526, :val4527, :val4528, :val4529, :val4530, :val4531, :val4532, :val4533, :val4534, :val4535, :val4536, :val4537, :val4538, :val4539, :val4540, :val4541, :val4542, :val4543, :val4544, :val4545, :val4546, :val4547, :val4548, :val4549, :val4550, :val4551, :val4552, :val4553, :val4554, :val4555, :val4556, :val4557, :val4558, :val4559, :val4560, :val4561, :val4562, :val4563, :val4564, :val4565, :val4566, :val4567, :val4568, :val4569, :val4570, :val4571, :val4572, :val4573, :val4574, :val4575, :val4576, :val4577, :val4578, :val4579, :val4580, :val4581, :val4582, :val4583, :val4584, :val4585, :val4586, :val4587, :val4588, :val4589, :val4590, :val4591, :val4592, :val4593, :val4594, :val4595, :val4596, :val4597, :val4598, :val4599, :val4600, :val4601, :val4602, :val4603, :val4604, :val4605, :val4606, :val4607, :val4608, :val4609, :val4610, :val4611, :val4612, :val4613, :val4614, :val4615, :val4616, :val4617, :val4618, :val4619, :val4620, :val4621, :val4622, :val4623, :val4624, :val4625, :val4626, :val4627, :val4628, :val4629, :val4630, :val4631, :val4632, :val4633, :val4634, :val4635, :val4636, :val4637, :val4638, :val4639, :val4640, :val4641, :val4642, :val4643, :val4644, :val4645, :val4646, :val4647, :val4648, :val4649, :val4650, :val4651, :val4652, :val4653, :val4654, :val4655, :val4656, :val4657, :val4658, :val4659, :val4660, :val4661, :val4662, :val4663, :val4664, :val4665, :val4666, :val4667, :val4668, :val4669, :val4670, :val4671, :val4672, :val4673, :val4674, :val4675, :val4676, :val4677, :val4678, :val4679, :val4680, :val4681, :val4682, :val4683, :val4684, :val4685, :val4686, :val4687, :val4688, :val4689, :val4690, :val4691, :val4692, :val4693, :val4694, :val4695, :val4696, :val4697, :val4698, :val4699, :val4700, :val4701, :val4702, :val4703, :val4704, :val4705, :val4706, :val4707, :val4708, :val4709, :val4710, :val4711, :val4712, :val4713, :val4714, :val4715, :val4716, :val4717, :val4718, :val4719, :val4720, :val4721, :val4722, :val4723, :val4724, :val4725, :val4726, :val4727, :val4728, :val4729, :val4730, :val4731, :val4732, :val4733, :val4734, :val4735, :val4736, :val4737, :val4738, :val4739, :val4740, :val4741, :val4742, :val4743, :val4744, :val4745, :val4746, :val4747, :val4748, :val4749, :val4750, :val4751, :val4752, :val4753, :val4754, :val4755, :val4756, :val4757, :val4758, :val4759, :val4760, :val4761, :val4762, :val4763, :val4764, :val4765, :val4766, :val4767, :val4768, :val4769, :val4770, :val4771, :val4772, :val4773, :val4774, :val4775, :val4776, :val4777, :val4778, :val4779, :val4780, :val4781, :val4782, :val4783, :val4784, :val4785, :val4786, :val4787, :val4788, :val4789, :val4790, :val4791, :val4792, :val4793, :val4794, :val4795, :val4796, :val4797, :val4798, :val4799, :val4800, :val4801, :val4802, :val4803, :val4804, :val4805, :val4806, :val4807, :val4808, :val4809, :val4810, :val4811, :val4812, :val4813, :val4814, :val4815, :val4816, :val4817, :val4818, :val4819, :val4820, :val4821, :val4822, :val4823, :val4824, :val4825, :val4826, :val4827, :val4828, :val4829, :val4830, :val4831, :val4832, :val4833, :val4834, :val4835, :val4836, :val4837, :val4838, :val4839, :val4840, :val4841, :val4842, :val4843, :val4844, :val4845, :val4846, :val4847, :val4848, :val4849, :val4850, :val4851, :val4852, :val4853, :val4854, :val4855, :val4856, :val4857, :val4858, :val4859, :val4860, :val4861, :val4862, :val4863, :val4864, :val4865, :val4866, :val4867, :val4868, :val4869, :val4870, :val4871, :val4872, :val4873, :val4874, :val4875, :val4876, :val4877, :val4878, :val4879, :val4880, :val4881, :val4882, :val4883, :val4884, :val4885, :val4886, :val4887, :val4888, :val4889, :val4890, :val4891, :val4892, :val4893, :val4894, :val4895, :val4896, :val4897, :val4898, :val4899, :val4900, :val4901, :val4902, :val4903, :val4904, :val4905, :val4906, :val4907, :val4908, :val4909, :val4910, :val4911, :val4912, :val4913, :val4914, :val4915, :val4916, :val4917, :val4918, :val4919, :val4920, :val4921, :val4922, :val4923, :val4924, :val4925, :val4926, :val4927, :val4928, :val4929, :val4930, :val4931, :val4932, :val4933, :val4934, :val4935, :val4936, :val4937, :val4938, :val4939, :val4940, :val4941, :val4942, :val4943, :val4944, :val4945, :val4946, :val4947, :val4948, :val4949, :val4950, :val4951, :val4952, :val4953, :val4954, :val4955, :val4956, :val4957, :val4958, :val4959, :val4960, :val4961, :val4962, :val4963, :val4964, :val4965, :val4966, :val4967, :val4968, :val4969, :val4970, :val4971, :val4972, :val4973, :val4974, :val4975, :val4976, :val4977, :val4978, :val4979, :val4980, :val4981, :val4982, :val4983, :val4984, :val4985, :val4986, :val4987, :val4988, :val4989, :val4990, :val4991, :val4992, :val4993) AND `诉求地址` LIKE '%公园%' AND YEAR(`工单生成时间`) = YEAR(CURDATE()) - 1 LIMIT 10;
2025-05-26 13:26:57,478 ChatBI->     INFO     websocket发送的数据为：{"sql_gen": "SELECT `诉求地址`, `工单生成时间` FROM shanghai WHERE `内容描述` LIKE '%噪声扰民%' AND `诉求地址` LIKE '%公园%' AND YEAR(`工单生成时间`) = YEAR(CURDATE()) - 1 LIMIT 10;"}
2025-05-26 13:26:57,478 ChatBI->     INFO     response 发送失败: Object of type datetime is not JSON serializable
2025-05-26 13:27:00,362 ChatBI->     INFO     sql 语句：SELECT * FROM shanghai WHERE  `内容描述` IN (:val0, :val1, :val2, :val3, :val4, :val5, :val6, :val7, :val8, :val9, :val10, :val11, :val12, :val13, :val14, :val15, :val16, :val17, :val18, :val19, :val20, :val21, :val22, :val23, :val24, :val25, :val26, :val27, :val28, :val29, :val30, :val31, :val32, :val33, :val34, :val35, :val36, :val37, :val38, :val39, :val40, :val41, :val42, :val43, :val44, :val45, :val46, :val47, :val48, :val49, :val50, :val51, :val52, :val53, :val54, :val55, :val56, :val57, :val58, :val59, :val60, :val61, :val62, :val63, :val64, :val65, :val66, :val67, :val68, :val69, :val70, :val71, :val72, :val73, :val74, :val75, :val76, :val77, :val78, :val79, :val80, :val81, :val82, :val83, :val84, :val85, :val86, :val87, :val88, :val89, :val90, :val91, :val92, :val93, :val94, :val95, :val96, :val97, :val98, :val99, :val100, :val101, :val102, :val103, :val104, :val105, :val106, :val107, :val108, :val109, :val110, :val111, :val112, :val113, :val114, :val115, :val116, :val117, :val118, :val119, :val120, :val121, :val122, :val123, :val124, :val125, :val126, :val127, :val128, :val129, :val130, :val131, :val132, :val133, :val134, :val135, :val136, :val137, :val138, :val139, :val140, :val141, :val142, :val143, :val144, :val145, :val146, :val147, :val148, :val149, :val150, :val151, :val152, :val153, :val154, :val155, :val156, :val157, :val158, :val159, :val160, :val161, :val162, :val163, :val164, :val165, :val166, :val167, :val168, :val169, :val170, :val171, :val172, :val173, :val174, :val175, :val176, :val177, :val178, :val179, :val180, :val181, :val182, :val183, :val184, :val185, :val186, :val187, :val188, :val189, :val190, :val191, :val192, :val193, :val194, :val195, :val196, :val197, :val198, :val199, :val200, :val201, :val202, :val203, :val204, :val205, :val206, :val207, :val208, :val209, :val210, :val211, :val212, :val213, :val214, :val215, :val216, :val217, :val218, :val219, :val220, :val221, :val222, :val223, :val224, :val225, :val226, :val227, :val228, :val229, :val230, :val231, :val232, :val233, :val234, :val235, :val236, :val237, :val238, :val239, :val240, :val241, :val242, :val243, :val244, :val245, :val246, :val247, :val248, :val249, :val250, :val251, :val252, :val253, :val254, :val255, :val256, :val257, :val258, :val259, :val260, :val261, :val262, :val263, :val264, :val265, :val266, :val267, :val268, :val269, :val270, :val271, :val272, :val273, :val274, :val275, :val276, :val277, :val278, :val279, :val280, :val281, :val282, :val283, :val284, :val285, :val286, :val287, :val288, :val289, :val290, :val291, :val292, :val293, :val294, :val295, :val296, :val297, :val298, :val299, :val300, :val301, :val302, :val303, :val304, :val305, :val306, :val307, :val308, :val309, :val310, :val311, :val312, :val313, :val314, :val315, :val316, :val317, :val318, :val319, :val320, :val321, :val322, :val323, :val324, :val325, :val326, :val327, :val328, :val329, :val330, :val331, :val332, :val333, :val334, :val335, :val336, :val337, :val338, :val339, :val340, :val341, :val342, :val343, :val344, :val345, :val346, :val347, :val348, :val349, :val350, :val351, :val352, :val353, :val354, :val355, :val356, :val357, :val358, :val359, :val360, :val361, :val362, :val363, :val364, :val365, :val366, :val367, :val368, :val369, :val370, :val371, :val372, :val373, :val374, :val375, :val376, :val377, :val378, :val379, :val380, :val381, :val382, :val383, :val384, :val385, :val386, :val387, :val388, :val389, :val390, :val391, :val392, :val393, :val394, :val395, :val396, :val397, :val398, :val399, :val400, :val401, :val402, :val403, :val404, :val405, :val406, :val407, :val408, :val409, :val410, :val411, :val412, :val413, :val414, :val415, :val416, :val417, :val418, :val419, :val420, :val421, :val422, :val423, :val424, :val425, :val426, :val427, :val428, :val429, :val430, :val431, :val432, :val433, :val434, :val435, :val436, :val437, :val438, :val439, :val440, :val441, :val442, :val443, :val444, :val445, :val446, :val447, :val448, :val449, :val450, :val451, :val452, :val453, :val454, :val455, :val456, :val457, :val458, :val459, :val460, :val461, :val462, :val463, :val464, :val465, :val466, :val467, :val468, :val469, :val470, :val471, :val472, :val473, :val474, :val475, :val476, :val477, :val478, :val479, :val480, :val481, :val482, :val483, :val484, :val485, :val486, :val487, :val488, :val489, :val490, :val491, :val492, :val493, :val494, :val495, :val496, :val497, :val498, :val499, :val500, :val501, :val502, :val503, :val504, :val505, :val506, :val507, :val508, :val509, :val510, :val511, :val512, :val513, :val514, :val515, :val516, :val517, :val518, :val519, :val520, :val521, :val522, :val523, :val524, :val525, :val526, :val527, :val528, :val529, :val530, :val531, :val532, :val533, :val534, :val535, :val536, :val537, :val538, :val539, :val540, :val541, :val542, :val543, :val544, :val545, :val546, :val547, :val548, :val549, :val550, :val551, :val552, :val553, :val554, :val555, :val556, :val557, :val558, :val559, :val560, :val561, :val562, :val563, :val564, :val565, :val566, :val567, :val568, :val569, :val570, :val571, :val572, :val573, :val574, :val575, :val576, :val577, :val578, :val579, :val580, :val581, :val582, :val583, :val584, :val585, :val586, :val587, :val588, :val589, :val590, :val591, :val592, :val593, :val594, :val595, :val596, :val597, :val598, :val599, :val600, :val601, :val602, :val603, :val604, :val605, :val606, :val607, :val608, :val609, :val610, :val611, :val612, :val613, :val614, :val615, :val616, :val617, :val618, :val619, :val620, :val621, :val622, :val623, :val624, :val625, :val626, :val627, :val628, :val629, :val630, :val631, :val632, :val633, :val634, :val635, :val636, :val637, :val638, :val639, :val640, :val641, :val642, :val643, :val644, :val645, :val646, :val647, :val648, :val649, :val650, :val651, :val652, :val653, :val654, :val655, :val656, :val657, :val658, :val659, :val660, :val661, :val662, :val663, :val664, :val665, :val666, :val667, :val668, :val669, :val670, :val671, :val672, :val673, :val674, :val675, :val676, :val677, :val678, :val679, :val680, :val681, :val682, :val683, :val684, :val685, :val686, :val687, :val688, :val689, :val690, :val691, :val692, :val693, :val694, :val695, :val696, :val697, :val698, :val699, :val700, :val701, :val702, :val703, :val704, :val705, :val706, :val707, :val708, :val709, :val710, :val711, :val712, :val713, :val714, :val715, :val716, :val717, :val718, :val719, :val720, :val721, :val722, :val723, :val724, :val725, :val726, :val727, :val728, :val729, :val730, :val731, :val732, :val733, :val734, :val735, :val736, :val737, :val738, :val739, :val740, :val741, :val742, :val743, :val744, :val745, :val746, :val747, :val748, :val749, :val750, :val751, :val752, :val753, :val754, :val755, :val756, :val757, :val758, :val759, :val760, :val761, :val762, :val763, :val764, :val765, :val766, :val767, :val768, :val769, :val770, :val771, :val772, :val773, :val774, :val775, :val776, :val777, :val778, :val779, :val780, :val781, :val782, :val783, :val784, :val785, :val786, :val787, :val788, :val789, :val790, :val791, :val792, :val793, :val794, :val795, :val796, :val797, :val798, :val799, :val800, :val801, :val802, :val803, :val804, :val805, :val806, :val807, :val808, :val809, :val810, :val811, :val812, :val813, :val814, :val815, :val816, :val817, :val818, :val819, :val820, :val821, :val822, :val823, :val824, :val825, :val826, :val827, :val828, :val829, :val830, :val831, :val832, :val833, :val834, :val835, :val836, :val837, :val838, :val839, :val840, :val841, :val842, :val843, :val844, :val845, :val846, :val847, :val848, :val849, :val850, :val851, :val852, :val853, :val854, :val855, :val856, :val857, :val858, :val859, :val860, :val861, :val862, :val863, :val864, :val865, :val866, :val867, :val868, :val869, :val870, :val871, :val872, :val873, :val874, :val875, :val876, :val877, :val878, :val879, :val880, :val881, :val882, :val883, :val884, :val885, :val886, :val887, :val888, :val889, :val890, :val891, :val892, :val893, :val894, :val895, :val896, :val897, :val898, :val899, :val900, :val901, :val902, :val903, :val904, :val905, :val906, :val907, :val908, :val909, :val910, :val911, :val912, :val913, :val914, :val915, :val916, :val917, :val918, :val919, :val920, :val921, :val922, :val923, :val924, :val925, :val926, :val927, :val928, :val929, :val930, :val931, :val932, :val933, :val934, :val935, :val936, :val937, :val938, :val939, :val940, :val941, :val942, :val943, :val944, :val945, :val946, :val947, :val948, :val949, :val950, :val951, :val952, :val953, :val954, :val955, :val956, :val957, :val958, :val959, :val960, :val961, :val962, :val963, :val964, :val965, :val966, :val967, :val968, :val969, :val970, :val971, :val972, :val973, :val974, :val975, :val976, :val977, :val978, :val979, :val980, :val981, :val982, :val983, :val984, :val985, :val986, :val987, :val988, :val989, :val990, :val991, :val992, :val993, :val994, :val995, :val996, :val997, :val998, :val999, :val1000, :val1001, :val1002, :val1003, :val1004, :val1005, :val1006, :val1007, :val1008, :val1009, :val1010, :val1011, :val1012, :val1013, :val1014, :val1015, :val1016, :val1017, :val1018, :val1019, :val1020, :val1021, :val1022, :val1023, :val1024, :val1025, :val1026, :val1027, :val1028, :val1029, :val1030, :val1031, :val1032, :val1033, :val1034, :val1035, :val1036, :val1037, :val1038, :val1039, :val1040, :val1041, :val1042, :val1043, :val1044, :val1045, :val1046, :val1047, :val1048, :val1049, :val1050, :val1051, :val1052, :val1053, :val1054, :val1055, :val1056, :val1057, :val1058, :val1059, :val1060, :val1061, :val1062, :val1063, :val1064, :val1065, :val1066, :val1067, :val1068, :val1069, :val1070, :val1071, :val1072, :val1073, :val1074, :val1075, :val1076, :val1077, :val1078, :val1079, :val1080, :val1081, :val1082, :val1083, :val1084, :val1085, :val1086, :val1087, :val1088, :val1089, :val1090, :val1091, :val1092, :val1093, :val1094, :val1095, :val1096, :val1097, :val1098, :val1099, :val1100, :val1101, :val1102, :val1103, :val1104, :val1105, :val1106, :val1107, :val1108, :val1109, :val1110, :val1111, :val1112, :val1113, :val1114, :val1115, :val1116, :val1117, :val1118, :val1119, :val1120, :val1121, :val1122, :val1123, :val1124, :val1125, :val1126, :val1127, :val1128, :val1129, :val1130, :val1131, :val1132, :val1133, :val1134, :val1135, :val1136, :val1137, :val1138, :val1139, :val1140, :val1141, :val1142, :val1143, :val1144, :val1145, :val1146, :val1147, :val1148, :val1149, :val1150, :val1151, :val1152, :val1153, :val1154, :val1155, :val1156, :val1157, :val1158, :val1159, :val1160, :val1161, :val1162, :val1163, :val1164, :val1165, :val1166, :val1167, :val1168, :val1169, :val1170, :val1171, :val1172, :val1173, :val1174, :val1175, :val1176, :val1177, :val1178, :val1179, :val1180, :val1181, :val1182, :val1183, :val1184, :val1185, :val1186, :val1187, :val1188, :val1189, :val1190, :val1191, :val1192, :val1193, :val1194, :val1195, :val1196, :val1197, :val1198, :val1199, :val1200, :val1201, :val1202, :val1203, :val1204, :val1205, :val1206, :val1207, :val1208, :val1209, :val1210, :val1211, :val1212, :val1213, :val1214, :val1215, :val1216, :val1217, :val1218, :val1219, :val1220, :val1221, :val1222, :val1223, :val1224, :val1225, :val1226, :val1227, :val1228, :val1229, :val1230, :val1231, :val1232, :val1233, :val1234, :val1235, :val1236, :val1237, :val1238, :val1239, :val1240, :val1241, :val1242, :val1243, :val1244, :val1245, :val1246, :val1247, :val1248, :val1249, :val1250, :val1251, :val1252, :val1253, :val1254, :val1255, :val1256, :val1257, :val1258, :val1259, :val1260, :val1261, :val1262, :val1263, :val1264, :val1265, :val1266, :val1267, :val1268, :val1269, :val1270, :val1271, :val1272, :val1273, :val1274, :val1275, :val1276, :val1277, :val1278, :val1279, :val1280, :val1281, :val1282, :val1283, :val1284, :val1285, :val1286, :val1287, :val1288, :val1289, :val1290, :val1291, :val1292, :val1293, :val1294, :val1295, :val1296, :val1297, :val1298, :val1299, :val1300, :val1301, :val1302, :val1303, :val1304, :val1305, :val1306, :val1307, :val1308, :val1309, :val1310, :val1311, :val1312, :val1313, :val1314, :val1315, :val1316, :val1317, :val1318, :val1319, :val1320, :val1321, :val1322, :val1323, :val1324, :val1325, :val1326, :val1327, :val1328, :val1329, :val1330, :val1331, :val1332, :val1333, :val1334, :val1335, :val1336, :val1337, :val1338, :val1339, :val1340, :val1341, :val1342, :val1343, :val1344, :val1345, :val1346, :val1347, :val1348, :val1349, :val1350, :val1351, :val1352, :val1353, :val1354, :val1355, :val1356, :val1357, :val1358, :val1359, :val1360, :val1361, :val1362, :val1363, :val1364, :val1365, :val1366, :val1367, :val1368, :val1369, :val1370, :val1371, :val1372, :val1373, :val1374, :val1375, :val1376, :val1377, :val1378, :val1379, :val1380, :val1381, :val1382, :val1383, :val1384, :val1385, :val1386, :val1387, :val1388, :val1389, :val1390, :val1391, :val1392, :val1393, :val1394, :val1395, :val1396, :val1397, :val1398, :val1399, :val1400, :val1401, :val1402, :val1403, :val1404, :val1405, :val1406, :val1407, :val1408, :val1409, :val1410, :val1411, :val1412, :val1413, :val1414, :val1415, :val1416, :val1417, :val1418, :val1419, :val1420, :val1421, :val1422, :val1423, :val1424, :val1425, :val1426, :val1427, :val1428, :val1429, :val1430, :val1431, :val1432, :val1433, :val1434, :val1435, :val1436, :val1437, :val1438, :val1439, :val1440, :val1441, :val1442, :val1443, :val1444, :val1445, :val1446, :val1447, :val1448, :val1449, :val1450, :val1451, :val1452, :val1453, :val1454, :val1455, :val1456, :val1457, :val1458, :val1459, :val1460, :val1461, :val1462, :val1463, :val1464, :val1465, :val1466, :val1467, :val1468, :val1469, :val1470, :val1471, :val1472, :val1473, :val1474, :val1475, :val1476, :val1477, :val1478, :val1479, :val1480, :val1481, :val1482, :val1483, :val1484, :val1485, :val1486, :val1487, :val1488, :val1489, :val1490, :val1491, :val1492, :val1493, :val1494, :val1495, :val1496, :val1497, :val1498, :val1499, :val1500, :val1501, :val1502, :val1503, :val1504, :val1505, :val1506, :val1507, :val1508, :val1509, :val1510, :val1511, :val1512, :val1513, :val1514, :val1515, :val1516, :val1517, :val1518, :val1519, :val1520, :val1521, :val1522, :val1523, :val1524, :val1525, :val1526, :val1527, :val1528, :val1529, :val1530, :val1531, :val1532, :val1533, :val1534, :val1535, :val1536, :val1537, :val1538, :val1539, :val1540, :val1541, :val1542, :val1543, :val1544, :val1545, :val1546, :val1547, :val1548, :val1549, :val1550, :val1551, :val1552, :val1553, :val1554, :val1555, :val1556, :val1557, :val1558, :val1559, :val1560, :val1561, :val1562, :val1563, :val1564, :val1565, :val1566, :val1567, :val1568, :val1569, :val1570, :val1571, :val1572, :val1573, :val1574, :val1575, :val1576, :val1577, :val1578, :val1579, :val1580, :val1581, :val1582, :val1583, :val1584, :val1585, :val1586, :val1587, :val1588, :val1589, :val1590, :val1591, :val1592, :val1593, :val1594, :val1595, :val1596, :val1597, :val1598, :val1599, :val1600, :val1601, :val1602, :val1603, :val1604, :val1605, :val1606, :val1607, :val1608, :val1609, :val1610, :val1611, :val1612, :val1613, :val1614, :val1615, :val1616, :val1617, :val1618, :val1619, :val1620, :val1621, :val1622, :val1623, :val1624, :val1625, :val1626, :val1627, :val1628, :val1629, :val1630, :val1631, :val1632, :val1633, :val1634, :val1635, :val1636, :val1637, :val1638, :val1639, :val1640, :val1641, :val1642, :val1643, :val1644, :val1645, :val1646, :val1647, :val1648, :val1649, :val1650, :val1651, :val1652, :val1653, :val1654, :val1655, :val1656, :val1657, :val1658, :val1659, :val1660, :val1661, :val1662, :val1663, :val1664, :val1665, :val1666, :val1667, :val1668, :val1669, :val1670, :val1671, :val1672, :val1673, :val1674, :val1675, :val1676, :val1677, :val1678, :val1679, :val1680, :val1681, :val1682, :val1683, :val1684, :val1685, :val1686, :val1687, :val1688, :val1689, :val1690, :val1691, :val1692, :val1693, :val1694, :val1695, :val1696, :val1697, :val1698, :val1699, :val1700, :val1701, :val1702, :val1703, :val1704, :val1705, :val1706, :val1707, :val1708, :val1709, :val1710, :val1711, :val1712, :val1713, :val1714, :val1715, :val1716, :val1717, :val1718, :val1719, :val1720, :val1721, :val1722, :val1723, :val1724, :val1725, :val1726, :val1727, :val1728, :val1729, :val1730, :val1731, :val1732, :val1733, :val1734, :val1735, :val1736, :val1737, :val1738, :val1739, :val1740, :val1741, :val1742, :val1743, :val1744, :val1745, :val1746, :val1747, :val1748, :val1749, :val1750, :val1751, :val1752, :val1753, :val1754, :val1755, :val1756, :val1757, :val1758, :val1759, :val1760, :val1761, :val1762, :val1763, :val1764, :val1765, :val1766, :val1767, :val1768, :val1769, :val1770, :val1771, :val1772, :val1773, :val1774, :val1775, :val1776, :val1777, :val1778, :val1779, :val1780, :val1781, :val1782, :val1783, :val1784, :val1785, :val1786, :val1787, :val1788, :val1789, :val1790, :val1791, :val1792, :val1793, :val1794, :val1795, :val1796, :val1797, :val1798, :val1799, :val1800, :val1801, :val1802, :val1803, :val1804, :val1805, :val1806, :val1807, :val1808, :val1809, :val1810, :val1811, :val1812, :val1813, :val1814, :val1815, :val1816, :val1817, :val1818, :val1819, :val1820, :val1821, :val1822, :val1823, :val1824, :val1825, :val1826, :val1827, :val1828, :val1829, :val1830, :val1831, :val1832, :val1833, :val1834, :val1835, :val1836, :val1837, :val1838, :val1839, :val1840, :val1841, :val1842, :val1843, :val1844, :val1845, :val1846, :val1847, :val1848, :val1849, :val1850, :val1851, :val1852, :val1853, :val1854, :val1855, :val1856, :val1857, :val1858, :val1859, :val1860, :val1861, :val1862, :val1863, :val1864, :val1865, :val1866, :val1867, :val1868, :val1869, :val1870, :val1871, :val1872, :val1873, :val1874, :val1875, :val1876, :val1877, :val1878, :val1879, :val1880, :val1881, :val1882, :val1883, :val1884, :val1885, :val1886, :val1887, :val1888, :val1889, :val1890, :val1891, :val1892, :val1893, :val1894, :val1895, :val1896, :val1897, :val1898, :val1899, :val1900, :val1901, :val1902, :val1903, :val1904, :val1905, :val1906, :val1907, :val1908, :val1909, :val1910, :val1911, :val1912, :val1913, :val1914, :val1915, :val1916, :val1917, :val1918, :val1919, :val1920, :val1921, :val1922, :val1923, :val1924, :val1925, :val1926, :val1927, :val1928, :val1929, :val1930, :val1931, :val1932, :val1933, :val1934, :val1935, :val1936, :val1937, :val1938, :val1939, :val1940, :val1941, :val1942, :val1943, :val1944, :val1945, :val1946, :val1947, :val1948, :val1949, :val1950, :val1951, :val1952, :val1953, :val1954, :val1955, :val1956, :val1957, :val1958, :val1959, :val1960, :val1961, :val1962, :val1963, :val1964, :val1965, :val1966, :val1967, :val1968, :val1969, :val1970, :val1971, :val1972, :val1973, :val1974, :val1975, :val1976, :val1977, :val1978, :val1979, :val1980, :val1981, :val1982, :val1983, :val1984, :val1985, :val1986, :val1987, :val1988, :val1989, :val1990, :val1991, :val1992, :val1993, :val1994, :val1995, :val1996, :val1997, :val1998, :val1999, :val2000, :val2001, :val2002, :val2003, :val2004, :val2005, :val2006, :val2007, :val2008, :val2009, :val2010, :val2011, :val2012, :val2013, :val2014, :val2015, :val2016, :val2017, :val2018, :val2019, :val2020, :val2021, :val2022, :val2023, :val2024, :val2025, :val2026, :val2027, :val2028, :val2029, :val2030, :val2031, :val2032, :val2033, :val2034, :val2035, :val2036, :val2037, :val2038, :val2039, :val2040, :val2041, :val2042, :val2043, :val2044, :val2045, :val2046, :val2047, :val2048, :val2049, :val2050, :val2051, :val2052, :val2053, :val2054, :val2055, :val2056, :val2057, :val2058, :val2059, :val2060, :val2061, :val2062, :val2063, :val2064, :val2065, :val2066, :val2067, :val2068, :val2069, :val2070, :val2071, :val2072, :val2073, :val2074, :val2075, :val2076, :val2077, :val2078, :val2079, :val2080, :val2081, :val2082, :val2083, :val2084, :val2085, :val2086, :val2087, :val2088, :val2089, :val2090, :val2091, :val2092, :val2093, :val2094, :val2095, :val2096, :val2097, :val2098, :val2099, :val2100, :val2101, :val2102, :val2103, :val2104, :val2105, :val2106, :val2107, :val2108, :val2109, :val2110, :val2111, :val2112, :val2113, :val2114, :val2115, :val2116, :val2117, :val2118, :val2119, :val2120, :val2121, :val2122, :val2123, :val2124, :val2125, :val2126, :val2127, :val2128, :val2129, :val2130, :val2131, :val2132, :val2133, :val2134, :val2135, :val2136, :val2137, :val2138, :val2139, :val2140, :val2141, :val2142, :val2143, :val2144, :val2145, :val2146, :val2147, :val2148, :val2149, :val2150, :val2151, :val2152, :val2153, :val2154, :val2155, :val2156, :val2157, :val2158, :val2159, :val2160, :val2161, :val2162, :val2163, :val2164, :val2165, :val2166, :val2167, :val2168, :val2169, :val2170, :val2171, :val2172, :val2173, :val2174, :val2175, :val2176, :val2177, :val2178, :val2179, :val2180, :val2181, :val2182, :val2183, :val2184, :val2185, :val2186, :val2187, :val2188, :val2189, :val2190, :val2191, :val2192, :val2193, :val2194, :val2195, :val2196, :val2197, :val2198, :val2199, :val2200, :val2201, :val2202, :val2203, :val2204, :val2205, :val2206, :val2207, :val2208, :val2209, :val2210, :val2211, :val2212, :val2213, :val2214, :val2215, :val2216, :val2217, :val2218, :val2219, :val2220, :val2221, :val2222, :val2223, :val2224, :val2225, :val2226, :val2227, :val2228, :val2229, :val2230, :val2231, :val2232, :val2233, :val2234, :val2235, :val2236, :val2237, :val2238, :val2239, :val2240, :val2241, :val2242, :val2243, :val2244, :val2245, :val2246, :val2247, :val2248, :val2249, :val2250, :val2251, :val2252, :val2253, :val2254, :val2255, :val2256, :val2257, :val2258, :val2259, :val2260, :val2261, :val2262, :val2263, :val2264, :val2265, :val2266, :val2267, :val2268, :val2269, :val2270, :val2271, :val2272, :val2273, :val2274, :val2275, :val2276, :val2277, :val2278, :val2279, :val2280, :val2281, :val2282, :val2283, :val2284, :val2285, :val2286, :val2287, :val2288, :val2289, :val2290, :val2291, :val2292, :val2293, :val2294, :val2295, :val2296, :val2297, :val2298, :val2299, :val2300, :val2301, :val2302, :val2303, :val2304, :val2305, :val2306, :val2307, :val2308, :val2309, :val2310, :val2311, :val2312, :val2313, :val2314, :val2315, :val2316, :val2317, :val2318, :val2319, :val2320, :val2321, :val2322, :val2323, :val2324, :val2325, :val2326, :val2327, :val2328, :val2329, :val2330, :val2331, :val2332, :val2333, :val2334, :val2335, :val2336, :val2337, :val2338, :val2339, :val2340, :val2341, :val2342, :val2343, :val2344, :val2345, :val2346, :val2347, :val2348, :val2349, :val2350, :val2351, :val2352, :val2353, :val2354, :val2355, :val2356, :val2357, :val2358, :val2359, :val2360, :val2361, :val2362, :val2363, :val2364, :val2365, :val2366, :val2367, :val2368, :val2369, :val2370, :val2371, :val2372, :val2373, :val2374, :val2375, :val2376, :val2377, :val2378, :val2379, :val2380, :val2381, :val2382, :val2383, :val2384, :val2385, :val2386, :val2387, :val2388, :val2389, :val2390, :val2391, :val2392, :val2393, :val2394, :val2395, :val2396, :val2397, :val2398, :val2399, :val2400, :val2401, :val2402, :val2403, :val2404, :val2405, :val2406, :val2407, :val2408, :val2409, :val2410, :val2411, :val2412, :val2413, :val2414, :val2415, :val2416, :val2417, :val2418, :val2419, :val2420, :val2421, :val2422, :val2423, :val2424, :val2425, :val2426, :val2427, :val2428, :val2429, :val2430, :val2431, :val2432, :val2433, :val2434, :val2435, :val2436, :val2437, :val2438, :val2439, :val2440, :val2441, :val2442, :val2443, :val2444, :val2445, :val2446, :val2447, :val2448, :val2449, :val2450, :val2451, :val2452, :val2453, :val2454, :val2455, :val2456, :val2457, :val2458, :val2459, :val2460, :val2461, :val2462, :val2463, :val2464, :val2465, :val2466, :val2467, :val2468, :val2469, :val2470, :val2471, :val2472, :val2473, :val2474, :val2475, :val2476, :val2477, :val2478, :val2479, :val2480, :val2481, :val2482, :val2483, :val2484, :val2485, :val2486, :val2487, :val2488, :val2489, :val2490, :val2491, :val2492, :val2493, :val2494, :val2495, :val2496, :val2497, :val2498, :val2499, :val2500, :val2501, :val2502, :val2503, :val2504, :val2505, :val2506, :val2507, :val2508, :val2509, :val2510, :val2511, :val2512, :val2513, :val2514, :val2515, :val2516, :val2517, :val2518, :val2519, :val2520, :val2521, :val2522, :val2523, :val2524, :val2525, :val2526, :val2527, :val2528, :val2529, :val2530, :val2531, :val2532, :val2533, :val2534, :val2535, :val2536, :val2537, :val2538, :val2539, :val2540, :val2541, :val2542, :val2543, :val2544, :val2545, :val2546, :val2547, :val2548, :val2549, :val2550, :val2551, :val2552, :val2553, :val2554, :val2555, :val2556, :val2557, :val2558, :val2559, :val2560, :val2561, :val2562, :val2563, :val2564, :val2565, :val2566, :val2567, :val2568, :val2569, :val2570, :val2571, :val2572, :val2573, :val2574, :val2575, :val2576, :val2577, :val2578, :val2579, :val2580, :val2581, :val2582, :val2583, :val2584, :val2585, :val2586, :val2587, :val2588, :val2589, :val2590, :val2591, :val2592, :val2593, :val2594, :val2595, :val2596, :val2597, :val2598, :val2599, :val2600, :val2601, :val2602, :val2603, :val2604, :val2605, :val2606, :val2607, :val2608, :val2609, :val2610, :val2611, :val2612, :val2613, :val2614, :val2615, :val2616, :val2617, :val2618, :val2619, :val2620, :val2621, :val2622, :val2623, :val2624, :val2625, :val2626, :val2627, :val2628, :val2629, :val2630, :val2631, :val2632, :val2633, :val2634, :val2635, :val2636, :val2637, :val2638, :val2639, :val2640, :val2641, :val2642, :val2643, :val2644, :val2645, :val2646, :val2647, :val2648, :val2649, :val2650, :val2651, :val2652, :val2653, :val2654, :val2655, :val2656, :val2657, :val2658, :val2659, :val2660, :val2661, :val2662, :val2663, :val2664, :val2665, :val2666, :val2667, :val2668, :val2669, :val2670, :val2671, :val2672, :val2673, :val2674, :val2675, :val2676, :val2677, :val2678, :val2679, :val2680, :val2681, :val2682, :val2683, :val2684, :val2685, :val2686, :val2687, :val2688, :val2689, :val2690, :val2691, :val2692, :val2693, :val2694, :val2695, :val2696, :val2697, :val2698, :val2699, :val2700, :val2701, :val2702, :val2703, :val2704, :val2705, :val2706, :val2707, :val2708, :val2709, :val2710, :val2711, :val2712, :val2713, :val2714, :val2715, :val2716, :val2717, :val2718, :val2719, :val2720, :val2721, :val2722, :val2723, :val2724, :val2725, :val2726, :val2727, :val2728, :val2729, :val2730, :val2731, :val2732, :val2733, :val2734, :val2735, :val2736, :val2737, :val2738, :val2739, :val2740, :val2741, :val2742, :val2743, :val2744, :val2745, :val2746, :val2747, :val2748, :val2749, :val2750, :val2751, :val2752, :val2753, :val2754, :val2755, :val2756, :val2757, :val2758, :val2759, :val2760, :val2761, :val2762, :val2763, :val2764, :val2765, :val2766, :val2767, :val2768, :val2769, :val2770, :val2771, :val2772, :val2773, :val2774, :val2775, :val2776, :val2777, :val2778, :val2779, :val2780, :val2781, :val2782, :val2783, :val2784, :val2785, :val2786, :val2787, :val2788, :val2789, :val2790, :val2791, :val2792, :val2793, :val2794, :val2795, :val2796, :val2797, :val2798, :val2799, :val2800, :val2801, :val2802, :val2803, :val2804, :val2805, :val2806, :val2807, :val2808, :val2809, :val2810, :val2811, :val2812, :val2813, :val2814, :val2815, :val2816, :val2817, :val2818, :val2819, :val2820, :val2821, :val2822, :val2823, :val2824, :val2825, :val2826, :val2827, :val2828, :val2829, :val2830, :val2831, :val2832, :val2833, :val2834, :val2835, :val2836, :val2837, :val2838, :val2839, :val2840, :val2841, :val2842, :val2843, :val2844, :val2845, :val2846, :val2847, :val2848, :val2849, :val2850, :val2851, :val2852, :val2853, :val2854, :val2855, :val2856, :val2857, :val2858, :val2859, :val2860, :val2861, :val2862, :val2863, :val2864, :val2865, :val2866, :val2867, :val2868, :val2869, :val2870, :val2871, :val2872, :val2873, :val2874, :val2875, :val2876, :val2877, :val2878, :val2879, :val2880, :val2881, :val2882, :val2883, :val2884, :val2885, :val2886, :val2887, :val2888, :val2889, :val2890, :val2891, :val2892, :val2893, :val2894, :val2895, :val2896, :val2897, :val2898, :val2899, :val2900, :val2901, :val2902, :val2903, :val2904, :val2905, :val2906, :val2907, :val2908, :val2909, :val2910, :val2911, :val2912, :val2913, :val2914, :val2915, :val2916, :val2917, :val2918, :val2919, :val2920, :val2921, :val2922, :val2923, :val2924, :val2925, :val2926, :val2927, :val2928, :val2929, :val2930, :val2931, :val2932, :val2933, :val2934, :val2935, :val2936, :val2937, :val2938, :val2939, :val2940, :val2941, :val2942, :val2943, :val2944, :val2945, :val2946, :val2947, :val2948, :val2949, :val2950, :val2951, :val2952, :val2953, :val2954, :val2955, :val2956, :val2957, :val2958, :val2959, :val2960, :val2961, :val2962, :val2963, :val2964, :val2965, :val2966, :val2967, :val2968, :val2969, :val2970, :val2971, :val2972, :val2973, :val2974, :val2975, :val2976, :val2977, :val2978, :val2979, :val2980, :val2981, :val2982, :val2983, :val2984, :val2985, :val2986, :val2987, :val2988, :val2989, :val2990, :val2991, :val2992, :val2993, :val2994, :val2995, :val2996, :val2997, :val2998, :val2999, :val3000, :val3001, :val3002, :val3003, :val3004, :val3005, :val3006, :val3007, :val3008, :val3009, :val3010, :val3011, :val3012, :val3013, :val3014, :val3015, :val3016, :val3017, :val3018, :val3019, :val3020, :val3021, :val3022, :val3023, :val3024, :val3025, :val3026, :val3027, :val3028, :val3029, :val3030, :val3031, :val3032, :val3033, :val3034, :val3035, :val3036, :val3037, :val3038, :val3039, :val3040, :val3041, :val3042, :val3043, :val3044, :val3045, :val3046, :val3047, :val3048, :val3049, :val3050, :val3051, :val3052, :val3053, :val3054, :val3055, :val3056, :val3057, :val3058, :val3059, :val3060, :val3061, :val3062, :val3063, :val3064, :val3065, :val3066, :val3067, :val3068, :val3069, :val3070, :val3071, :val3072, :val3073, :val3074, :val3075, :val3076, :val3077, :val3078, :val3079, :val3080, :val3081, :val3082, :val3083, :val3084, :val3085, :val3086, :val3087, :val3088, :val3089, :val3090, :val3091, :val3092, :val3093, :val3094, :val3095, :val3096, :val3097, :val3098, :val3099, :val3100, :val3101, :val3102, :val3103, :val3104, :val3105, :val3106, :val3107, :val3108, :val3109, :val3110, :val3111, :val3112, :val3113, :val3114, :val3115, :val3116, :val3117, :val3118, :val3119, :val3120, :val3121, :val3122, :val3123, :val3124, :val3125, :val3126, :val3127, :val3128, :val3129, :val3130, :val3131, :val3132, :val3133, :val3134, :val3135, :val3136, :val3137, :val3138, :val3139, :val3140, :val3141, :val3142, :val3143, :val3144, :val3145, :val3146, :val3147, :val3148, :val3149, :val3150, :val3151, :val3152, :val3153, :val3154, :val3155, :val3156, :val3157, :val3158, :val3159, :val3160, :val3161, :val3162, :val3163, :val3164, :val3165, :val3166, :val3167, :val3168, :val3169, :val3170, :val3171, :val3172, :val3173, :val3174, :val3175, :val3176, :val3177, :val3178, :val3179, :val3180, :val3181, :val3182, :val3183, :val3184, :val3185, :val3186, :val3187, :val3188, :val3189, :val3190, :val3191, :val3192, :val3193, :val3194, :val3195, :val3196, :val3197, :val3198, :val3199, :val3200, :val3201, :val3202, :val3203, :val3204, :val3205, :val3206, :val3207, :val3208, :val3209, :val3210, :val3211, :val3212, :val3213, :val3214, :val3215, :val3216, :val3217, :val3218, :val3219, :val3220, :val3221, :val3222, :val3223, :val3224, :val3225, :val3226, :val3227, :val3228, :val3229, :val3230, :val3231, :val3232, :val3233, :val3234, :val3235, :val3236, :val3237, :val3238, :val3239, :val3240, :val3241, :val3242, :val3243, :val3244, :val3245, :val3246, :val3247, :val3248, :val3249, :val3250, :val3251, :val3252, :val3253, :val3254, :val3255, :val3256, :val3257, :val3258, :val3259, :val3260, :val3261, :val3262, :val3263, :val3264, :val3265, :val3266, :val3267, :val3268, :val3269, :val3270, :val3271, :val3272, :val3273, :val3274, :val3275, :val3276, :val3277, :val3278, :val3279, :val3280, :val3281, :val3282, :val3283, :val3284, :val3285, :val3286, :val3287, :val3288, :val3289, :val3290, :val3291, :val3292, :val3293, :val3294, :val3295, :val3296, :val3297, :val3298, :val3299, :val3300, :val3301, :val3302, :val3303, :val3304, :val3305, :val3306, :val3307, :val3308, :val3309, :val3310, :val3311, :val3312, :val3313, :val3314, :val3315, :val3316, :val3317, :val3318, :val3319, :val3320, :val3321, :val3322, :val3323, :val3324, :val3325, :val3326, :val3327, :val3328, :val3329, :val3330, :val3331, :val3332, :val3333, :val3334, :val3335, :val3336, :val3337, :val3338, :val3339, :val3340, :val3341, :val3342, :val3343, :val3344, :val3345, :val3346, :val3347, :val3348, :val3349, :val3350, :val3351, :val3352, :val3353, :val3354, :val3355, :val3356, :val3357, :val3358, :val3359, :val3360, :val3361, :val3362, :val3363, :val3364, :val3365, :val3366, :val3367, :val3368, :val3369, :val3370, :val3371, :val3372, :val3373, :val3374, :val3375, :val3376, :val3377, :val3378, :val3379, :val3380, :val3381, :val3382, :val3383, :val3384, :val3385, :val3386, :val3387, :val3388, :val3389, :val3390, :val3391, :val3392, :val3393, :val3394, :val3395, :val3396, :val3397, :val3398, :val3399, :val3400, :val3401, :val3402, :val3403, :val3404, :val3405, :val3406, :val3407, :val3408, :val3409, :val3410, :val3411, :val3412, :val3413, :val3414, :val3415, :val3416, :val3417, :val3418, :val3419, :val3420, :val3421, :val3422, :val3423, :val3424, :val3425, :val3426, :val3427, :val3428, :val3429, :val3430, :val3431, :val3432, :val3433, :val3434, :val3435, :val3436, :val3437, :val3438, :val3439, :val3440, :val3441, :val3442, :val3443, :val3444, :val3445, :val3446, :val3447, :val3448, :val3449, :val3450, :val3451, :val3452, :val3453, :val3454, :val3455, :val3456, :val3457, :val3458, :val3459, :val3460, :val3461, :val3462, :val3463, :val3464, :val3465, :val3466, :val3467, :val3468, :val3469, :val3470, :val3471, :val3472, :val3473, :val3474, :val3475, :val3476, :val3477, :val3478, :val3479, :val3480, :val3481, :val3482, :val3483, :val3484, :val3485, :val3486, :val3487, :val3488, :val3489, :val3490, :val3491, :val3492, :val3493, :val3494, :val3495, :val3496, :val3497, :val3498, :val3499, :val3500, :val3501, :val3502, :val3503, :val3504, :val3505, :val3506, :val3507, :val3508, :val3509, :val3510, :val3511, :val3512, :val3513, :val3514, :val3515, :val3516, :val3517, :val3518, :val3519, :val3520, :val3521, :val3522, :val3523, :val3524, :val3525, :val3526, :val3527, :val3528, :val3529, :val3530, :val3531, :val3532, :val3533, :val3534, :val3535, :val3536, :val3537, :val3538, :val3539, :val3540, :val3541, :val3542, :val3543, :val3544, :val3545, :val3546, :val3547, :val3548, :val3549, :val3550, :val3551, :val3552, :val3553, :val3554, :val3555, :val3556, :val3557, :val3558, :val3559, :val3560, :val3561, :val3562, :val3563, :val3564, :val3565, :val3566, :val3567, :val3568, :val3569, :val3570, :val3571, :val3572, :val3573, :val3574, :val3575, :val3576, :val3577, :val3578, :val3579, :val3580, :val3581, :val3582, :val3583, :val3584, :val3585, :val3586, :val3587, :val3588, :val3589, :val3590, :val3591, :val3592, :val3593, :val3594, :val3595, :val3596, :val3597, :val3598, :val3599, :val3600, :val3601, :val3602, :val3603, :val3604, :val3605, :val3606, :val3607, :val3608, :val3609, :val3610, :val3611, :val3612, :val3613, :val3614, :val3615, :val3616, :val3617, :val3618, :val3619, :val3620, :val3621, :val3622, :val3623, :val3624, :val3625, :val3626, :val3627, :val3628, :val3629, :val3630, :val3631, :val3632, :val3633, :val3634, :val3635, :val3636, :val3637, :val3638, :val3639, :val3640, :val3641, :val3642, :val3643, :val3644, :val3645, :val3646, :val3647, :val3648, :val3649, :val3650, :val3651, :val3652, :val3653, :val3654, :val3655, :val3656, :val3657, :val3658, :val3659, :val3660, :val3661, :val3662, :val3663, :val3664, :val3665, :val3666, :val3667, :val3668, :val3669, :val3670, :val3671, :val3672, :val3673, :val3674, :val3675, :val3676, :val3677, :val3678, :val3679, :val3680, :val3681, :val3682, :val3683, :val3684, :val3685, :val3686, :val3687, :val3688, :val3689, :val3690, :val3691, :val3692, :val3693, :val3694, :val3695, :val3696, :val3697, :val3698, :val3699, :val3700, :val3701, :val3702, :val3703, :val3704, :val3705, :val3706, :val3707, :val3708, :val3709, :val3710, :val3711, :val3712, :val3713, :val3714, :val3715, :val3716, :val3717, :val3718, :val3719, :val3720, :val3721, :val3722, :val3723, :val3724, :val3725, :val3726, :val3727, :val3728, :val3729, :val3730, :val3731, :val3732, :val3733, :val3734, :val3735, :val3736, :val3737, :val3738, :val3739, :val3740, :val3741, :val3742, :val3743, :val3744, :val3745, :val3746, :val3747, :val3748, :val3749, :val3750, :val3751, :val3752, :val3753, :val3754, :val3755, :val3756, :val3757, :val3758, :val3759, :val3760, :val3761, :val3762, :val3763, :val3764, :val3765, :val3766, :val3767, :val3768, :val3769, :val3770, :val3771, :val3772, :val3773, :val3774, :val3775, :val3776, :val3777, :val3778, :val3779, :val3780, :val3781, :val3782, :val3783, :val3784, :val3785, :val3786, :val3787, :val3788, :val3789, :val3790, :val3791, :val3792, :val3793, :val3794, :val3795, :val3796, :val3797, :val3798, :val3799, :val3800, :val3801, :val3802, :val3803, :val3804, :val3805, :val3806, :val3807, :val3808, :val3809, :val3810, :val3811, :val3812, :val3813, :val3814, :val3815, :val3816, :val3817, :val3818, :val3819, :val3820, :val3821, :val3822, :val3823, :val3824, :val3825, :val3826, :val3827, :val3828, :val3829, :val3830, :val3831, :val3832, :val3833, :val3834, :val3835, :val3836, :val3837, :val3838, :val3839, :val3840, :val3841, :val3842, :val3843, :val3844, :val3845, :val3846, :val3847, :val3848, :val3849, :val3850, :val3851, :val3852, :val3853, :val3854, :val3855, :val3856, :val3857, :val3858, :val3859, :val3860, :val3861, :val3862, :val3863, :val3864, :val3865, :val3866, :val3867, :val3868, :val3869, :val3870, :val3871, :val3872, :val3873, :val3874, :val3875, :val3876, :val3877, :val3878, :val3879, :val3880, :val3881, :val3882, :val3883, :val3884, :val3885, :val3886, :val3887, :val3888, :val3889, :val3890, :val3891, :val3892, :val3893, :val3894, :val3895, :val3896, :val3897, :val3898, :val3899, :val3900, :val3901, :val3902, :val3903, :val3904, :val3905, :val3906, :val3907, :val3908, :val3909, :val3910, :val3911, :val3912, :val3913, :val3914, :val3915, :val3916, :val3917, :val3918, :val3919, :val3920, :val3921, :val3922, :val3923, :val3924, :val3925, :val3926, :val3927, :val3928, :val3929, :val3930, :val3931, :val3932, :val3933, :val3934, :val3935, :val3936, :val3937, :val3938, :val3939, :val3940, :val3941, :val3942, :val3943, :val3944, :val3945, :val3946, :val3947, :val3948, :val3949, :val3950, :val3951, :val3952, :val3953, :val3954, :val3955, :val3956, :val3957, :val3958, :val3959, :val3960, :val3961, :val3962, :val3963, :val3964, :val3965, :val3966, :val3967, :val3968, :val3969, :val3970, :val3971, :val3972, :val3973, :val3974, :val3975, :val3976, :val3977, :val3978, :val3979, :val3980, :val3981, :val3982, :val3983, :val3984, :val3985, :val3986, :val3987, :val3988, :val3989, :val3990, :val3991, :val3992, :val3993, :val3994, :val3995, :val3996, :val3997, :val3998, :val3999, :val4000, :val4001, :val4002, :val4003, :val4004, :val4005, :val4006, :val4007, :val4008, :val4009, :val4010, :val4011, :val4012, :val4013, :val4014, :val4015, :val4016, :val4017, :val4018, :val4019, :val4020, :val4021, :val4022, :val4023, :val4024, :val4025, :val4026, :val4027, :val4028, :val4029, :val4030, :val4031, :val4032, :val4033, :val4034, :val4035, :val4036, :val4037, :val4038, :val4039, :val4040, :val4041, :val4042, :val4043, :val4044, :val4045, :val4046, :val4047, :val4048, :val4049, :val4050, :val4051, :val4052, :val4053, :val4054, :val4055, :val4056, :val4057, :val4058, :val4059, :val4060, :val4061, :val4062, :val4063, :val4064, :val4065, :val4066, :val4067, :val4068, :val4069, :val4070, :val4071, :val4072, :val4073, :val4074, :val4075, :val4076, :val4077, :val4078, :val4079, :val4080, :val4081, :val4082, :val4083, :val4084, :val4085, :val4086, :val4087, :val4088, :val4089, :val4090, :val4091, :val4092, :val4093, :val4094, :val4095, :val4096, :val4097, :val4098, :val4099, :val4100, :val4101, :val4102, :val4103, :val4104, :val4105, :val4106, :val4107, :val4108, :val4109, :val4110, :val4111, :val4112, :val4113, :val4114, :val4115, :val4116, :val4117, :val4118, :val4119, :val4120, :val4121, :val4122, :val4123, :val4124, :val4125, :val4126, :val4127, :val4128, :val4129, :val4130, :val4131, :val4132, :val4133, :val4134, :val4135, :val4136, :val4137, :val4138, :val4139, :val4140, :val4141, :val4142, :val4143, :val4144, :val4145, :val4146, :val4147, :val4148, :val4149, :val4150, :val4151, :val4152, :val4153, :val4154, :val4155, :val4156, :val4157, :val4158, :val4159, :val4160, :val4161, :val4162, :val4163, :val4164, :val4165, :val4166, :val4167, :val4168, :val4169, :val4170, :val4171, :val4172, :val4173, :val4174, :val4175, :val4176, :val4177, :val4178, :val4179, :val4180, :val4181, :val4182, :val4183, :val4184, :val4185, :val4186, :val4187, :val4188, :val4189, :val4190, :val4191, :val4192, :val4193, :val4194, :val4195, :val4196, :val4197, :val4198, :val4199, :val4200, :val4201, :val4202, :val4203, :val4204, :val4205, :val4206, :val4207, :val4208, :val4209, :val4210, :val4211, :val4212, :val4213, :val4214, :val4215, :val4216, :val4217, :val4218, :val4219, :val4220, :val4221, :val4222, :val4223, :val4224, :val4225, :val4226, :val4227, :val4228, :val4229, :val4230, :val4231, :val4232, :val4233, :val4234, :val4235, :val4236, :val4237, :val4238, :val4239, :val4240, :val4241, :val4242, :val4243, :val4244, :val4245, :val4246, :val4247, :val4248, :val4249, :val4250, :val4251, :val4252, :val4253, :val4254, :val4255, :val4256, :val4257, :val4258, :val4259, :val4260, :val4261, :val4262, :val4263, :val4264, :val4265, :val4266, :val4267, :val4268, :val4269, :val4270, :val4271, :val4272, :val4273, :val4274, :val4275, :val4276, :val4277, :val4278, :val4279, :val4280, :val4281, :val4282, :val4283, :val4284, :val4285, :val4286, :val4287, :val4288, :val4289, :val4290, :val4291, :val4292, :val4293, :val4294, :val4295, :val4296, :val4297, :val4298, :val4299, :val4300, :val4301, :val4302, :val4303, :val4304, :val4305, :val4306, :val4307, :val4308, :val4309, :val4310, :val4311, :val4312, :val4313, :val4314, :val4315, :val4316, :val4317, :val4318, :val4319, :val4320, :val4321, :val4322, :val4323, :val4324, :val4325, :val4326, :val4327, :val4328, :val4329, :val4330, :val4331, :val4332, :val4333, :val4334, :val4335, :val4336, :val4337, :val4338, :val4339, :val4340, :val4341, :val4342, :val4343, :val4344, :val4345, :val4346, :val4347, :val4348, :val4349, :val4350, :val4351, :val4352, :val4353, :val4354, :val4355, :val4356, :val4357, :val4358, :val4359, :val4360, :val4361, :val4362, :val4363, :val4364, :val4365, :val4366, :val4367, :val4368, :val4369, :val4370, :val4371, :val4372, :val4373, :val4374, :val4375, :val4376, :val4377, :val4378, :val4379, :val4380, :val4381, :val4382, :val4383, :val4384, :val4385, :val4386, :val4387, :val4388, :val4389, :val4390, :val4391, :val4392, :val4393, :val4394, :val4395, :val4396, :val4397, :val4398, :val4399, :val4400, :val4401, :val4402, :val4403, :val4404, :val4405, :val4406, :val4407, :val4408, :val4409, :val4410, :val4411, :val4412, :val4413, :val4414, :val4415, :val4416, :val4417, :val4418, :val4419, :val4420, :val4421, :val4422, :val4423, :val4424, :val4425, :val4426, :val4427, :val4428, :val4429, :val4430, :val4431, :val4432, :val4433, :val4434, :val4435, :val4436, :val4437, :val4438, :val4439, :val4440, :val4441, :val4442, :val4443, :val4444, :val4445, :val4446, :val4447, :val4448, :val4449, :val4450, :val4451, :val4452, :val4453, :val4454, :val4455, :val4456, :val4457, :val4458, :val4459, :val4460, :val4461, :val4462, :val4463, :val4464, :val4465, :val4466, :val4467, :val4468, :val4469, :val4470, :val4471, :val4472, :val4473, :val4474, :val4475, :val4476, :val4477, :val4478, :val4479, :val4480, :val4481, :val4482, :val4483, :val4484, :val4485, :val4486, :val4487, :val4488, :val4489, :val4490, :val4491, :val4492, :val4493, :val4494, :val4495, :val4496, :val4497, :val4498, :val4499, :val4500, :val4501, :val4502, :val4503, :val4504, :val4505, :val4506, :val4507, :val4508, :val4509, :val4510, :val4511, :val4512, :val4513, :val4514, :val4515, :val4516, :val4517, :val4518, :val4519, :val4520, :val4521, :val4522, :val4523, :val4524, :val4525, :val4526, :val4527, :val4528, :val4529, :val4530, :val4531, :val4532, :val4533, :val4534, :val4535, :val4536, :val4537, :val4538, :val4539, :val4540, :val4541, :val4542, :val4543, :val4544, :val4545, :val4546, :val4547, :val4548, :val4549, :val4550, :val4551, :val4552, :val4553, :val4554, :val4555, :val4556, :val4557, :val4558, :val4559, :val4560, :val4561, :val4562, :val4563, :val4564, :val4565, :val4566, :val4567, :val4568, :val4569, :val4570, :val4571, :val4572, :val4573, :val4574, :val4575, :val4576, :val4577, :val4578, :val4579, :val4580, :val4581, :val4582, :val4583, :val4584, :val4585, :val4586, :val4587, :val4588, :val4589, :val4590, :val4591, :val4592, :val4593, :val4594, :val4595, :val4596, :val4597, :val4598, :val4599, :val4600, :val4601, :val4602, :val4603, :val4604, :val4605, :val4606, :val4607, :val4608, :val4609, :val4610, :val4611, :val4612, :val4613, :val4614, :val4615, :val4616, :val4617, :val4618, :val4619, :val4620, :val4621, :val4622, :val4623, :val4624, :val4625, :val4626, :val4627, :val4628, :val4629, :val4630, :val4631, :val4632, :val4633, :val4634, :val4635, :val4636, :val4637, :val4638, :val4639, :val4640, :val4641, :val4642, :val4643, :val4644, :val4645, :val4646, :val4647, :val4648, :val4649, :val4650, :val4651, :val4652, :val4653, :val4654, :val4655, :val4656, :val4657, :val4658, :val4659, :val4660, :val4661, :val4662, :val4663, :val4664, :val4665, :val4666, :val4667, :val4668, :val4669, :val4670, :val4671, :val4672, :val4673, :val4674, :val4675, :val4676, :val4677, :val4678, :val4679, :val4680, :val4681, :val4682, :val4683, :val4684, :val4685, :val4686, :val4687, :val4688, :val4689, :val4690, :val4691, :val4692, :val4693, :val4694, :val4695, :val4696, :val4697, :val4698, :val4699, :val4700, :val4701, :val4702, :val4703, :val4704, :val4705, :val4706, :val4707, :val4708, :val4709, :val4710, :val4711, :val4712, :val4713, :val4714, :val4715, :val4716, :val4717, :val4718, :val4719, :val4720, :val4721, :val4722, :val4723, :val4724, :val4725, :val4726, :val4727, :val4728, :val4729, :val4730, :val4731, :val4732, :val4733, :val4734, :val4735, :val4736, :val4737, :val4738, :val4739, :val4740, :val4741, :val4742, :val4743, :val4744, :val4745, :val4746, :val4747, :val4748, :val4749, :val4750, :val4751, :val4752, :val4753, :val4754, :val4755, :val4756, :val4757, :val4758, :val4759, :val4760, :val4761, :val4762, :val4763, :val4764, :val4765, :val4766, :val4767, :val4768, :val4769, :val4770, :val4771, :val4772, :val4773, :val4774, :val4775, :val4776, :val4777, :val4778, :val4779, :val4780, :val4781, :val4782, :val4783, :val4784, :val4785, :val4786, :val4787, :val4788, :val4789, :val4790, :val4791, :val4792, :val4793, :val4794, :val4795, :val4796, :val4797, :val4798, :val4799, :val4800, :val4801, :val4802, :val4803, :val4804, :val4805, :val4806, :val4807, :val4808, :val4809, :val4810, :val4811, :val4812, :val4813, :val4814, :val4815, :val4816, :val4817, :val4818, :val4819, :val4820, :val4821, :val4822, :val4823, :val4824, :val4825, :val4826, :val4827, :val4828, :val4829, :val4830, :val4831, :val4832, :val4833, :val4834, :val4835, :val4836, :val4837, :val4838, :val4839, :val4840, :val4841, :val4842, :val4843, :val4844, :val4845, :val4846, :val4847, :val4848, :val4849, :val4850, :val4851, :val4852, :val4853, :val4854, :val4855, :val4856, :val4857, :val4858, :val4859, :val4860, :val4861, :val4862, :val4863, :val4864, :val4865, :val4866, :val4867, :val4868, :val4869, :val4870, :val4871, :val4872, :val4873, :val4874, :val4875, :val4876, :val4877, :val4878, :val4879, :val4880, :val4881, :val4882, :val4883, :val4884, :val4885, :val4886, :val4887, :val4888, :val4889, :val4890, :val4891, :val4892, :val4893, :val4894, :val4895, :val4896, :val4897, :val4898, :val4899, :val4900, :val4901, :val4902, :val4903, :val4904, :val4905, :val4906, :val4907, :val4908, :val4909, :val4910, :val4911, :val4912, :val4913, :val4914, :val4915, :val4916, :val4917, :val4918, :val4919, :val4920, :val4921, :val4922, :val4923, :val4924, :val4925, :val4926, :val4927, :val4928, :val4929, :val4930, :val4931, :val4932, :val4933, :val4934, :val4935, :val4936, :val4937, :val4938, :val4939, :val4940, :val4941, :val4942, :val4943, :val4944, :val4945, :val4946, :val4947, :val4948, :val4949, :val4950, :val4951, :val4952, :val4953, :val4954, :val4955, :val4956, :val4957, :val4958, :val4959, :val4960, :val4961, :val4962, :val4963, :val4964, :val4965, :val4966, :val4967, :val4968, :val4969, :val4970, :val4971, :val4972, :val4973, :val4974, :val4975, :val4976, :val4977, :val4978, :val4979, :val4980, :val4981, :val4982, :val4983, :val4984, :val4985, :val4986, :val4987, :val4988, :val4989, :val4990, :val4991, :val4992, :val4993) AND `诉求地址` LIKE '%公园%' AND YEAR(`工单生成时间`) = YEAR(CURDATE()) - 1 LIMIT 10;
2025-05-26 13:27:02,491 ChatBI->     INFO     websocket发送的数据为：{"result_insight": "去年，宝山区大场镇大华郎香公园、青浦区农商银行广场、长宁区天山公园、浦东新区由由公园、长宁区中山公园、静安区大宁公园、普陀区长寿公园、浦东新区海天湖公园、闵行区古美科普公园和宝山区吴淞炮台湾公园等多处公园发生了噪声扰民事件。"}
2025-05-26 13:27:03,795 ChatBI->     INFO     websocket发送的数据为：{"result_recommand": {"new_query_1": "去年哪些公园的噪声扰民事件最多？", "new_query_2": "去年噪声扰民事件最多的公园位于哪个行政区？", "new_query_3": "去年哪些公园的噪声扰民事件发生在周末？"}}
2025-05-26 13:29:46,211 ChatBI->     ERROR    Unexpected error occured:(1012, None)
Traceback (most recent call last):
  File "/data/yfzx/liucd/chatbi_deploy2/chatbi_DB2/apps/app_main_ws.py", line 64, in websocket_endpoint
    message = await websocket.receive_text()
              ^^^^^^^^^^^^^^^^^^^^^^^^^^^^^^
  File "/root/anaconda3/envs/chatbi/lib/python3.12/site-packages/starlette/websockets.py", line 119, in receive_text
    self._raise_on_disconnect(message)
  File "/root/anaconda3/envs/chatbi/lib/python3.12/site-packages/starlette/websockets.py", line 113, in _raise_on_disconnect
    raise WebSocketDisconnect(message["code"], message.get("reason"))
starlette.websockets.WebSocketDisconnect: (1012, None)
