2025-06-02 09:45:53,938 ChatBI->     INFO     获取的表元数据: 
    CREATE TABLE shanghai (
        `工单编号` BIGINT; 含义: 表示工单的唯一编号。; 用途: 用于唯一标识每个工单，便于查询和管理。; 示例值: 20240101000072; 备注: 无;
        `工号` BIGINT; 含义: 表示工单的生成编号。; 用途: 用于记录工单的生成顺序，便于排序和统计。; 示例值: 3830; 备注: 无;
        `工单生成时间` DATETIME; 含义: 表示工单的生成时间。; 用途: 用于记录工单的生成时间，便于时间维度的管理和分析。; 示例值: 2024-01-01 00:37:39; 备注: 无;
        `诉求地址` TEXT; 含义: 表示工单所涉及的具体地点的详细地址。; 用途: 提供工单发生地点的详细信息，便于定位和处理。; 示例值: "闵行区东川路555弄"; 备注: 无;
        `诉求区域` TEXT; 含义: 表示工单所涉及的具体地点所属的行政区。; 用途: 用于快速定位工单发生的区域，便于区域级别的管理和调度。; 枚举类型，值包括： "黄浦区", "徐汇区", "长宁区", "静安区",  "普陀区", "虹口区", "杨浦区", "闵行区", "宝山区", "嘉定区", "浦东新区", "金山区",  "松江区", "青浦区","奉贤区", "崇明区"; 备注: 无;
        `内容描述` TEXT; 含义: 对工单所涉及的具体问题的详细描述。; 用途: 提供完整的信息，帮助处理人员全面了解问题背景和具体情况。; 示例值: "市民来电反映:未成年游戏充值要求退费，心动网络有限公司旗"; 备注: 无;
        `工单类别` TEXT; 含义: 表示工单紧急程度的类别。; 用途: 用于对工单紧急程度分级，便于管理和迅速响应。; 枚举类型，包含: "一般", "次紧急", "紧急"; 备注: 无;
        `处理描述` TEXT; 含义: 对工单处理结果的描述。; 用途: 记录工单的处理情况，便于后续查询和分析。; 示例值: "市民反复催单，已电子催单工单编号：20231224019374，故归档。"; 备注: 无;
        `客户类型` TEXT; 含义: 表示工单客户的类型。; 用途: 用于区分不同类型的客户，便于管理和服务。; 枚举类型，包含 "个人", "企业"; 备注: 无;
        `一级分类` TEXT; 含义: 表示工单所属的最高级别的分类。; 用途: 用于快速定位和分类工单，便于管理和统计。;枚举类型，包括： "科教文卫类", "社会管理类", "公安政法类", "其他类", "建设交通类",  "公用事业类", "安全监管类", "经济综合类", "社会团体类"; 备注: 无;
        `二级分类` TEXT; 含义: 在一级分类之下，更具体的分类。; 用途: 进一步细化工单分类，提高管理精度。; 示例值: "文广影视"; 备注: 无;
        `三级分类` TEXT; 含义: 在二级分类之下，更加具体的分类。; 用途: 提供更详细的分类信息，方便具体问题的处理和跟踪。; 示例值: "文化产业管理"; 备注: 无;
        `四级分类` TEXT; 含义: 在三级分类之下，更加具体的分类。; 用途: 提供更详细的分类信息，方便具体问题的处理和跟踪。; 示例值: "游戏动漫"; 备注: 无;
        `主办单位` TEXT; 含义: 表示工单的主办单位。; 用途: 用于记录工单的主办单位，便于管理和协调。; 示例值: "市文化旅游局", "市公安局", "普陀区人民政府"; 备注: 无;
        `是否匿名` TEXT; 含义: 表示工单是否为匿名工单。; 用途: 用于区分匿名工单和非匿名工单，便于管理和保护隐私。; 示例值: "是"; 备注: 无;
        `服务类型` TEXT; 含义: 表示工单的服务类型。; 用途: 用于分类工单的服务类型，便于管理和统计。; 枚举类型，包括: "综合服务", "一网通办"; 备注: 无;
        `通话编号` TEXT; 含义: 表示工单的通话编号。; 用途: 用于记录工单的通话记录，便于查询和分析。; 示例值: "1704040581-2297011"; 备注: 无;
        `工单类型` TEXT; 含义: 表示工单的类型。; 用途: 用于分类工单的类型，便于管理和统计。; 枚举类型，包括: "求助类", "投诉举报类", "咨询类", "意见建议类", "其他类"; 备注: 无;
        `新一级分类` TEXT; 含义: 表示工单的新一级分类。; 用途: 用于记录工单的新分类信息，便于管理和统计。; 示例值: "None"; 备注: 无;
        `新二级分类` TEXT; 含义: 表示工单的新二级分类。; 用途: 用于记录工单的新分类信息，便于管理和统计。; 示例值: "None"; 备注: 无;
        `新三级分类` TEXT; 含义: 表示工单的新三级分类。; 用途: 用于记录工单的新分类信息，便于管理和统计。; 示例值: "None"; 备注: 无;
        `新四级分类` TEXT; 含义: 表示工单的新四级分类。; 用途: 用于记录工单的新分类信息，便于管理和统计。; 示例值: "None"; 备注: 无;
        `新五级分类` TEXT; 含义: 表示工单的新五级分类。; 用途: 用于记录工单的新分类信息，便于管理和统计。; 示例值: "None"; 备注: 无;
    )DEFAULT CHARSET=utf8mb4 ENGINE=InnoDB COLLATE utf8mb4_0900_ai_ci
    
2025-06-02 09:45:53,938 ChatBI->     INFO     获取的缩写列: []
2025-06-02 09:45:53,938 ChatBI->     INFO     获取的关联列: ['一级分类', '二级分类', '三级分类', '四级分类']
2025-06-02 09:45:53,938 ChatBI->     INFO     获取的列映射: {'工单编号': 'id', '工号': 'employee_id', '工单生成时间': 'order_date', '诉求地址': 'address', '诉求区域': 'region', '内容描述': 'content_description', '工单类别': 'order_category', '处理描述': 'resolution_description', '客户类型': 'customer_type', '一级分类': 'primary_classification', '二级分类': 'secondary_classification', '三级分类': 'tertiary_classification', '四级分类': 'quaternary_classification', '主办单位': 'responsible_department', '是否匿名': 'is_anonymous', '服务类型': 'service_type', '通话编号': 'call_id', '工单类型': 'order_type', '新一级分类': 'new_primary_classification', '新二级分类': 'new_secondary_classification', '新三级分类': 'new_tertiary_classification', '新四级分类': 'new_quaternary_classification', '新五级分类': 'new_period_classification'}
2025-06-02 09:45:55,333 ChatBI->     INFO     关联字段的枚举值:  {'一级分类': ['科教文卫类', '社会管理类', '公安政法类', '其他类', '建设交通类', '公用事业类', '安全监管类', '经济综合类', '社会团体类'], '二级分类': ['文广影视', '旅游', '公安（治安、交通）', '其他', '工商(消保)', '交通港口', '绿化市容', '邮政通信', '司法行政', '教育', '住房保障', '机关事务管理', '人力保障', '纪检监察', '城乡建设', '食品药品安全', '卫生计生', '发展改革', '公安（出入境）', '金融', '电力', '商务', '燃气', '城管执法', '残联', '环境保护', '税务', '土地规划', '民政', '水务', '“12345”热线', '供水', '电子政务', '信访', '法院系统', '安全生产管理', '退役军人', '农业', '部队', '公安（消防）', '总工会', '体育', '涉港澳台', '国资', '新闻出版', '质量技术监督', '知识产权', '经济信息化', '出入境边检', '民族宗教', '档案', '统计', '民防', '科技', '侨务', '外事', '气象', '团市委', '财政', '检察院系统', '国家安全', '审计', '妇联', '防震减灾', '中央直属', '机构编制', '长航公安', '口岸', '合作交流'], '三级分类': ['文化产业管理', '服务质量', '其他', '无效电话', '商业服务', '出租车', '市容市貌', '通信', '法律服务', '学校管理', '社会治安', '物业服务管理', '机关事务管理', '纠纷仲裁', '邮政服务', '交通管理', '劳动保护', '医疗医保', '政风行风', '工程管理', '安全管理', '卫生信息', '违法建筑', '改革规划', '护照办理', '环境卫生', '金融', '社会保险', '道路管理', '社保信息', '故障报修', '城市管理', '广播影视', '公交巴士', '商务', '价格调控', '市场交易管理', '社会噪声', '物业相关执法', '医疗服务', '工商监管', '医院监管', '燃气计费', '驾驶培训', '犬类管理', '户籍管理', '停车管理', '残联', '工伤', '污染', '税收政策', '非城市建设用地管理', '婚姻管理', '排水排污管理', '房屋权属', '汽车维修', '供水报修', '一网通办', '禁烟控烟', '培训市场', '事项办理', '养老保障', '地铁客运', '违法经营', '劳动人事制度', '社区家政', '12345热线', '入学入托', '就业创业', '保障型住房', '征收管理', '法院信息', '批评承办部门', '职业健康', '燃气服务', '货物运输', '签证签注', '招生考试', '公证服务', '供水计费', '自来水水质', '航空客运', '投诉批评', '拥军优抚', '人口计生', '表扬感谢', '表扬承办部门', '安全生产', '消防管理', '公共交通用卡管理', '税收管理', '疾控防疫', '咨询信访渠道', '法院受理', '体育管理', '车牌拍卖', '绿地绿化', '工商信息', '意见建议', '旧房改造', '其他社团', '刊物市场监管', '夜间施工许可', '消防设备维护', '生活保障', '特种行业管理', '复查复核', '特种设备监察', '知识产权', '铁路客运', '申诉举报', '动植园林', '法人一证通', '旅游信息', '总工会', '津贴补助', '电力服务', '用电计费', '国资', '人员边检', '动植物防疫', '燃气报修', '河道流域管理', '纪检监查', '违规用水', '行政管理', '道路维护', '殡葬事业', '寺庙管理', '特定医疗机构', '审批许可', '个人档案', '科技管理', '移交安置', '外事工作', '供水服务', '气象预报', '汽车客运', '质量认证', '慈善福利', '经济信息化', '燃气行业监管', '社会组织', '出境咨询', '禽类饲养', '司法直属', '港船客运', '计量器具检测', '旅游纠纷', '团市委', '检察院受理', '学生负担', '违规用电', '广告审批', '查询办理进度', '城市建设用地管理', '财政工作', '烈士褒扬', '农民负担', '国有档案', '村队管理', '文化遗产保护', '水资源管理', '农业生产', '自主择业就业', '统计工作', '国家安全', '新闻报道', '住房病虫害', '部队', '民防工程', '妇联', '建设管理', '地震震情', '生产许可证管理', '网站信箱', '科技开发', '救灾赈灾', '审计工作', '宗教信仰', '机构类', '防灾抗灾', '安保工作', '土地资源管理', '气象预警', '限电管理', '合作交流', '组织机构代码证'], '四级分类': ['游戏动漫', '酒店质量', '其他', '无明确诉求', '网上购物', '服务规范', '广告牌景观灯', '通信线路', '无效来电', '法律援助', '校园设施', '居住证', '纠纷协调', '机关事务信息', '劳动争议', '快递服务', '限流限行', '用工规范', '医保报销', '不作为', '建筑工程欠薪', '医保政策咨询', '教师素质', '各类服务卡券', '食品安全', '外省市受理', '医院医疗信息', '违法建筑', '新能源汽车', '护照办理', '倾倒渣土', '银行监管', '工伤保险', '施工规范', 'ETC使用', '社保卡', '规模停电', '无证设摊', '网络视听', '线路咨询', '汽车销售', '物业管理收费', '住房公积金', '售后服务', '装修噪音', '损坏侵占公用设施', '治安维护', '用药规范', '立案侦查', '业务办理', '审验登记', '医疗纠纷', '排队挂号', '用量偏高', '教练服务、培训规范', '养犬登记', '交通设施', '外省市迁入', '故障报修', '物业安保', '物品遗失', '社区卫生服务', '物业维修添置', '物业管理不善', '公共停车场', '残疾鉴定', '工伤认定', '结构改建', '排堵保畅', '噪音污染', '绿化维护', '服务态度', '残疾补助', '独户停电', '交通违章', '房产交易税', '经济纠纷', '耕地管理', '离婚办理', '失业保险', '医疗保险', '市政道路积水', '宅基地', '结婚登记', '合同监管', '油烟扰民', '业委会', '律师服务', '驾驶员审验', '高速收费', '4s店服务', '身份证管理', '停水水小', '旅行社服务', '网站使用', '乱收停车费', '群租现象', '过户上牌', '服务质量', '禁烟控烟', '空气污染', '广告监督', '市场监管', '共享单车', '其他业务', '办理结果不满', '环境垃圾', '养老保险', '广告张贴', '房屋产权', '路状路况', '危房', '老年津贴', '地铁建设', '不正当经营', '城管执法', '退休离休', '社区服务网点', '信息咨询', '垃圾清理', '入学政策', '人才引进', '拖欠工资', '道路养护', '经济补偿', '公安信息查询', '租赁管理', '经适房', '车辆年检', '卫生配套设施', '合同纠纷', '公租房', '经营性停车场', '拆迁安置', '幼托管理', '路灯供电', '法院地址电话', '诉求未解决', '金融资讯', '职业健康', '景点服务质量', '合同履行', '燃气施工', '账户信息', '文化活动', '居住证办理', '集装箱运输', '签证签注', '户籍政策咨询', '中考', '居改非', '工时假期', '工程质量', '办理转学', '继承权公证', '水费量高', '水中杂质', '飞机票务', '线路设置', '遗嘱抚恤和优待', '司法鉴定', '商品质量', '机关事务工作', '优生优育', '医保定点', '房产信息变更', '保险监管', '账单抄表', '非法客运', '搬场公司', '道路建设', '无照经营', '个人所得税', '烟草酒类', '道路安全', '水管维修', '表扬感谢', '应急救援', '市内户口迁移', '烟花爆竹管理', '排水工程', '交通卡', '偷税漏税', '求医问药', '教育质量', '工资奖金', '咨询信访渠道', '家电维修', '问题解决', '诉讼立案', '办事效率', '假冒伪劣', '土地征收', '经济案件', '市政工程', '教育改革', '生育保险', '群众锻炼', '证券监管', '职业培训', '车牌拍卖', '占绿毁绿', '维权咨询', '网络安全', '其他税种', '商品销售信息', '企业征税', '道路扬尘', '办事流程', '交通事故', '职称评定', '学籍管理', '消防隐患', '其他疫苗', '平台系统', '房屋老化', '资质认证', '红十字会', '赛事管理', '廉租房', '黑车', '图书刊物出版', '慢作为', '夜间施工的现象', '业务熟练', '消防栓', '无证犬类', '房屋结构破坏', '社区帮困补助', '不明归属井盖', '行政许可', '跨门经营', '家政服务', '动迁政策', '商标包装管理', '其他公证', '催办', '独生子女补贴', '问题推脱', '交通法规', '移植修剪', '食品安全流通', '办事推诿', '僵尸车', '劳务派遣', '线路时间', '扶贫帮困', '职业技能考试', '安全监察', '东方有线', '再生育政策', '消防宣传', '侵权行为', '铁路票务', '光污染', '结论不满', '高考', '申诉举报', '流浪犬收治', '其他报修', '公园设施', '普法宣传', '法人一证通', '许可审批', '外地户口入学', '影视节目', '邮件邮递', '便民信息', '景点投诉', '场地设施', '人员管理', '维修基金', '职业资质许可', '工会工作', '就业补贴', '信息查询', '职工权益', '电费争议', '国企管理', '过境手续', '疫情防疫', '法院判决', '丧葬补助金', '燃气泄漏', '住院病床', '外置扩音装置', '私装地锁', '就业信息', '水上漂浮物', '安全生产监督', '徇私枉法', '文化场所信息', '孤寡空巢老人关怀', '农村建设用地管理', '私移水表', '管道维修', '便民服务', '人员资质', '最低生活保障', '设备添置', '其他补助', '殡葬服务', '绿化护栏', '居家养老', '道路救援', '缴费信息', '市场物价', '受理网点', '护工护理', '机构养老', '国有资产流失', '流浪人员管理', '残联工作', '助残信息', '流程指引', '报刊印刷发行', '医疗设备', '垃圾分类', '保健品管理', '采血机构', '审批许可', '景点资讯', '养老金调整', '老年卡', '公房管理', '灭火器', '菜场经营', '通信基站', '个人档案', '无障碍工程', '死亡登记', '商贸信息', '乱作为', '法院通知', '高新技术扶持', '退役士兵', '动物保护机构', '违规拆迁', '医保药品目录', '土地使用权', '领事馆', '房屋转让', '承办推诿', '商品维修网点', '消防通道', '阶梯电价', '河道养护', '排污许可证', '黄赌毒', '天气预报', '活禽交易', '劳动能力鉴定', '危险品管理', '无犯罪证明', '废气污染', '水表维修', '寺庙用品', '燃气火小', '失职渎职', '评残疾伤残抚恤', '违规运营', '消防安全咨询', '河道疏通', '药品安全', '水污染', '车次信息', '超市卖场', '申请专利', '质量认证', '工龄核算', '电线高压线', '慈善募捐', '循环再利用', '司法拆迁', '孤儿收养', '燃气行业', '医疗器械管理', '隧桥管理', '作风问题', '票务', '出境咨询', '电表维修', '无证夜间施工', '服务流程', '劳务中介', '人民调解', '旅行社信息', '变电设施', '社工管理', '其他许可', '电视购物', '特定污染物处治', '无答复意见', '退休证', '农村地区家禽饲养', '律师协会', '城区家禽饲养', '浦江轮渡', '流浪救助', '野生动植物', '计量器具检测', '旅游合同纠纷', '体检中心', '团委工作', '城市信息化', '检察院信息', '超时补课', '航空运输', '私排电线', '贪污贿赂', '广告审批', '离退休干部', '商业楼宇', '查询办理进度', '测绘管理', '广播', '水表失窃', '军转干部', '诉讼时限', '财会考证', '虚开发票', '烈士评定', '刑事案件', '邮政发行', '医疗服务', '收费标准', '业务范畴', '农业补贴', '隔离管控', '政府机构', '航班延误', '公务员管理', '土地承包', '成人教育', '刊社信息', '节能减排', '规划设计', '监狱管理', '颜色异变', '电视线路', '餐饮服务', '转业干部', '非物质文化遗产', '秩序维护', '临终关怀', '文物保护管理', '无证养鸽', '桥梁通行', '河道水质', '强制消费', '畜牧养殖', '士兵', '滥砍滥捕', '非法行医', '收费问题', '平改坡', '体育彩票', '环评公示', '培训补贴', '平均工资', '最低工资', '兽医药管理', '档案管理', '创业扶持', '国家机密', '新闻内容', '证照查验', '燃气配件', '省际轮渡', '福利企业扶持', '因公出国审批', '安全检查', '新冠疫苗', '工作调动', '档案公开', '研究生考试', '水务工程建设', '管理规范', '青少年保护', '二次收费', '生态保护', '社区就业援助', '墓园管理', '化妆品管理', '增添绿化', '白蚁', '鼠患', '管道改建', '能源发展', '娱乐场所管理', '旅游交通', '文化社团', '烈士纪念设施', '信鸽', '营业税改增值税', '核酸检测', '违法传销', '作业负担', '涉军问题', '地下室管理', '妇联工作', '无军籍职工', '公益彩票', '气象服务信息', '避孕节育', '窃电举报', '固废危废', '超生处罚', '科技改革', '妇婴保健', '企业解困', '建筑间距及日照', '地震震情', '高温津贴', '集体资产管理', '青少年锻炼', '农业水利', '电磁辐射污染', '单身证明', '生产许可证管理', '假发票', '国内安全事务', '马蜂窝', '网站信箱使用', '河上搭建', '三无居家船只', '发明建议', '市场供应', '参战参试人员优待', '故障牵引', '工作态度', '违规收费', '年检', '征地补偿', '古树名木', '社会捐献', '土地建设与保护', '反动', '历史建筑', '抵押拍卖', '妇女权益维护', '防疫补贴', '化工污染', '费用减免', '防汛抗灾', '网点查询', '资产评估', '安全生产宣传', '夜间施工证的审批', '吸劳养老', '特殊工种', '自来水异味', '导游服务', '违规鸣笛', '分时用电', '筑材光污染', '公共支付', '记者证管理', '审计工作', '情报搜集', '企业改革', '农产品安全', '防治检疫', '抵押贷款公证', '队伍建设', '上海旅游节', '宗教信仰', '婚前检查', '公交专用道', '转运消杀', '抗台防汛', '自主研发', '医药卫生知识', '公共事业', '码色申诉', '矫正办', '火灾报警系统', '日常管理', '记录查询', '黑网吧', '收养审批', '许可证管理', '火灾报警', '电子出版物', '易燃易爆物', '婚姻财产公证', '财政票据', '擅自设立机构', '审查批捕', '福利设施', '国有企业', '公务车', '投资决策', '防疫物资', '地面沉降', '资质证书', '转基因产品（有机食品）', '民防警报', '审读出版物', '新闻形式', '妇女健康', '农副业生产', '台风沙尘', '抗灾演习', '民间慈善', '私接自来水管', '工程规划', '进博会', '外宾来访', '经济状况审核', '事业单位共享费', '节能用电', '暴雨暴雪', '合作交流', '组织机构代码证', '矿产管理']}
2025-06-02 09:45:55,334 ChatBI->     INFO     缩写字段的枚举值： []
2025-06-02 09:46:07,195 ChatBI->     INFO     案例库查询
2025-06-02 09:46:07,233 ChatBI->     INFO     案例库查询结果: ["{'query': '去年上季度入学政策相关咨询工单有多少起', '目标列': ['内容描述'], '条件列': {'四级分类': '入学政策', '工单类型': '咨询类', '工单生成时间': '去年上季度'}}", "{'query': '近半年医保相关的咨询事件有多少起', '目标列': ['工单类型'], '条件列': {'四级分类': '医保', '工单类型': '咨询类', '工单生成时间': '近半年'}}", "{'query': '上个月电瓶车充电相关的工单中，各类诉求、投诉、咨询、建议的比例是多少', '目标列': ['工单类型'], '条件列': {'内容描述': '电瓶车充电相关', '工单生成时间': '上个月'}}"]
2025-06-02 09:46:08,542 ChatBI->     INFO     schema linking: {'target_columns': ['工单类型'], 'condition_columns': {'工单类型': '咨询类', '工单生成时间': '趋势', '内容描述': '职业技能提升补贴政策'}}
2025-06-02 09:46:10,200 ChatBI->     INFO     任务类型: SQL
2025-06-02 09:46:11,756 ChatBI->     INFO     stad sql: SELECT DATE(`工单生成时间`) AS `日期`, COUNT(*) AS `咨询数量` FROM shanghai WHERE `工单类型` = '咨询类' AND `内容描述` LIKE '%职业技能提升补贴政策%' GROUP BY DATE(`工单生成时间`) ORDER BY `日期` DESC LIMIT 5000;
2025-06-02 09:46:11,767 ChatBI->     INFO     非结构化信息为: {"`内容描述` LIKE '%职业技能提升补贴政策%'": '职业技能提升补贴政策'}
2025-06-02 09:46:11,767 ChatBI->     INFO     开始语义分析 ..  .. 
2025-06-02 09:46:12,022 ChatBI->     INFO     职业技能提升补贴政策 的命名实体判别： no
2025-06-02 09:46:12,023 ChatBI->     INFO     开始对非结构化文档【粗略】检索
2025-06-02 09:46:12,608 ChatBI->     INFO     检索到的文档总数量为：5000
2025-06-02 09:46:12,913 ChatBI->     INFO     开始对非结构化文档【深度】检索
2025-06-02 09:46:13,115 ChatBI->     INFO     step_scores: ['yes', 'yes', 'yes', 'yes', 'no', 'no', 'no', 'no', 'no', 'no']
2025-06-02 09:46:13,116 ChatBI->     INFO     层级抽取文档： 市民来电咨询:技能提升补贴的政策 ==> yes  
2025-06-02 09:46:13,116 ChatBI->     INFO     层级抽取文档： 市民来电咨询:职业技能补贴当时初级有拿到一笔补贴，现其中级考出来了，询问可否再拿一次补贴。 ==> yes  
2025-06-02 09:46:13,116 ChatBI->     INFO     层级抽取文档： 市民来电反映:2023年参加职业培训师考试，取得相应证书，有职业技能补贴，姓名：王洋洋，身份证：310105197704260428，12月通过随申办申请，市民表示社保是在金山区的，是有社保缴纳的人才中心审核发放，显示已发放，但是其并没拿到相关补贴。诉求：希望管理部门核实，对此给予市民合理的解决方案 ==> yes  
2025-06-02 09:46:13,116 ChatBI->     INFO     层级抽取文档： 市民来电咨询:市民在上海考了一个中式烹调师高级工，于2024年8月29日的时候拿到证书，但是其通过国家人社官网上查询不到其高级工的信息，询问学校老师后，得到回复说是每3个月刷新一次的，要等到3个月后才能查询的到，且询问职业技能提升补贴也要等到3个月后，询问是否有此3个月刷新时间的规定。诉求：请管理部门核实回复。 ==> yes  
2025-06-02 09:46:13,116 ChatBI->     INFO     层级抽取文档： 市民来电咨询:上海是否有对于应届生就业方面是否有补贴政策。 ==> no  
2025-06-02 09:46:13,116 ChatBI->     INFO     层级抽取文档： 市民来电咨询:查询企业雇佣残疾人在社保、税收、交通上有哪些补贴政策。 ==> no  
2025-06-02 09:46:13,116 ChatBI->     INFO     层级抽取文档： 市民来电咨询:目前本市是否有二胎补贴政策。 ==> no  
2025-06-02 09:46:13,116 ChatBI->     INFO     层级抽取文档： 市民来电反映：市民在网上查询到上海市有毕业生面试补贴，不知道怎么申请，也不知道是否有这个补贴，诉求：要求管理部门核实是否有毕业生面试补贴并告知如何申请。 ==> no  
2025-06-02 09:46:13,116 ChatBI->     INFO     层级抽取文档： 市民来电咨询:电动自行车以旧换新补贴政策。 ==> no  
2025-06-02 09:46:13,116 ChatBI->     INFO     层级抽取文档： 市民来电咨询:松江区是否有人才租房补贴政策。诉求：希望管理部门核实并告知市民具体规定（需回复） ==> no  
2025-06-02 09:46:13,116 ChatBI->     INFO     阈值索引为：80, 窗口大小为: 100 
2025-06-02 09:46:13,116 ChatBI->     INFO     确定的文档: 0; 在次确认的文档: 180
2025-06-02 09:46:15,133 ChatBI->     INFO     从180个需再次确认的文档中筛选出的相关文档数量：78
2025-06-02 09:46:15,133 ChatBI->     INFO     示例文档：['市民来电咨询:2023年时参加保育员培训，2023年6月23日拿到证书，市民了解到本市对于保育员考证有补贴。诉求：希望管理部门告知如何申请补贴。', '市民反映：咨询如何申领创业初创期培训补贴。', '市民来电咨询:持有中级经济师(人力资源）证是否有相关的岗位补贴，诉求：希望管理部门核实告知。', '市民来电咨询: 中级经济师是否有补贴。', '市民来电咨询:考取了中级会计师职称，人社部门是否有补贴。']
2025-06-02 09:46:15,135 ChatBI->     INFO     没有找到<  >对应的视图
2025-06-02 09:46:15,135 ChatBI->     INFO     sql 语句：SELECT DATE(`工单生成时间`) AS `日期`, COUNT(*) AS `咨询数量` FROM shanghai WHERE `工单类型` = '咨询类' AND  `内容描述` IN (:val0, :val1, :val2, :val3, :val4, :val5, :val6, :val7, :val8, :val9, :val10, :val11, :val12, :val13, :val14, :val15, :val16, :val17, :val18, :val19, :val20, :val21, :val22, :val23, :val24, :val25, :val26, :val27, :val28, :val29, :val30, :val31, :val32, :val33, :val34, :val35, :val36, :val37, :val38, :val39, :val40, :val41, :val42, :val43, :val44, :val45, :val46, :val47, :val48, :val49, :val50, :val51, :val52, :val53, :val54, :val55, :val56, :val57, :val58, :val59, :val60, :val61, :val62, :val63, :val64, :val65, :val66, :val67, :val68, :val69, :val70, :val71, :val72, :val73, :val74, :val75, :val76, :val77) GROUP BY DATE(`工单生成时间`) ORDER BY `日期` DESC LIMIT 5000;
2025-06-02 09:46:15,481 ChatBI->     INFO     sql 语句：SELECT * FROM shanghai WHERE `工单类型` = '咨询类' AND  `内容描述` IN (:val0, :val1, :val2, :val3, :val4, :val5, :val6, :val7, :val8, :val9, :val10, :val11, :val12, :val13, :val14, :val15, :val16, :val17, :val18, :val19, :val20, :val21, :val22, :val23, :val24, :val25, :val26, :val27, :val28, :val29, :val30, :val31, :val32, :val33, :val34, :val35, :val36, :val37, :val38, :val39, :val40, :val41, :val42, :val43, :val44, :val45, :val46, :val47, :val48, :val49, :val50, :val51, :val52, :val53, :val54, :val55, :val56, :val57, :val58, :val59, :val60, :val61, :val62, :val63, :val64, :val65, :val66, :val67, :val68, :val69, :val70, :val71, :val72, :val73, :val74, :val75, :val76, :val77)
2025-06-02 09:46:17,985 ChatBI->     INFO     query: {query} 处理完毕
2025-06-02 09:48:34,668 ChatBI->     INFO     案例库查询
2025-06-02 09:48:34,704 ChatBI->     INFO     案例库查询结果: ["{'query': '清明节期间大家都在关注哪些事件', '目标列': ['内容描述'], '条件列': {'工单生成时间': '清明节期间'}}", "{'query': '最近9个月反映过哪些一网通办类型的事件', '目标列': ['内容描述'], '条件列': {'工单生成时间': '最近9个月', '服务类型': '一网通办'}}", "{'query': '近半年反映过哪些次紧急的事件', '目标列': ['内容描述'], '条件列': {'工单类别': '次紧急', '工单生成时间': '近半年'}}"]
2025-06-02 09:48:35,389 ChatBI->     INFO     schema linking: {'target_columns': ['内容描述'], 'condition_columns': {'工单生成时间': '近期'}}
2025-06-02 09:48:36,674 ChatBI->     INFO     任务类型: SQL
2025-06-02 09:48:37,973 ChatBI->     INFO     stad sql: SELECT `内容描述`, COUNT(*) AS `关注次数` FROM shanghai WHERE `工单生成时间` >= DATE_SUB(CURDATE(), INTERVAL 1 MONTH) GROUP BY `内容描述` ORDER BY `关注次数` DESC LIMIT 5000;
2025-06-02 09:48:37,976 ChatBI->     INFO     非结构化信息为: {}
2025-06-02 09:48:37,976 ChatBI->     INFO     sql查询命令中没有非结构化信息则不进行语义分析
2025-06-02 09:48:37,976 ChatBI->     INFO     没有找到<  >对应的视图
2025-06-02 09:48:38,159 ChatBI->     INFO     websocket发送的数据为：{"response": [{}]}
2025-06-02 09:48:40,062 ChatBI->     INFO     query: {query} 处理完毕
2025-06-02 09:49:07,306 ChatBI->     INFO     案例库查询
2025-06-02 09:49:07,343 ChatBI->     INFO     案例库查询结果: ["{'query': '清明节期间大家都在关注哪些事件', '目标列': ['内容描述'], '条件列': {'工单生成时间': '清明节期间'}}", "{'query': '去年入学政策相关咨询工单分别涉及哪些类型的事件', '目标列': ['内容描述'], '条件列': {'工单类型': '咨询类', '工单生成时间': '去年', '内容描述': '入学政策相关咨询'}}", "{'query': '最近9个月反映过哪些一网通办类型的事件', '目标列': ['内容描述'], '条件列': {'工单生成时间': '最近9个月', '服务类型': '一网通办'}}"]
2025-06-02 09:49:07,861 ChatBI->     INFO     schema linking: {'target_columns': ['内容描述'], 'condition_columns': {}}
2025-06-02 09:49:09,268 ChatBI->     INFO     任务类型: SQL
2025-06-02 09:49:10,215 ChatBI->     INFO     stad sql: SELECT `内容描述`, COUNT(*) AS `关注次数` FROM shanghai GROUP BY `内容描述` ORDER BY `关注次数` DESC LIMIT 5000;
2025-06-02 09:49:10,218 ChatBI->     INFO     非结构化信息为: {}
2025-06-02 09:49:10,218 ChatBI->     INFO     sql查询命令中没有非结构化信息则不进行语义分析
2025-06-02 09:49:10,218 ChatBI->     INFO     没有找到<  >对应的视图
2025-06-02 09:50:09,809 ChatBI->     INFO     案例库查询
2025-06-02 09:50:09,853 ChatBI->     INFO     案例库查询结果: ["{'query': '去年上季度入学政策相关咨询工单有多少起', '目标列': ['内容描述'], '条件列': {'四级分类': '入学政策', '工单类型': '咨询类', '工单生成时间': '去年上季度'}}", "{'query': '去年10月入学政策咨询的工单涉及哪些学校', '目标列': ['内容描述'], '条件列': {'工单生成时间': '去年10月', '工单类型': '咨询类', '内容描述': '入学政策咨询'}}", "{'query': '去年入学政策相关咨询工单分别涉及哪些类型的事件', '目标列': ['内容描述'], '条件列': {'工单类型': '咨询类', '工单生成时间': '去年', '内容描述': '入学政策相关咨询'}}"]
2025-06-02 09:50:10,377 ChatBI->     INFO     schema linking: {'target_columns': ['内容描述'], 'condition_columns': {}}
2025-06-02 09:50:11,383 ChatBI->     INFO     任务类型: SQL
2025-06-02 09:50:11,942 ChatBI->     INFO     stad sql: SELECT `内容描述` FROM shanghai LIMIT 5000;
2025-06-02 09:50:11,944 ChatBI->     INFO     非结构化信息为: {}
2025-06-02 09:50:11,944 ChatBI->     INFO     sql查询命令中没有非结构化信息则不进行语义分析
2025-06-02 09:50:11,944 ChatBI->     INFO     没有找到<  >对应的视图
2025-06-02 09:51:14,403 ChatBI->     INFO     query: {query} 处理完毕
2025-06-02 09:51:16,265 ChatBI->     INFO     query: {query} 处理完毕
2025-06-02 10:01:54,379 ChatBI->     INFO     案例库查询
2025-06-02 10:01:54,422 ChatBI->     INFO     案例库查询结果: ["{'query': '去年上半年企业服务工单里工单类型分别有那些，占比如何', '目标列': ['工单类型'], '条件列': {'四级分类': '企业服务', '工单生成时间': '去年上半年'}}", "{'query': '今年市民来投诉被诈骗的工单有多少', '目标列': ['工单类型'], '条件列': {'工单类型': '投诉举报类', '工单生成时间': '今年', '内容描述': '被诈骗'}}", "{'query': '近半年紧急的求助工单主要是有哪些事件', '目标列': ['内容描述'], '条件列': {'工单类别': '紧急', '工单类型': '求助类', '工单生成时间': '近半年'}}"]
2025-06-02 10:01:55,000 ChatBI->     INFO     schema linking: {'target_columns': ['工单生成时间'], 'condition_columns': {}}
2025-06-02 10:01:56,511 ChatBI->     INFO     任务类型: SQL
2025-06-02 10:01:57,991 ChatBI->     INFO     stad sql: SELECT DATE(`工单生成时间`) AS `日期`, COUNT(*) AS `话单量` FROM shanghai WHERE `工单生成时间` >= DATE_SUB(CURDATE(), INTERVAL 1 YEAR) GROUP BY DATE(`工单生成时间`) ORDER BY `日期` LIMIT 5000;
2025-06-02 10:01:57,993 ChatBI->     INFO     非结构化信息为: {}
2025-06-02 10:01:57,993 ChatBI->     INFO     sql查询命令中没有非结构化信息则不进行语义分析
2025-06-02 10:01:57,993 ChatBI->     INFO     没有找到<  >对应的视图
2025-06-02 10:02:57,082 ChatBI->     INFO     案例库查询
2025-06-02 10:02:57,123 ChatBI->     INFO     案例库查询结果: ["{'query': '小区居改非的工单中，各类诉求、投诉、咨询、建议的比例是多少', '目标列': ['工单类型'], '条件列': {'内容描述': '小区居改非', '诉求地址': '小区'}}", "{'query': '近30个月包工头拖欠工资的事件有多少起', '目标列': ['内容描述'], '条件列': {'内容描述': '包工头拖欠工资', '工单生成时间': '近30个月'}}", "{'query': '上半年哪些地方存在拖欠工资的现象', '目标列': ['诉求地址'], '条件列': {'工单生成时间': '上半年', '内容描述': '拖欠工资'}}"]
2025-06-02 10:02:58,062 ChatBI->     INFO     schema linking: {'target_columns': ['诉求区域'], 'condition_columns': {'内容描述': '欠薪举报业务咨询量', '工单类型': '咨询类'}}
2025-06-02 10:03:08,550 ChatBI->     INFO     query: {query} 处理完毕
2025-06-02 10:03:09,002 ChatBI->     INFO     任务类型: SQL
2025-06-02 10:03:10,702 ChatBI->     INFO     stad sql: SELECT `诉求区域`, COUNT(*) AS `咨询量` FROM shanghai WHERE `内容描述` LIKE '%欠薪举报业务咨询量%' AND `工单类型` = '咨询类' GROUP BY `诉求区域` ORDER BY `咨询量` DESC LIMIT 5000;
2025-06-02 10:03:10,704 ChatBI->     INFO     非结构化信息为: {"`内容描述` LIKE '%欠薪举报业务咨询量%'": '欠薪举报业务咨询量'}
2025-06-02 10:03:10,705 ChatBI->     INFO     开始语义分析 ..  .. 
2025-06-02 10:03:10,963 ChatBI->     INFO     欠薪举报业务咨询量 的命名实体判别： no
2025-06-02 10:03:10,965 ChatBI->     INFO     开始对非结构化文档【粗略】检索
2025-06-02 10:03:11,580 ChatBI->     INFO     检索到的文档总数量为：5000
2025-06-02 10:03:11,870 ChatBI->     INFO     开始对非结构化文档【深度】检索
2025-06-02 10:03:12,135 ChatBI->     INFO     step_scores: ['yes', 'yes', 'no', 'no', 'yes', 'no', 'no', 'yes', 'yes', 'yes']
2025-06-02 10:03:12,135 ChatBI->     INFO     层级抽取文档： 市民来电咨询:欠薪 ==> yes  
2025-06-02 10:03:12,135 ChatBI->     INFO     层级抽取文档： 市民来电反映:其等2人在上述地址干装修，拖欠薪资，拖欠人数：2人，拖欠总金额：1100元，未签合同。诉求：请管理部门核实，协助讨薪。（需回复） ==> yes  
2025-06-02 10:03:12,135 ChatBI->     INFO     层级抽取文档： 市民来电咨询:要求转接咨询公司的公积金业务。 ==> no  
2025-06-02 10:03:12,135 ChatBI->     INFO     层级抽取文档： 市民来电咨询:催贷公司骚扰电话举报 ==> no  
2025-06-02 10:03:12,135 ChatBI->     INFO     层级抽取文档： 市民来电咨询:上述地址施工地存在拖欠工资，企业：上海景观实业发展有限公司，工程：绿化工程，时间：2022年8月-12月，拖欠人数：14人，拖欠工资金额：30多万，没有签订劳动合同。诉求：希望管理部门核实处理，协助市民讨薪。 ==> yes  
2025-06-02 10:03:12,135 ChatBI->     INFO     层级抽取文档： 市民来电咨询:在随申办上交警专栏的视屏举报，市民表示在2024年4月的视频举报无法选定4月，咨询管理部门交警专栏的视频举报是否只能举报当月的。诉求：望管理部门告知。 ==> no  
2025-06-02 10:03:12,136 ChatBI->     INFO     层级抽取文档： 市民来电咨询:转入业务 ==> no  
2025-06-02 10:03:12,136 ChatBI->     INFO     层级抽取文档： 市民来电反映:其被上述地址拖欠工资，无劳动合同，拖欠其230元，属于日结工资，诉求：希望核查帮其讨薪。 ==> yes  
2025-06-02 10:03:12,136 ChatBI->     INFO     层级抽取文档： 市民重复来电反映相同事项。【最近办结的工单编号：20240205014472，工单内容：市民来电反映:2022年在上述地址二工区做挖掘机，是水务工程，还拖欠了其60000元工资没给。诉求：望管理部门核实协助讨薪】 ==> yes  
2025-06-02 10:03:12,136 ChatBI->     INFO     层级抽取文档： 市民来电反映:在上述公司从事设计工作，目前其已和单位解除劳动关系，但是该公司仍欠薪3万多元，故希望管理部门帮助讨薪。 ==> yes  
2025-06-02 10:03:12,459 ChatBI->     INFO     step_scores: ['yes', 'yes', 'yes', 'no', 'no', 'yes', 'no', 'yes', 'no', 'no']
2025-06-02 10:03:12,460 ChatBI->     INFO     层级抽取文档： 市民来电反映相同事项。【最近办结的工单编号：20240626035551，工单内容：市民来电反映:其为上述地址员工，该企业累计拖欠市民工资总计3700元，市民信息：刘静静，诉求：请管理部门为其讨薪】 ==> yes  
2025-06-02 10:03:12,460 ChatBI->     INFO     层级抽取文档： 市民来电咨询:拖欠工资问题，管理部门让市民去诉讼，询问具体流程。 ==> yes  
2025-06-02 10:03:12,460 ChatBI->     INFO     层级抽取文档： 市民来电反映:其为上述地址员工，该企业拖欠8个市民工资总计28000元，诉求：请管理部门为其讨薪 ==> yes  
2025-06-02 10:03:12,460 ChatBI->     INFO     层级抽取文档： 市民来电咨询:在银行签订公积金三方协议，银行窗口告知公积金三分协议业务只有公积金基本户可办理，一般户无法办理该业务。故市民来电咨询是否有该规定。 ==> no  
2025-06-02 10:03:12,460 ChatBI->     INFO     层级抽取文档： 市民来电咨询:证券公司有很多违规操作，如何进行举报 ==> no  
2025-06-02 10:03:12,460 ChatBI->     INFO     层级抽取文档： 市民来电咨询:拖欠工资法律援助 ==> yes  
2025-06-02 10:03:12,460 ChatBI->     INFO     层级抽取文档： 【投诉】市民反映：12345一直没有处理其的讨薪问题，其不认可。诉求：请管理部门处理12345的不作为。前工单：20240122029006。 ==> no  
2025-06-02 10:03:12,460 ChatBI->     INFO     层级抽取文档： 市民来电反映:其在上述地址建筑工地施工，总包单位上海四建，董家渡项目，拖欠5人共计15万元，签订过合同。诉求：希望管理部门核实，并帮助市民讨薪 ==> yes  
2025-06-02 10:03:12,460 ChatBI->     INFO     层级抽取文档： 市民来电咨询:小学教师各科老师周课时量，满核实量与达标课时量，市民不愿意提供学校信息等。诉求：请管理部门核实并告知小学教师各科老师周课时量，满核实量与达标课时量（信息保密，无需回复）市民称其后续会打电话咨询市民热线答复要点 ==> no  
2025-06-02 10:03:12,460 ChatBI->     INFO     层级抽取文档： 市民来电咨询:夫妻间额度怎么办理过户业务 ==> no  
2025-06-02 10:03:12,816 ChatBI->     INFO     step_scores: ['no', 'no', 'no', 'yes', 'yes', 'yes', 'no', 'no', 'yes', 'no']
2025-06-02 10:03:12,816 ChatBI->     INFO     层级抽取文档： 市民来电补充信息。市民补充信息内容为：现在有个中间人找到市民告知市民，钱已经给中间人了，需要市民撤单才会把工资钱打给市民，市民希望管理部门严查尽快回复。【最近派发的工单编号：20240619012318，工单内容：市民表示管理部门答复中所说的“另一个股东已把钱结清”的事实不存在，其还是没有收到钱。现诉求：原诉求不变。市民来电反映:受雇公司：上海玉墅空间设计有限公司、注册地址：奉贤区海坤路1号第2幢23146室、市民实际用工地址：上述地址、负责人阮（17802101070）），欠薪1人，欠薪金额：3000元，试用期但没签劳动合同。诉求：请管理部门帮助讨薪】 ==> no  
2025-06-02 10:03:12,816 ChatBI->     INFO     层级抽取文档： 市民来电咨询:哪里可以办理驾驶证期满换证的业务。 ==> no  
2025-06-02 10:03:12,816 ChatBI->     INFO     层级抽取文档： 市民来电咨询:举报一辆小货车超载。 ==> no  
2025-06-02 10:03:12,816 ChatBI->     INFO     层级抽取文档： 市民来电咨询处理进度。【最近办结的工单编号:20240521020798，工单内容:市民来电反映:上述地址是劳动调解中心，5月21日中午12:50市民去上述上述劳动调解中心反映拖欠工资问题，结果发现该处门是关闭的，里面有两个人，市民让里面人开门，一开始不理睬市民，等市民绕了一圈回到原处，该处工作人员才把门打开，给市民一个表格让市民填写，询问工作人员具体情况，对方态度很恶劣，让市民回去等通知，还有一个人一直在玩手机，诉求：要求投诉该处工作人员态度恶劣。】 ==> yes  
2025-06-02 10:03:12,816 ChatBI->     INFO     层级抽取文档： 市民来电反映:上述地址涉及两家公司（上海锋范铁艺有限公司，上海中正吉装饰有限公司），市民都是为其做门窗活，车间制作，公司欠了半年工资，从2023年5月13日起~2024年1月6日，只收到14000元，答应每月10000元工资，实际欠薪55000元，有签署劳动合同，有上班打卡记录。姓名：华夏，联系电话：15237652040。共拖欠工资人数：7人，总金额：15万左右。现在联系不到老板，信息不回，老板姓名：郑洁，电话：18916010672。诉求：希望有关部门能帮忙讨回工资。 ==> yes  
2025-06-02 10:03:12,816 ChatBI->     INFO     层级抽取文档： 市民来电反复催单。催单原因：市民称管理部门至今未给予任何回复，请管理部门尽快处理。【最近派发的工单编号：20240805005429，工单内容：市民来电反映:市民2023年在上述地址餐饮店做后厨服务，签过劳动合同，被拖欠了2023年9月份的工资至今，金额6000元。诉求：希望帮市民讨要工资。】 ==> yes  
2025-06-02 10:03:12,816 ChatBI->     INFO     层级抽取文档： 市民来电咨询: 车管所周末是否办理上牌业务。 ==> no  
2025-06-02 10:03:12,817 ChatBI->     INFO     层级抽取文档： 【为企服务】市民来电咨询:青浦区企业关于股权转让后的营业执照变更业务，要转接青浦区市场监督咨询。 ==> no  
2025-06-02 10:03:12,817 ChatBI->     INFO     层级抽取文档： 市民来电反映:上述地址拖欠两个未成年人员工 ，半个月共五千元的工资，没有签订劳动合同。诉求：请管理部门协调讨回工资。（需回复） ==> yes  
2025-06-02 10:03:12,817 ChatBI->     INFO     层级抽取文档： 市民来电咨询:已经办理租房取用的公积金业务，不知道什么时候下款。 ==> no  
2025-06-02 10:03:12,817 ChatBI->     INFO     阈值索引为：396, 窗口大小为: 100 
2025-06-02 10:03:12,817 ChatBI->     INFO     确定的文档: 297; 在次确认的文档: 199
2025-06-02 10:03:18,488 ChatBI->     INFO     从199个需再次确认的文档中筛选出的相关文档数量：84
2025-06-02 10:03:18,488 ChatBI->     INFO     示例文档：['市民来电反映:市民在以上地址建筑工地，被拖欠工资19000元，有合同，总包：四川国程，诉求：请管理部门尽快帮市民讨薪。', '市民来电咨询:市民来电反映，自己是农民工，跟人协议提供劳务，至今欠劳务费用两万多，分文未给，咨询如何维权？', '市民来电反复催单。催单原因：市民称管理部门至今未给予任何回复，请管理部门尽快处理。【最近派发的工单编号：20240923006427，工单内容：市民来电反映:2024年3月底开始在上述工地用工，上述企业只给了10万，拖欠工资金额：150万，拖欠人数：30多人。其是包工头，目前主要反映欠薪问题。去派出所反映过多次都不解决。市民扬言如果无法要回工资只能去杀人，市民目前在武汉武昌区徐家棚街道，表示其要去杀人不会告知具体地址。诉求：请管理部门核实并帮助市民要回工资。（9月23日10:08工号4504拨打027-110，工号549受理。表示没有具体地址可能无法核实到，建议同步向上海公安报备。）】', '市民来电补充信息。市民补充信息内容为,市民表示事情已经解决，请管理部门无需再追究。【最近派发的工单编号：20240916001054，工单内容：市民来电反映:2024年8月，上述公司拖欠市民9天工资，金额：676元，工作内容：招聘家政阿姨，没签合同。身份证：340421199911154039。诉求：请管理部门帮助讨薪。\n\n】', '市民来电反复催单。催单原因：市民称管理部门联系过市民但一直没有处理，市民表示5月的工资也没有拿到，金额是10万左右，4、5月加起来23万左右，请管理部门尽快处理。【最近派发的工单编号：20240528014138，工单内容：市民来电反映:市民在上述地址建筑工地工作，建设单位：中铁上海工程局集团建筑工程有限公司，分包：海南盛华。市民被拖欠2024年4月的工资，拖欠9人，金额约12万多，签过劳务协议，市民表示原本承诺4月25日发放，至今没有给，且公司在打卡出勤记录上作假，诉求：请管理部门核实处理帮助讨要工资。】']
2025-06-02 10:03:18,491 ChatBI->     INFO     没有找到<  >对应的视图
2025-06-02 10:03:18,491 ChatBI->     INFO     sql 语句：SELECT `诉求区域`, COUNT(*) AS `咨询量` FROM shanghai WHERE  `内容描述` IN (:val0, :val1, :val2, :val3, :val4, :val5, :val6, :val7, :val8, :val9, :val10, :val11, :val12, :val13, :val14, :val15, :val16, :val17, :val18, :val19, :val20, :val21, :val22, :val23, :val24, :val25, :val26, :val27, :val28, :val29, :val30, :val31, :val32, :val33, :val34, :val35, :val36, :val37, :val38, :val39, :val40, :val41, :val42, :val43, :val44, :val45, :val46, :val47, :val48, :val49, :val50, :val51, :val52, :val53, :val54, :val55, :val56, :val57, :val58, :val59, :val60, :val61, :val62, :val63, :val64, :val65, :val66, :val67, :val68, :val69, :val70, :val71, :val72, :val73, :val74, :val75, :val76, :val77, :val78, :val79, :val80, :val81, :val82, :val83, :val84, :val85, :val86, :val87, :val88, :val89, :val90, :val91, :val92, :val93, :val94, :val95, :val96, :val97, :val98, :val99, :val100, :val101, :val102, :val103, :val104, :val105, :val106, :val107, :val108, :val109, :val110, :val111, :val112, :val113, :val114, :val115, :val116, :val117, :val118, :val119, :val120, :val121, :val122, :val123, :val124, :val125, :val126, :val127, :val128, :val129, :val130, :val131, :val132, :val133, :val134, :val135, :val136, :val137, :val138, :val139, :val140, :val141, :val142, :val143, :val144, :val145, :val146, :val147, :val148, :val149, :val150, :val151, :val152, :val153, :val154, :val155, :val156, :val157, :val158, :val159, :val160, :val161, :val162, :val163, :val164, :val165, :val166, :val167, :val168, :val169, :val170, :val171, :val172, :val173, :val174, :val175, :val176, :val177, :val178, :val179, :val180, :val181, :val182, :val183, :val184, :val185, :val186, :val187, :val188, :val189, :val190, :val191, :val192, :val193, :val194, :val195, :val196, :val197, :val198, :val199, :val200, :val201, :val202, :val203, :val204, :val205, :val206, :val207, :val208, :val209, :val210, :val211, :val212, :val213, :val214, :val215, :val216, :val217, :val218, :val219, :val220, :val221, :val222, :val223, :val224, :val225, :val226, :val227, :val228, :val229, :val230, :val231, :val232, :val233, :val234, :val235, :val236, :val237, :val238, :val239, :val240, :val241, :val242, :val243, :val244, :val245, :val246, :val247, :val248, :val249, :val250, :val251, :val252, :val253, :val254, :val255, :val256, :val257, :val258, :val259, :val260, :val261, :val262, :val263, :val264, :val265, :val266, :val267, :val268, :val269, :val270, :val271, :val272, :val273, :val274, :val275, :val276, :val277, :val278, :val279, :val280, :val281, :val282, :val283, :val284, :val285, :val286, :val287, :val288, :val289, :val290, :val291, :val292, :val293, :val294, :val295, :val296, :val297, :val298, :val299, :val300, :val301, :val302, :val303, :val304, :val305, :val306, :val307, :val308, :val309, :val310, :val311, :val312, :val313, :val314, :val315, :val316, :val317, :val318, :val319, :val320, :val321, :val322, :val323, :val324, :val325, :val326, :val327, :val328, :val329, :val330, :val331, :val332, :val333, :val334, :val335, :val336, :val337, :val338, :val339, :val340, :val341, :val342, :val343, :val344, :val345, :val346, :val347, :val348, :val349, :val350, :val351, :val352, :val353, :val354, :val355, :val356, :val357, :val358, :val359, :val360, :val361, :val362, :val363, :val364, :val365, :val366, :val367, :val368, :val369, :val370, :val371, :val372, :val373, :val374, :val375, :val376, :val377, :val378, :val379, :val380) AND `工单类型` = '咨询类' GROUP BY `诉求区域` ORDER BY `咨询量` DESC LIMIT 5000;
2025-06-02 10:03:18,935 ChatBI->     INFO     sql 语句：SELECT * FROM shanghai WHERE  `内容描述` IN (:val0, :val1, :val2, :val3, :val4, :val5, :val6, :val7, :val8, :val9, :val10, :val11, :val12, :val13, :val14, :val15, :val16, :val17, :val18, :val19, :val20, :val21, :val22, :val23, :val24, :val25, :val26, :val27, :val28, :val29, :val30, :val31, :val32, :val33, :val34, :val35, :val36, :val37, :val38, :val39, :val40, :val41, :val42, :val43, :val44, :val45, :val46, :val47, :val48, :val49, :val50, :val51, :val52, :val53, :val54, :val55, :val56, :val57, :val58, :val59, :val60, :val61, :val62, :val63, :val64, :val65, :val66, :val67, :val68, :val69, :val70, :val71, :val72, :val73, :val74, :val75, :val76, :val77, :val78, :val79, :val80, :val81, :val82, :val83, :val84, :val85, :val86, :val87, :val88, :val89, :val90, :val91, :val92, :val93, :val94, :val95, :val96, :val97, :val98, :val99, :val100, :val101, :val102, :val103, :val104, :val105, :val106, :val107, :val108, :val109, :val110, :val111, :val112, :val113, :val114, :val115, :val116, :val117, :val118, :val119, :val120, :val121, :val122, :val123, :val124, :val125, :val126, :val127, :val128, :val129, :val130, :val131, :val132, :val133, :val134, :val135, :val136, :val137, :val138, :val139, :val140, :val141, :val142, :val143, :val144, :val145, :val146, :val147, :val148, :val149, :val150, :val151, :val152, :val153, :val154, :val155, :val156, :val157, :val158, :val159, :val160, :val161, :val162, :val163, :val164, :val165, :val166, :val167, :val168, :val169, :val170, :val171, :val172, :val173, :val174, :val175, :val176, :val177, :val178, :val179, :val180, :val181, :val182, :val183, :val184, :val185, :val186, :val187, :val188, :val189, :val190, :val191, :val192, :val193, :val194, :val195, :val196, :val197, :val198, :val199, :val200, :val201, :val202, :val203, :val204, :val205, :val206, :val207, :val208, :val209, :val210, :val211, :val212, :val213, :val214, :val215, :val216, :val217, :val218, :val219, :val220, :val221, :val222, :val223, :val224, :val225, :val226, :val227, :val228, :val229, :val230, :val231, :val232, :val233, :val234, :val235, :val236, :val237, :val238, :val239, :val240, :val241, :val242, :val243, :val244, :val245, :val246, :val247, :val248, :val249, :val250, :val251, :val252, :val253, :val254, :val255, :val256, :val257, :val258, :val259, :val260, :val261, :val262, :val263, :val264, :val265, :val266, :val267, :val268, :val269, :val270, :val271, :val272, :val273, :val274, :val275, :val276, :val277, :val278, :val279, :val280, :val281, :val282, :val283, :val284, :val285, :val286, :val287, :val288, :val289, :val290, :val291, :val292, :val293, :val294, :val295, :val296, :val297, :val298, :val299, :val300, :val301, :val302, :val303, :val304, :val305, :val306, :val307, :val308, :val309, :val310, :val311, :val312, :val313, :val314, :val315, :val316, :val317, :val318, :val319, :val320, :val321, :val322, :val323, :val324, :val325, :val326, :val327, :val328, :val329, :val330, :val331, :val332, :val333, :val334, :val335, :val336, :val337, :val338, :val339, :val340, :val341, :val342, :val343, :val344, :val345, :val346, :val347, :val348, :val349, :val350, :val351, :val352, :val353, :val354, :val355, :val356, :val357, :val358, :val359, :val360, :val361, :val362, :val363, :val364, :val365, :val366, :val367, :val368, :val369, :val370, :val371, :val372, :val373, :val374, :val375, :val376, :val377, :val378, :val379, :val380) AND `工单类型` = '咨询类'
2025-06-02 10:03:21,605 ChatBI->     INFO     query: {query} 处理完毕
2025-06-02 10:03:46,631 ChatBI->     ERROR    Unexpected error occured:(1001, '')
Traceback (most recent call last):
  File "/data/yfzx/liucd/chatbi_deploy2/chatbi_DB2/apps/app_main_ws.py", line 64, in websocket_endpoint
    message = await websocket.receive_text()
              ^^^^^^^^^^^^^^^^^^^^^^^^^^^^^^
  File "/root/anaconda3/envs/chatbi/lib/python3.12/site-packages/starlette/websockets.py", line 119, in receive_text
    self._raise_on_disconnect(message)
  File "/root/anaconda3/envs/chatbi/lib/python3.12/site-packages/starlette/websockets.py", line 113, in _raise_on_disconnect
    raise WebSocketDisconnect(message["code"], message.get("reason"))
starlette.websockets.WebSocketDisconnect: (1001, '')
2025-06-02 10:03:46,634 ChatBI->     ERROR    Unexpected error occured:(1001, '')
Traceback (most recent call last):
  File "/data/yfzx/liucd/chatbi_deploy2/chatbi_DB2/apps/app_main_ws.py", line 64, in websocket_endpoint
    message = await websocket.receive_text()
              ^^^^^^^^^^^^^^^^^^^^^^^^^^^^^^
  File "/root/anaconda3/envs/chatbi/lib/python3.12/site-packages/starlette/websockets.py", line 119, in receive_text
    self._raise_on_disconnect(message)
  File "/root/anaconda3/envs/chatbi/lib/python3.12/site-packages/starlette/websockets.py", line 113, in _raise_on_disconnect
    raise WebSocketDisconnect(message["code"], message.get("reason"))
starlette.websockets.WebSocketDisconnect: (1001, '')
2025-06-02 10:03:46,635 ChatBI->     ERROR    Unexpected error occured:(1001, '')
Traceback (most recent call last):
  File "/data/yfzx/liucd/chatbi_deploy2/chatbi_DB2/apps/app_main_ws.py", line 64, in websocket_endpoint
    message = await websocket.receive_text()
              ^^^^^^^^^^^^^^^^^^^^^^^^^^^^^^
  File "/root/anaconda3/envs/chatbi/lib/python3.12/site-packages/starlette/websockets.py", line 119, in receive_text
    self._raise_on_disconnect(message)
  File "/root/anaconda3/envs/chatbi/lib/python3.12/site-packages/starlette/websockets.py", line 113, in _raise_on_disconnect
    raise WebSocketDisconnect(message["code"], message.get("reason"))
starlette.websockets.WebSocketDisconnect: (1001, '')
2025-06-02 10:03:46,860 ChatBI->     ERROR    Unexpected error occured:(1001, '')
Traceback (most recent call last):
  File "/data/yfzx/liucd/chatbi_deploy2/chatbi_DB2/apps/app_main_ws.py", line 64, in websocket_endpoint
    message = await websocket.receive_text()
              ^^^^^^^^^^^^^^^^^^^^^^^^^^^^^^
  File "/root/anaconda3/envs/chatbi/lib/python3.12/site-packages/starlette/websockets.py", line 119, in receive_text
    self._raise_on_disconnect(message)
  File "/root/anaconda3/envs/chatbi/lib/python3.12/site-packages/starlette/websockets.py", line 113, in _raise_on_disconnect
    raise WebSocketDisconnect(message["code"], message.get("reason"))
starlette.websockets.WebSocketDisconnect: (1001, '')
2025-06-02 10:03:47,272 ChatBI->     ERROR    Unexpected error occured:(1001, '')
Traceback (most recent call last):
  File "/data/yfzx/liucd/chatbi_deploy2/chatbi_DB2/apps/app_main_ws.py", line 64, in websocket_endpoint
    message = await websocket.receive_text()
              ^^^^^^^^^^^^^^^^^^^^^^^^^^^^^^
  File "/root/anaconda3/envs/chatbi/lib/python3.12/site-packages/starlette/websockets.py", line 119, in receive_text
    self._raise_on_disconnect(message)
  File "/root/anaconda3/envs/chatbi/lib/python3.12/site-packages/starlette/websockets.py", line 113, in _raise_on_disconnect
    raise WebSocketDisconnect(message["code"], message.get("reason"))
starlette.websockets.WebSocketDisconnect: (1001, '')
2025-06-02 10:03:47,369 ChatBI->     ERROR    Unexpected error occured:(1001, '')
Traceback (most recent call last):
  File "/data/yfzx/liucd/chatbi_deploy2/chatbi_DB2/apps/app_main_ws.py", line 64, in websocket_endpoint
    message = await websocket.receive_text()
              ^^^^^^^^^^^^^^^^^^^^^^^^^^^^^^
  File "/root/anaconda3/envs/chatbi/lib/python3.12/site-packages/starlette/websockets.py", line 119, in receive_text
    self._raise_on_disconnect(message)
  File "/root/anaconda3/envs/chatbi/lib/python3.12/site-packages/starlette/websockets.py", line 113, in _raise_on_disconnect
    raise WebSocketDisconnect(message["code"], message.get("reason"))
starlette.websockets.WebSocketDisconnect: (1001, '')
2025-06-02 10:03:59,867 ChatBI->     INFO     案例库查询
2025-06-02 10:03:59,905 ChatBI->     INFO     案例库查询结果: ["{'query': '小区居改非的工单中，各类诉求、投诉、咨询、建议的比例是多少', '目标列': ['工单类型'], '条件列': {'内容描述': '小区居改非', '诉求地址': '小区'}}", "{'query': '近30个月包工头拖欠工资的事件有多少起', '目标列': ['内容描述'], '条件列': {'内容描述': '包工头拖欠工资', '工单生成时间': '近30个月'}}", "{'query': '上半年哪些地方存在拖欠工资的现象', '目标列': ['诉求地址'], '条件列': {'工单生成时间': '上半年', '内容描述': '拖欠工资'}}"]
2025-06-02 10:04:00,761 ChatBI->     INFO     schema linking: {'target_columns': ['诉求区域'], 'condition_columns': {'内容描述': '欠薪举报业务咨询量', '工单类型': '咨询类'}}
2025-06-02 10:04:02,491 ChatBI->     INFO     任务类型: SQL
2025-06-02 10:04:03,900 ChatBI->     INFO     stad sql: SELECT `诉求区域`, COUNT(*) AS `咨询量` FROM shanghai WHERE `内容描述` LIKE '%欠薪举报业务咨询量%' AND `工单类型` = '咨询类' GROUP BY `诉求区域` ORDER BY `咨询量` DESC LIMIT 5000;
2025-06-02 10:04:03,903 ChatBI->     INFO     非结构化信息为: {"`内容描述` LIKE '%欠薪举报业务咨询量%'": '欠薪举报业务咨询量'}
2025-06-02 10:04:03,903 ChatBI->     INFO     开始语义分析 ..  .. 
2025-06-02 10:04:04,161 ChatBI->     INFO     欠薪举报业务咨询量 的命名实体判别： no
2025-06-02 10:04:04,162 ChatBI->     INFO     开始对非结构化文档【粗略】检索
2025-06-02 10:04:04,743 ChatBI->     INFO     检索到的文档总数量为：5000
2025-06-02 10:04:05,035 ChatBI->     INFO     开始对非结构化文档【深度】检索
2025-06-02 10:04:05,213 ChatBI->     INFO     step_scores: ['yes', 'yes', 'no', 'no', 'yes', 'no', 'no', 'yes', 'yes', 'yes']
2025-06-02 10:04:05,213 ChatBI->     INFO     层级抽取文档： 市民来电咨询:欠薪 ==> yes  
2025-06-02 10:04:05,213 ChatBI->     INFO     层级抽取文档： 市民来电反映:其等2人在上述地址干装修，拖欠薪资，拖欠人数：2人，拖欠总金额：1100元，未签合同。诉求：请管理部门核实，协助讨薪。（需回复） ==> yes  
2025-06-02 10:04:05,213 ChatBI->     INFO     层级抽取文档： 市民来电咨询:要求转接咨询公司的公积金业务。 ==> no  
2025-06-02 10:04:05,213 ChatBI->     INFO     层级抽取文档： 市民来电咨询:催贷公司骚扰电话举报 ==> no  
2025-06-02 10:04:05,214 ChatBI->     INFO     层级抽取文档： 市民来电咨询:上述地址施工地存在拖欠工资，企业：上海景观实业发展有限公司，工程：绿化工程，时间：2022年8月-12月，拖欠人数：14人，拖欠工资金额：30多万，没有签订劳动合同。诉求：希望管理部门核实处理，协助市民讨薪。 ==> yes  
2025-06-02 10:04:05,214 ChatBI->     INFO     层级抽取文档： 市民来电咨询:在随申办上交警专栏的视屏举报，市民表示在2024年4月的视频举报无法选定4月，咨询管理部门交警专栏的视频举报是否只能举报当月的。诉求：望管理部门告知。 ==> no  
2025-06-02 10:04:05,214 ChatBI->     INFO     层级抽取文档： 市民来电咨询:转入业务 ==> no  
2025-06-02 10:04:05,214 ChatBI->     INFO     层级抽取文档： 市民来电反映:其被上述地址拖欠工资，无劳动合同，拖欠其230元，属于日结工资，诉求：希望核查帮其讨薪。 ==> yes  
2025-06-02 10:04:05,214 ChatBI->     INFO     层级抽取文档： 市民重复来电反映相同事项。【最近办结的工单编号：20240205014472，工单内容：市民来电反映:2022年在上述地址二工区做挖掘机，是水务工程，还拖欠了其60000元工资没给。诉求：望管理部门核实协助讨薪】 ==> yes  
2025-06-02 10:04:05,214 ChatBI->     INFO     层级抽取文档： 市民来电反映:在上述公司从事设计工作，目前其已和单位解除劳动关系，但是该公司仍欠薪3万多元，故希望管理部门帮助讨薪。 ==> yes  
2025-06-02 10:04:05,398 ChatBI->     INFO     step_scores: ['yes', 'yes', 'yes', 'no', 'no', 'yes', 'no', 'yes', 'no', 'no']
2025-06-02 10:04:05,398 ChatBI->     INFO     层级抽取文档： 市民来电反映相同事项。【最近办结的工单编号：20240626035551，工单内容：市民来电反映:其为上述地址员工，该企业累计拖欠市民工资总计3700元，市民信息：刘静静，诉求：请管理部门为其讨薪】 ==> yes  
2025-06-02 10:04:05,398 ChatBI->     INFO     层级抽取文档： 市民来电咨询:拖欠工资问题，管理部门让市民去诉讼，询问具体流程。 ==> yes  
2025-06-02 10:04:05,398 ChatBI->     INFO     层级抽取文档： 市民来电反映:其为上述地址员工，该企业拖欠8个市民工资总计28000元，诉求：请管理部门为其讨薪 ==> yes  
2025-06-02 10:04:05,399 ChatBI->     INFO     层级抽取文档： 市民来电咨询:在银行签订公积金三方协议，银行窗口告知公积金三分协议业务只有公积金基本户可办理，一般户无法办理该业务。故市民来电咨询是否有该规定。 ==> no  
2025-06-02 10:04:05,399 ChatBI->     INFO     层级抽取文档： 市民来电咨询:证券公司有很多违规操作，如何进行举报 ==> no  
2025-06-02 10:04:05,399 ChatBI->     INFO     层级抽取文档： 市民来电咨询:拖欠工资法律援助 ==> yes  
2025-06-02 10:04:05,399 ChatBI->     INFO     层级抽取文档： 【投诉】市民反映：12345一直没有处理其的讨薪问题，其不认可。诉求：请管理部门处理12345的不作为。前工单：20240122029006。 ==> no  
2025-06-02 10:04:05,399 ChatBI->     INFO     层级抽取文档： 市民来电反映:其在上述地址建筑工地施工，总包单位上海四建，董家渡项目，拖欠5人共计15万元，签订过合同。诉求：希望管理部门核实，并帮助市民讨薪 ==> yes  
2025-06-02 10:04:05,399 ChatBI->     INFO     层级抽取文档： 市民来电咨询:小学教师各科老师周课时量，满核实量与达标课时量，市民不愿意提供学校信息等。诉求：请管理部门核实并告知小学教师各科老师周课时量，满核实量与达标课时量（信息保密，无需回复）市民称其后续会打电话咨询市民热线答复要点 ==> no  
2025-06-02 10:04:05,399 ChatBI->     INFO     层级抽取文档： 市民来电咨询:夫妻间额度怎么办理过户业务 ==> no  
2025-06-02 10:04:05,590 ChatBI->     INFO     step_scores: ['no', 'no', 'no', 'yes', 'no', 'yes', 'no', 'no', 'yes', 'no']
2025-06-02 10:04:05,590 ChatBI->     INFO     层级抽取文档： 市民来电补充信息。市民补充信息内容为：现在有个中间人找到市民告知市民，钱已经给中间人了，需要市民撤单才会把工资钱打给市民，市民希望管理部门严查尽快回复。【最近派发的工单编号：20240619012318，工单内容：市民表示管理部门答复中所说的“另一个股东已把钱结清”的事实不存在，其还是没有收到钱。现诉求：原诉求不变。市民来电反映:受雇公司：上海玉墅空间设计有限公司、注册地址：奉贤区海坤路1号第2幢23146室、市民实际用工地址：上述地址、负责人阮（17802101070）），欠薪1人，欠薪金额：3000元，试用期但没签劳动合同。诉求：请管理部门帮助讨薪】 ==> no  
2025-06-02 10:04:05,590 ChatBI->     INFO     层级抽取文档： 市民来电咨询:哪里可以办理驾驶证期满换证的业务。 ==> no  
2025-06-02 10:04:05,590 ChatBI->     INFO     层级抽取文档： 市民来电咨询:举报一辆小货车超载。 ==> no  
2025-06-02 10:04:05,590 ChatBI->     INFO     层级抽取文档： 市民来电咨询处理进度。【最近办结的工单编号:20240521020798，工单内容:市民来电反映:上述地址是劳动调解中心，5月21日中午12:50市民去上述上述劳动调解中心反映拖欠工资问题，结果发现该处门是关闭的，里面有两个人，市民让里面人开门，一开始不理睬市民，等市民绕了一圈回到原处，该处工作人员才把门打开，给市民一个表格让市民填写，询问工作人员具体情况，对方态度很恶劣，让市民回去等通知，还有一个人一直在玩手机，诉求：要求投诉该处工作人员态度恶劣。】 ==> yes  
2025-06-02 10:04:05,590 ChatBI->     INFO     层级抽取文档： 市民来电反映:上述地址涉及两家公司（上海锋范铁艺有限公司，上海中正吉装饰有限公司），市民都是为其做门窗活，车间制作，公司欠了半年工资，从2023年5月13日起~2024年1月6日，只收到14000元，答应每月10000元工资，实际欠薪55000元，有签署劳动合同，有上班打卡记录。姓名：华夏，联系电话：15237652040。共拖欠工资人数：7人，总金额：15万左右。现在联系不到老板，信息不回，老板姓名：郑洁，电话：18916010672。诉求：希望有关部门能帮忙讨回工资。 ==> no  
2025-06-02 10:04:05,590 ChatBI->     INFO     层级抽取文档： 市民来电反复催单。催单原因：市民称管理部门至今未给予任何回复，请管理部门尽快处理。【最近派发的工单编号：20240805005429，工单内容：市民来电反映:市民2023年在上述地址餐饮店做后厨服务，签过劳动合同，被拖欠了2023年9月份的工资至今，金额6000元。诉求：希望帮市民讨要工资。】 ==> yes  
2025-06-02 10:04:05,590 ChatBI->     INFO     层级抽取文档： 市民来电咨询: 车管所周末是否办理上牌业务。 ==> no  
2025-06-02 10:04:05,590 ChatBI->     INFO     层级抽取文档： 【为企服务】市民来电咨询:青浦区企业关于股权转让后的营业执照变更业务，要转接青浦区市场监督咨询。 ==> no  
2025-06-02 10:04:05,590 ChatBI->     INFO     层级抽取文档： 市民来电反映:上述地址拖欠两个未成年人员工 ，半个月共五千元的工资，没有签订劳动合同。诉求：请管理部门协调讨回工资。（需回复） ==> yes  
2025-06-02 10:04:05,590 ChatBI->     INFO     层级抽取文档： 市民来电咨询:已经办理租房取用的公积金业务，不知道什么时候下款。 ==> no  
2025-06-02 10:04:05,590 ChatBI->     INFO     阈值索引为：396, 窗口大小为: 100 
2025-06-02 10:04:05,590 ChatBI->     INFO     确定的文档: 297; 在次确认的文档: 199
2025-06-02 10:04:07,716 ChatBI->     INFO     从199个需再次确认的文档中筛选出的相关文档数量：82
2025-06-02 10:04:07,716 ChatBI->     INFO     示例文档：['市民来电反映:市民在以上地址建筑工地，被拖欠工资19000元，有合同，总包：四川国程，诉求：请管理部门尽快帮市民讨薪。', '市民来电咨询:市民来电反映，自己是农民工，跟人协议提供劳务，至今欠劳务费用两万多，分文未给，咨询如何维权？', '市民来电反复催单。催单原因：市民称管理部门至今未给予任何回复，请管理部门尽快处理。【最近派发的工单编号：20240923006427，工单内容：市民来电反映:2024年3月底开始在上述工地用工，上述企业只给了10万，拖欠工资金额：150万，拖欠人数：30多人。其是包工头，目前主要反映欠薪问题。去派出所反映过多次都不解决。市民扬言如果无法要回工资只能去杀人，市民目前在武汉武昌区徐家棚街道，表示其要去杀人不会告知具体地址。诉求：请管理部门核实并帮助市民要回工资。（9月23日10:08工号4504拨打027-110，工号549受理。表示没有具体地址可能无法核实到，建议同步向上海公安报备。）】', '市民来电补充信息。市民补充信息内容为,市民表示事情已经解决，请管理部门无需再追究。【最近派发的工单编号：20240916001054，工单内容：市民来电反映:2024年8月，上述公司拖欠市民9天工资，金额：676元，工作内容：招聘家政阿姨，没签合同。身份证：340421199911154039。诉求：请管理部门帮助讨薪。\n\n】', '市民来电反复催单。催单原因：市民称管理部门联系过市民但一直没有处理，市民表示5月的工资也没有拿到，金额是10万左右，4、5月加起来23万左右，请管理部门尽快处理。【最近派发的工单编号：20240528014138，工单内容：市民来电反映:市民在上述地址建筑工地工作，建设单位：中铁上海工程局集团建筑工程有限公司，分包：海南盛华。市民被拖欠2024年4月的工资，拖欠9人，金额约12万多，签过劳务协议，市民表示原本承诺4月25日发放，至今没有给，且公司在打卡出勤记录上作假，诉求：请管理部门核实处理帮助讨要工资。】']
2025-06-02 10:04:07,720 ChatBI->     INFO     没有找到<  >对应的视图
2025-06-02 10:04:07,720 ChatBI->     INFO     sql 语句：SELECT `诉求区域`, COUNT(*) AS `咨询量` FROM shanghai WHERE  `内容描述` IN (:val0, :val1, :val2, :val3, :val4, :val5, :val6, :val7, :val8, :val9, :val10, :val11, :val12, :val13, :val14, :val15, :val16, :val17, :val18, :val19, :val20, :val21, :val22, :val23, :val24, :val25, :val26, :val27, :val28, :val29, :val30, :val31, :val32, :val33, :val34, :val35, :val36, :val37, :val38, :val39, :val40, :val41, :val42, :val43, :val44, :val45, :val46, :val47, :val48, :val49, :val50, :val51, :val52, :val53, :val54, :val55, :val56, :val57, :val58, :val59, :val60, :val61, :val62, :val63, :val64, :val65, :val66, :val67, :val68, :val69, :val70, :val71, :val72, :val73, :val74, :val75, :val76, :val77, :val78, :val79, :val80, :val81, :val82, :val83, :val84, :val85, :val86, :val87, :val88, :val89, :val90, :val91, :val92, :val93, :val94, :val95, :val96, :val97, :val98, :val99, :val100, :val101, :val102, :val103, :val104, :val105, :val106, :val107, :val108, :val109, :val110, :val111, :val112, :val113, :val114, :val115, :val116, :val117, :val118, :val119, :val120, :val121, :val122, :val123, :val124, :val125, :val126, :val127, :val128, :val129, :val130, :val131, :val132, :val133, :val134, :val135, :val136, :val137, :val138, :val139, :val140, :val141, :val142, :val143, :val144, :val145, :val146, :val147, :val148, :val149, :val150, :val151, :val152, :val153, :val154, :val155, :val156, :val157, :val158, :val159, :val160, :val161, :val162, :val163, :val164, :val165, :val166, :val167, :val168, :val169, :val170, :val171, :val172, :val173, :val174, :val175, :val176, :val177, :val178, :val179, :val180, :val181, :val182, :val183, :val184, :val185, :val186, :val187, :val188, :val189, :val190, :val191, :val192, :val193, :val194, :val195, :val196, :val197, :val198, :val199, :val200, :val201, :val202, :val203, :val204, :val205, :val206, :val207, :val208, :val209, :val210, :val211, :val212, :val213, :val214, :val215, :val216, :val217, :val218, :val219, :val220, :val221, :val222, :val223, :val224, :val225, :val226, :val227, :val228, :val229, :val230, :val231, :val232, :val233, :val234, :val235, :val236, :val237, :val238, :val239, :val240, :val241, :val242, :val243, :val244, :val245, :val246, :val247, :val248, :val249, :val250, :val251, :val252, :val253, :val254, :val255, :val256, :val257, :val258, :val259, :val260, :val261, :val262, :val263, :val264, :val265, :val266, :val267, :val268, :val269, :val270, :val271, :val272, :val273, :val274, :val275, :val276, :val277, :val278, :val279, :val280, :val281, :val282, :val283, :val284, :val285, :val286, :val287, :val288, :val289, :val290, :val291, :val292, :val293, :val294, :val295, :val296, :val297, :val298, :val299, :val300, :val301, :val302, :val303, :val304, :val305, :val306, :val307, :val308, :val309, :val310, :val311, :val312, :val313, :val314, :val315, :val316, :val317, :val318, :val319, :val320, :val321, :val322, :val323, :val324, :val325, :val326, :val327, :val328, :val329, :val330, :val331, :val332, :val333, :val334, :val335, :val336, :val337, :val338, :val339, :val340, :val341, :val342, :val343, :val344, :val345, :val346, :val347, :val348, :val349, :val350, :val351, :val352, :val353, :val354, :val355, :val356, :val357, :val358, :val359, :val360, :val361, :val362, :val363, :val364, :val365, :val366, :val367, :val368, :val369, :val370, :val371, :val372, :val373, :val374, :val375, :val376, :val377, :val378) AND `工单类型` = '咨询类' GROUP BY `诉求区域` ORDER BY `咨询量` DESC LIMIT 5000;
2025-06-02 10:04:08,286 ChatBI->     INFO     sql 语句：SELECT * FROM shanghai WHERE  `内容描述` IN (:val0, :val1, :val2, :val3, :val4, :val5, :val6, :val7, :val8, :val9, :val10, :val11, :val12, :val13, :val14, :val15, :val16, :val17, :val18, :val19, :val20, :val21, :val22, :val23, :val24, :val25, :val26, :val27, :val28, :val29, :val30, :val31, :val32, :val33, :val34, :val35, :val36, :val37, :val38, :val39, :val40, :val41, :val42, :val43, :val44, :val45, :val46, :val47, :val48, :val49, :val50, :val51, :val52, :val53, :val54, :val55, :val56, :val57, :val58, :val59, :val60, :val61, :val62, :val63, :val64, :val65, :val66, :val67, :val68, :val69, :val70, :val71, :val72, :val73, :val74, :val75, :val76, :val77, :val78, :val79, :val80, :val81, :val82, :val83, :val84, :val85, :val86, :val87, :val88, :val89, :val90, :val91, :val92, :val93, :val94, :val95, :val96, :val97, :val98, :val99, :val100, :val101, :val102, :val103, :val104, :val105, :val106, :val107, :val108, :val109, :val110, :val111, :val112, :val113, :val114, :val115, :val116, :val117, :val118, :val119, :val120, :val121, :val122, :val123, :val124, :val125, :val126, :val127, :val128, :val129, :val130, :val131, :val132, :val133, :val134, :val135, :val136, :val137, :val138, :val139, :val140, :val141, :val142, :val143, :val144, :val145, :val146, :val147, :val148, :val149, :val150, :val151, :val152, :val153, :val154, :val155, :val156, :val157, :val158, :val159, :val160, :val161, :val162, :val163, :val164, :val165, :val166, :val167, :val168, :val169, :val170, :val171, :val172, :val173, :val174, :val175, :val176, :val177, :val178, :val179, :val180, :val181, :val182, :val183, :val184, :val185, :val186, :val187, :val188, :val189, :val190, :val191, :val192, :val193, :val194, :val195, :val196, :val197, :val198, :val199, :val200, :val201, :val202, :val203, :val204, :val205, :val206, :val207, :val208, :val209, :val210, :val211, :val212, :val213, :val214, :val215, :val216, :val217, :val218, :val219, :val220, :val221, :val222, :val223, :val224, :val225, :val226, :val227, :val228, :val229, :val230, :val231, :val232, :val233, :val234, :val235, :val236, :val237, :val238, :val239, :val240, :val241, :val242, :val243, :val244, :val245, :val246, :val247, :val248, :val249, :val250, :val251, :val252, :val253, :val254, :val255, :val256, :val257, :val258, :val259, :val260, :val261, :val262, :val263, :val264, :val265, :val266, :val267, :val268, :val269, :val270, :val271, :val272, :val273, :val274, :val275, :val276, :val277, :val278, :val279, :val280, :val281, :val282, :val283, :val284, :val285, :val286, :val287, :val288, :val289, :val290, :val291, :val292, :val293, :val294, :val295, :val296, :val297, :val298, :val299, :val300, :val301, :val302, :val303, :val304, :val305, :val306, :val307, :val308, :val309, :val310, :val311, :val312, :val313, :val314, :val315, :val316, :val317, :val318, :val319, :val320, :val321, :val322, :val323, :val324, :val325, :val326, :val327, :val328, :val329, :val330, :val331, :val332, :val333, :val334, :val335, :val336, :val337, :val338, :val339, :val340, :val341, :val342, :val343, :val344, :val345, :val346, :val347, :val348, :val349, :val350, :val351, :val352, :val353, :val354, :val355, :val356, :val357, :val358, :val359, :val360, :val361, :val362, :val363, :val364, :val365, :val366, :val367, :val368, :val369, :val370, :val371, :val372, :val373, :val374, :val375, :val376, :val377, :val378) AND `工单类型` = '咨询类'
2025-06-02 10:04:10,807 ChatBI->     INFO     query: {query} 处理完毕
2025-06-02 10:05:23,866 ChatBI->     INFO     案例库查询
2025-06-02 10:05:23,903 ChatBI->     INFO     案例库查询结果: ["{'query': '小区居改非的工单中，各类诉求、投诉、咨询、建议的比例是多少', '目标列': ['工单类型'], '条件列': {'内容描述': '小区居改非', '诉求地址': '小区'}}", "{'query': '最近3个月反映的工单里哪些企业存在拖欠工资的行为', '目标列': ['内容描述'], '条件列': {'内容描述': '企业存在拖欠工资的行为', '工单生成时间': '最近3个月'}}", "{'query': '上半年哪些地方存在拖欠工资的现象', '目标列': ['诉求地址'], '条件列': {'工单生成时间': '上半年', '内容描述': '拖欠工资'}}"]
2025-06-02 10:05:24,611 ChatBI->     INFO     schema linking: {'target_columns': ['诉求区域'], 'condition_columns': {'内容描述': '欠薪举报业务咨询'}}
2025-06-02 10:05:25,766 ChatBI->     INFO     任务类型: SQL
2025-06-02 10:05:26,919 ChatBI->     INFO     stad sql: SELECT `诉求区域`, COUNT(*) AS `数量` FROM shanghai WHERE `内容描述` LIKE '%欠薪举报业务咨询%' GROUP BY `诉求区域` ORDER BY `数量` DESC LIMIT 5000;
2025-06-02 10:05:26,923 ChatBI->     INFO     非结构化信息为: {"`内容描述` LIKE '%欠薪举报业务咨询%'": '欠薪举报业务咨询'}
2025-06-02 10:05:26,923 ChatBI->     INFO     开始语义分析 ..  .. 
2025-06-02 10:05:27,172 ChatBI->     INFO     欠薪举报业务咨询 的命名实体判别： no
2025-06-02 10:05:27,173 ChatBI->     INFO     开始对非结构化文档【粗略】检索
2025-06-02 10:05:27,752 ChatBI->     INFO     检索到的文档总数量为：5000
2025-06-02 10:05:28,052 ChatBI->     INFO     开始对非结构化文档【深度】检索
2025-06-02 10:05:28,301 ChatBI->     INFO     step_scores: ['yes', 'yes', 'yes', 'no', 'yes', 'no', 'yes', 'no', 'yes', 'yes']
2025-06-02 10:05:28,302 ChatBI->     INFO     层级抽取文档： 市民来电咨询:欠薪 ==> yes  
2025-06-02 10:05:28,302 ChatBI->     INFO     层级抽取文档： 市民来电反映:其为上述地址员工，该企业累计拖欠市民工资总计75000元，市民信息：罗成智，诉求：请管理部门为其讨薪 ==> yes  
2025-06-02 10:05:28,302 ChatBI->     INFO     层级抽取文档： 市民来电咨询：其公司要裁员，公司不按规定给其赔偿金，现咨询：如何反映处理，举报是否可拿到规定赔偿金。 ==> yes  
2025-06-02 10:05:28,302 ChatBI->     INFO     层级抽取文档： 市民来电咨询:其在随申办举报车辆违法市民其表示没有车牌号无法举报。 ==> no  
2025-06-02 10:05:28,302 ChatBI->     INFO     层级抽取文档： 市民来电反映:其妻子姓名：孙新俊，在上述企业工作，公司老板姓名：游浩，拖欠6月、7月和3月部分薪资，拖欠人数：1人，拖欠金额（税后）：10000元左右，签订过合同，市民表示拖欠薪资已半年多，反复沟通无果，至今未解决。诉求：请管理部门核实，协助尽快讨薪。（需回复） ==> yes  
2025-06-02 10:05:28,302 ChatBI->     INFO     层级抽取文档： 市民来电咨询:其从公司离职，公司与客户签订的合同存在违法行为，来电咨询其举报公司签订违法合同的行为是否违法。 ==> no  
2025-06-02 10:05:28,302 ChatBI->     INFO     层级抽取文档： 市民来电咨询:劳动法方面法律信息。 ==> yes  
2025-06-02 10:05:28,302 ChatBI->     INFO     层级抽取文档： 市民来电咨询:举报骚扰电话。 ==> no  
2025-06-02 10:05:28,302 ChatBI->     INFO     层级抽取文档： 市民来电反映:其在上述地址建筑工地上班，总包单位：上海鼎港建筑工程有限公司，未签订劳动合同，拖欠了31人共计45万元。诉求：希望管理部门核实，并帮助市民讨薪 ==> yes  
2025-06-02 10:05:28,303 ChatBI->     INFO     层级抽取文档： 市民来电咨询:企业拖欠工资，来电求助 ==> yes  
2025-06-02 10:05:28,564 ChatBI->     INFO     step_scores: ['yes', 'no', 'yes', 'yes', 'yes', 'no', 'yes', 'no', 'yes', 'yes']
2025-06-02 10:05:28,564 ChatBI->     INFO     层级抽取文档： 市民来电对办理结果不满,劳动监察大队联系市民告知需去法院起诉，市民不认可，要求管理部门及时帮助市民处理问题。【最近派发的工单编号:20240703025825，工单内容:【投诉】市民来电反映:市民之前多次反映拖欠工资问题且现在吃饭都困难，但管理部门联系就让其走司法称帮助不了，市民不认可认为管理部门不作为不解决问题，故来电投诉。诉求：望核实针对管理部门不作为不解决问题的情况进行核实处理。 关联工单号20240626003862】 ==> yes  
2025-06-02 10:05:28,564 ChatBI->     INFO     层级抽取文档： 市民来电反映:咨询外省市违法举报问题 ==> no  
2025-06-02 10:05:28,564 ChatBI->     INFO     层级抽取文档： 市民来电反映:企业拖欠工资，市民要通过国务院欠薪微信小程序反映，如何填写。 ==> yes  
2025-06-02 10:05:28,564 ChatBI->     INFO     层级抽取文档： 市民来电反映:其4人在该处工地干活，有劳动合同，被拖欠33500工资，该处周黎明电话：15190115550，现诉求：望管理部门尽快帮助拿到工资。 ==> yes  
2025-06-02 10:05:28,564 ChatBI->     INFO     层级抽取文档： 市民来电反映:市民和另外2位工友于2023年年后到上述工地工作，工作到7月份左右，均签署过劳务合同，共被拖欠了40000元左右的工资。诉求：请管理部门核实处理，协助工人们讨薪。 ==> yes  
2025-06-02 10:05:28,565 ChatBI->     INFO     层级抽取文档： 市民来电咨询:举报交通违法在哪个平台。 ==> no  
2025-06-02 10:05:28,565 ChatBI->     INFO     层级抽取文档： 市民来电咨询:查询其他市民举报其的事项。 ==> yes  
2025-06-02 10:05:28,565 ChatBI->     INFO     层级抽取文档： 市民来电咨询:企业从事回收废纸废塑料，要卖到外省市，要办什么备案业务，外省市告知正常交易无需办理，市民了解有一般付费跨省备案，咨询要办什么备案业务。 ==> no  
2025-06-02 10:05:28,565 ChatBI->     INFO     层级抽取文档： 市民来电咨询: 拖欠工资问题。 ==> yes  
2025-06-02 10:05:28,565 ChatBI->     INFO     层级抽取文档： 市民来电反映:其是上述公司贴瓷砖的工人，做的5号楼，其被拖欠工资1万元，有签署劳动合同，诉求：请管理部门核实，协助讨薪。（需回复） ==> yes  
2025-06-02 10:05:28,829 ChatBI->     INFO     step_scores: ['yes', 'no', 'no', 'no', 'no', 'no', 'yes', 'yes', 'no', 'yes']
2025-06-02 10:05:28,829 ChatBI->     INFO     层级抽取文档： 市民来电反映:在上述地址企业就职，该企业拖欠市民工资近4万余元，市民有解约合同，明确了相关金额。姓名：何慧，身份证：310109198301103620，诉求：请管理部门协调尽快支付拖欠工资。（需回复） ==> yes  
2025-06-02 10:05:28,829 ChatBI->     INFO     层级抽取文档： 市民来电咨询:随申办公积金还贷业务操作问题。   ==> no  
2025-06-02 10:05:28,829 ChatBI->     INFO     层级抽取文档： 市民来电咨询:闵行区公积金业务网点信息。 ==> no  
2025-06-02 10:05:28,830 ChatBI->     INFO     层级抽取文档： 【为企服务】市民来电咨询:闵行区营业执照变更业务。 ==> no  
2025-06-02 10:05:28,830 ChatBI->     INFO     层级抽取文档： 市民来电咨询:要求转接社保卡专席，社保卡办理业务 ==> no  
2025-06-02 10:05:28,830 ChatBI->     INFO     层级抽取文档： 市民来电咨询:企业有员工要退休，公积金业务如何办理。 ==> no  
2025-06-02 10:05:28,830 ChatBI->     INFO     层级抽取文档： 市民来电反映:上述公司拖欠市民工资，市民通过包工干的，包工和上述公司签了合同，金额：22000元，人数：20-30人，市民从6月份进场，工作到1月9日，诉求：望管理部门核实并尽快帮市民讨要工资。 ==> yes  
2025-06-02 10:05:28,830 ChatBI->     INFO     层级抽取文档： 市民来电反映:拖欠工资的事项 ==> yes  
2025-06-02 10:05:28,830 ChatBI->     INFO     层级抽取文档： 市民来电咨询:随申办APP上如何进行交通违法视频举报 ==> no  
2025-06-02 10:05:28,830 ChatBI->     INFO     层级抽取文档： 重复来电，反应相同问题。【最近派发的工单编号：20240306013220，工单内容：【重新交办,要求：按答复要点告知市民,市民表示答复要点与实际不符,市民明确表示自己有签署劳动合同并表示合同在站点。诉求：要求管理部门再次核实并帮其讨薪。】【最近办结的工单编号:20240305016703，工单内容:市民来电反映:其是上述地址站点的兼职外送人员，市民称现在站点拖欠4000元左右的工资未发，其有签订过合同，现在站点站长告知代理商不发钱，站点也没有办法。诉求：请管理部门核实并帮助讨薪。】】 ==> yes  
2025-06-02 10:05:28,830 ChatBI->     INFO     阈值索引为：416, 窗口大小为: 100 
2025-06-02 10:05:28,830 ChatBI->     INFO     确定的文档: 317; 在次确认的文档: 199
2025-06-02 10:05:32,002 ChatBI->     INFO     从199个需再次确认的文档中筛选出的相关文档数量：102
2025-06-02 10:05:32,002 ChatBI->     INFO     示例文档：['市民来电反复催单。催单原因：市民称管理部门至今未给予任何回复，请管理部门尽快处理回复。【最近派发的工单编号：20240407009714，工单内容：市民来电反映:1月25日入职上述单位，被拖欠3800多元的工资，对方的意思就是不给其这笔钱了，有合同。诉求：讨薪。（需回复）】', '市民来电咨询:劳动争议咨询', '市民来电咨询:欠薪问题，3月19日法院已经判决，还是拿不到钱，如何处理。', '市民来电咨询:公司拖欠工资，市民有与其签订协议，公司未按规定时间支付。12333让市民通过法院强制执行，市民需法院电话。', '市民来电咨询:法律咨询，单纯的欠钱不还。']
2025-06-02 10:05:32,005 ChatBI->     INFO     没有找到<  >对应的视图
2025-06-02 10:05:32,005 ChatBI->     INFO     sql 语句：SELECT `诉求区域`, COUNT(*) AS `数量` FROM shanghai WHERE  `内容描述` IN (:val0, :val1, :val2, :val3, :val4, :val5, :val6, :val7, :val8, :val9, :val10, :val11, :val12, :val13, :val14, :val15, :val16, :val17, :val18, :val19, :val20, :val21, :val22, :val23, :val24, :val25, :val26, :val27, :val28, :val29, :val30, :val31, :val32, :val33, :val34, :val35, :val36, :val37, :val38, :val39, :val40, :val41, :val42, :val43, :val44, :val45, :val46, :val47, :val48, :val49, :val50, :val51, :val52, :val53, :val54, :val55, :val56, :val57, :val58, :val59, :val60, :val61, :val62, :val63, :val64, :val65, :val66, :val67, :val68, :val69, :val70, :val71, :val72, :val73, :val74, :val75, :val76, :val77, :val78, :val79, :val80, :val81, :val82, :val83, :val84, :val85, :val86, :val87, :val88, :val89, :val90, :val91, :val92, :val93, :val94, :val95, :val96, :val97, :val98, :val99, :val100, :val101, :val102, :val103, :val104, :val105, :val106, :val107, :val108, :val109, :val110, :val111, :val112, :val113, :val114, :val115, :val116, :val117, :val118, :val119, :val120, :val121, :val122, :val123, :val124, :val125, :val126, :val127, :val128, :val129, :val130, :val131, :val132, :val133, :val134, :val135, :val136, :val137, :val138, :val139, :val140, :val141, :val142, :val143, :val144, :val145, :val146, :val147, :val148, :val149, :val150, :val151, :val152, :val153, :val154, :val155, :val156, :val157, :val158, :val159, :val160, :val161, :val162, :val163, :val164, :val165, :val166, :val167, :val168, :val169, :val170, :val171, :val172, :val173, :val174, :val175, :val176, :val177, :val178, :val179, :val180, :val181, :val182, :val183, :val184, :val185, :val186, :val187, :val188, :val189, :val190, :val191, :val192, :val193, :val194, :val195, :val196, :val197, :val198, :val199, :val200, :val201, :val202, :val203, :val204, :val205, :val206, :val207, :val208, :val209, :val210, :val211, :val212, :val213, :val214, :val215, :val216, :val217, :val218, :val219, :val220, :val221, :val222, :val223, :val224, :val225, :val226, :val227, :val228, :val229, :val230, :val231, :val232, :val233, :val234, :val235, :val236, :val237, :val238, :val239, :val240, :val241, :val242, :val243, :val244, :val245, :val246, :val247, :val248, :val249, :val250, :val251, :val252, :val253, :val254, :val255, :val256, :val257, :val258, :val259, :val260, :val261, :val262, :val263, :val264, :val265, :val266, :val267, :val268, :val269, :val270, :val271, :val272, :val273, :val274, :val275, :val276, :val277, :val278, :val279, :val280, :val281, :val282, :val283, :val284, :val285, :val286, :val287, :val288, :val289, :val290, :val291, :val292, :val293, :val294, :val295, :val296, :val297, :val298, :val299, :val300, :val301, :val302, :val303, :val304, :val305, :val306, :val307, :val308, :val309, :val310, :val311, :val312, :val313, :val314, :val315, :val316, :val317, :val318, :val319, :val320, :val321, :val322, :val323, :val324, :val325, :val326, :val327, :val328, :val329, :val330, :val331, :val332, :val333, :val334, :val335, :val336, :val337, :val338, :val339, :val340, :val341, :val342, :val343, :val344, :val345, :val346, :val347, :val348, :val349, :val350, :val351, :val352, :val353, :val354, :val355, :val356, :val357, :val358, :val359, :val360, :val361, :val362, :val363, :val364, :val365, :val366, :val367, :val368, :val369, :val370, :val371, :val372, :val373, :val374, :val375, :val376, :val377, :val378, :val379, :val380, :val381, :val382, :val383, :val384, :val385, :val386, :val387, :val388, :val389, :val390, :val391, :val392, :val393, :val394, :val395, :val396, :val397, :val398, :val399, :val400, :val401, :val402, :val403, :val404, :val405, :val406, :val407, :val408, :val409, :val410, :val411, :val412, :val413, :val414, :val415, :val416, :val417, :val418) GROUP BY `诉求区域` ORDER BY `数量` DESC LIMIT 5000;
2025-06-02 10:05:32,744 ChatBI->     INFO     sql 语句：SELECT * FROM shanghai WHERE  `内容描述` IN (:val0, :val1, :val2, :val3, :val4, :val5, :val6, :val7, :val8, :val9, :val10, :val11, :val12, :val13, :val14, :val15, :val16, :val17, :val18, :val19, :val20, :val21, :val22, :val23, :val24, :val25, :val26, :val27, :val28, :val29, :val30, :val31, :val32, :val33, :val34, :val35, :val36, :val37, :val38, :val39, :val40, :val41, :val42, :val43, :val44, :val45, :val46, :val47, :val48, :val49, :val50, :val51, :val52, :val53, :val54, :val55, :val56, :val57, :val58, :val59, :val60, :val61, :val62, :val63, :val64, :val65, :val66, :val67, :val68, :val69, :val70, :val71, :val72, :val73, :val74, :val75, :val76, :val77, :val78, :val79, :val80, :val81, :val82, :val83, :val84, :val85, :val86, :val87, :val88, :val89, :val90, :val91, :val92, :val93, :val94, :val95, :val96, :val97, :val98, :val99, :val100, :val101, :val102, :val103, :val104, :val105, :val106, :val107, :val108, :val109, :val110, :val111, :val112, :val113, :val114, :val115, :val116, :val117, :val118, :val119, :val120, :val121, :val122, :val123, :val124, :val125, :val126, :val127, :val128, :val129, :val130, :val131, :val132, :val133, :val134, :val135, :val136, :val137, :val138, :val139, :val140, :val141, :val142, :val143, :val144, :val145, :val146, :val147, :val148, :val149, :val150, :val151, :val152, :val153, :val154, :val155, :val156, :val157, :val158, :val159, :val160, :val161, :val162, :val163, :val164, :val165, :val166, :val167, :val168, :val169, :val170, :val171, :val172, :val173, :val174, :val175, :val176, :val177, :val178, :val179, :val180, :val181, :val182, :val183, :val184, :val185, :val186, :val187, :val188, :val189, :val190, :val191, :val192, :val193, :val194, :val195, :val196, :val197, :val198, :val199, :val200, :val201, :val202, :val203, :val204, :val205, :val206, :val207, :val208, :val209, :val210, :val211, :val212, :val213, :val214, :val215, :val216, :val217, :val218, :val219, :val220, :val221, :val222, :val223, :val224, :val225, :val226, :val227, :val228, :val229, :val230, :val231, :val232, :val233, :val234, :val235, :val236, :val237, :val238, :val239, :val240, :val241, :val242, :val243, :val244, :val245, :val246, :val247, :val248, :val249, :val250, :val251, :val252, :val253, :val254, :val255, :val256, :val257, :val258, :val259, :val260, :val261, :val262, :val263, :val264, :val265, :val266, :val267, :val268, :val269, :val270, :val271, :val272, :val273, :val274, :val275, :val276, :val277, :val278, :val279, :val280, :val281, :val282, :val283, :val284, :val285, :val286, :val287, :val288, :val289, :val290, :val291, :val292, :val293, :val294, :val295, :val296, :val297, :val298, :val299, :val300, :val301, :val302, :val303, :val304, :val305, :val306, :val307, :val308, :val309, :val310, :val311, :val312, :val313, :val314, :val315, :val316, :val317, :val318, :val319, :val320, :val321, :val322, :val323, :val324, :val325, :val326, :val327, :val328, :val329, :val330, :val331, :val332, :val333, :val334, :val335, :val336, :val337, :val338, :val339, :val340, :val341, :val342, :val343, :val344, :val345, :val346, :val347, :val348, :val349, :val350, :val351, :val352, :val353, :val354, :val355, :val356, :val357, :val358, :val359, :val360, :val361, :val362, :val363, :val364, :val365, :val366, :val367, :val368, :val369, :val370, :val371, :val372, :val373, :val374, :val375, :val376, :val377, :val378, :val379, :val380, :val381, :val382, :val383, :val384, :val385, :val386, :val387, :val388, :val389, :val390, :val391, :val392, :val393, :val394, :val395, :val396, :val397, :val398, :val399, :val400, :val401, :val402, :val403, :val404, :val405, :val406, :val407, :val408, :val409, :val410, :val411, :val412, :val413, :val414, :val415, :val416, :val417, :val418)
2025-06-02 10:05:36,046 ChatBI->     INFO     query: {query} 处理完毕
2025-06-02 10:05:54,291 ChatBI->     ERROR    Unexpected error occured:(1001, '')
Traceback (most recent call last):
  File "/data/yfzx/liucd/chatbi_deploy2/chatbi_DB2/apps/app_main_ws.py", line 64, in websocket_endpoint
    message = await websocket.receive_text()
              ^^^^^^^^^^^^^^^^^^^^^^^^^^^^^^
  File "/root/anaconda3/envs/chatbi/lib/python3.12/site-packages/starlette/websockets.py", line 119, in receive_text
    self._raise_on_disconnect(message)
  File "/root/anaconda3/envs/chatbi/lib/python3.12/site-packages/starlette/websockets.py", line 113, in _raise_on_disconnect
    raise WebSocketDisconnect(message["code"], message.get("reason"))
starlette.websockets.WebSocketDisconnect: (1001, '')
2025-06-02 10:05:54,294 ChatBI->     ERROR    Unexpected error occured:(1001, '')
Traceback (most recent call last):
  File "/data/yfzx/liucd/chatbi_deploy2/chatbi_DB2/apps/app_main_ws.py", line 64, in websocket_endpoint
    message = await websocket.receive_text()
              ^^^^^^^^^^^^^^^^^^^^^^^^^^^^^^
  File "/root/anaconda3/envs/chatbi/lib/python3.12/site-packages/starlette/websockets.py", line 119, in receive_text
    self._raise_on_disconnect(message)
  File "/root/anaconda3/envs/chatbi/lib/python3.12/site-packages/starlette/websockets.py", line 113, in _raise_on_disconnect
    raise WebSocketDisconnect(message["code"], message.get("reason"))
starlette.websockets.WebSocketDisconnect: (1001, '')
2025-06-02 10:06:00,377 ChatBI->     INFO     案例库查询
2025-06-02 10:06:00,416 ChatBI->     INFO     案例库查询结果: ["{'query': '小区居改非的工单中，各类诉求、投诉、咨询、建议的比例是多少', '目标列': ['工单类型'], '条件列': {'内容描述': '小区居改非', '诉求地址': '小区'}}", "{'query': '最近3个月反映的工单里哪些企业存在拖欠工资的行为', '目标列': ['内容描述'], '条件列': {'内容描述': '企业存在拖欠工资的行为', '工单生成时间': '最近3个月'}}", "{'query': '上半年哪些地方存在拖欠工资的现象', '目标列': ['诉求地址'], '条件列': {'工单生成时间': '上半年', '内容描述': '拖欠工资'}}"]
2025-06-02 10:06:01,093 ChatBI->     INFO     schema linking: {'target_columns': ['诉求区域'], 'condition_columns': {'内容描述': '欠薪举报业务咨询'}}
2025-06-02 10:06:02,240 ChatBI->     INFO     任务类型: SQL
2025-06-02 10:06:03,397 ChatBI->     INFO     stad sql: SELECT `诉求区域`, COUNT(*) AS `数量` FROM shanghai WHERE `内容描述` LIKE '%欠薪举报业务咨询%' GROUP BY `诉求区域` ORDER BY `数量` DESC LIMIT 5000;
2025-06-02 10:06:03,400 ChatBI->     INFO     非结构化信息为: {"`内容描述` LIKE '%欠薪举报业务咨询%'": '欠薪举报业务咨询'}
2025-06-02 10:06:03,400 ChatBI->     INFO     开始语义分析 ..  .. 
2025-06-02 10:06:03,646 ChatBI->     INFO     欠薪举报业务咨询 的命名实体判别： no
2025-06-02 10:06:03,647 ChatBI->     INFO     开始对非结构化文档【粗略】检索
2025-06-02 10:06:04,180 ChatBI->     INFO     检索到的文档总数量为：5000
2025-06-02 10:06:04,484 ChatBI->     INFO     开始对非结构化文档【深度】检索
2025-06-02 10:06:04,685 ChatBI->     INFO     step_scores: ['yes', 'yes', 'yes', 'no', 'yes', 'no', 'yes', 'no', 'yes', 'yes']
2025-06-02 10:06:04,685 ChatBI->     INFO     层级抽取文档： 市民来电咨询:欠薪 ==> yes  
2025-06-02 10:06:04,685 ChatBI->     INFO     层级抽取文档： 市民来电反映:其为上述地址员工，该企业累计拖欠市民工资总计75000元，市民信息：罗成智，诉求：请管理部门为其讨薪 ==> yes  
2025-06-02 10:06:04,685 ChatBI->     INFO     层级抽取文档： 市民来电咨询：其公司要裁员，公司不按规定给其赔偿金，现咨询：如何反映处理，举报是否可拿到规定赔偿金。 ==> yes  
2025-06-02 10:06:04,686 ChatBI->     INFO     层级抽取文档： 市民来电咨询:其在随申办举报车辆违法市民其表示没有车牌号无法举报。 ==> no  
2025-06-02 10:06:04,686 ChatBI->     INFO     层级抽取文档： 市民来电反映:其妻子姓名：孙新俊，在上述企业工作，公司老板姓名：游浩，拖欠6月、7月和3月部分薪资，拖欠人数：1人，拖欠金额（税后）：10000元左右，签订过合同，市民表示拖欠薪资已半年多，反复沟通无果，至今未解决。诉求：请管理部门核实，协助尽快讨薪。（需回复） ==> yes  
2025-06-02 10:06:04,686 ChatBI->     INFO     层级抽取文档： 市民来电咨询:其从公司离职，公司与客户签订的合同存在违法行为，来电咨询其举报公司签订违法合同的行为是否违法。 ==> no  
2025-06-02 10:06:04,686 ChatBI->     INFO     层级抽取文档： 市民来电咨询:劳动法方面法律信息。 ==> yes  
2025-06-02 10:06:04,686 ChatBI->     INFO     层级抽取文档： 市民来电咨询:举报骚扰电话。 ==> no  
2025-06-02 10:06:04,686 ChatBI->     INFO     层级抽取文档： 市民来电反映:其在上述地址建筑工地上班，总包单位：上海鼎港建筑工程有限公司，未签订劳动合同，拖欠了31人共计45万元。诉求：希望管理部门核实，并帮助市民讨薪 ==> yes  
2025-06-02 10:06:04,686 ChatBI->     INFO     层级抽取文档： 市民来电咨询:企业拖欠工资，来电求助 ==> yes  
2025-06-02 10:06:04,919 ChatBI->     INFO     step_scores: ['yes', 'no', 'yes', 'yes', 'yes', 'no', 'yes', 'no', 'yes', 'yes']
2025-06-02 10:06:04,920 ChatBI->     INFO     层级抽取文档： 市民来电对办理结果不满,劳动监察大队联系市民告知需去法院起诉，市民不认可，要求管理部门及时帮助市民处理问题。【最近派发的工单编号:20240703025825，工单内容:【投诉】市民来电反映:市民之前多次反映拖欠工资问题且现在吃饭都困难，但管理部门联系就让其走司法称帮助不了，市民不认可认为管理部门不作为不解决问题，故来电投诉。诉求：望核实针对管理部门不作为不解决问题的情况进行核实处理。 关联工单号20240626003862】 ==> yes  
2025-06-02 10:06:04,920 ChatBI->     INFO     层级抽取文档： 市民来电反映:咨询外省市违法举报问题 ==> no  
2025-06-02 10:06:04,920 ChatBI->     INFO     层级抽取文档： 市民来电反映:企业拖欠工资，市民要通过国务院欠薪微信小程序反映，如何填写。 ==> yes  
2025-06-02 10:06:04,920 ChatBI->     INFO     层级抽取文档： 市民来电反映:其4人在该处工地干活，有劳动合同，被拖欠33500工资，该处周黎明电话：15190115550，现诉求：望管理部门尽快帮助拿到工资。 ==> yes  
2025-06-02 10:06:04,920 ChatBI->     INFO     层级抽取文档： 市民来电反映:市民和另外2位工友于2023年年后到上述工地工作，工作到7月份左右，均签署过劳务合同，共被拖欠了40000元左右的工资。诉求：请管理部门核实处理，协助工人们讨薪。 ==> yes  
2025-06-02 10:06:04,920 ChatBI->     INFO     层级抽取文档： 市民来电咨询:举报交通违法在哪个平台。 ==> no  
2025-06-02 10:06:04,920 ChatBI->     INFO     层级抽取文档： 市民来电咨询:查询其他市民举报其的事项。 ==> yes  
2025-06-02 10:06:04,920 ChatBI->     INFO     层级抽取文档： 市民来电咨询:企业从事回收废纸废塑料，要卖到外省市，要办什么备案业务，外省市告知正常交易无需办理，市民了解有一般付费跨省备案，咨询要办什么备案业务。 ==> no  
2025-06-02 10:06:04,920 ChatBI->     INFO     层级抽取文档： 市民来电咨询: 拖欠工资问题。 ==> yes  
2025-06-02 10:06:04,920 ChatBI->     INFO     层级抽取文档： 市民来电反映:其是上述公司贴瓷砖的工人，做的5号楼，其被拖欠工资1万元，有签署劳动合同，诉求：请管理部门核实，协助讨薪。（需回复） ==> yes  
2025-06-02 10:06:05,106 ChatBI->     INFO     step_scores: ['yes', 'no', 'no', 'no', 'no', 'no', 'yes', 'yes', 'no', 'yes']
2025-06-02 10:06:05,107 ChatBI->     INFO     层级抽取文档： 市民来电反映:在上述地址企业就职，该企业拖欠市民工资近4万余元，市民有解约合同，明确了相关金额。姓名：何慧，身份证：310109198301103620，诉求：请管理部门协调尽快支付拖欠工资。（需回复） ==> yes  
2025-06-02 10:06:05,107 ChatBI->     INFO     层级抽取文档： 市民来电咨询:随申办公积金还贷业务操作问题。   ==> no  
2025-06-02 10:06:05,107 ChatBI->     INFO     层级抽取文档： 市民来电咨询:闵行区公积金业务网点信息。 ==> no  
2025-06-02 10:06:05,107 ChatBI->     INFO     层级抽取文档： 【为企服务】市民来电咨询:闵行区营业执照变更业务。 ==> no  
2025-06-02 10:06:05,107 ChatBI->     INFO     层级抽取文档： 市民来电咨询:要求转接社保卡专席，社保卡办理业务 ==> no  
2025-06-02 10:06:05,107 ChatBI->     INFO     层级抽取文档： 市民来电咨询:企业有员工要退休，公积金业务如何办理。 ==> no  
2025-06-02 10:06:05,107 ChatBI->     INFO     层级抽取文档： 市民来电反映:上述公司拖欠市民工资，市民通过包工干的，包工和上述公司签了合同，金额：22000元，人数：20-30人，市民从6月份进场，工作到1月9日，诉求：望管理部门核实并尽快帮市民讨要工资。 ==> yes  
2025-06-02 10:06:05,107 ChatBI->     INFO     层级抽取文档： 市民来电反映:拖欠工资的事项 ==> yes  
2025-06-02 10:06:05,107 ChatBI->     INFO     层级抽取文档： 市民来电咨询:随申办APP上如何进行交通违法视频举报 ==> no  
2025-06-02 10:06:05,107 ChatBI->     INFO     层级抽取文档： 重复来电，反应相同问题。【最近派发的工单编号：20240306013220，工单内容：【重新交办,要求：按答复要点告知市民,市民表示答复要点与实际不符,市民明确表示自己有签署劳动合同并表示合同在站点。诉求：要求管理部门再次核实并帮其讨薪。】【最近办结的工单编号:20240305016703，工单内容:市民来电反映:其是上述地址站点的兼职外送人员，市民称现在站点拖欠4000元左右的工资未发，其有签订过合同，现在站点站长告知代理商不发钱，站点也没有办法。诉求：请管理部门核实并帮助讨薪。】】 ==> yes  
2025-06-02 10:06:05,107 ChatBI->     INFO     阈值索引为：416, 窗口大小为: 100 
2025-06-02 10:06:05,108 ChatBI->     INFO     确定的文档: 317; 在次确认的文档: 199
2025-06-02 10:06:07,224 ChatBI->     INFO     从199个需再次确认的文档中筛选出的相关文档数量：102
2025-06-02 10:06:07,225 ChatBI->     INFO     示例文档：['市民来电反复催单。催单原因：市民称管理部门至今未给予任何回复，请管理部门尽快处理回复。【最近派发的工单编号：20240407009714，工单内容：市民来电反映:1月25日入职上述单位，被拖欠3800多元的工资，对方的意思就是不给其这笔钱了，有合同。诉求：讨薪。（需回复）】', '市民来电咨询:劳动争议咨询', '市民来电咨询:欠薪问题，3月19日法院已经判决，还是拿不到钱，如何处理。', '市民来电咨询:公司拖欠工资，市民有与其签订协议，公司未按规定时间支付。12333让市民通过法院强制执行，市民需法院电话。', '市民来电咨询:法律咨询，单纯的欠钱不还。']
2025-06-02 10:06:07,227 ChatBI->     INFO     没有找到<  >对应的视图
2025-06-02 10:06:07,227 ChatBI->     INFO     sql 语句：SELECT `诉求区域`, COUNT(*) AS `数量` FROM shanghai WHERE  `内容描述` IN (:val0, :val1, :val2, :val3, :val4, :val5, :val6, :val7, :val8, :val9, :val10, :val11, :val12, :val13, :val14, :val15, :val16, :val17, :val18, :val19, :val20, :val21, :val22, :val23, :val24, :val25, :val26, :val27, :val28, :val29, :val30, :val31, :val32, :val33, :val34, :val35, :val36, :val37, :val38, :val39, :val40, :val41, :val42, :val43, :val44, :val45, :val46, :val47, :val48, :val49, :val50, :val51, :val52, :val53, :val54, :val55, :val56, :val57, :val58, :val59, :val60, :val61, :val62, :val63, :val64, :val65, :val66, :val67, :val68, :val69, :val70, :val71, :val72, :val73, :val74, :val75, :val76, :val77, :val78, :val79, :val80, :val81, :val82, :val83, :val84, :val85, :val86, :val87, :val88, :val89, :val90, :val91, :val92, :val93, :val94, :val95, :val96, :val97, :val98, :val99, :val100, :val101, :val102, :val103, :val104, :val105, :val106, :val107, :val108, :val109, :val110, :val111, :val112, :val113, :val114, :val115, :val116, :val117, :val118, :val119, :val120, :val121, :val122, :val123, :val124, :val125, :val126, :val127, :val128, :val129, :val130, :val131, :val132, :val133, :val134, :val135, :val136, :val137, :val138, :val139, :val140, :val141, :val142, :val143, :val144, :val145, :val146, :val147, :val148, :val149, :val150, :val151, :val152, :val153, :val154, :val155, :val156, :val157, :val158, :val159, :val160, :val161, :val162, :val163, :val164, :val165, :val166, :val167, :val168, :val169, :val170, :val171, :val172, :val173, :val174, :val175, :val176, :val177, :val178, :val179, :val180, :val181, :val182, :val183, :val184, :val185, :val186, :val187, :val188, :val189, :val190, :val191, :val192, :val193, :val194, :val195, :val196, :val197, :val198, :val199, :val200, :val201, :val202, :val203, :val204, :val205, :val206, :val207, :val208, :val209, :val210, :val211, :val212, :val213, :val214, :val215, :val216, :val217, :val218, :val219, :val220, :val221, :val222, :val223, :val224, :val225, :val226, :val227, :val228, :val229, :val230, :val231, :val232, :val233, :val234, :val235, :val236, :val237, :val238, :val239, :val240, :val241, :val242, :val243, :val244, :val245, :val246, :val247, :val248, :val249, :val250, :val251, :val252, :val253, :val254, :val255, :val256, :val257, :val258, :val259, :val260, :val261, :val262, :val263, :val264, :val265, :val266, :val267, :val268, :val269, :val270, :val271, :val272, :val273, :val274, :val275, :val276, :val277, :val278, :val279, :val280, :val281, :val282, :val283, :val284, :val285, :val286, :val287, :val288, :val289, :val290, :val291, :val292, :val293, :val294, :val295, :val296, :val297, :val298, :val299, :val300, :val301, :val302, :val303, :val304, :val305, :val306, :val307, :val308, :val309, :val310, :val311, :val312, :val313, :val314, :val315, :val316, :val317, :val318, :val319, :val320, :val321, :val322, :val323, :val324, :val325, :val326, :val327, :val328, :val329, :val330, :val331, :val332, :val333, :val334, :val335, :val336, :val337, :val338, :val339, :val340, :val341, :val342, :val343, :val344, :val345, :val346, :val347, :val348, :val349, :val350, :val351, :val352, :val353, :val354, :val355, :val356, :val357, :val358, :val359, :val360, :val361, :val362, :val363, :val364, :val365, :val366, :val367, :val368, :val369, :val370, :val371, :val372, :val373, :val374, :val375, :val376, :val377, :val378, :val379, :val380, :val381, :val382, :val383, :val384, :val385, :val386, :val387, :val388, :val389, :val390, :val391, :val392, :val393, :val394, :val395, :val396, :val397, :val398, :val399, :val400, :val401, :val402, :val403, :val404, :val405, :val406, :val407, :val408, :val409, :val410, :val411, :val412, :val413, :val414, :val415, :val416, :val417, :val418) GROUP BY `诉求区域` ORDER BY `数量` DESC LIMIT 5000;
2025-06-02 10:06:07,949 ChatBI->     INFO     sql 语句：SELECT * FROM shanghai WHERE  `内容描述` IN (:val0, :val1, :val2, :val3, :val4, :val5, :val6, :val7, :val8, :val9, :val10, :val11, :val12, :val13, :val14, :val15, :val16, :val17, :val18, :val19, :val20, :val21, :val22, :val23, :val24, :val25, :val26, :val27, :val28, :val29, :val30, :val31, :val32, :val33, :val34, :val35, :val36, :val37, :val38, :val39, :val40, :val41, :val42, :val43, :val44, :val45, :val46, :val47, :val48, :val49, :val50, :val51, :val52, :val53, :val54, :val55, :val56, :val57, :val58, :val59, :val60, :val61, :val62, :val63, :val64, :val65, :val66, :val67, :val68, :val69, :val70, :val71, :val72, :val73, :val74, :val75, :val76, :val77, :val78, :val79, :val80, :val81, :val82, :val83, :val84, :val85, :val86, :val87, :val88, :val89, :val90, :val91, :val92, :val93, :val94, :val95, :val96, :val97, :val98, :val99, :val100, :val101, :val102, :val103, :val104, :val105, :val106, :val107, :val108, :val109, :val110, :val111, :val112, :val113, :val114, :val115, :val116, :val117, :val118, :val119, :val120, :val121, :val122, :val123, :val124, :val125, :val126, :val127, :val128, :val129, :val130, :val131, :val132, :val133, :val134, :val135, :val136, :val137, :val138, :val139, :val140, :val141, :val142, :val143, :val144, :val145, :val146, :val147, :val148, :val149, :val150, :val151, :val152, :val153, :val154, :val155, :val156, :val157, :val158, :val159, :val160, :val161, :val162, :val163, :val164, :val165, :val166, :val167, :val168, :val169, :val170, :val171, :val172, :val173, :val174, :val175, :val176, :val177, :val178, :val179, :val180, :val181, :val182, :val183, :val184, :val185, :val186, :val187, :val188, :val189, :val190, :val191, :val192, :val193, :val194, :val195, :val196, :val197, :val198, :val199, :val200, :val201, :val202, :val203, :val204, :val205, :val206, :val207, :val208, :val209, :val210, :val211, :val212, :val213, :val214, :val215, :val216, :val217, :val218, :val219, :val220, :val221, :val222, :val223, :val224, :val225, :val226, :val227, :val228, :val229, :val230, :val231, :val232, :val233, :val234, :val235, :val236, :val237, :val238, :val239, :val240, :val241, :val242, :val243, :val244, :val245, :val246, :val247, :val248, :val249, :val250, :val251, :val252, :val253, :val254, :val255, :val256, :val257, :val258, :val259, :val260, :val261, :val262, :val263, :val264, :val265, :val266, :val267, :val268, :val269, :val270, :val271, :val272, :val273, :val274, :val275, :val276, :val277, :val278, :val279, :val280, :val281, :val282, :val283, :val284, :val285, :val286, :val287, :val288, :val289, :val290, :val291, :val292, :val293, :val294, :val295, :val296, :val297, :val298, :val299, :val300, :val301, :val302, :val303, :val304, :val305, :val306, :val307, :val308, :val309, :val310, :val311, :val312, :val313, :val314, :val315, :val316, :val317, :val318, :val319, :val320, :val321, :val322, :val323, :val324, :val325, :val326, :val327, :val328, :val329, :val330, :val331, :val332, :val333, :val334, :val335, :val336, :val337, :val338, :val339, :val340, :val341, :val342, :val343, :val344, :val345, :val346, :val347, :val348, :val349, :val350, :val351, :val352, :val353, :val354, :val355, :val356, :val357, :val358, :val359, :val360, :val361, :val362, :val363, :val364, :val365, :val366, :val367, :val368, :val369, :val370, :val371, :val372, :val373, :val374, :val375, :val376, :val377, :val378, :val379, :val380, :val381, :val382, :val383, :val384, :val385, :val386, :val387, :val388, :val389, :val390, :val391, :val392, :val393, :val394, :val395, :val396, :val397, :val398, :val399, :val400, :val401, :val402, :val403, :val404, :val405, :val406, :val407, :val408, :val409, :val410, :val411, :val412, :val413, :val414, :val415, :val416, :val417, :val418)
2025-06-02 10:06:11,284 ChatBI->     INFO     query: {query} 处理完毕
2025-06-02 10:07:06,316 ChatBI->     INFO     案例库查询
2025-06-02 10:07:06,350 ChatBI->     INFO     案例库查询结果: ["{'query': '拖欠工资的主责部门是哪个', '目标列': ['主办单位'], '条件列': {'内容描述': '拖欠工资'}}", "{'query': '近30个月包工头拖欠工资的事件有多少起', '目标列': ['内容描述'], '条件列': {'内容描述': '包工头拖欠工资', '工单生成时间': '近30个月'}}", "{'query': '上半年哪些地方存在拖欠工资的现象', '目标列': ['诉求地址'], '条件列': {'工单生成时间': '上半年', '内容描述': '拖欠工资'}}"]
2025-06-02 10:07:07,183 ChatBI->     INFO     schema linking: {'target_columns': ['诉求区域'], 'condition_columns': {'内容描述': '欠薪', '工单类型': '咨询类'}}
2025-06-02 10:07:08,948 ChatBI->     INFO     任务类型: SQL
2025-06-02 10:07:10,253 ChatBI->     INFO     stad sql: SELECT `诉求区域`, COUNT(*) AS `数量` FROM shanghai WHERE `内容描述` LIKE '%欠薪%' AND `工单类型` = '咨询类' GROUP BY `诉求区域` ORDER BY `数量` DESC LIMIT 5000;
2025-06-02 10:07:10,258 ChatBI->     INFO     非结构化信息为: {"`内容描述` LIKE '%欠薪%'": '欠薪'}
2025-06-02 10:07:10,258 ChatBI->     INFO     开始语义分析 ..  .. 
2025-06-02 10:07:10,517 ChatBI->     INFO     欠薪 的命名实体判别： no
2025-06-02 10:07:10,518 ChatBI->     INFO     开始对非结构化文档【粗略】检索
2025-06-02 10:07:11,019 ChatBI->     INFO     检索到的文档总数量为：5000
2025-06-02 10:07:11,309 ChatBI->     INFO     开始对非结构化文档【深度】检索
2025-06-02 10:07:11,581 ChatBI->     INFO     step_scores: ['yes', 'yes', 'yes', 'yes', 'yes', 'yes', 'yes', 'yes', 'yes', 'yes']
2025-06-02 10:07:11,581 ChatBI->     INFO     层级抽取文档： 市民来电咨询:欠薪 ==> yes  
2025-06-02 10:07:11,581 ChatBI->     INFO     层级抽取文档： 市民来电反映:其反映被恶意欠薪，已经申请劳动仲裁了，仲裁机构受理后反馈需要2个月的时间才能有结果这段时间也不能去法院起诉。市民不认可该处理期限，表示没有收入也不是上海户籍，想知道这段时间没有收入该怎么活或者怎么能尽快的要回欠薪。市民不愿告知其所在地点，扬言说不定什么时候做出什么事情让一批人跟其去死。诉求：希望管理部门维稳。 ==> yes  
2025-06-02 10:07:11,581 ChatBI->     INFO     层级抽取文档： 市民来电反映:其是上述工地建筑工人，被3万多元工资，有老板欠条。市民表示同情况的据其所知至少4个人，至少10万元，希望管理部门帮助讨薪。 ==> yes  
2025-06-02 10:07:11,581 ChatBI->     INFO     层级抽取文档： 市民来电反映:上海闵行区虹梅南路梅陇居委旁的一个工地工作，现在工地欠薪。属于中建三局。 ==> yes  
2025-06-02 10:07:11,582 ChatBI->     INFO     层级抽取文档： 市民来电反复催单。催单原因：市民称管理部门至今未给予任何回复，请管理部门尽快处理。【最近派发的工单编号：20240925041781，工单内容：市民来电反映:其之前在上述地址工作，公司拖欠其2024年5月工资一直未发。拖欠金额7000元，没签劳动合同。诉求：希望可以讨回欠薪。】 ==> yes  
2025-06-02 10:07:11,582 ChatBI->     INFO     层级抽取文档： 市民来电反映:其被上述地址拖欠工资，无劳动合同，拖欠其230元，属于日结工资，诉求：希望核查帮其讨薪。 ==> yes  
2025-06-02 10:07:11,582 ChatBI->     INFO     层级抽取文档： 市民来电反复催单。催单原因：市民称管理部门至今未给予任何回复，请管理部门尽快处理。【最近派发的工单编号：20240528031595，工单内容：市民来电反映:23年3月在上述地址工地里开电梯，与上海金亿丰建设集团有限公司签订劳动合同，4月17日完工后就不做了，欠薪1个人，金额10800元，诉求：请管理部门核实，追讨欠薪】 ==> yes  
2025-06-02 10:07:11,582 ChatBI->     INFO     层级抽取文档： 市民来电反映:市民被上述地址的上海森展人力资源有限公司拖欠工资，市民在该处做服务员，金额：800元，人数：1人，没有签过劳动合同，诉求：请管理部门帮助其讨薪。 ==> yes  
2025-06-02 10:07:11,582 ChatBI->     INFO     层级抽取文档： 市民来电反映:2023年9月21日在上述地址的饭店做服务员，签署过劳动合同。2024年1月25日提出离职但是经历并且理睬，处在过年期间，市民就回家了。目前上述餐厅拖欠市民一个月的工资，金额:3000元。诉求:望管理部门为其讨薪。 ==> yes  
2025-06-02 10:07:11,582 ChatBI->     INFO     层级抽取文档： 市民来电反复催单。市民诉求：望相关部门核实尽快处理回复。（市民要求需要回复）【最近派发的工单号：20240409025391；内容：市民来电反映:上述地址是用工地址，企业名称是上海琦木餐饮管理有限公司，市民是洗碗工，现企业欠市民一人1350元，没有签署过劳动合同，诉求：请管理部门核实情况，帮其要回欠薪工资。】 ==> yes  
2025-06-02 10:07:11,977 ChatBI->     INFO     step_scores: ['yes', 'yes', 'yes', 'yes', 'yes', 'yes', 'yes', 'yes', 'yes', 'yes']
2025-06-02 10:07:11,977 ChatBI->     INFO     层级抽取文档： 市民来电反映:上述地址工地拖欠市民2023年2月-12月的工资，拖欠金额65000多元，没有劳动合同。施工单位：中建二局，用人单位：迪亚爱柯，施工项目：金融街金兰美悦府。市民是工地上的油漆工，诉求：希望管理部门帮其讨要欠薪。 ==> yes  
2025-06-02 10:07:11,977 ChatBI->     INFO     层级抽取文档： 市民反映：【是否签订劳动合同:已签订劳动合同,实际劳动地址:悠方商场R7201-204唯儿诺维芙门诊,发生时间:2024/05/23 10:19:00,欠薪人数:本人,欠薪金额:10000,工程项目名称:,单位地址:杨浦区~新江湾城街道悠方商场R7号楼201-204】上述地址公司用工不规范，导致其被迫于2024年4月27日离职，离职后拖欠工资至今未发放。其与上家人事交流多次，无法明确答复。诉求：希望管理部门协助追讨工资。 ==> yes  
2025-06-02 10:07:11,977 ChatBI->     INFO     层级抽取文档： 市民来电反映:其2月份在上述地址华发建星工地担任木工，目前拖欠1人工资，共计20000多元，有签订劳动合同。诉求：要求管理部门协调上门讨薪。 ==> yes  
2025-06-02 10:07:11,977 ChatBI->     INFO     层级抽取文档： 市民来电反映:其和其太太在上述地址的中建八局桥高二期工程的建筑工地工作，该工地拖欠其和其太太4万多元工资没有发放，都签过合同。诉求：请管理部门协助讨薪。 ==> yes  
2025-06-02 10:07:11,977 ChatBI->     INFO     层级抽取文档： 市民来电反复催单。催单原因：市民来电反复催单。【最近派发的工单编号：20240201005765，工单内容：市民来电反映:上述地址装修装饰建筑工程欠薪（华为厂房装修装饰，承包总公司名称：薪都装饰，承包分公司：上海敏会机电公司，大老板：刘志国。公司电话：021-57619279），拖欠2023年12月和2024年1月工资，一共4人，共计4万多元，有签署劳动合同，告知2024年1月28日结清，一直拖延，截止2月1日没有发放，也没有给到明确答复什么时候结清。市民表示要过年回家了，要求尽快结清工资。诉求：请管理部协助讨要工资。】 ==> yes  
2025-06-02 10:07:11,977 ChatBI->     INFO     层级抽取文档： 市民来电表示撤销工单。【最近派发的工单编号：20240928015711，工单内容：【是否签订劳动合同:已签订劳动合同,实际劳动地址:上海市闵行区莘庄工业园区金都路3669号,发生时间:2024/07/2715:00:00,欠薪人数:1,欠薪金额:504,单位名称:曼可顿食品(上海)有限公司,单位地址:闵行区~上海市闵行区莘庄工业园区金都路3669号】本人于2024.06.05～2024.06.13日在曼可顿食品(上海)有限公司工作7日，其中5号和7号因考勤问题这两天的工资(504元)一直未补发。期间通过沟通一直说是下个月（15）号发，5号考勤确认存在，7号考勤说是查监控，现在的结果是工... ==> yes  
2025-06-02 10:07:11,977 ChatBI->     INFO     层级抽取文档： 市民来电反复催单。催单原因：市民将银行卡信息发给公司了，但对方一直不回复什么时候支付工资，希望尽快支付工资。【最近派发的工单编号：20240308018274，工单内容：市民来电反映:市民在上述地址2024年2月23日到2024年3月8日，在上海志盛楼宇工程设备有限公司干活，签了合同，签了一个人工资，欠了3000元。诉求：市民要求管理部门协助讨薪。】 ==> yes  
2025-06-02 10:07:11,977 ChatBI->     INFO     层级抽取文档： 市民来电反映:其被工程欠薪，扬言要去杀人泄愤，并要求奉贤区金汇镇派出所不要阻止她，询问市民地址和个人信息均不愿意提供，诉求：请管理部门部门做好维稳工作。17:56工号3750外拨22022580，工号853受理（公安表示直接推送工单） ==> yes  
2025-06-02 10:07:11,977 ChatBI->     INFO     层级抽取文档： 市民来电补充信息。信息内容为公司回复市民这几天会打款，并表示如果反映给12345按照正常流程需要半个月，市民表示先等两天看看公司如果不发就再反映，诉求:请管理部门尽快核实处理。【最近派发的工单编号：20241121014366，工单内容：市民来电反映:上述地址是上海仅鑫制药设备工程有限公司，在上述地址上班被拖欠工资，时间是9月1日-11月20日，拖欠市民29000左右，请帮助追讨欠薪。需回复】 ==> yes  
2025-06-02 10:07:11,977 ChatBI->     INFO     层级抽取文档： 市民来电反映:拖欠工资。苏州太仓工作。 ==> yes  
2025-06-02 10:07:12,255 ChatBI->     INFO     step_scores: ['yes', 'yes', 'yes', 'yes', 'yes', 'yes', 'yes', 'yes', 'yes', 'yes']
2025-06-02 10:07:12,256 ChatBI->     INFO     层级抽取文档： 市民来电反映:其是上述工地的工人，工地拖欠其1.1万左右工资不发。诉求：希望管理部门帮助讨薪。 ==> yes  
2025-06-02 10:07:12,256 ChatBI->     INFO     层级抽取文档： 市民来电反映:上述地址的上海海逸海鲜酒家古北店，有签订过劳动合同，拖欠了其一个多月的工资，约10400多元。诉求:请管理部门尽快助其讨薪。 ==> yes  
2025-06-02 10:07:12,256 ChatBI->     INFO     层级抽取文档： 市民来电反映:市民在郑州市工作，拖欠工资。 ==> yes  
2025-06-02 10:07:12,256 ChatBI->     INFO     层级抽取文档： 市民来电反映:2023年在上述地址做工，被拖欠工资，但是说不清楚公司名字。 ==> yes  
2025-06-02 10:07:12,256 ChatBI->     INFO     层级抽取文档： 市民来电反映: 市民于2023年4月至5月，在上述注册地址的安吉汽车租赁有限公司做网约车司机，支付了押金6000元，没有劳动合同。目前市民已经归还了车辆，该企业拖欠市民总共20000元工资。联系人刘老板19121305903。诉求：请管理部门帮助讨回薪资。 ==> yes  
2025-06-02 10:07:12,256 ChatBI->     INFO     层级抽取文档： 市民来电反映:其在上述地址建筑地址工作，拖欠工资。施工单位为中建八局，拖欠人数为50、60人，金额为70、80万元，未签署劳动合同。诉求：希望管理部门核实为其讨回被拖欠的工资。 ==> yes  
2025-06-02 10:07:12,256 ChatBI->     INFO     层级抽取文档： 市民来电反映:建筑用工地址：嘉定区博园路，公司名称：大华集团龙赛公司，2023年的工资没有结算，一共10几个人，每个人都是几万块钱没有给。有劳动合同。诉求：请管理部门协调处理，帮助要回拖欠的薪水。 ==> yes  
2025-06-02 10:07:12,256 ChatBI->     INFO     层级抽取文档： 市民来电反映:2024年5月份在上述工地干活没有拿到工资，项目：中微临港产业园，施工方：不清楚，拖欠金额：4.7万元，人数：3人，工地方负责人电话：17621955777，故来电希望管理部门帮其讨薪 ==> yes  
2025-06-02 10:07:12,256 ChatBI->     INFO     层级抽取文档： 市民来电反映:有签订劳动合同，拖欠1年工资，拖欠工资金额11万多元，拖欠人数6个，负责人：18951157778，负责人：李先生。诉求：请管理部门尽快为其讨要工资。 ==> yes  
2025-06-02 10:07:12,256 ChatBI->     INFO     层级抽取文档： 市民来电反映:其于2024年7月-8月3日在上述小区内参加翻新工程，是一名临时工，未签订合同，称工程的施工方为徐房建筑，其老板（姓名：李成孝，联系方式：13817918606）承诺8月底支付工资，但至今未支付，拖欠人数：1人，拖欠金额：5000元
。诉求：请管理部门核实，协助讨薪。（需回复） ==> yes  
2025-06-02 10:07:12,546 ChatBI->     INFO     step_scores: ['yes', 'yes', 'yes', 'yes', 'yes', 'yes', 'yes', 'yes', 'yes', 'yes']
2025-06-02 10:07:12,546 ChatBI->     INFO     层级抽取文档： 市民来电反映:其在上述工地做小工，被老板拖欠3000元工资。诉求：请管理部门协调讨回工资。 ==> yes  
2025-06-02 10:07:12,546 ChatBI->     INFO     层级抽取文档： 市民来电反映: 市民在上述地址附近建筑工地工作，该公司拖欠40个多人工资,  拖欠金额为140万元 ,都有签署劳动合同，诉求: 希望管理部门核实为市民追讨工资.(需回复) ==> yes  
2025-06-02 10:07:12,547 ChatBI->     INFO     层级抽取文档： 市民来电反复催单。催单原因：市民称管理部门至今未给予任何回复，请管理部门尽快处理。【最近派发的工单编号：20240130016722，工单内容：市民来电反映:其2023年8月至2024半年1月在上述派出所做木工，进行装修工程，至今工资没有给，没有合同，拖欠18人，共计40万左右，诉求：请管理部门核实协助讨薪（需回复）】 ==> yes  
2025-06-02 10:07:12,547 ChatBI->     INFO     层级抽取文档： 市民来电反映:其在上述地址琛全景上海数字科技有限公司任职销售，公司拖欠其2023年7月-2023年12月工资33000元左右，签过劳动合同，公司承诺年前支付，但至今未支付。诉求：请管理部门帮忙追讨工资。 ==> yes  
2025-06-02 10:07:12,547 ChatBI->     INFO     层级抽取文档： 市民来电咨询: 拖欠工资问题。 ==> yes  
2025-06-02 10:07:12,547 ChatBI->     INFO     层级抽取文档： 补充信息，市民表示担心管理部门处理不够及时，公司会将钱款转往国外。诉求：诉求不变，请管理部门尽快处理。（需回复）  【最近派发的工单编号：20240922000011，工单内容：市民来电反映:其已经离职上述公司，原本应该在15日结清工资4842元，但是公司未发，电话联系人事部，告知需要等几天，具体时限也没有。诉求：望管理部门核实要求尽快发放拖欠的工资。（需回复）
】 ==> yes  
2025-06-02 10:07:12,547 ChatBI->     INFO     层级抽取文档： 市民来电咨询:市民在上述地址工作，签过劳动合同。上述公司拖欠了市民2024年1月份的工资，公司只发了一半，还欠2000多元。市民之前跟税务投诉过，税务说公司申报的数额没有问题，不管。诉求：希望公司补发市民应得的工资 ==> yes  
2025-06-02 10:07:12,547 ChatBI->     INFO     层级抽取文档： 市民来电咨询:咨询拖欠工资问题 ==> yes  
2025-06-02 10:07:12,547 ChatBI->     INFO     层级抽取文档： 市民来电反映:市民在去年在上述大学里面施工，做的是木工工序，施工方：上海宇馨市政养护有限公司，项目经理：18930043050，拖欠金额：10多万，人数15人左右，到现在还没有拿到工资，要求管理部门尽快帮其讨薪。 ==> yes  
2025-06-02 10:07:12,547 ChatBI->     INFO     层级抽取文档： 市民来电反映:其于2024年2月-4月份在上述地址建筑工地工作，上述地址拖欠其2024年2月-4月份的工资，拖欠人数：9人 拖欠总金额：120000元左右。诉求：请管理部门介入协调帮其要回工资。 ==> yes  
2025-06-02 10:07:12,884 ChatBI->     INFO     step_scores: ['yes', 'yes', 'yes', 'yes', 'yes', 'yes', 'yes', 'yes', 'yes', 'yes']
2025-06-02 10:07:12,884 ChatBI->     INFO     层级抽取文档： 市民来电反映:上述工地地址拖欠工资，该项目是中铁十五局承建的，市民告知有签订劳务合同，拖欠了4个月，拖欠工资金额18800元。拖欠人数，1人，市民强调联系上不单位负责人。诉求：请管理部门讨要工资。 ==> yes  
2025-06-02 10:07:12,884 ChatBI->     INFO     层级抽取文档： 市民来电反映:上述地址一家公司拖欠工资。        ==> yes  
2025-06-02 10:07:12,884 ChatBI->     INFO     层级抽取文档： 市民来电反映:其在上述地址工地工作，建筑公司为上海凯宁建筑有限公司，现在被拖欠工资，拖欠人数20个人左右，拖欠金额50多万元，诉求：要求管理部门核实协助追讨工资。  ==> yes  
2025-06-02 10:07:12,884 ChatBI->     INFO     层级抽取文档： 市民来电反映:建筑单位：中建深圳装饰上海分公司，有签署过劳动合同，2024年5月入职，拖欠工资人数：4个人，总计金额：七万元，市民在上述地址是做装修工作，诉求：请管理部门帮助市民讨回拖欠的工资。（需回复） ==> yes  
2025-06-02 10:07:12,884 ChatBI->     INFO     层级抽取文档： 市民来电反映:自己现在原先单位离职了，但公司4月发3月工资时少发了3天工资，电话费也没有报销，销售提成也没有发（650元左右），签过劳动合同，上海招纳扎智能科技有限公司，诉求：要求尽快支付拖欠的工资与销售提成 ==> yes  
2025-06-02 10:07:12,884 ChatBI->     INFO     层级抽取文档： 市民来电反映:上海风语筑装饰有限公司拖欠3人2022年7，8月的工资22000元。项目名称为：上海嘉定新城规划展示馆。未签署劳动合同。之前材料已经提交，承诺2024年1月15日结算，现在又没有兑现。诉求：希望管理部门核实处理并协助讨回工资。 ==> yes  
2025-06-02 10:07:12,885 ChatBI->     INFO     层级抽取文档： 市民来电反映:自己是上述地址公司的老师，目前该公司拖欠其11月教学工资：70613元，工作属于线上教学，实际工作地址在北京，但是是与该公司签署的电子劳动合同，拖欠人数1人，诉求：希望管理部门核实帮助其追讨工资。 ==> yes  
2025-06-02 10:07:12,885 ChatBI->     INFO     层级抽取文档： 市民来电反映:其是装修工人，没有签过劳动合同，市民表示上述地址装修公司将工资支付给了工头，但工头一直没有将工资发给市民。市民没有公司的联系电话，联系工头多次讨要工资，工头一直各种借口拖延时间。市民从去年9月干到今年1月，今年4月也做完一个小工程，被拖欠工资16100元，诉求：希望管理部门帮其联系上述公司督促工头尽快发放工资。 ==> yes  
2025-06-02 10:07:12,885 ChatBI->     INFO     层级抽取文档： 市民来电反映: 市民被上述地址公司无故辞退,双方没有签署劳动合同, 该公司拖欠市民7-9月部分工资、高温费以及国庆节加班费，诉求: 希望管理部门核实为市民追讨.(需回复) ==> yes  
2025-06-02 10:07:12,885 ChatBI->     INFO     层级抽取文档： 市民来电反映:上述地址是造办公楼的建筑工地，其是做幕墙工人，总包是中南幕墙，没有签订劳动合同。其个人被拖欠2万元左右。诉求：请管理部门讨要工资。（需回复） ==> yes  
2025-06-02 10:07:13,206 ChatBI->     INFO     step_scores: ['yes', 'yes', 'no', 'yes', 'yes', 'yes', 'yes', 'yes', 'yes', 'yes']
2025-06-02 10:07:13,207 ChatBI->     INFO     层级抽取文档： 市民来电反映:上述地址建筑工地有拖欠工资的现象，工地名称：微波通信，施工单位：嘉定区成寿建设发展有限公司，市民是钢筋工，没有签订劳动合同，人数：7-8人，金额：60多万元。诉求：希望管理部门尽快帮市民讨回工资。（需回复） ==> yes  
2025-06-02 10:07:13,207 ChatBI->     INFO     层级抽取文档： 市民来电反映:其和上述公司签订劳动合同，在瑞虹路188号月亮湾5楼的日料店上班，该门店已闭店，离职时间5月1日左右，被拖欠金额2000元，涉及人数20-30人。诉求：请管理部门讨要工资。（需回复） ==> yes  
2025-06-02 10:07:13,207 ChatBI->     INFO     层级抽取文档： 市民来电反映:其受企业雇佣。企业欠缴社保，故市民来电反映。 ==> no  
2025-06-02 10:07:13,207 ChatBI->     INFO     层级抽取文档： 市民来电反映:市民是上述企业员工、有签订劳动合同，被拖欠工资6400元左右。 诉求：请管理部门帮市民维权。（需回复） ==> yes  
2025-06-02 10:07:13,207 ChatBI->     INFO     层级抽取文档： 市民来电反映:1月19日市民开始在上述地址的咏发顺德海鲜大排档上班，市民工作是盛菜的，上了三天公司让其不要干了，现在拖欠了其工资不支付，人数：1人，金额：市民计算不清，之前说好是5000元一个月，不清楚三天应该支付多少工资，未签过劳动合同，诉求：请管理部门督促该公司给到市民被拖欠的工资。 ==> yes  
2025-06-02 10:07:13,207 ChatBI->     INFO     层级抽取文档： 市民来电反映:其于2023年11月其在上述地址工地工作至今，目前工地拖欠其工资30000元左右，总包：中建三局，与上海复拓劳务有限公司签署的劳务合同，诉求:希望管理部门核实处理协助拿回工资。 ==> yes  
2025-06-02 10:07:13,207 ChatBI->     INFO     层级抽取文档： 市民来电反映:市民未满16岁，3月24日-3月27日在上述地址打了4天工，没有签过劳动合同，但现在老板以各种理由不发工资。诉求：希望帮市民讨要工资。 ==> yes  
2025-06-02 10:07:13,207 ChatBI->     INFO     层级抽取文档： 市民来电反映:上述地址工地：老杜鸭鸭食品厂，建设单位：阅合建筑有限公司，拖欠工资：290000元，有签过劳动合同。诉求：望管理部门核实讨要工资。 ==> yes  
2025-06-02 10:07:13,207 ChatBI->     INFO     层级抽取文档： 市民来电反映:市民是农民工，为上述地址的上海四建的工作做外墙装饰工程，公司名：上海京腾慕墙装饰公司，人数：30人，金额：29000元，签过劳动合同，诉求：请管理部门帮助讨回被拖欠的工资。 ==> yes  
2025-06-02 10:07:13,207 ChatBI->     INFO     层级抽取文档： 【重新交办,要求：按答复要点告知市民,市民表示答复要点不明确,该公司赵女士只是人事经理，说话不算。之前有市民同事收到过该方案，但方案已被退翻。诉求：请管理部门采取断然措施，核实协助市民要回被拖欠的工资。最近办结的工单编号:20240929004890，工单内容:市民来电反映:其在上述地址公司：上海宝梵餐饮管理有限公司工作，2023年11月以及2024年2月到5月都没有支付其工资，有签署过劳动合同，被拖欠工资：2万多元。诉求：请管理部门核实协助市民要回被拖欠的工资。】 ==> yes  
2025-06-02 10:07:13,553 ChatBI->     INFO     step_scores: ['yes', 'yes', 'yes', 'yes', 'yes', 'yes', 'yes', 'yes', 'yes', 'yes']
2025-06-02 10:07:13,554 ChatBI->     INFO     层级抽取文档： 市民来电补充信息。市民补充信息内容为其已和对方调解和解。【最近派发的工单编号：20240904015037，工单内容：市民来电反映:其在上述建筑工地 工资，公司拖欠20万左右工资未发放，有签订劳动合同，属于电竞项目。诉求：希望管理部门帮其讨回工资。】 ==> yes  
2025-06-02 10:07:13,554 ChatBI->     INFO     层级抽取文档： 【长三角】市民来电咨询:工地在苏州，总包南京嘉园，拖欠工资。 ==> yes  
2025-06-02 10:07:13,554 ChatBI->     INFO     层级抽取文档： 市民来电咨询:山东拖欠工资，使用18678005769来电反映。 ==> yes  
2025-06-02 10:07:13,554 ChatBI->     INFO     层级抽取文档： 催单原因：市民补充信息：浦东住建部门给其回复称不属于管辖范围，但是之前反映是住建委答复，望管理部门再次核实到底能否管辖，望帮其讨要工资。【最近派发的工单编号：20231228006661，工单内容：市民来电反映:上述地址上海民航学校改造建筑工地，拖欠一个人，两个月左右共四万元左右工资，没有签订劳动合同。诉求：请管理部门协调讨回工资。（需回复）】 ==> yes  
2025-06-02 10:07:13,554 ChatBI->     INFO     层级抽取文档： 市民来电反映:在上述地址建筑工地工作，有劳动合同，公司名字上海公路桥梁集团有限公司。总共有十几个人 ，总金额300多万，一直未收到工资。诉求：尽快支付工资
 ==> yes  
2025-06-02 10:07:13,554 ChatBI->     INFO     层级抽取文档： 市民来电咨询:拖欠工资，实际用工地不固定，是临时工。 ==> yes  
2025-06-02 10:07:13,554 ChatBI->     INFO     层级抽取文档： 市民来电反映:其表示此处建筑工地拖欠工资，是房屋改造工程，拖欠工资人数：2个人，拖欠工资总额：4500元，有劳动合同，诉求：要求尽快帮忙追讨工资。（需回复） ==> yes  
2025-06-02 10:07:13,554 ChatBI->     INFO     层级抽取文档： 市民来电补充信息。已经收到2000元，还拖欠1088元。其项目杨经理电话：18940664172.其老板朱老板电话：13166167786。补充工作地址：闵行区乐中路77弄。诉求：请管理部门帮助讨薪剩余的1088元。谢谢。【最近派发的工单编号：20241115041238，工单内容：市民来电反映:上述地址建筑工地名称是华发古美华府，市民是负责建筑立面的装修，装修公司名称是建星集团，没有签订劳动合同，拖欠人数1个人，拖欠金额2980元，诉求：要求将拖欠人的工资尽快给其。（需回复）】 ==> yes  
2025-06-02 10:07:13,554 ChatBI->     INFO     层级抽取文档： 市民来电反映:在上述地址工地干活被拖欠工资，项目名称：山东黄金，总包：中建八局，项目经理姓陈，分包：上海五毅市政，拖欠人数10几人，总金额40万元左右。诉求：希望帮其讨要工资。 ==> yes  
2025-06-02 10:07:13,555 ChatBI->     INFO     层级抽取文档： 【重新交办,要求：市民所述与答复要点不符，工资并未全部支付，还有拖欠工资。诉求:希望帮忙尽快督促结清工资。最近办结的工单编号:20240706012438，工单内容:市民来电反映:其于2024年3月至2024年4月在上述地址的建筑工地做工，签订过劳动合同，拖欠工资10000元左右。诉求：希望管理部门核实，并协助市民追讨工资】 ==> yes  
2025-06-02 10:07:13,904 ChatBI->     INFO     step_scores: ['yes', 'yes', 'yes', 'yes', 'yes', 'yes', 'yes', 'yes', 'yes', 'yes']
2025-06-02 10:07:13,904 ChatBI->     INFO     层级抽取文档： 市民来电咨询:市民父亲打工，给包工头打工，对方拖欠工资。 ==> yes  
2025-06-02 10:07:13,904 ChatBI->     INFO     层级抽取文档： 市民来电反复催单。催单原因：市民称管理部门至今未给予任何回复，请管理部门尽快处理。【最近派发的工单编号：20241104002453，工单内容：市民来电反映:2024年4、5月份在上述地址的建筑工地干水电，承包商： 上海齐晨建筑装饰有限公司，公司拖欠市民工资，市民表示有 2个人，工资一共25000元。诉求：望有关部门协调帮市民讨要工资（需回复）】 ==> yes  
2025-06-02 10:07:13,904 ChatBI->     INFO     层级抽取文档： 市民来电反映:2020年至2021年市民在上述地址益方建设（上海）有限公司工作，没签订劳动合同，市民称用人单位拖欠其3万多元工资，至今未发放，诉求：希望管理部门核实，尽快发放拖欠的工资（需回复）。 ==> yes  
2025-06-02 10:07:13,904 ChatBI->     INFO     层级抽取文档： 市民来电反映:其年前在上海临港新科园西区做工程，施工单位不清楚，姓名：杨振军，拖欠3万，没签合同。诉求：希望管理部门核实，协助市民索要工资 ==> yes  
2025-06-02 10:07:13,904 ChatBI->     INFO     层级抽取文档： 市民来电反映:自己被公司拖欠工资，但公司地址不清楚 ==> yes  
2025-06-02 10:07:13,904 ChatBI->     INFO     层级抽取文档： 市民来电反复催单。催单原因：市民称管理部门至今未给予任何回复，请管理部门尽快处理。【最近派发的工单编号：20240604037488，工单内容：市民来电反映:市民2023年2月28日-2023年5月30日在上述地址工地干活，建筑工地，市民做消防建设的，施工单位和地址都不清楚，有劳动合同，拖欠1人工资3万多元。诉求：希望帮其要回工资。】 ==> yes  
2025-06-02 10:07:13,904 ChatBI->     INFO     层级抽取文档： 市民来电反映:现用工地已无法出入，只知道公司办公地点在上海市青浦区徐泾镇双联路158号2层H7-266室，市民在上述地址名下工地干活，工地在合肥，工地拖欠工资一年多，找工地管理让市民向上海总公司讨薪，现在拖欠工资60多万，涉及十来个人的工资，都签过合同，现用工地已无法出入，只知道公司办公地点在青浦区徐泾镇双联路158号2层H7-266室。诉求：请管理部门帮助讨回薪资。 ==> yes  
2025-06-02 10:07:13,904 ChatBI->     INFO     层级抽取文档： 市民来电反映:拖欠工资，已经过松江法院判决，问题未解决。 ==> yes  
2025-06-02 10:07:13,904 ChatBI->     INFO     层级抽取文档： 市民来电反映:上述地址工地拖欠工人工资，2023年6月施工已完毕，至今没有结清工资，项目名称：华东电力大厦，施工单位：中建一局，拖欠工资人数：40-50人，金额：40多万，有签过劳动合同，诉求：要求管理部门核实尽快支付工资，希望年前能结清。 ==> yes  
2025-06-02 10:07:13,904 ChatBI->     INFO     层级抽取文档： 市民来电反复催单。催单原因：市民称管理部门至今未给予任何回复，请管理部门尽快处理。【最近派发的工单编号：20240622008030，工单内容：市民来电反映:市民在2023年8月份在上述工地做木工，工程名称：南翔镇JDC2-0201单元14-02、14-03地块，有签订劳动合同，工地拖欠了宋立海和宋继鹏的工资，共4600元。诉求：请管理部门帮助，尽快支付工资。】 ==> yes  
2025-06-02 10:07:14,257 ChatBI->     INFO     step_scores: ['yes', 'yes', 'yes', 'yes', 'yes', 'yes', 'yes', 'yes', 'yes', 'yes']
2025-06-02 10:07:14,258 ChatBI->     INFO     层级抽取文档： 市民来电反复催单。催单原因：希望管理部门尽快处理。【最近派发的工单编号：20241017040495，工单内容：市民来电反映:市民2023年10-11月在上述工地干活，签过劳动合同，做的是8号块项目，是中建四局的，施工单位名字不知道。拖欠市民两个月11000元工资没有发放。诉求：请管理部门协助讨回工资。】 ==> yes  
2025-06-02 10:07:14,258 ChatBI->     INFO     层级抽取文档： 市民来电反映:单位拖欠其半个月工资。诉求：如何维权。 ==> yes  
2025-06-02 10:07:14,258 ChatBI->     INFO     层级抽取文档： 市民来电反映:被拖欠工资，实际用工地：中山二路，多次与市民核对基本地址，市民均回避，并自行挂机。 ==> yes  
2025-06-02 10:07:14,258 ChatBI->     INFO     层级抽取文档： 市民来电反映:在上述地址中天建设项目部，工地进行楼房建设工程，从2月至12月27日为止，拖欠工资，一直未发放，人数1个人，金额65000元，未签署劳动合同或协议，诉求：要求管理部门协调尽快发放工资。 ==> yes  
2025-06-02 10:07:14,258 ChatBI->     INFO     层级抽取文档： 市民补充信息内容为：上述地址学动教育科技（上海）有限公司存在拖欠1月2月的工资，2023年12月的提成工资，共计:13000多元。现诉求：请管理部门帮助追讨三倍工资。【最近派发的工单编号：20240214010015，工单内容：市民来电反映:上述地址学动教育科技（上海）有限公司存在拖欠工资，签过劳动合同，干了近2个月，拖欠了1万多元，现诉求：请管理部门帮助追讨工资。】 ==> yes  
2025-06-02 10:07:14,258 ChatBI->     INFO     层级抽取文档： 市民来电反映:闵行区剑川路2613号进门右手边第一栋里，其为装修工人，做临时工，没有合同，被拖欠11天工资，人数：2人，金额：9900元。诉求：帮助追讨工资。 ==> yes  
2025-06-02 10:07:14,258 ChatBI->     INFO     层级抽取文档： 市民来电反映:公司拖欠市民工资，辞退市民。公司是北京的，地址在苏州。 ==> yes  
2025-06-02 10:07:14,258 ChatBI->     INFO     层级抽取文档： 市民来电反映:浦东新区泥城镇万达广场施工工地拖欠农民工工资，施工单位中建二局。 ==> yes  
2025-06-02 10:07:14,258 ChatBI->     INFO     层级抽取文档： 市民来电补充信息。市民补充信息内容为：管理部门4月9号打市民电话，市民没有接到，希望管理部门再联系她一下。【最近派发的工单编号：20240408033705，工单内容：重新交办，要求：按答复要点告知市民，市民表示答复要点与实际不符，市民告知管理部门答复现已打款。但是实际市民只收到了一部分的工资，还有860元迟迟没有发。诉求：希望管理部门核实协调尽快发放剩余工资。（需回复），工单内容：市民来电反映:其表示自己在上述地址企业上班，其没有签订过劳动合同，现在被拖欠了6人共5-6万元。诉求：希望管理部门核实并督促对方支付被拖欠的工资。】 ==> yes  
2025-06-02 10:07:14,258 ChatBI->     INFO     层级抽取文档： 市民来电咨询：管理部门答复要点【最近派发的工单编号：20240730013805，工单内容：市民来电反映:其在上述地址餐饮店工作，未签订合同，其试用期没有过就让其离职且告知试用期没有工资，金额不清楚。诉求：要求将拖欠其的工资发放。】 ==> yes  
2025-06-02 10:07:14,770 ChatBI->     INFO     step_scores: ['yes', 'yes', 'yes', 'yes', 'yes', 'yes', 'yes', 'yes', 'yes', 'yes']
2025-06-02 10:07:14,771 ChatBI->     INFO     层级抽取文档： 市民来电咨询:市民提前30天8月1日申请离职，但目前公司却以按旷工离职为由要扣除工资，来电咨询如何处理。 ==> yes  
2025-06-02 10:07:14,771 ChatBI->     INFO     层级抽取文档： 补充信息，市民至今没有拿到工资，市民不认可，诉求：诉求不变，需要管理部门给最终处理结果，尽快处理。（需回复） 【最近派发的工单编号：20241030018454，工单内容：重新交办。按答复要点告知不认可，至今没有收到工资，要求落实发放。最近派发的工单编号:*，工单内容:重新交办：答复不明确其表示一种没有发工资，希望尽快处理登记回电电话：15921888446，老板电话号1365195859，至今没有工资告知处理结果 最近办结工单：*市民来电反映:9月份市民在上述地址登记拖欠工资问题，登记回电电话：15921888446，至今没有工资告知处理结果。诉求：希望管理部门核实告知处理进度及结果。】
 ==> yes  
2025-06-02 10:07:14,771 ChatBI->     INFO     层级抽取文档： 市民来电补充信息。市民补充更正内容为中建八局二公司，拖欠工资为8000元。市民表示管理部门联系市民告知此公司，市民表示打卡工资单位是此单位，要求管理部门再次核实处理回复，诉求：不变。【最近派发的工单编号：20240903007049，工单内容：平市民来电补充信息。市民补充信息内容为劳务公司为山东平祥，更正信息总包为中建八局。【最近派发的工单编号：20240902009112，工单内容：市民来电反映:其2023年年底在浦东新区保障房基地曹路3号地块工地做水电工，总包单位是中建一局，与其中做水电的分包公司签过合同，但忘记了企业名称，被拖欠金额：3000元，老板目前已经不接电话，诉求：希望管理... ==> yes  
2025-06-02 10:07:14,771 ChatBI->     INFO     层级抽取文档： 市民来电反映:给一个老板打工的，现在老板欠市民3000元，联系不上，来电求助。 ==> yes  
2025-06-02 10:07:14,771 ChatBI->     INFO     层级抽取文档： 市民来电反映:市民来电反复催单。催单原因：原本说的12月25日发工资，25日到了还是被告知要等，为此市民再次来电反映，要求尽快发放工资。【最近派发的工单编号：20231218010798，工单内容：市民来电反映:上述地址建筑工地存在拖欠工资现象，签订过劳动合同，拖欠十几个人一共25万元左右，诉求：希望管理部门协调尽快发放工资。】 ==> yes  
2025-06-02 10:07:14,771 ChatBI->     INFO     层级抽取文档： 市民来电反映:上述公司地址存在拖欠市民工资的情况，市民告知有签订劳动合同，实际用工地址威：杭州市萧山区宁威街道的，市民告知已经向杭州市萧山区的工作人员反映过，但是杭州市萧山区的承办部门部门建议市民向注册地的所在的上海管理部门反映，拖欠工资：20000元，拖欠人数1人。市民来电途中多次表示要轻生，也多次予以安抚的，但是市民表示不认可，市民强调现在已经没有任何生活来源2天也没有吃过饭了，经过多次的询问市民也只愿意告知目前在温州，身份证号：610424198803017416，诉求：请管理部门督促要求讨要工资。（工号4100由于9:30分拨打0577110工号30表示知晓，9月35分拨打220... ==> yes  
2025-06-02 10:07:14,771 ChatBI->     INFO     层级抽取文档： 【重新交办，要求：按答复市民要点告知市民，市民表示答复市民要点与实际情况明显不符，市民表示至今未收到工资，总包曾打过条子，如发放工资会需要工人签字，但至今没有人联系发钱签字，诉求：尽快发放拖欠的工资。最近办结的工单编号：20240531016271，工单内容：市民来电反映:2023年10月至今在上述地址韩国美妆企业园总部星奉项目建筑工地干活，承诺过年前付清。拖欠人数：11人，拖欠23.5万。签过劳动合同。诉求：请管理部门核实讨要工资。】 ==> yes  
2025-06-02 10:07:14,771 ChatBI->     INFO     层级抽取文档： 市民来电反映:河南商丘拖欠工资问题。 ==> yes  
2025-06-02 10:07:14,771 ChatBI->     INFO     层级抽取文档： 【重新交办,要求：按答复要点告知市民,市民表示答复要点与实际情况不符，市民表示实际情况并非是因因项目竣工还未完全完成结算导致的部分工程款延后支付，项目很早就已经竣工了，拖欠的也的确是他们的工资款项。诉求：请管理部门再次核实情况，与市民电话沟通处理解决问题。最近办结的工单编号:20240209006627，工单内容:市民来电反映:市民在上述地址工地工作，施工方是
中建八局上海公司。有47个人被拖欠工资，市民被拖欠1288333.5元，市民签过劳动合同。项目经理：王晖，联系电话18121138883。诉求：希望管理部门核实情况讨要被拖欠工资。】 ==> yes  
2025-06-02 10:07:14,771 ChatBI->     INFO     层级抽取文档： 市民来电反映：市民是上述地址员工，现在拖欠几个月工资，原因是酒店和地产开发商签订10年合同，现在因为地铁需要拆迁，政府给了开发商补偿928万元，但是开发商不给酒店补偿，所以酒店没有钱发工资。 ==> yes  
2025-06-02 10:07:15,164 ChatBI->     INFO     step_scores: ['yes', 'yes', 'yes', 'yes', 'yes', 'yes', 'yes', 'yes', 'yes', 'yes']
2025-06-02 10:07:15,164 ChatBI->     INFO     层级抽取文档： 市民来电咨询:其是本市暑假工，其表示企业现在让其离职并且告知其工资下个月发放，现在其没有工资无法回家。 ==> yes  
2025-06-02 10:07:15,164 ChatBI->     INFO     层级抽取文档： 市民来电反复催单。催单原因：市民来电反复催单。【最近派发的工单编号：20240703020413，工单内容：【重新交办，要求：答复要点与实际情况不符，市民表示工资至今没有发放，原诉求不变。最近办结的工单号：20240524020105，工单内容：市民来电反映:在上述地址工地工作被拖欠工资，市民称施工单位:中建四局项目部，单位：上海翔隽劳务，拖欠市民1人工资金额29000多元。诉求：希望尽快解决工资拖欠问题。（需回复）】】 ==> yes  
2025-06-02 10:07:15,164 ChatBI->     INFO     层级抽取文档： 市民来电反映:植物园对面工地，被拖欠工资，施工单位名称、工地地址：均不详。 ==> yes  
2025-06-02 10:07:15,164 ChatBI->     INFO     层级抽取文档： 【重新交办,要求：按答复要点告知市民,市民表示答复要点不明确,，市民表示工程结束后就结算好了，但一直没有拿到工资，请管理部门追究工资】最近办结的工单号：20241108031197，工单内容：市民来电反映:上述地址具体地址不清楚（靠近哪条路不清楚），工地名称：上海综保区扩区706号，总包单位：中建八局，2024年1月左右至9月24日，在该处工地干活，拖欠20人左右，拖欠总金额60多万元，签署劳动合同。诉求：希望管理部门核实，协助追讨工资。 ==> yes  
2025-06-02 10:07:15,164 ChatBI->     INFO     层级抽取文档： 市民来电反映:  上述公司给员工发的薪水，有一部分是现金支付，另外公司里也有部分员工不缴纳社保。缴纳社保的员工基本都是根据最低工资缴纳，而不是实际的工资比例缴纳。诉求：有关部门核实该公司是否有偷税逃税现象，并严惩
（市民要求信息保密 无需回复） ==> yes  
2025-06-02 10:07:15,164 ChatBI->     INFO     层级抽取文档： 市民来电反映:市民是上述地址公司的员工，该公司存在严重的工资拖欠情况，已经进行劳动仲裁了，可还未开庭在排队中，现在有传言该公司要进行清算后申请破产跑路了，该公司存在很多违规经营情况，市民听说向税务部门反映后可以特别关注该公司防止该公司清算跑路，故来电。现诉求：望管理部门查实，制止存在案件的公司跑路，或是告知市民如何将该公司列为贴别关注公司 ==> yes  
2025-06-02 10:07:15,164 ChatBI->     INFO     层级抽取文档： 重复来电：反映相同问题，要求管理部门给到签字盖章的书面答复。【最近办结的工单编号：20240210000326，工单内容：市民来电反映:其是在2018年、2019年在闵行区江川街道做消防工程，涉及共有34个小区的消防，地面、地下室等，此处总包上海建工四建，分包是一家通慧公司，其没有签订过劳动合同，现总包拖欠共计20多人的工资，金额：50多万的工资，现诉求：请管理部门帮助市民讨要工资。】 ==> yes  
2025-06-02 10:07:15,164 ChatBI->     INFO     层级抽取文档： 市民来电反映:建筑公司名称：伟业建筑公司，老板名字：杨兴刚，电话：18701794919，有合同，老板电话不接，2023年工资不给，拖欠金额：1000多元，拖欠人数：1个人，诉求：尽快给到工资。 ==> yes  
2025-06-02 10:07:15,164 ChatBI->     INFO     层级抽取文档： 市民来电反映:其2023年2月-7月在上述地址上海七建工程技术大学工地干活，市民表示大约5-6人，工资10万左右都没有支付。诉求：希望管理部门核实，并帮助市民要回工资 ==> yes  
2025-06-02 10:07:15,164 ChatBI->     INFO     层级抽取文档： 市民反映：其是一名劳务工，在同一个实际用人单位工作了16年，最近两月同一部门唯独不让其加班，恶意降低其的工资，并且公司一直压一个月工资未足额支付，并单方面宣布从8月1日开始调整工资计算方法，新的计算方法比之前每个月降低了好几百元，涉嫌故意降薪逼迫员工自离，诉求：管理部门告知如何维权。 ==> yes  
2025-06-02 10:07:15,521 ChatBI->     INFO     step_scores: ['yes', 'yes', 'yes', 'no', 'yes', 'yes', 'yes', 'yes', 'yes', 'yes']
2025-06-02 10:07:15,521 ChatBI->     INFO     层级抽取文档： 重复来电：反映相同问题。【最近派发的工单编号：20240808031660，工单内容：重新交办,要求：按答复要点告知市民,市民表示答复要点不明确,市民表示5月份该工程给其和其工友结算了一些工资，但现在还有7个人一共是三四万左右的工资没有结算。请管理部门尽快解决拖欠工资的情况。要求：已告知市民答复要点，市民称工地给了一部分钱，还有5-6万没有给到其，管理部门一直没有告知什么时候给，诉求：请管理部门能尽快解决拖欠工资的情况。】 ==> yes  
2025-06-02 10:07:15,521 ChatBI->     INFO     层级抽取文档： 市民来电反映:其在上述地址工地做工，建筑公司为上海四建，项目是胸科医院心胸疾病临床医学中心，现在被拖欠工资，拖欠人数3人，拖欠金额6-7万元，望管理部门核实协助追讨工资。 ==> yes  
2025-06-02 10:07:15,521 ChatBI->     INFO     层级抽取文档： 【重新交办,要求：按答复要点告知市民,市民表示答复要点不明确,。市民表示先是告知11月份发放，之后又说年底，现在都已经1月份，但工资还是没有发，诉求：管理部门核实处理给到明确核实发工资。最近办结的工单编号:20231203011534，工单内容:重新交办，要求：市民表示水电班组长已经回到上海了，之前答应11月发一部分但是并没有发，对此市民再次来电要求尽快发放工资。诉求：原诉求不变，请管理部门尽快处理。 其表示其在2023年3月到2023年6月在上述地址建筑工地做工，有签署过合同，签署的单位是林伟建筑，其表示现在该单位拖欠了其两万元的工资没有发放。诉求：请管理部门核实帮助市民讨回工资。】 ==> yes  
2025-06-02 10:07:15,521 ChatBI->     INFO     层级抽取文档：  因为公司欠社保与公积金，想要举报公司房屋质量。询问处理进度。【最近派发工单编号：20240202019389。工单内容：市民来电咨询:其是上述地址的工作人员，该处不给许多员工缴纳社保，不清楚应该如何维权。诉求：望管理部门核实告知。】 ==> no  
2025-06-02 10:07:15,522 ChatBI->     INFO     层级抽取文档： 市民来电咨询:公司没有发工资，已经仲裁成功了，但是对方不支付，咨询法院强制执行。 ==> yes  
2025-06-02 10:07:15,522 ChatBI->     INFO     层级抽取文档： 市民来电咨询:工地工程拖欠工资问题，暂时无法提供地址、名称 ==> yes  
2025-06-02 10:07:15,522 ChatBI->     INFO     层级抽取文档： 【投诉】市民来电反映:监管部门不作为，劳动部门说一句去线下仲裁就不在处理了。市民人已经不再上海了，不可能在花钱去上海仲裁，钱都没要到，市民非常不满，管理部门根本没有处理拖欠工资问题，市民表示如果管理部门不处理就不接管理部门的电话了，希望直接处理完工资问题再打电话，相关工单编号：20240703020389。诉求：投诉承办单位不作为。 ==> yes  
2025-06-02 10:07:15,522 ChatBI->     INFO     层级抽取文档： 市民来电反映:市民7月20日在迪士尼做日结保安，没有签过劳动合同，其做了半天被赶走了，现在没有拿到工资，金额不清楚。诉求：希望帮市民讨要工资。 ==> yes  
2025-06-02 10:07:15,522 ChatBI->     INFO     层级抽取文档： 市民来电咨询处理进度，是否会有人联系市民。【最近派发的工单编号:20240227012240 ,工单内容:市民来电反映:上海添歌文化娱乐有限公司，没有和公司签署合同，2023年11月1日入职-2024年1月20日离职。拖欠市民1个半月工资8000元。联系不上公司负责人，股来电反映，要求职能部门核实情况尽快处理工资发放、】 ==> yes  
2025-06-02 10:07:15,522 ChatBI->     INFO     层级抽取文档： 市民来电补充信息。市民补充信息内容为：希望管理部门中午十二点或者晚上六点后在联系其【最近派发的工单编号：20240711013726，工单内容：重新交办，要求：按答复要点告知市民,市民表示管理部门回复的其老板其实只是一个中介，其是和上海乾升公司签署的劳动合同，且管理部门没有明确告知具体什么时候能发放工资，诉求：请管理部门核实，要求告知拖欠的工资具体何时才能发放。（需回复），工单内容:市民来电反映: ... ==> yes  
2025-06-02 10:07:15,853 ChatBI->     INFO     step_scores: ['yes', 'yes', 'yes', 'yes', 'yes', 'yes', 'yes', 'yes', 'yes', 'yes']
2025-06-02 10:07:15,853 ChatBI->     INFO     层级抽取文档： 市民来电反映:2024年3月4日-3月12日在上述公司做销售，做了12万多的业绩，按约定应给3%提成（3600元）。没有签订劳动合同。客户已参展，且把费用给该公司。现在上述公司不肯给钱。诉求：请管理部门讨要提成工资。（需回复） ==> yes  
2025-06-02 10:07:15,853 ChatBI->     INFO     层级抽取文档： 【重新交办，要求：按答复市民要点告知市民，市民表示答复市民要点与实际情况明显不符，市民表示至今还没有把全部的工资发放给市民，2笔扣款是没有理由的，给市民算错了。诉求：原诉求不变。最近办结的工单编号：20240805023884，工单内容：市民来电反映:其是外包到上述公司工作的，合同甲方是荣诚（上海）企业服务外包有限公司，其工作到6月30日离职，目前6月份的工资只发了一部分，绩效未发放，其之前查看系统绩效大约有8000多元，但是公司说系统出问题绩效算错了。诉求：希望管理部门协助讨要工资绩效。】 ==> yes  
2025-06-02 10:07:15,853 ChatBI->     INFO     层级抽取文档： 市市民来电反复催单。催单原因：市民称管理部门至今未给予任何回复，请管理部门尽快处理【最近派发的工单编号：20240802022948，工单内容：市民来电反映:市民不是该公司的员工，但是帮市民缴纳了社保，但是市民没有拿到过该公司的工资。公司名称：上海联智文化传播有限公司。姓名：潘扬泽，身份证：450703198807262413。诉求：希望管理部门核实针对该公司违规给市民缴纳社保的行为进行调查处理。】 ==> yes  
2025-06-02 10:07:15,853 ChatBI->     INFO     层级抽取文档： 市民来电咨询:包工头不给其工资的问题。 ==> yes  
2025-06-02 10:07:15,853 ChatBI->     INFO     层级抽取文档： 市民来电反映:其是开混凝土车的司机，为私人老板打工，没签过合同，因为在工地有工人发生口角，老板扣了其5000元工资，市民认为不合理，如何维权 ==> yes  
2025-06-02 10:07:15,853 ChatBI->     INFO     层级抽取文档： 市民来电反映:市民来电反复催单。催单原因：市民称管理部门至今未给予任何回复，请管理部门尽快处理。【最近派发的工单编号：20240904030770，工单内容：市民来电反映：建筑工地名称：华为朱家角人才公寓项目，是建房工程，建筑工地地址：青浦区朱家角镇沪青平公路复兴路路口，施工单位名称：中建三局，拖欠工资人数：6人，拖欠工资金额：93000元左右，员工和公司没签订过劳动合同。诉求：希望管理部门核实讨要工资。（需回复）】 ==> yes  
2025-06-02 10:07:15,853 ChatBI->     INFO     层级抽取文档： 市民来电反映:其于23年6月1日-23年7月31日在上述地址工作，总包：中铁建工，建筑工地名称：国际临港智能座舱配套，拖欠10万，涉及7-8人，老板电话：15195429480，没有签合同。诉求：请管理部门核实，解决拖欠工作的问题。 ==> yes  
2025-06-02 10:07:15,853 ChatBI->     INFO     层级抽取文档： 市民来电咨询:其在民生路的一家公司上班1个月不到，被这家公司克扣工资，诉求：咨询如何维权。 ==> yes  
2025-06-02 10:07:15,853 ChatBI->     INFO     层级抽取文档： 市民来电咨询:61岁，在饭店干活不给工资，没有签过劳动合同。 ==> yes  
2025-06-02 10:07:15,853 ChatBI->     INFO     层级抽取文档： 市民来电反映:其需要反映企业拖欠工资问题，和别人一样的岗位一样的加班时间少发了1000元 ==> yes  
2025-06-02 10:07:16,215 ChatBI->     INFO     step_scores: ['no', 'yes', 'no', 'yes', 'yes', 'yes', 'yes', 'yes', 'yes', 'no']
2025-06-02 10:07:16,215 ChatBI->     INFO     层级抽取文档： 市民来电反复催单。催单原因：市民称管理部门至今未给予任何回复，请管理部门尽快处理。【最近派发的工单编号：20240320002599，工单内容：市民来电反映:其之前在上述公司工作，其现在离职了，其发现该公司当时给其缴纳的社保基数和其工资不符合，市民诉求：投诉该公司该行为并要求查处解决。】 ==> no  
2025-06-02 10:07:16,215 ChatBI->     INFO     层级抽取文档： 市民来电咨询:投诉建筑工地不发放工资的问题已经向法院起诉。 ==> yes  
2025-06-02 10:07:16,215 ChatBI->     INFO     层级抽取文档： 市民来电咨询:大专最后一年实习期间与市民签订了劳动合同，目前辞职需要市民归还费用，来电咨询劳动合同相关事宜。 ==> no  
2025-06-02 10:07:16,215 ChatBI->     INFO     层级抽取文档： 市民来电补充信息。市民补充信息内容为：2023年12月27日市民联系管理部门，拨打的电话是021-57601291，接电的张姓工作人员称，其部门无法处理市民的诉求，市民不认可。请管理部门尽快处理。【最近派发的工单编号：20231222012234，工单内容：市民来电反映:其之前带了工人在上述地址干活（公寓内加装空调电器），工人被拖欠工资：8万多元，拖欠人数8人左右，没有签署劳动合同，诉求：希望管理部门核实讨要工人被拖欠的工资。】 ==> yes  
2025-06-02 10:07:16,215 ChatBI->     INFO     层级抽取文档： 市民来电反映:英可瑞智能高频开关电源产业园，玻璃幕墙安装，2023年3月到7月在上述地址，承建单位：陕建六建，拖欠人数21人，拖欠金额35万元，项目负责人的电话：13901740950（何眉），奇诺云装修公司做的备案。诉求：请管理部门解决拖欠工资问题。 ==> yes  
2025-06-02 10:07:16,215 ChatBI->     INFO     层级抽取文档： 市民来电反映:于2017年9月-2019年5月建设奉贤区奉浦大道（浦星公路-林海公路），总包单位：上海建发集团，无分包单位，签定劳动合同。至今被拖欠工资13万元，姓名：冯斌，联系电话：13651710198。诉求：望管理部门核实，尽快协助讨要被欠工资。（需回复） ==> yes  
2025-06-02 10:07:16,215 ChatBI->     INFO     层级抽取文档： 重复来电：咨询处理进程。【最近办结的工单编号：20241114015185，工单内容：市民来电反映:于2024年4月、5月任职上述地址嘉定区叶城路沪宜公路交叉口（具体门牌不详），上海束氏物流有限公司，注册地址：金山区金山卫镇海虹路189号2栋6793号户，物流车辆司机。签定劳动（用工）合同（盖章自留份未给予），现被拖欠工资5.3万元，涉及6-7人。市民姓名：吴国华，联系电话：15865082005。诉求：望管理部门核实，尽快协助讨要被欠工资。（需回复）】 ==> yes  
2025-06-02 10:07:16,215 ChatBI->     INFO     层级抽取文档： 市民来电咨询:公司无故降薪问题。 ==> yes  
2025-06-02 10:07:16,215 ChatBI->     INFO     层级抽取文档： 市民来电反映:投诉达江网络科技有限公司克扣骑手的工资等问题。 ==> yes  
2025-06-02 10:07:16,215 ChatBI->     INFO     层级抽取文档： 市民来电咨询:公对公拖欠货款问题。 ==> no  
2025-06-02 10:07:16,561 ChatBI->     INFO     step_scores: ['yes', 'yes', 'yes', 'yes', 'yes', 'yes', 'yes', 'yes', 'no', 'yes']
2025-06-02 10:07:16,561 ChatBI->     INFO     层级抽取文档： 市民来电反映:其之前在上述地址公司工作，现在已经离职，但是公司拖欠其2023年12月份报销金额2000元 ，公司问其所要发票，市民也提供了发票，但是公司还是未给到市民报销，诉求：希望管理部门帮其维权，沟通企业尽快给其发放报销款。（需回复） ==> yes  
2025-06-02 10:07:16,561 ChatBI->     INFO     层级抽取文档： 市民来电反映:其和其的五个工友在虹桥机场搬运钢材，其他人的钱都给了，但是该机场拖欠其1400元没有发放，没有签合同，机场工作人员电话18170116566，其表示是该工作人员是联系人。诉求：请机场集团协助拿回1400元。 ==> yes  
2025-06-02 10:07:16,561 ChatBI->     INFO     层级抽取文档： 市民来电反复催单。催单原因：市民称管理部门至今未给予任何回复，请管理部门尽快处理。【最近派发的工单编号：20240708021637，工单内容：重新交办，已告知市民相关答复，市民表示与事实不符，市民表示其已与老板反映过，老板告知是上海乾升集团未发放费用，且市民称之前几天有建工集团的人员联系其表示近期会解决的，但一直未解决； 诉求：请管理部门核实情况再次处理。【最近派发的工单编号:20240616014567，工单内容:重新交办，要求：答复要点与实际情况不符，至2024年6月16日市民未拿到被拖欠的工资，也没人与其联系，现市民诉求：请帮助其拿回被拖欠的工资（需回复）。】】 ==> yes  
2025-06-02 10:07:16,561 ChatBI->     INFO     层级抽取文档： 市民来电反映:这家公司拖欠工程款，人也找不到，不按合同履行。 ==> yes  
2025-06-02 10:07:16,561 ChatBI->     INFO     层级抽取文档： 市民来电补充信息。市民补充信息内容为其培训了4天，1天80元总共320元也没给，请管理部门一起讨要回来。【最近派发的工单编号：20241009044568，工单内容：市民来电反映:2024年9月1日到9月28日在上述地址纽嘉宾凯尚居酒店从事11号线安全检查员工作，其安徽中保公司拖欠工资，无公司负责人电话，未签劳动合同，拖欠人数1人，漏发拖欠工资1173元。诉求：希望管理部门协助追回工资。】 ==> yes  
2025-06-02 10:07:16,561 ChatBI->     INFO     层级抽取文档： 【重新交办，答复要点与实际不符，市民表示没有接到回电，并且投诉的内容是人力资源与社会保障局没有宣传，回复的内容与市民投诉的内容不符，诉求：请管理部门电话回复市民给到解释。最近办结的工单编号:20241007016827，工单内容:市民来电反映:上海市人力资源与社会保障局对其反映的拖欠工资问题回复，超过2年的拖欠工资不受理。其表示该部门没有做到宣传，让广大群众知晓。故来电投诉该部门没有做好宣传。（市民要求信息保密 需回复）】 ==> yes  
2025-06-02 10:07:16,561 ChatBI->     INFO     层级抽取文档： 市民来电咨询处理进度。【最近派发的工单编号：20241119000847，工单内容：市民来电反映:2021年1-5月-2024年11月，拖欠工资5-6万元、拖欠员工加班费，有劳动合同，徐汇劳动监察大队不处理。诉求：投诉劳动徐汇区监察大队不作为。】 ==> yes  
2025-06-02 10:07:16,562 ChatBI->     INFO     层级抽取文档： 市民来电反映:其是企业，疫情时候是保供单位，当时的被保供方一直欠钱不给 ==> yes  
2025-06-02 10:07:16,562 ChatBI->     INFO     层级抽取文档： 市民来电反映:其是上述地址披萨王的员工，已经离职，其表示该餐厅9-10月份2个月的社保未给其进行缴纳。诉求：希望管理部门核实，帮助解决拖欠社保问题。 ==> no  
2025-06-02 10:07:16,562 ChatBI->     INFO     层级抽取文档： 市民来电反映:上海畅胜建筑工程有限公司有拖欠其工程尾款。诉求：如何维权。 ==> yes  
2025-06-02 10:07:16,852 ChatBI->     INFO     step_scores: ['yes', 'yes', 'no', 'yes', 'no', 'yes', 'no', 'yes', 'yes', 'no']
2025-06-02 10:07:16,852 ChatBI->     INFO     层级抽取文档： 市民来电反映:上述公司为捷强连锁，市民表示该公司应该每月15号发工资，但过年期间却被告知要顺延至19号才能发放，给到理由为财务过年休假无人发放工资。市民表示不合理（该公司工资是由劳务公司代发）。市民表示该公司有50家门店包括总公司在内有200多人左右，这样顺延发工资实施不合理。有签署过劳动合同（工资具体不方便透入）。诉求：请管理部门尽可核实并要求公司正常发放工资。（市民要求信息保密 无需回复） ==> yes  
2025-06-02 10:07:16,853 ChatBI->     INFO     层级抽取文档： 市民来电咨询:与人合作拍摄，对方拖欠费用。 ==> yes  
2025-06-02 10:07:16,853 ChatBI->     INFO     层级抽取文档： 市民来电咨询:企业未给员工缴纳公积金，员工如何维权。 ==> no  
2025-06-02 10:07:16,853 ChatBI->     INFO     层级抽取文档： 市民来电咨询:通过保洁公司到上述体育中心从事保洁工作，工作时间：5月24日-6月17日，共26天，现在市民被辞退了，没有签署劳动合同，保洁公司名称不清楚，工资被告知每月25号才发，要分2次发，现在来电询问对于没有签署劳动合同问题如何维权。 ==> yes  
2025-06-02 10:07:16,853 ChatBI->     INFO     层级抽取文档： 市民来电反映:企业不签订劳动合同，不缴纳社保。 ==> no  
2025-06-02 10:07:16,853 ChatBI->     INFO     层级抽取文档： 市民来电反映:其实深圳市110说上海12345有报拖欠工资扬言杀人，能提供市民的电话，需查询。 ==> yes  
2025-06-02 10:07:16,853 ChatBI->     INFO     层级抽取文档： 市民来电反映:拖欠三个月社保没有缴纳 ==> no  
2025-06-02 10:07:16,853 ChatBI->     INFO     层级抽取文档： 市民来电咨询:劳动仲裁，要求企业补全市民在世的的相关差额。 ==> yes  
2025-06-02 10:07:16,853 ChatBI->     INFO     层级抽取文档： 市民来电反映:自己50岁出头了，在闵行区莘庄镇某企业工作，是不缴金的，后来那公司把其调到其他地方工作，由于路远其就辞职了，如今工资给其算得不对。 ==> yes  
2025-06-02 10:07:16,853 ChatBI->     INFO     层级抽取文档： 市民来电咨询:在教育公司上班，遇到劳动纠纷。要求维权。 ==> no  
2025-06-02 10:07:17,197 ChatBI->     INFO     step_scores: ['no', 'no', 'no', 'no', 'no', 'no', 'yes', 'no', 'no', 'yes']
2025-06-02 10:07:17,197 ChatBI->     INFO     层级抽取文档： 【重新交办，要求：按答复要点告知市民，市民表示答复要点不明确，市民表示管理部门一直未联系其告知调查结果。诉求：望管理部门核实，退还押金。（需回复）最近办结的工单编号:20240316003239，工单内容:市民来电反映:2024年3月12日在上述劳务中介缴纳900元押金，但是介绍的工作工资和描述的不符，其要求中介退款，但是对方拒绝，诉求：请管理部门核实，协调退还押金。】 ==> no  
2025-06-02 10:07:17,198 ChatBI->     INFO     层级抽取文档： 市民来电反复催单。催单原因：市民称管理部门至今未给予任何回复，请管理部门尽快处理。【最近派发的工单编号：20240719013313，工单内容：市民来电反映:就职在上述地址的6名员工，企业都没有为员工缴纳社保，且没有做参保登记。企业名称:上海掌上行科技有限公司,崇明区的税务局表示企业没有给员工做参保登记。6名员工中有3人没有交3月-7月的社保，还有3人是没有交4月-7月的社保。诉求：请管理部门核实处理。（市民要求信息保密 需回复）】 ==> no  
2025-06-02 10:07:17,198 ChatBI->     INFO     层级抽取文档： 市民来电咨询:其与公司劳动合同到期，公司不再续约，没有提前通知就要求市民离职，来电咨询该情况公司如何支付经济补偿金，是否需要在原有基础上多加1个月。诉求：希望管理部门告知市民。（需回复） ==> no  
2025-06-02 10:07:17,198 ChatBI->     INFO     层级抽取文档： 市民来电反映:上述地址企业没有足额给企业员工缴纳社保，证据来源闵行社保中心委派审计中心结果，诉求：请管理部门处罚企业 ==> no  
2025-06-02 10:07:17,198 ChatBI->     INFO     层级抽取文档： 市民来电反映:其从2017年在邮政工作送快递，是由劳务公司聘用的，后续开始通过工资卡支付工资，在2023年5月20日工作途中从楼上摔下来骨折，可劳务公司不处理，之后工作还发生一次工伤，可都不处理，进行了劳动仲裁却败诉了，市民不认可，故来电 ==> no  
2025-06-02 10:07:17,198 ChatBI->     INFO     层级抽取文档： 市民来电咨询:其和公司存在劳动纠纷，已经在法院协调成功，但是被执行人拒不执行，也联系不上法院咨询现在该如何处理 ==> no  
2025-06-02 10:07:17,198 ChatBI->     INFO     层级抽取文档： 市民来电咨询: 离职后，公司是否应该立马结算工资给离职员工。诉求：请管理部门告知相关规定。（需回复） ==> yes  
2025-06-02 10:07:17,198 ChatBI->     INFO     层级抽取文档： 市民来电补充信息。市民补充信息内容为地址在浦东新区杨高北路3259号。【最近派发的工单编号：20240124012049，工单内容：市民来电反映:其向上述地址的律师事务所委托了一个关于市民欠款问题的处理，已经交付定金1025元，市民市民表示在 其海没有为市民解决相关问题的情况下后续律师事务所又要向市民要款1025元，市民对此表示不认可。诉求：请管理部门核实后尽快对这样的情况给予后续合理处理方案。】 ==> no  
2025-06-02 10:07:17,198 ChatBI->     INFO     层级抽取文档： 市民来电咨询:公司工作了一个多月了不签劳动合同。 ==> no  
2025-06-02 10:07:17,198 ChatBI->     INFO     层级抽取文档： 市民来电咨询:其在2024年4月因拖欠工资问题，已经到奉贤区仲裁院申请了提交，但一直在移交中没任何进展，无相关仲裁编号。市民不愿意自行联系仲裁院。诉求：希望核查告知其查询仲裁进展的方式。 ==> yes  
2025-06-02 10:07:17,198 ChatBI->     INFO     阈值索引为：3168, 窗口大小为: 100 
2025-06-02 10:07:17,198 ChatBI->     INFO     确定的文档: 3069; 在次确认的文档: 199
2025-06-02 10:07:23,070 ChatBI->     INFO     从199个需再次确认的文档中筛选出的相关文档数量：84
2025-06-02 10:07:23,070 ChatBI->     INFO     示例文档：['市民来电反映:企业离职是否需要当场结清工资以及更换外包公司产生的问题。', '市民来电反映:上述地址拖欠工资，无故辞退，没有缴纳社保，其在2023年11月份通过仲裁反映问题，现在 工作人员告知公司被注销了，联系不到负责人，其和工商局联系，一直联系不上，诉求：要求核实公司为什么在走劳动纠纷期间，就可以注销。', '市民来电咨询:2024年3月14日市民试用期到期，单位说工资4月10日给。市民网上查到是当场结清的。咨询：按规定工资结算时间？', '市民来电咨询:哺乳期用工单位无辜进行了降薪。如何维权', '市民来电咨询:浦东新区的公司，办公地在静安区，上班3个月，收到了解除劳动的函，1月份的奖金还没有发，询问静安区劳动保障监察大队联系方式。']
2025-06-02 10:07:23,080 ChatBI->     INFO     没有找到<  >对应的视图
2025-06-02 10:07:23,080 ChatBI->     INFO     sql 语句：SELECT `诉求区域`, COUNT(*) AS `数量` FROM shanghai WHERE  `内容描述` IN (:val0, :val1, :val2, :val3, :val4, :val5, :val6, :val7, :val8, :val9, :val10, :val11, :val12, :val13, :val14, :val15, :val16, :val17, :val18, :val19, :val20, :val21, :val22, :val23, :val24, :val25, :val26, :val27, :val28, :val29, :val30, :val31, :val32, :val33, :val34, :val35, :val36, :val37, :val38, :val39, :val40, :val41, :val42, :val43, :val44, :val45, :val46, :val47, :val48, :val49, :val50, :val51, :val52, :val53, :val54, :val55, :val56, :val57, :val58, :val59, :val60, :val61, :val62, :val63, :val64, :val65, :val66, :val67, :val68, :val69, :val70, :val71, :val72, :val73, :val74, :val75, :val76, :val77, :val78, :val79, :val80, :val81, :val82, :val83, :val84, :val85, :val86, :val87, :val88, :val89, :val90, :val91, :val92, :val93, :val94, :val95, :val96, :val97, :val98, :val99, :val100, :val101, :val102, :val103, :val104, :val105, :val106, :val107, :val108, :val109, :val110, :val111, :val112, :val113, :val114, :val115, :val116, :val117, :val118, :val119, :val120, :val121, :val122, :val123, :val124, :val125, :val126, :val127, :val128, :val129, :val130, :val131, :val132, :val133, :val134, :val135, :val136, :val137, :val138, :val139, :val140, :val141, :val142, :val143, :val144, :val145, :val146, :val147, :val148, :val149, :val150, :val151, :val152, :val153, :val154, :val155, :val156, :val157, :val158, :val159, :val160, :val161, :val162, :val163, :val164, :val165, :val166, :val167, :val168, :val169, :val170, :val171, :val172, :val173, :val174, :val175, :val176, :val177, :val178, :val179, :val180, :val181, :val182, :val183, :val184, :val185, :val186, :val187, :val188, :val189, :val190, :val191, :val192, :val193, :val194, :val195, :val196, :val197, :val198, :val199, :val200, :val201, :val202, :val203, :val204, :val205, :val206, :val207, :val208, :val209, :val210, :val211, :val212, :val213, :val214, :val215, :val216, :val217, :val218, :val219, :val220, :val221, :val222, :val223, :val224, :val225, :val226, :val227, :val228, :val229, :val230, :val231, :val232, :val233, :val234, :val235, :val236, :val237, :val238, :val239, :val240, :val241, :val242, :val243, :val244, :val245, :val246, :val247, :val248, :val249, :val250, :val251, :val252, :val253, :val254, :val255, :val256, :val257, :val258, :val259, :val260, :val261, :val262, :val263, :val264, :val265, :val266, :val267, :val268, :val269, :val270, :val271, :val272, :val273, :val274, :val275, :val276, :val277, :val278, :val279, :val280, :val281, :val282, :val283, :val284, :val285, :val286, :val287, :val288, :val289, :val290, :val291, :val292, :val293, :val294, :val295, :val296, :val297, :val298, :val299, :val300, :val301, :val302, :val303, :val304, :val305, :val306, :val307, :val308, :val309, :val310, :val311, :val312, :val313, :val314, :val315, :val316, :val317, :val318, :val319, :val320, :val321, :val322, :val323, :val324, :val325, :val326, :val327, :val328, :val329, :val330, :val331, :val332, :val333, :val334, :val335, :val336, :val337, :val338, :val339, :val340, :val341, :val342, :val343, :val344, :val345, :val346, :val347, :val348, :val349, :val350, :val351, :val352, :val353, :val354, :val355, :val356, :val357, :val358, :val359, :val360, :val361, :val362, :val363, :val364, :val365, :val366, :val367, :val368, :val369, :val370, :val371, :val372, :val373, :val374, :val375, :val376, :val377, :val378, :val379, :val380, :val381, :val382, :val383, :val384, :val385, :val386, :val387, :val388, :val389, :val390, :val391, :val392, :val393, :val394, :val395, :val396, :val397, :val398, :val399, :val400, :val401, :val402, :val403, :val404, :val405, :val406, :val407, :val408, :val409, :val410, :val411, :val412, :val413, :val414, :val415, :val416, :val417, :val418, :val419, :val420, :val421, :val422, :val423, :val424, :val425, :val426, :val427, :val428, :val429, :val430, :val431, :val432, :val433, :val434, :val435, :val436, :val437, :val438, :val439, :val440, :val441, :val442, :val443, :val444, :val445, :val446, :val447, :val448, :val449, :val450, :val451, :val452, :val453, :val454, :val455, :val456, :val457, :val458, :val459, :val460, :val461, :val462, :val463, :val464, :val465, :val466, :val467, :val468, :val469, :val470, :val471, :val472, :val473, :val474, :val475, :val476, :val477, :val478, :val479, :val480, :val481, :val482, :val483, :val484, :val485, :val486, :val487, :val488, :val489, :val490, :val491, :val492, :val493, :val494, :val495, :val496, :val497, :val498, :val499, :val500, :val501, :val502, :val503, :val504, :val505, :val506, :val507, :val508, :val509, :val510, :val511, :val512, :val513, :val514, :val515, :val516, :val517, :val518, :val519, :val520, :val521, :val522, :val523, :val524, :val525, :val526, :val527, :val528, :val529, :val530, :val531, :val532, :val533, :val534, :val535, :val536, :val537, :val538, :val539, :val540, :val541, :val542, :val543, :val544, :val545, :val546, :val547, :val548, :val549, :val550, :val551, :val552, :val553, :val554, :val555, :val556, :val557, :val558, :val559, :val560, :val561, :val562, :val563, :val564, :val565, :val566, :val567, :val568, :val569, :val570, :val571, :val572, :val573, :val574, :val575, :val576, :val577, :val578, :val579, :val580, :val581, :val582, :val583, :val584, :val585, :val586, :val587, :val588, :val589, :val590, :val591, :val592, :val593, :val594, :val595, :val596, :val597, :val598, :val599, :val600, :val601, :val602, :val603, :val604, :val605, :val606, :val607, :val608, :val609, :val610, :val611, :val612, :val613, :val614, :val615, :val616, :val617, :val618, :val619, :val620, :val621, :val622, :val623, :val624, :val625, :val626, :val627, :val628, :val629, :val630, :val631, :val632, :val633, :val634, :val635, :val636, :val637, :val638, :val639, :val640, :val641, :val642, :val643, :val644, :val645, :val646, :val647, :val648, :val649, :val650, :val651, :val652, :val653, :val654, :val655, :val656, :val657, :val658, :val659, :val660, :val661, :val662, :val663, :val664, :val665, :val666, :val667, :val668, :val669, :val670, :val671, :val672, :val673, :val674, :val675, :val676, :val677, :val678, :val679, :val680, :val681, :val682, :val683, :val684, :val685, :val686, :val687, :val688, :val689, :val690, :val691, :val692, :val693, :val694, :val695, :val696, :val697, :val698, :val699, :val700, :val701, :val702, :val703, :val704, :val705, :val706, :val707, :val708, :val709, :val710, :val711, :val712, :val713, :val714, :val715, :val716, :val717, :val718, :val719, :val720, :val721, :val722, :val723, :val724, :val725, :val726, :val727, :val728, :val729, :val730, :val731, :val732, :val733, :val734, :val735, :val736, :val737, :val738, :val739, :val740, :val741, :val742, :val743, :val744, :val745, :val746, :val747, :val748, :val749, :val750, :val751, :val752, :val753, :val754, :val755, :val756, :val757, :val758, :val759, :val760, :val761, :val762, :val763, :val764, :val765, :val766, :val767, :val768, :val769, :val770, :val771, :val772, :val773, :val774, :val775, :val776, :val777, :val778, :val779, :val780, :val781, :val782, :val783, :val784, :val785, :val786, :val787, :val788, :val789, :val790, :val791, :val792, :val793, :val794, :val795, :val796, :val797, :val798, :val799, :val800, :val801, :val802, :val803, :val804, :val805, :val806, :val807, :val808, :val809, :val810, :val811, :val812, :val813, :val814, :val815, :val816, :val817, :val818, :val819, :val820, :val821, :val822, :val823, :val824, :val825, :val826, :val827, :val828, :val829, :val830, :val831, :val832, :val833, :val834, :val835, :val836, :val837, :val838, :val839, :val840, :val841, :val842, :val843, :val844, :val845, :val846, :val847, :val848, :val849, :val850, :val851, :val852, :val853, :val854, :val855, :val856, :val857, :val858, :val859, :val860, :val861, :val862, :val863, :val864, :val865, :val866, :val867, :val868, :val869, :val870, :val871, :val872, :val873, :val874, :val875, :val876, :val877, :val878, :val879, :val880, :val881, :val882, :val883, :val884, :val885, :val886, :val887, :val888, :val889, :val890, :val891, :val892, :val893, :val894, :val895, :val896, :val897, :val898, :val899, :val900, :val901, :val902, :val903, :val904, :val905, :val906, :val907, :val908, :val909, :val910, :val911, :val912, :val913, :val914, :val915, :val916, :val917, :val918, :val919, :val920, :val921, :val922, :val923, :val924, :val925, :val926, :val927, :val928, :val929, :val930, :val931, :val932, :val933, :val934, :val935, :val936, :val937, :val938, :val939, :val940, :val941, :val942, :val943, :val944, :val945, :val946, :val947, :val948, :val949, :val950, :val951, :val952, :val953, :val954, :val955, :val956, :val957, :val958, :val959, :val960, :val961, :val962, :val963, :val964, :val965, :val966, :val967, :val968, :val969, :val970, :val971, :val972, :val973, :val974, :val975, :val976, :val977, :val978, :val979, :val980, :val981, :val982, :val983, :val984, :val985, :val986, :val987, :val988, :val989, :val990, :val991, :val992, :val993, :val994, :val995, :val996, :val997, :val998, :val999, :val1000, :val1001, :val1002, :val1003, :val1004, :val1005, :val1006, :val1007, :val1008, :val1009, :val1010, :val1011, :val1012, :val1013, :val1014, :val1015, :val1016, :val1017, :val1018, :val1019, :val1020, :val1021, :val1022, :val1023, :val1024, :val1025, :val1026, :val1027, :val1028, :val1029, :val1030, :val1031, :val1032, :val1033, :val1034, :val1035, :val1036, :val1037, :val1038, :val1039, :val1040, :val1041, :val1042, :val1043, :val1044, :val1045, :val1046, :val1047, :val1048, :val1049, :val1050, :val1051, :val1052, :val1053, :val1054, :val1055, :val1056, :val1057, :val1058, :val1059, :val1060, :val1061, :val1062, :val1063, :val1064, :val1065, :val1066, :val1067, :val1068, :val1069, :val1070, :val1071, :val1072, :val1073, :val1074, :val1075, :val1076, :val1077, :val1078, :val1079, :val1080, :val1081, :val1082, :val1083, :val1084, :val1085, :val1086, :val1087, :val1088, :val1089, :val1090, :val1091, :val1092, :val1093, :val1094, :val1095, :val1096, :val1097, :val1098, :val1099, :val1100, :val1101, :val1102, :val1103, :val1104, :val1105, :val1106, :val1107, :val1108, :val1109, :val1110, :val1111, :val1112, :val1113, :val1114, :val1115, :val1116, :val1117, :val1118, :val1119, :val1120, :val1121, :val1122, :val1123, :val1124, :val1125, :val1126, :val1127, :val1128, :val1129, :val1130, :val1131, :val1132, :val1133, :val1134, :val1135, :val1136, :val1137, :val1138, :val1139, :val1140, :val1141, :val1142, :val1143, :val1144, :val1145, :val1146, :val1147, :val1148, :val1149, :val1150, :val1151, :val1152, :val1153, :val1154, :val1155, :val1156, :val1157, :val1158, :val1159, :val1160, :val1161, :val1162, :val1163, :val1164, :val1165, :val1166, :val1167, :val1168, :val1169, :val1170, :val1171, :val1172, :val1173, :val1174, :val1175, :val1176, :val1177, :val1178, :val1179, :val1180, :val1181, :val1182, :val1183, :val1184, :val1185, :val1186, :val1187, :val1188, :val1189, :val1190, :val1191, :val1192, :val1193, :val1194, :val1195, :val1196, :val1197, :val1198, :val1199, :val1200, :val1201, :val1202, :val1203, :val1204, :val1205, :val1206, :val1207, :val1208, :val1209, :val1210, :val1211, :val1212, :val1213, :val1214, :val1215, :val1216, :val1217, :val1218, :val1219, :val1220, :val1221, :val1222, :val1223, :val1224, :val1225, :val1226, :val1227, :val1228, :val1229, :val1230, :val1231, :val1232, :val1233, :val1234, :val1235, :val1236, :val1237, :val1238, :val1239, :val1240, :val1241, :val1242, :val1243, :val1244, :val1245, :val1246, :val1247, :val1248, :val1249, :val1250, :val1251, :val1252, :val1253, :val1254, :val1255, :val1256, :val1257, :val1258, :val1259, :val1260, :val1261, :val1262, :val1263, :val1264, :val1265, :val1266, :val1267, :val1268, :val1269, :val1270, :val1271, :val1272, :val1273, :val1274, :val1275, :val1276, :val1277, :val1278, :val1279, :val1280, :val1281, :val1282, :val1283, :val1284, :val1285, :val1286, :val1287, :val1288, :val1289, :val1290, :val1291, :val1292, :val1293, :val1294, :val1295, :val1296, :val1297, :val1298, :val1299, :val1300, :val1301, :val1302, :val1303, :val1304, :val1305, :val1306, :val1307, :val1308, :val1309, :val1310, :val1311, :val1312, :val1313, :val1314, :val1315, :val1316, :val1317, :val1318, :val1319, :val1320, :val1321, :val1322, :val1323, :val1324, :val1325, :val1326, :val1327, :val1328, :val1329, :val1330, :val1331, :val1332, :val1333, :val1334, :val1335, :val1336, :val1337, :val1338, :val1339, :val1340, :val1341, :val1342, :val1343, :val1344, :val1345, :val1346, :val1347, :val1348, :val1349, :val1350, :val1351, :val1352, :val1353, :val1354, :val1355, :val1356, :val1357, :val1358, :val1359, :val1360, :val1361, :val1362, :val1363, :val1364, :val1365, :val1366, :val1367, :val1368, :val1369, :val1370, :val1371, :val1372, :val1373, :val1374, :val1375, :val1376, :val1377, :val1378, :val1379, :val1380, :val1381, :val1382, :val1383, :val1384, :val1385, :val1386, :val1387, :val1388, :val1389, :val1390, :val1391, :val1392, :val1393, :val1394, :val1395, :val1396, :val1397, :val1398, :val1399, :val1400, :val1401, :val1402, :val1403, :val1404, :val1405, :val1406, :val1407, :val1408, :val1409, :val1410, :val1411, :val1412, :val1413, :val1414, :val1415, :val1416, :val1417, :val1418, :val1419, :val1420, :val1421, :val1422, :val1423, :val1424, :val1425, :val1426, :val1427, :val1428, :val1429, :val1430, :val1431, :val1432, :val1433, :val1434, :val1435, :val1436, :val1437, :val1438, :val1439, :val1440, :val1441, :val1442, :val1443, :val1444, :val1445, :val1446, :val1447, :val1448, :val1449, :val1450, :val1451, :val1452, :val1453, :val1454, :val1455, :val1456, :val1457, :val1458, :val1459, :val1460, :val1461, :val1462, :val1463, :val1464, :val1465, :val1466, :val1467, :val1468, :val1469, :val1470, :val1471, :val1472, :val1473, :val1474, :val1475, :val1476, :val1477, :val1478, :val1479, :val1480, :val1481, :val1482, :val1483, :val1484, :val1485, :val1486, :val1487, :val1488, :val1489, :val1490, :val1491, :val1492, :val1493, :val1494, :val1495, :val1496, :val1497, :val1498, :val1499, :val1500, :val1501, :val1502, :val1503, :val1504, :val1505, :val1506, :val1507, :val1508, :val1509, :val1510, :val1511, :val1512, :val1513, :val1514, :val1515, :val1516, :val1517, :val1518, :val1519, :val1520, :val1521, :val1522, :val1523, :val1524, :val1525, :val1526, :val1527, :val1528, :val1529, :val1530, :val1531, :val1532, :val1533, :val1534, :val1535, :val1536, :val1537, :val1538, :val1539, :val1540, :val1541, :val1542, :val1543, :val1544, :val1545, :val1546, :val1547, :val1548, :val1549, :val1550, :val1551, :val1552, :val1553, :val1554, :val1555, :val1556, :val1557, :val1558, :val1559, :val1560, :val1561, :val1562, :val1563, :val1564, :val1565, :val1566, :val1567, :val1568, :val1569, :val1570, :val1571, :val1572, :val1573, :val1574, :val1575, :val1576, :val1577, :val1578, :val1579, :val1580, :val1581, :val1582, :val1583, :val1584, :val1585, :val1586, :val1587, :val1588, :val1589, :val1590, :val1591, :val1592, :val1593, :val1594, :val1595, :val1596, :val1597, :val1598, :val1599, :val1600, :val1601, :val1602, :val1603, :val1604, :val1605, :val1606, :val1607, :val1608, :val1609, :val1610, :val1611, :val1612, :val1613, :val1614, :val1615, :val1616, :val1617, :val1618, :val1619, :val1620, :val1621, :val1622, :val1623, :val1624, :val1625, :val1626, :val1627, :val1628, :val1629, :val1630, :val1631, :val1632, :val1633, :val1634, :val1635, :val1636, :val1637, :val1638, :val1639, :val1640, :val1641, :val1642, :val1643, :val1644, :val1645, :val1646, :val1647, :val1648, :val1649, :val1650, :val1651, :val1652, :val1653, :val1654, :val1655, :val1656, :val1657, :val1658, :val1659, :val1660, :val1661, :val1662, :val1663, :val1664, :val1665, :val1666, :val1667, :val1668, :val1669, :val1670, :val1671, :val1672, :val1673, :val1674, :val1675, :val1676, :val1677, :val1678, :val1679, :val1680, :val1681, :val1682, :val1683, :val1684, :val1685, :val1686, :val1687, :val1688, :val1689, :val1690, :val1691, :val1692, :val1693, :val1694, :val1695, :val1696, :val1697, :val1698, :val1699, :val1700, :val1701, :val1702, :val1703, :val1704, :val1705, :val1706, :val1707, :val1708, :val1709, :val1710, :val1711, :val1712, :val1713, :val1714, :val1715, :val1716, :val1717, :val1718, :val1719, :val1720, :val1721, :val1722, :val1723, :val1724, :val1725, :val1726, :val1727, :val1728, :val1729, :val1730, :val1731, :val1732, :val1733, :val1734, :val1735, :val1736, :val1737, :val1738, :val1739, :val1740, :val1741, :val1742, :val1743, :val1744, :val1745, :val1746, :val1747, :val1748, :val1749, :val1750, :val1751, :val1752, :val1753, :val1754, :val1755, :val1756, :val1757, :val1758, :val1759, :val1760, :val1761, :val1762, :val1763, :val1764, :val1765, :val1766, :val1767, :val1768, :val1769, :val1770, :val1771, :val1772, :val1773, :val1774, :val1775, :val1776, :val1777, :val1778, :val1779, :val1780, :val1781, :val1782, :val1783, :val1784, :val1785, :val1786, :val1787, :val1788, :val1789, :val1790, :val1791, :val1792, :val1793, :val1794, :val1795, :val1796, :val1797, :val1798, :val1799, :val1800, :val1801, :val1802, :val1803, :val1804, :val1805, :val1806, :val1807, :val1808, :val1809, :val1810, :val1811, :val1812, :val1813, :val1814, :val1815, :val1816, :val1817, :val1818, :val1819, :val1820, :val1821, :val1822, :val1823, :val1824, :val1825, :val1826, :val1827, :val1828, :val1829, :val1830, :val1831, :val1832, :val1833, :val1834, :val1835, :val1836, :val1837, :val1838, :val1839, :val1840, :val1841, :val1842, :val1843, :val1844, :val1845, :val1846, :val1847, :val1848, :val1849, :val1850, :val1851, :val1852, :val1853, :val1854, :val1855, :val1856, :val1857, :val1858, :val1859, :val1860, :val1861, :val1862, :val1863, :val1864, :val1865, :val1866, :val1867, :val1868, :val1869, :val1870, :val1871, :val1872, :val1873, :val1874, :val1875, :val1876, :val1877, :val1878, :val1879, :val1880, :val1881, :val1882, :val1883, :val1884, :val1885, :val1886, :val1887, :val1888, :val1889, :val1890, :val1891, :val1892, :val1893, :val1894, :val1895, :val1896, :val1897, :val1898, :val1899, :val1900, :val1901, :val1902, :val1903, :val1904, :val1905, :val1906, :val1907, :val1908, :val1909, :val1910, :val1911, :val1912, :val1913, :val1914, :val1915, :val1916, :val1917, :val1918, :val1919, :val1920, :val1921, :val1922, :val1923, :val1924, :val1925, :val1926, :val1927, :val1928, :val1929, :val1930, :val1931, :val1932, :val1933, :val1934, :val1935, :val1936, :val1937, :val1938, :val1939, :val1940, :val1941, :val1942, :val1943, :val1944, :val1945, :val1946, :val1947, :val1948, :val1949, :val1950, :val1951, :val1952, :val1953, :val1954, :val1955, :val1956, :val1957, :val1958, :val1959, :val1960, :val1961, :val1962, :val1963, :val1964, :val1965, :val1966, :val1967, :val1968, :val1969, :val1970, :val1971, :val1972, :val1973, :val1974, :val1975, :val1976, :val1977, :val1978, :val1979, :val1980, :val1981, :val1982, :val1983, :val1984, :val1985, :val1986, :val1987, :val1988, :val1989, :val1990, :val1991, :val1992, :val1993, :val1994, :val1995, :val1996, :val1997, :val1998, :val1999, :val2000, :val2001, :val2002, :val2003, :val2004, :val2005, :val2006, :val2007, :val2008, :val2009, :val2010, :val2011, :val2012, :val2013, :val2014, :val2015, :val2016, :val2017, :val2018, :val2019, :val2020, :val2021, :val2022, :val2023, :val2024, :val2025, :val2026, :val2027, :val2028, :val2029, :val2030, :val2031, :val2032, :val2033, :val2034, :val2035, :val2036, :val2037, :val2038, :val2039, :val2040, :val2041, :val2042, :val2043, :val2044, :val2045, :val2046, :val2047, :val2048, :val2049, :val2050, :val2051, :val2052, :val2053, :val2054, :val2055, :val2056, :val2057, :val2058, :val2059, :val2060, :val2061, :val2062, :val2063, :val2064, :val2065, :val2066, :val2067, :val2068, :val2069, :val2070, :val2071, :val2072, :val2073, :val2074, :val2075, :val2076, :val2077, :val2078, :val2079, :val2080, :val2081, :val2082, :val2083, :val2084, :val2085, :val2086, :val2087, :val2088, :val2089, :val2090, :val2091, :val2092, :val2093, :val2094, :val2095, :val2096, :val2097, :val2098, :val2099, :val2100, :val2101, :val2102, :val2103, :val2104, :val2105, :val2106, :val2107, :val2108, :val2109, :val2110, :val2111, :val2112, :val2113, :val2114, :val2115, :val2116, :val2117, :val2118, :val2119, :val2120, :val2121, :val2122, :val2123, :val2124, :val2125, :val2126, :val2127, :val2128, :val2129, :val2130, :val2131, :val2132, :val2133, :val2134, :val2135, :val2136, :val2137, :val2138, :val2139, :val2140, :val2141, :val2142, :val2143, :val2144, :val2145, :val2146, :val2147, :val2148, :val2149, :val2150, :val2151, :val2152, :val2153, :val2154, :val2155, :val2156, :val2157, :val2158, :val2159, :val2160, :val2161, :val2162, :val2163, :val2164, :val2165, :val2166, :val2167, :val2168, :val2169, :val2170, :val2171, :val2172, :val2173, :val2174, :val2175, :val2176, :val2177, :val2178, :val2179, :val2180, :val2181, :val2182, :val2183, :val2184, :val2185, :val2186, :val2187, :val2188, :val2189, :val2190, :val2191, :val2192, :val2193, :val2194, :val2195, :val2196, :val2197, :val2198, :val2199, :val2200, :val2201, :val2202, :val2203, :val2204, :val2205, :val2206, :val2207, :val2208, :val2209, :val2210, :val2211, :val2212, :val2213, :val2214, :val2215, :val2216, :val2217, :val2218, :val2219, :val2220, :val2221, :val2222, :val2223, :val2224, :val2225, :val2226, :val2227, :val2228, :val2229, :val2230, :val2231, :val2232, :val2233, :val2234, :val2235, :val2236, :val2237, :val2238, :val2239, :val2240, :val2241, :val2242, :val2243, :val2244, :val2245, :val2246, :val2247, :val2248, :val2249, :val2250, :val2251, :val2252, :val2253, :val2254, :val2255, :val2256, :val2257, :val2258, :val2259, :val2260, :val2261, :val2262, :val2263, :val2264, :val2265, :val2266, :val2267, :val2268, :val2269, :val2270, :val2271, :val2272, :val2273, :val2274, :val2275, :val2276, :val2277, :val2278, :val2279, :val2280, :val2281, :val2282, :val2283, :val2284, :val2285, :val2286, :val2287, :val2288, :val2289, :val2290, :val2291, :val2292, :val2293, :val2294, :val2295, :val2296, :val2297, :val2298, :val2299, :val2300, :val2301, :val2302, :val2303, :val2304, :val2305, :val2306, :val2307, :val2308, :val2309, :val2310, :val2311, :val2312, :val2313, :val2314, :val2315, :val2316, :val2317, :val2318, :val2319, :val2320, :val2321, :val2322, :val2323, :val2324, :val2325, :val2326, :val2327, :val2328, :val2329, :val2330, :val2331, :val2332, :val2333, :val2334, :val2335, :val2336, :val2337, :val2338, :val2339, :val2340, :val2341, :val2342, :val2343, :val2344, :val2345, :val2346, :val2347, :val2348, :val2349, :val2350, :val2351, :val2352, :val2353, :val2354, :val2355, :val2356, :val2357, :val2358, :val2359, :val2360, :val2361, :val2362, :val2363, :val2364, :val2365, :val2366, :val2367, :val2368, :val2369, :val2370, :val2371, :val2372, :val2373, :val2374, :val2375, :val2376, :val2377, :val2378, :val2379, :val2380, :val2381, :val2382, :val2383, :val2384, :val2385, :val2386, :val2387, :val2388, :val2389, :val2390, :val2391, :val2392, :val2393, :val2394, :val2395, :val2396, :val2397, :val2398, :val2399, :val2400, :val2401, :val2402, :val2403, :val2404, :val2405, :val2406, :val2407, :val2408, :val2409, :val2410, :val2411, :val2412, :val2413, :val2414, :val2415, :val2416, :val2417, :val2418, :val2419, :val2420, :val2421, :val2422, :val2423, :val2424, :val2425, :val2426, :val2427, :val2428, :val2429, :val2430, :val2431, :val2432, :val2433, :val2434, :val2435, :val2436, :val2437, :val2438, :val2439, :val2440, :val2441, :val2442, :val2443, :val2444, :val2445, :val2446, :val2447, :val2448, :val2449, :val2450, :val2451, :val2452, :val2453, :val2454, :val2455, :val2456, :val2457, :val2458, :val2459, :val2460, :val2461, :val2462, :val2463, :val2464, :val2465, :val2466, :val2467, :val2468, :val2469, :val2470, :val2471, :val2472, :val2473, :val2474, :val2475, :val2476, :val2477, :val2478, :val2479, :val2480, :val2481, :val2482, :val2483, :val2484, :val2485, :val2486, :val2487, :val2488, :val2489, :val2490, :val2491, :val2492, :val2493, :val2494, :val2495, :val2496, :val2497, :val2498, :val2499, :val2500, :val2501, :val2502, :val2503, :val2504, :val2505, :val2506, :val2507, :val2508, :val2509, :val2510, :val2511, :val2512, :val2513, :val2514, :val2515, :val2516, :val2517, :val2518, :val2519, :val2520, :val2521, :val2522, :val2523, :val2524, :val2525, :val2526, :val2527, :val2528, :val2529, :val2530, :val2531, :val2532, :val2533, :val2534, :val2535, :val2536, :val2537, :val2538, :val2539, :val2540, :val2541, :val2542, :val2543, :val2544, :val2545, :val2546, :val2547, :val2548, :val2549, :val2550, :val2551, :val2552, :val2553, :val2554, :val2555, :val2556, :val2557, :val2558, :val2559, :val2560, :val2561, :val2562, :val2563, :val2564, :val2565, :val2566, :val2567, :val2568, :val2569, :val2570, :val2571, :val2572, :val2573, :val2574, :val2575, :val2576, :val2577, :val2578, :val2579, :val2580, :val2581, :val2582, :val2583, :val2584, :val2585, :val2586, :val2587, :val2588, :val2589, :val2590, :val2591, :val2592, :val2593, :val2594, :val2595, :val2596, :val2597, :val2598, :val2599, :val2600, :val2601, :val2602, :val2603, :val2604, :val2605, :val2606, :val2607, :val2608, :val2609, :val2610, :val2611, :val2612, :val2613, :val2614, :val2615, :val2616, :val2617, :val2618, :val2619, :val2620, :val2621, :val2622, :val2623, :val2624, :val2625, :val2626, :val2627, :val2628, :val2629, :val2630, :val2631, :val2632, :val2633, :val2634, :val2635, :val2636, :val2637, :val2638, :val2639, :val2640, :val2641, :val2642, :val2643, :val2644, :val2645, :val2646, :val2647, :val2648, :val2649, :val2650, :val2651, :val2652, :val2653, :val2654, :val2655, :val2656, :val2657, :val2658, :val2659, :val2660, :val2661, :val2662, :val2663, :val2664, :val2665, :val2666, :val2667, :val2668, :val2669, :val2670, :val2671, :val2672, :val2673, :val2674, :val2675, :val2676, :val2677, :val2678, :val2679, :val2680, :val2681, :val2682, :val2683, :val2684, :val2685, :val2686, :val2687, :val2688, :val2689, :val2690, :val2691, :val2692, :val2693, :val2694, :val2695, :val2696, :val2697, :val2698, :val2699, :val2700, :val2701, :val2702, :val2703, :val2704, :val2705, :val2706, :val2707, :val2708, :val2709, :val2710, :val2711, :val2712, :val2713, :val2714, :val2715, :val2716, :val2717, :val2718, :val2719, :val2720, :val2721, :val2722, :val2723, :val2724, :val2725, :val2726, :val2727, :val2728, :val2729, :val2730, :val2731, :val2732, :val2733, :val2734, :val2735, :val2736, :val2737, :val2738, :val2739, :val2740, :val2741, :val2742, :val2743, :val2744, :val2745, :val2746, :val2747, :val2748, :val2749, :val2750, :val2751, :val2752, :val2753, :val2754, :val2755, :val2756, :val2757, :val2758, :val2759, :val2760, :val2761, :val2762, :val2763, :val2764, :val2765, :val2766, :val2767, :val2768, :val2769, :val2770, :val2771, :val2772, :val2773, :val2774, :val2775, :val2776, :val2777, :val2778, :val2779, :val2780, :val2781, :val2782, :val2783, :val2784, :val2785, :val2786, :val2787, :val2788, :val2789, :val2790, :val2791, :val2792, :val2793, :val2794, :val2795, :val2796, :val2797, :val2798, :val2799, :val2800, :val2801, :val2802, :val2803, :val2804, :val2805, :val2806, :val2807, :val2808, :val2809, :val2810, :val2811, :val2812, :val2813, :val2814, :val2815, :val2816, :val2817, :val2818, :val2819, :val2820, :val2821, :val2822, :val2823, :val2824, :val2825, :val2826, :val2827, :val2828, :val2829, :val2830, :val2831, :val2832, :val2833, :val2834, :val2835, :val2836, :val2837, :val2838, :val2839, :val2840, :val2841, :val2842, :val2843, :val2844, :val2845, :val2846, :val2847, :val2848, :val2849, :val2850, :val2851, :val2852, :val2853, :val2854, :val2855, :val2856, :val2857, :val2858, :val2859, :val2860, :val2861, :val2862, :val2863, :val2864, :val2865, :val2866, :val2867, :val2868, :val2869, :val2870, :val2871, :val2872, :val2873, :val2874, :val2875, :val2876, :val2877, :val2878, :val2879, :val2880, :val2881, :val2882, :val2883, :val2884, :val2885, :val2886, :val2887, :val2888, :val2889, :val2890, :val2891, :val2892, :val2893, :val2894, :val2895, :val2896, :val2897, :val2898, :val2899, :val2900, :val2901, :val2902, :val2903, :val2904, :val2905, :val2906, :val2907, :val2908, :val2909, :val2910, :val2911, :val2912, :val2913, :val2914, :val2915, :val2916, :val2917, :val2918, :val2919, :val2920, :val2921, :val2922, :val2923, :val2924, :val2925, :val2926, :val2927, :val2928, :val2929, :val2930, :val2931, :val2932, :val2933, :val2934, :val2935, :val2936, :val2937, :val2938, :val2939, :val2940, :val2941, :val2942, :val2943, :val2944, :val2945, :val2946, :val2947, :val2948, :val2949, :val2950, :val2951, :val2952, :val2953, :val2954, :val2955, :val2956, :val2957, :val2958, :val2959, :val2960, :val2961, :val2962, :val2963, :val2964, :val2965, :val2966, :val2967, :val2968, :val2969, :val2970, :val2971, :val2972, :val2973, :val2974, :val2975, :val2976, :val2977, :val2978, :val2979, :val2980, :val2981, :val2982, :val2983, :val2984, :val2985, :val2986, :val2987, :val2988, :val2989, :val2990, :val2991, :val2992, :val2993, :val2994, :val2995, :val2996, :val2997, :val2998, :val2999, :val3000, :val3001, :val3002, :val3003, :val3004, :val3005, :val3006, :val3007, :val3008, :val3009, :val3010, :val3011, :val3012, :val3013, :val3014, :val3015, :val3016, :val3017, :val3018, :val3019, :val3020, :val3021, :val3022, :val3023, :val3024, :val3025, :val3026, :val3027, :val3028, :val3029, :val3030, :val3031, :val3032, :val3033, :val3034, :val3035, :val3036, :val3037, :val3038, :val3039, :val3040, :val3041, :val3042, :val3043, :val3044, :val3045, :val3046, :val3047, :val3048, :val3049, :val3050, :val3051, :val3052, :val3053, :val3054, :val3055, :val3056, :val3057, :val3058, :val3059, :val3060, :val3061, :val3062, :val3063, :val3064, :val3065, :val3066, :val3067, :val3068, :val3069, :val3070, :val3071, :val3072, :val3073, :val3074, :val3075, :val3076, :val3077, :val3078, :val3079, :val3080, :val3081, :val3082, :val3083, :val3084, :val3085, :val3086, :val3087, :val3088, :val3089, :val3090, :val3091, :val3092, :val3093, :val3094, :val3095, :val3096, :val3097, :val3098, :val3099, :val3100, :val3101, :val3102, :val3103, :val3104, :val3105, :val3106, :val3107, :val3108, :val3109, :val3110, :val3111, :val3112, :val3113, :val3114, :val3115, :val3116, :val3117, :val3118, :val3119, :val3120, :val3121, :val3122, :val3123, :val3124, :val3125, :val3126, :val3127, :val3128, :val3129, :val3130, :val3131, :val3132, :val3133, :val3134, :val3135, :val3136, :val3137, :val3138, :val3139, :val3140, :val3141, :val3142, :val3143, :val3144, :val3145, :val3146, :val3147, :val3148, :val3149, :val3150, :val3151, :val3152) AND `工单类型` = '咨询类' GROUP BY `诉求区域` ORDER BY `数量` DESC LIMIT 5000;
2025-06-02 10:07:24,914 ChatBI->     INFO     sql 语句：SELECT * FROM shanghai WHERE  `内容描述` IN (:val0, :val1, :val2, :val3, :val4, :val5, :val6, :val7, :val8, :val9, :val10, :val11, :val12, :val13, :val14, :val15, :val16, :val17, :val18, :val19, :val20, :val21, :val22, :val23, :val24, :val25, :val26, :val27, :val28, :val29, :val30, :val31, :val32, :val33, :val34, :val35, :val36, :val37, :val38, :val39, :val40, :val41, :val42, :val43, :val44, :val45, :val46, :val47, :val48, :val49, :val50, :val51, :val52, :val53, :val54, :val55, :val56, :val57, :val58, :val59, :val60, :val61, :val62, :val63, :val64, :val65, :val66, :val67, :val68, :val69, :val70, :val71, :val72, :val73, :val74, :val75, :val76, :val77, :val78, :val79, :val80, :val81, :val82, :val83, :val84, :val85, :val86, :val87, :val88, :val89, :val90, :val91, :val92, :val93, :val94, :val95, :val96, :val97, :val98, :val99, :val100, :val101, :val102, :val103, :val104, :val105, :val106, :val107, :val108, :val109, :val110, :val111, :val112, :val113, :val114, :val115, :val116, :val117, :val118, :val119, :val120, :val121, :val122, :val123, :val124, :val125, :val126, :val127, :val128, :val129, :val130, :val131, :val132, :val133, :val134, :val135, :val136, :val137, :val138, :val139, :val140, :val141, :val142, :val143, :val144, :val145, :val146, :val147, :val148, :val149, :val150, :val151, :val152, :val153, :val154, :val155, :val156, :val157, :val158, :val159, :val160, :val161, :val162, :val163, :val164, :val165, :val166, :val167, :val168, :val169, :val170, :val171, :val172, :val173, :val174, :val175, :val176, :val177, :val178, :val179, :val180, :val181, :val182, :val183, :val184, :val185, :val186, :val187, :val188, :val189, :val190, :val191, :val192, :val193, :val194, :val195, :val196, :val197, :val198, :val199, :val200, :val201, :val202, :val203, :val204, :val205, :val206, :val207, :val208, :val209, :val210, :val211, :val212, :val213, :val214, :val215, :val216, :val217, :val218, :val219, :val220, :val221, :val222, :val223, :val224, :val225, :val226, :val227, :val228, :val229, :val230, :val231, :val232, :val233, :val234, :val235, :val236, :val237, :val238, :val239, :val240, :val241, :val242, :val243, :val244, :val245, :val246, :val247, :val248, :val249, :val250, :val251, :val252, :val253, :val254, :val255, :val256, :val257, :val258, :val259, :val260, :val261, :val262, :val263, :val264, :val265, :val266, :val267, :val268, :val269, :val270, :val271, :val272, :val273, :val274, :val275, :val276, :val277, :val278, :val279, :val280, :val281, :val282, :val283, :val284, :val285, :val286, :val287, :val288, :val289, :val290, :val291, :val292, :val293, :val294, :val295, :val296, :val297, :val298, :val299, :val300, :val301, :val302, :val303, :val304, :val305, :val306, :val307, :val308, :val309, :val310, :val311, :val312, :val313, :val314, :val315, :val316, :val317, :val318, :val319, :val320, :val321, :val322, :val323, :val324, :val325, :val326, :val327, :val328, :val329, :val330, :val331, :val332, :val333, :val334, :val335, :val336, :val337, :val338, :val339, :val340, :val341, :val342, :val343, :val344, :val345, :val346, :val347, :val348, :val349, :val350, :val351, :val352, :val353, :val354, :val355, :val356, :val357, :val358, :val359, :val360, :val361, :val362, :val363, :val364, :val365, :val366, :val367, :val368, :val369, :val370, :val371, :val372, :val373, :val374, :val375, :val376, :val377, :val378, :val379, :val380, :val381, :val382, :val383, :val384, :val385, :val386, :val387, :val388, :val389, :val390, :val391, :val392, :val393, :val394, :val395, :val396, :val397, :val398, :val399, :val400, :val401, :val402, :val403, :val404, :val405, :val406, :val407, :val408, :val409, :val410, :val411, :val412, :val413, :val414, :val415, :val416, :val417, :val418, :val419, :val420, :val421, :val422, :val423, :val424, :val425, :val426, :val427, :val428, :val429, :val430, :val431, :val432, :val433, :val434, :val435, :val436, :val437, :val438, :val439, :val440, :val441, :val442, :val443, :val444, :val445, :val446, :val447, :val448, :val449, :val450, :val451, :val452, :val453, :val454, :val455, :val456, :val457, :val458, :val459, :val460, :val461, :val462, :val463, :val464, :val465, :val466, :val467, :val468, :val469, :val470, :val471, :val472, :val473, :val474, :val475, :val476, :val477, :val478, :val479, :val480, :val481, :val482, :val483, :val484, :val485, :val486, :val487, :val488, :val489, :val490, :val491, :val492, :val493, :val494, :val495, :val496, :val497, :val498, :val499, :val500, :val501, :val502, :val503, :val504, :val505, :val506, :val507, :val508, :val509, :val510, :val511, :val512, :val513, :val514, :val515, :val516, :val517, :val518, :val519, :val520, :val521, :val522, :val523, :val524, :val525, :val526, :val527, :val528, :val529, :val530, :val531, :val532, :val533, :val534, :val535, :val536, :val537, :val538, :val539, :val540, :val541, :val542, :val543, :val544, :val545, :val546, :val547, :val548, :val549, :val550, :val551, :val552, :val553, :val554, :val555, :val556, :val557, :val558, :val559, :val560, :val561, :val562, :val563, :val564, :val565, :val566, :val567, :val568, :val569, :val570, :val571, :val572, :val573, :val574, :val575, :val576, :val577, :val578, :val579, :val580, :val581, :val582, :val583, :val584, :val585, :val586, :val587, :val588, :val589, :val590, :val591, :val592, :val593, :val594, :val595, :val596, :val597, :val598, :val599, :val600, :val601, :val602, :val603, :val604, :val605, :val606, :val607, :val608, :val609, :val610, :val611, :val612, :val613, :val614, :val615, :val616, :val617, :val618, :val619, :val620, :val621, :val622, :val623, :val624, :val625, :val626, :val627, :val628, :val629, :val630, :val631, :val632, :val633, :val634, :val635, :val636, :val637, :val638, :val639, :val640, :val641, :val642, :val643, :val644, :val645, :val646, :val647, :val648, :val649, :val650, :val651, :val652, :val653, :val654, :val655, :val656, :val657, :val658, :val659, :val660, :val661, :val662, :val663, :val664, :val665, :val666, :val667, :val668, :val669, :val670, :val671, :val672, :val673, :val674, :val675, :val676, :val677, :val678, :val679, :val680, :val681, :val682, :val683, :val684, :val685, :val686, :val687, :val688, :val689, :val690, :val691, :val692, :val693, :val694, :val695, :val696, :val697, :val698, :val699, :val700, :val701, :val702, :val703, :val704, :val705, :val706, :val707, :val708, :val709, :val710, :val711, :val712, :val713, :val714, :val715, :val716, :val717, :val718, :val719, :val720, :val721, :val722, :val723, :val724, :val725, :val726, :val727, :val728, :val729, :val730, :val731, :val732, :val733, :val734, :val735, :val736, :val737, :val738, :val739, :val740, :val741, :val742, :val743, :val744, :val745, :val746, :val747, :val748, :val749, :val750, :val751, :val752, :val753, :val754, :val755, :val756, :val757, :val758, :val759, :val760, :val761, :val762, :val763, :val764, :val765, :val766, :val767, :val768, :val769, :val770, :val771, :val772, :val773, :val774, :val775, :val776, :val777, :val778, :val779, :val780, :val781, :val782, :val783, :val784, :val785, :val786, :val787, :val788, :val789, :val790, :val791, :val792, :val793, :val794, :val795, :val796, :val797, :val798, :val799, :val800, :val801, :val802, :val803, :val804, :val805, :val806, :val807, :val808, :val809, :val810, :val811, :val812, :val813, :val814, :val815, :val816, :val817, :val818, :val819, :val820, :val821, :val822, :val823, :val824, :val825, :val826, :val827, :val828, :val829, :val830, :val831, :val832, :val833, :val834, :val835, :val836, :val837, :val838, :val839, :val840, :val841, :val842, :val843, :val844, :val845, :val846, :val847, :val848, :val849, :val850, :val851, :val852, :val853, :val854, :val855, :val856, :val857, :val858, :val859, :val860, :val861, :val862, :val863, :val864, :val865, :val866, :val867, :val868, :val869, :val870, :val871, :val872, :val873, :val874, :val875, :val876, :val877, :val878, :val879, :val880, :val881, :val882, :val883, :val884, :val885, :val886, :val887, :val888, :val889, :val890, :val891, :val892, :val893, :val894, :val895, :val896, :val897, :val898, :val899, :val900, :val901, :val902, :val903, :val904, :val905, :val906, :val907, :val908, :val909, :val910, :val911, :val912, :val913, :val914, :val915, :val916, :val917, :val918, :val919, :val920, :val921, :val922, :val923, :val924, :val925, :val926, :val927, :val928, :val929, :val930, :val931, :val932, :val933, :val934, :val935, :val936, :val937, :val938, :val939, :val940, :val941, :val942, :val943, :val944, :val945, :val946, :val947, :val948, :val949, :val950, :val951, :val952, :val953, :val954, :val955, :val956, :val957, :val958, :val959, :val960, :val961, :val962, :val963, :val964, :val965, :val966, :val967, :val968, :val969, :val970, :val971, :val972, :val973, :val974, :val975, :val976, :val977, :val978, :val979, :val980, :val981, :val982, :val983, :val984, :val985, :val986, :val987, :val988, :val989, :val990, :val991, :val992, :val993, :val994, :val995, :val996, :val997, :val998, :val999, :val1000, :val1001, :val1002, :val1003, :val1004, :val1005, :val1006, :val1007, :val1008, :val1009, :val1010, :val1011, :val1012, :val1013, :val1014, :val1015, :val1016, :val1017, :val1018, :val1019, :val1020, :val1021, :val1022, :val1023, :val1024, :val1025, :val1026, :val1027, :val1028, :val1029, :val1030, :val1031, :val1032, :val1033, :val1034, :val1035, :val1036, :val1037, :val1038, :val1039, :val1040, :val1041, :val1042, :val1043, :val1044, :val1045, :val1046, :val1047, :val1048, :val1049, :val1050, :val1051, :val1052, :val1053, :val1054, :val1055, :val1056, :val1057, :val1058, :val1059, :val1060, :val1061, :val1062, :val1063, :val1064, :val1065, :val1066, :val1067, :val1068, :val1069, :val1070, :val1071, :val1072, :val1073, :val1074, :val1075, :val1076, :val1077, :val1078, :val1079, :val1080, :val1081, :val1082, :val1083, :val1084, :val1085, :val1086, :val1087, :val1088, :val1089, :val1090, :val1091, :val1092, :val1093, :val1094, :val1095, :val1096, :val1097, :val1098, :val1099, :val1100, :val1101, :val1102, :val1103, :val1104, :val1105, :val1106, :val1107, :val1108, :val1109, :val1110, :val1111, :val1112, :val1113, :val1114, :val1115, :val1116, :val1117, :val1118, :val1119, :val1120, :val1121, :val1122, :val1123, :val1124, :val1125, :val1126, :val1127, :val1128, :val1129, :val1130, :val1131, :val1132, :val1133, :val1134, :val1135, :val1136, :val1137, :val1138, :val1139, :val1140, :val1141, :val1142, :val1143, :val1144, :val1145, :val1146, :val1147, :val1148, :val1149, :val1150, :val1151, :val1152, :val1153, :val1154, :val1155, :val1156, :val1157, :val1158, :val1159, :val1160, :val1161, :val1162, :val1163, :val1164, :val1165, :val1166, :val1167, :val1168, :val1169, :val1170, :val1171, :val1172, :val1173, :val1174, :val1175, :val1176, :val1177, :val1178, :val1179, :val1180, :val1181, :val1182, :val1183, :val1184, :val1185, :val1186, :val1187, :val1188, :val1189, :val1190, :val1191, :val1192, :val1193, :val1194, :val1195, :val1196, :val1197, :val1198, :val1199, :val1200, :val1201, :val1202, :val1203, :val1204, :val1205, :val1206, :val1207, :val1208, :val1209, :val1210, :val1211, :val1212, :val1213, :val1214, :val1215, :val1216, :val1217, :val1218, :val1219, :val1220, :val1221, :val1222, :val1223, :val1224, :val1225, :val1226, :val1227, :val1228, :val1229, :val1230, :val1231, :val1232, :val1233, :val1234, :val1235, :val1236, :val1237, :val1238, :val1239, :val1240, :val1241, :val1242, :val1243, :val1244, :val1245, :val1246, :val1247, :val1248, :val1249, :val1250, :val1251, :val1252, :val1253, :val1254, :val1255, :val1256, :val1257, :val1258, :val1259, :val1260, :val1261, :val1262, :val1263, :val1264, :val1265, :val1266, :val1267, :val1268, :val1269, :val1270, :val1271, :val1272, :val1273, :val1274, :val1275, :val1276, :val1277, :val1278, :val1279, :val1280, :val1281, :val1282, :val1283, :val1284, :val1285, :val1286, :val1287, :val1288, :val1289, :val1290, :val1291, :val1292, :val1293, :val1294, :val1295, :val1296, :val1297, :val1298, :val1299, :val1300, :val1301, :val1302, :val1303, :val1304, :val1305, :val1306, :val1307, :val1308, :val1309, :val1310, :val1311, :val1312, :val1313, :val1314, :val1315, :val1316, :val1317, :val1318, :val1319, :val1320, :val1321, :val1322, :val1323, :val1324, :val1325, :val1326, :val1327, :val1328, :val1329, :val1330, :val1331, :val1332, :val1333, :val1334, :val1335, :val1336, :val1337, :val1338, :val1339, :val1340, :val1341, :val1342, :val1343, :val1344, :val1345, :val1346, :val1347, :val1348, :val1349, :val1350, :val1351, :val1352, :val1353, :val1354, :val1355, :val1356, :val1357, :val1358, :val1359, :val1360, :val1361, :val1362, :val1363, :val1364, :val1365, :val1366, :val1367, :val1368, :val1369, :val1370, :val1371, :val1372, :val1373, :val1374, :val1375, :val1376, :val1377, :val1378, :val1379, :val1380, :val1381, :val1382, :val1383, :val1384, :val1385, :val1386, :val1387, :val1388, :val1389, :val1390, :val1391, :val1392, :val1393, :val1394, :val1395, :val1396, :val1397, :val1398, :val1399, :val1400, :val1401, :val1402, :val1403, :val1404, :val1405, :val1406, :val1407, :val1408, :val1409, :val1410, :val1411, :val1412, :val1413, :val1414, :val1415, :val1416, :val1417, :val1418, :val1419, :val1420, :val1421, :val1422, :val1423, :val1424, :val1425, :val1426, :val1427, :val1428, :val1429, :val1430, :val1431, :val1432, :val1433, :val1434, :val1435, :val1436, :val1437, :val1438, :val1439, :val1440, :val1441, :val1442, :val1443, :val1444, :val1445, :val1446, :val1447, :val1448, :val1449, :val1450, :val1451, :val1452, :val1453, :val1454, :val1455, :val1456, :val1457, :val1458, :val1459, :val1460, :val1461, :val1462, :val1463, :val1464, :val1465, :val1466, :val1467, :val1468, :val1469, :val1470, :val1471, :val1472, :val1473, :val1474, :val1475, :val1476, :val1477, :val1478, :val1479, :val1480, :val1481, :val1482, :val1483, :val1484, :val1485, :val1486, :val1487, :val1488, :val1489, :val1490, :val1491, :val1492, :val1493, :val1494, :val1495, :val1496, :val1497, :val1498, :val1499, :val1500, :val1501, :val1502, :val1503, :val1504, :val1505, :val1506, :val1507, :val1508, :val1509, :val1510, :val1511, :val1512, :val1513, :val1514, :val1515, :val1516, :val1517, :val1518, :val1519, :val1520, :val1521, :val1522, :val1523, :val1524, :val1525, :val1526, :val1527, :val1528, :val1529, :val1530, :val1531, :val1532, :val1533, :val1534, :val1535, :val1536, :val1537, :val1538, :val1539, :val1540, :val1541, :val1542, :val1543, :val1544, :val1545, :val1546, :val1547, :val1548, :val1549, :val1550, :val1551, :val1552, :val1553, :val1554, :val1555, :val1556, :val1557, :val1558, :val1559, :val1560, :val1561, :val1562, :val1563, :val1564, :val1565, :val1566, :val1567, :val1568, :val1569, :val1570, :val1571, :val1572, :val1573, :val1574, :val1575, :val1576, :val1577, :val1578, :val1579, :val1580, :val1581, :val1582, :val1583, :val1584, :val1585, :val1586, :val1587, :val1588, :val1589, :val1590, :val1591, :val1592, :val1593, :val1594, :val1595, :val1596, :val1597, :val1598, :val1599, :val1600, :val1601, :val1602, :val1603, :val1604, :val1605, :val1606, :val1607, :val1608, :val1609, :val1610, :val1611, :val1612, :val1613, :val1614, :val1615, :val1616, :val1617, :val1618, :val1619, :val1620, :val1621, :val1622, :val1623, :val1624, :val1625, :val1626, :val1627, :val1628, :val1629, :val1630, :val1631, :val1632, :val1633, :val1634, :val1635, :val1636, :val1637, :val1638, :val1639, :val1640, :val1641, :val1642, :val1643, :val1644, :val1645, :val1646, :val1647, :val1648, :val1649, :val1650, :val1651, :val1652, :val1653, :val1654, :val1655, :val1656, :val1657, :val1658, :val1659, :val1660, :val1661, :val1662, :val1663, :val1664, :val1665, :val1666, :val1667, :val1668, :val1669, :val1670, :val1671, :val1672, :val1673, :val1674, :val1675, :val1676, :val1677, :val1678, :val1679, :val1680, :val1681, :val1682, :val1683, :val1684, :val1685, :val1686, :val1687, :val1688, :val1689, :val1690, :val1691, :val1692, :val1693, :val1694, :val1695, :val1696, :val1697, :val1698, :val1699, :val1700, :val1701, :val1702, :val1703, :val1704, :val1705, :val1706, :val1707, :val1708, :val1709, :val1710, :val1711, :val1712, :val1713, :val1714, :val1715, :val1716, :val1717, :val1718, :val1719, :val1720, :val1721, :val1722, :val1723, :val1724, :val1725, :val1726, :val1727, :val1728, :val1729, :val1730, :val1731, :val1732, :val1733, :val1734, :val1735, :val1736, :val1737, :val1738, :val1739, :val1740, :val1741, :val1742, :val1743, :val1744, :val1745, :val1746, :val1747, :val1748, :val1749, :val1750, :val1751, :val1752, :val1753, :val1754, :val1755, :val1756, :val1757, :val1758, :val1759, :val1760, :val1761, :val1762, :val1763, :val1764, :val1765, :val1766, :val1767, :val1768, :val1769, :val1770, :val1771, :val1772, :val1773, :val1774, :val1775, :val1776, :val1777, :val1778, :val1779, :val1780, :val1781, :val1782, :val1783, :val1784, :val1785, :val1786, :val1787, :val1788, :val1789, :val1790, :val1791, :val1792, :val1793, :val1794, :val1795, :val1796, :val1797, :val1798, :val1799, :val1800, :val1801, :val1802, :val1803, :val1804, :val1805, :val1806, :val1807, :val1808, :val1809, :val1810, :val1811, :val1812, :val1813, :val1814, :val1815, :val1816, :val1817, :val1818, :val1819, :val1820, :val1821, :val1822, :val1823, :val1824, :val1825, :val1826, :val1827, :val1828, :val1829, :val1830, :val1831, :val1832, :val1833, :val1834, :val1835, :val1836, :val1837, :val1838, :val1839, :val1840, :val1841, :val1842, :val1843, :val1844, :val1845, :val1846, :val1847, :val1848, :val1849, :val1850, :val1851, :val1852, :val1853, :val1854, :val1855, :val1856, :val1857, :val1858, :val1859, :val1860, :val1861, :val1862, :val1863, :val1864, :val1865, :val1866, :val1867, :val1868, :val1869, :val1870, :val1871, :val1872, :val1873, :val1874, :val1875, :val1876, :val1877, :val1878, :val1879, :val1880, :val1881, :val1882, :val1883, :val1884, :val1885, :val1886, :val1887, :val1888, :val1889, :val1890, :val1891, :val1892, :val1893, :val1894, :val1895, :val1896, :val1897, :val1898, :val1899, :val1900, :val1901, :val1902, :val1903, :val1904, :val1905, :val1906, :val1907, :val1908, :val1909, :val1910, :val1911, :val1912, :val1913, :val1914, :val1915, :val1916, :val1917, :val1918, :val1919, :val1920, :val1921, :val1922, :val1923, :val1924, :val1925, :val1926, :val1927, :val1928, :val1929, :val1930, :val1931, :val1932, :val1933, :val1934, :val1935, :val1936, :val1937, :val1938, :val1939, :val1940, :val1941, :val1942, :val1943, :val1944, :val1945, :val1946, :val1947, :val1948, :val1949, :val1950, :val1951, :val1952, :val1953, :val1954, :val1955, :val1956, :val1957, :val1958, :val1959, :val1960, :val1961, :val1962, :val1963, :val1964, :val1965, :val1966, :val1967, :val1968, :val1969, :val1970, :val1971, :val1972, :val1973, :val1974, :val1975, :val1976, :val1977, :val1978, :val1979, :val1980, :val1981, :val1982, :val1983, :val1984, :val1985, :val1986, :val1987, :val1988, :val1989, :val1990, :val1991, :val1992, :val1993, :val1994, :val1995, :val1996, :val1997, :val1998, :val1999, :val2000, :val2001, :val2002, :val2003, :val2004, :val2005, :val2006, :val2007, :val2008, :val2009, :val2010, :val2011, :val2012, :val2013, :val2014, :val2015, :val2016, :val2017, :val2018, :val2019, :val2020, :val2021, :val2022, :val2023, :val2024, :val2025, :val2026, :val2027, :val2028, :val2029, :val2030, :val2031, :val2032, :val2033, :val2034, :val2035, :val2036, :val2037, :val2038, :val2039, :val2040, :val2041, :val2042, :val2043, :val2044, :val2045, :val2046, :val2047, :val2048, :val2049, :val2050, :val2051, :val2052, :val2053, :val2054, :val2055, :val2056, :val2057, :val2058, :val2059, :val2060, :val2061, :val2062, :val2063, :val2064, :val2065, :val2066, :val2067, :val2068, :val2069, :val2070, :val2071, :val2072, :val2073, :val2074, :val2075, :val2076, :val2077, :val2078, :val2079, :val2080, :val2081, :val2082, :val2083, :val2084, :val2085, :val2086, :val2087, :val2088, :val2089, :val2090, :val2091, :val2092, :val2093, :val2094, :val2095, :val2096, :val2097, :val2098, :val2099, :val2100, :val2101, :val2102, :val2103, :val2104, :val2105, :val2106, :val2107, :val2108, :val2109, :val2110, :val2111, :val2112, :val2113, :val2114, :val2115, :val2116, :val2117, :val2118, :val2119, :val2120, :val2121, :val2122, :val2123, :val2124, :val2125, :val2126, :val2127, :val2128, :val2129, :val2130, :val2131, :val2132, :val2133, :val2134, :val2135, :val2136, :val2137, :val2138, :val2139, :val2140, :val2141, :val2142, :val2143, :val2144, :val2145, :val2146, :val2147, :val2148, :val2149, :val2150, :val2151, :val2152, :val2153, :val2154, :val2155, :val2156, :val2157, :val2158, :val2159, :val2160, :val2161, :val2162, :val2163, :val2164, :val2165, :val2166, :val2167, :val2168, :val2169, :val2170, :val2171, :val2172, :val2173, :val2174, :val2175, :val2176, :val2177, :val2178, :val2179, :val2180, :val2181, :val2182, :val2183, :val2184, :val2185, :val2186, :val2187, :val2188, :val2189, :val2190, :val2191, :val2192, :val2193, :val2194, :val2195, :val2196, :val2197, :val2198, :val2199, :val2200, :val2201, :val2202, :val2203, :val2204, :val2205, :val2206, :val2207, :val2208, :val2209, :val2210, :val2211, :val2212, :val2213, :val2214, :val2215, :val2216, :val2217, :val2218, :val2219, :val2220, :val2221, :val2222, :val2223, :val2224, :val2225, :val2226, :val2227, :val2228, :val2229, :val2230, :val2231, :val2232, :val2233, :val2234, :val2235, :val2236, :val2237, :val2238, :val2239, :val2240, :val2241, :val2242, :val2243, :val2244, :val2245, :val2246, :val2247, :val2248, :val2249, :val2250, :val2251, :val2252, :val2253, :val2254, :val2255, :val2256, :val2257, :val2258, :val2259, :val2260, :val2261, :val2262, :val2263, :val2264, :val2265, :val2266, :val2267, :val2268, :val2269, :val2270, :val2271, :val2272, :val2273, :val2274, :val2275, :val2276, :val2277, :val2278, :val2279, :val2280, :val2281, :val2282, :val2283, :val2284, :val2285, :val2286, :val2287, :val2288, :val2289, :val2290, :val2291, :val2292, :val2293, :val2294, :val2295, :val2296, :val2297, :val2298, :val2299, :val2300, :val2301, :val2302, :val2303, :val2304, :val2305, :val2306, :val2307, :val2308, :val2309, :val2310, :val2311, :val2312, :val2313, :val2314, :val2315, :val2316, :val2317, :val2318, :val2319, :val2320, :val2321, :val2322, :val2323, :val2324, :val2325, :val2326, :val2327, :val2328, :val2329, :val2330, :val2331, :val2332, :val2333, :val2334, :val2335, :val2336, :val2337, :val2338, :val2339, :val2340, :val2341, :val2342, :val2343, :val2344, :val2345, :val2346, :val2347, :val2348, :val2349, :val2350, :val2351, :val2352, :val2353, :val2354, :val2355, :val2356, :val2357, :val2358, :val2359, :val2360, :val2361, :val2362, :val2363, :val2364, :val2365, :val2366, :val2367, :val2368, :val2369, :val2370, :val2371, :val2372, :val2373, :val2374, :val2375, :val2376, :val2377, :val2378, :val2379, :val2380, :val2381, :val2382, :val2383, :val2384, :val2385, :val2386, :val2387, :val2388, :val2389, :val2390, :val2391, :val2392, :val2393, :val2394, :val2395, :val2396, :val2397, :val2398, :val2399, :val2400, :val2401, :val2402, :val2403, :val2404, :val2405, :val2406, :val2407, :val2408, :val2409, :val2410, :val2411, :val2412, :val2413, :val2414, :val2415, :val2416, :val2417, :val2418, :val2419, :val2420, :val2421, :val2422, :val2423, :val2424, :val2425, :val2426, :val2427, :val2428, :val2429, :val2430, :val2431, :val2432, :val2433, :val2434, :val2435, :val2436, :val2437, :val2438, :val2439, :val2440, :val2441, :val2442, :val2443, :val2444, :val2445, :val2446, :val2447, :val2448, :val2449, :val2450, :val2451, :val2452, :val2453, :val2454, :val2455, :val2456, :val2457, :val2458, :val2459, :val2460, :val2461, :val2462, :val2463, :val2464, :val2465, :val2466, :val2467, :val2468, :val2469, :val2470, :val2471, :val2472, :val2473, :val2474, :val2475, :val2476, :val2477, :val2478, :val2479, :val2480, :val2481, :val2482, :val2483, :val2484, :val2485, :val2486, :val2487, :val2488, :val2489, :val2490, :val2491, :val2492, :val2493, :val2494, :val2495, :val2496, :val2497, :val2498, :val2499, :val2500, :val2501, :val2502, :val2503, :val2504, :val2505, :val2506, :val2507, :val2508, :val2509, :val2510, :val2511, :val2512, :val2513, :val2514, :val2515, :val2516, :val2517, :val2518, :val2519, :val2520, :val2521, :val2522, :val2523, :val2524, :val2525, :val2526, :val2527, :val2528, :val2529, :val2530, :val2531, :val2532, :val2533, :val2534, :val2535, :val2536, :val2537, :val2538, :val2539, :val2540, :val2541, :val2542, :val2543, :val2544, :val2545, :val2546, :val2547, :val2548, :val2549, :val2550, :val2551, :val2552, :val2553, :val2554, :val2555, :val2556, :val2557, :val2558, :val2559, :val2560, :val2561, :val2562, :val2563, :val2564, :val2565, :val2566, :val2567, :val2568, :val2569, :val2570, :val2571, :val2572, :val2573, :val2574, :val2575, :val2576, :val2577, :val2578, :val2579, :val2580, :val2581, :val2582, :val2583, :val2584, :val2585, :val2586, :val2587, :val2588, :val2589, :val2590, :val2591, :val2592, :val2593, :val2594, :val2595, :val2596, :val2597, :val2598, :val2599, :val2600, :val2601, :val2602, :val2603, :val2604, :val2605, :val2606, :val2607, :val2608, :val2609, :val2610, :val2611, :val2612, :val2613, :val2614, :val2615, :val2616, :val2617, :val2618, :val2619, :val2620, :val2621, :val2622, :val2623, :val2624, :val2625, :val2626, :val2627, :val2628, :val2629, :val2630, :val2631, :val2632, :val2633, :val2634, :val2635, :val2636, :val2637, :val2638, :val2639, :val2640, :val2641, :val2642, :val2643, :val2644, :val2645, :val2646, :val2647, :val2648, :val2649, :val2650, :val2651, :val2652, :val2653, :val2654, :val2655, :val2656, :val2657, :val2658, :val2659, :val2660, :val2661, :val2662, :val2663, :val2664, :val2665, :val2666, :val2667, :val2668, :val2669, :val2670, :val2671, :val2672, :val2673, :val2674, :val2675, :val2676, :val2677, :val2678, :val2679, :val2680, :val2681, :val2682, :val2683, :val2684, :val2685, :val2686, :val2687, :val2688, :val2689, :val2690, :val2691, :val2692, :val2693, :val2694, :val2695, :val2696, :val2697, :val2698, :val2699, :val2700, :val2701, :val2702, :val2703, :val2704, :val2705, :val2706, :val2707, :val2708, :val2709, :val2710, :val2711, :val2712, :val2713, :val2714, :val2715, :val2716, :val2717, :val2718, :val2719, :val2720, :val2721, :val2722, :val2723, :val2724, :val2725, :val2726, :val2727, :val2728, :val2729, :val2730, :val2731, :val2732, :val2733, :val2734, :val2735, :val2736, :val2737, :val2738, :val2739, :val2740, :val2741, :val2742, :val2743, :val2744, :val2745, :val2746, :val2747, :val2748, :val2749, :val2750, :val2751, :val2752, :val2753, :val2754, :val2755, :val2756, :val2757, :val2758, :val2759, :val2760, :val2761, :val2762, :val2763, :val2764, :val2765, :val2766, :val2767, :val2768, :val2769, :val2770, :val2771, :val2772, :val2773, :val2774, :val2775, :val2776, :val2777, :val2778, :val2779, :val2780, :val2781, :val2782, :val2783, :val2784, :val2785, :val2786, :val2787, :val2788, :val2789, :val2790, :val2791, :val2792, :val2793, :val2794, :val2795, :val2796, :val2797, :val2798, :val2799, :val2800, :val2801, :val2802, :val2803, :val2804, :val2805, :val2806, :val2807, :val2808, :val2809, :val2810, :val2811, :val2812, :val2813, :val2814, :val2815, :val2816, :val2817, :val2818, :val2819, :val2820, :val2821, :val2822, :val2823, :val2824, :val2825, :val2826, :val2827, :val2828, :val2829, :val2830, :val2831, :val2832, :val2833, :val2834, :val2835, :val2836, :val2837, :val2838, :val2839, :val2840, :val2841, :val2842, :val2843, :val2844, :val2845, :val2846, :val2847, :val2848, :val2849, :val2850, :val2851, :val2852, :val2853, :val2854, :val2855, :val2856, :val2857, :val2858, :val2859, :val2860, :val2861, :val2862, :val2863, :val2864, :val2865, :val2866, :val2867, :val2868, :val2869, :val2870, :val2871, :val2872, :val2873, :val2874, :val2875, :val2876, :val2877, :val2878, :val2879, :val2880, :val2881, :val2882, :val2883, :val2884, :val2885, :val2886, :val2887, :val2888, :val2889, :val2890, :val2891, :val2892, :val2893, :val2894, :val2895, :val2896, :val2897, :val2898, :val2899, :val2900, :val2901, :val2902, :val2903, :val2904, :val2905, :val2906, :val2907, :val2908, :val2909, :val2910, :val2911, :val2912, :val2913, :val2914, :val2915, :val2916, :val2917, :val2918, :val2919, :val2920, :val2921, :val2922, :val2923, :val2924, :val2925, :val2926, :val2927, :val2928, :val2929, :val2930, :val2931, :val2932, :val2933, :val2934, :val2935, :val2936, :val2937, :val2938, :val2939, :val2940, :val2941, :val2942, :val2943, :val2944, :val2945, :val2946, :val2947, :val2948, :val2949, :val2950, :val2951, :val2952, :val2953, :val2954, :val2955, :val2956, :val2957, :val2958, :val2959, :val2960, :val2961, :val2962, :val2963, :val2964, :val2965, :val2966, :val2967, :val2968, :val2969, :val2970, :val2971, :val2972, :val2973, :val2974, :val2975, :val2976, :val2977, :val2978, :val2979, :val2980, :val2981, :val2982, :val2983, :val2984, :val2985, :val2986, :val2987, :val2988, :val2989, :val2990, :val2991, :val2992, :val2993, :val2994, :val2995, :val2996, :val2997, :val2998, :val2999, :val3000, :val3001, :val3002, :val3003, :val3004, :val3005, :val3006, :val3007, :val3008, :val3009, :val3010, :val3011, :val3012, :val3013, :val3014, :val3015, :val3016, :val3017, :val3018, :val3019, :val3020, :val3021, :val3022, :val3023, :val3024, :val3025, :val3026, :val3027, :val3028, :val3029, :val3030, :val3031, :val3032, :val3033, :val3034, :val3035, :val3036, :val3037, :val3038, :val3039, :val3040, :val3041, :val3042, :val3043, :val3044, :val3045, :val3046, :val3047, :val3048, :val3049, :val3050, :val3051, :val3052, :val3053, :val3054, :val3055, :val3056, :val3057, :val3058, :val3059, :val3060, :val3061, :val3062, :val3063, :val3064, :val3065, :val3066, :val3067, :val3068, :val3069, :val3070, :val3071, :val3072, :val3073, :val3074, :val3075, :val3076, :val3077, :val3078, :val3079, :val3080, :val3081, :val3082, :val3083, :val3084, :val3085, :val3086, :val3087, :val3088, :val3089, :val3090, :val3091, :val3092, :val3093, :val3094, :val3095, :val3096, :val3097, :val3098, :val3099, :val3100, :val3101, :val3102, :val3103, :val3104, :val3105, :val3106, :val3107, :val3108, :val3109, :val3110, :val3111, :val3112, :val3113, :val3114, :val3115, :val3116, :val3117, :val3118, :val3119, :val3120, :val3121, :val3122, :val3123, :val3124, :val3125, :val3126, :val3127, :val3128, :val3129, :val3130, :val3131, :val3132, :val3133, :val3134, :val3135, :val3136, :val3137, :val3138, :val3139, :val3140, :val3141, :val3142, :val3143, :val3144, :val3145, :val3146, :val3147, :val3148, :val3149, :val3150, :val3151, :val3152) AND `工单类型` = '咨询类'
2025-06-02 10:07:28,297 ChatBI->     INFO     query: {query} 处理完毕
2025-06-02 10:09:46,925 ChatBI->     INFO     案例库查询
2025-06-02 10:09:46,964 ChatBI->     INFO     案例库查询结果: ["{'query': '医保报销的投诉事件有多少起', '目标列': ['内容描述'], '条件列': {'工单类型': '投诉举报类', '内容描述': '医保报销'}}", "{'query': '近10个月垃圾分类有关投诉事件主要分布在哪些区', '目标列': ['诉求区域'], '条件列': {'工单类型': '投诉举报类', '内容描述': '垃圾分类', '工单生成时间': '近10个月'}}", "{'query': '今年投诉断缴社保的企业有哪些', '目标列': ['内容描述'], '条件列': {'工单类型': '投诉举报类', '内容描述': '断缴社保'}}"]
2025-06-02 10:09:47,905 ChatBI->     INFO     schema linking: {'target_columns': ['诉求区域'], 'condition_columns': {'工单类型': '投诉举报类', '内容描述': '社会保险费'}}
2025-06-02 10:09:49,077 ChatBI->     INFO     任务类型: SQL
2025-06-02 10:09:50,401 ChatBI->     INFO     stad sql: SELECT `诉求区域`, COUNT(*) AS `数量` FROM shanghai WHERE `工单类型` = '投诉举报类' AND `内容描述` LIKE '%社会保险费%' GROUP BY `诉求区域` ORDER BY `数量` DESC LIMIT 5000;
2025-06-02 10:09:50,404 ChatBI->     INFO     非结构化信息为: {"`内容描述` LIKE '%社会保险费%'": '社会保险费'}
2025-06-02 10:09:50,404 ChatBI->     INFO     开始语义分析 ..  .. 
2025-06-02 10:09:50,659 ChatBI->     INFO     社会保险费 的命名实体判别： no
2025-06-02 10:09:50,660 ChatBI->     INFO     开始对非结构化文档【粗略】检索
2025-06-02 10:09:51,237 ChatBI->     INFO     检索到的文档总数量为：5000
2025-06-02 10:09:51,530 ChatBI->     INFO     开始对非结构化文档【深度】检索
2025-06-02 10:09:51,821 ChatBI->     INFO     step_scores: ['yes', 'yes', 'yes', 'yes', 'yes', 'yes', 'yes', 'yes', 'yes', 'yes']
2025-06-02 10:09:51,821 ChatBI->     INFO     层级抽取文档： 市民来电咨询:市民申报了2023年工资性收入，有一个社会保险费缴费申报表，显示2024年4月费款所属日期，缴费人数，工资总额，缴费基数，费率本期。 ==> yes  
2025-06-02 10:09:51,821 ChatBI->     INFO     层级抽取文档： 市民来电咨询:一网通办上，申请的初创期创业组织社会保险费补贴，最后提交一直跳出来没有找到签名。企业名称：韵昇（上海）文化传媒有限公司。诉求：提交不了申请。 ==> yes  
2025-06-02 10:09:51,821 ChatBI->     INFO     层级抽取文档： 市民来电咨询:其缴纳本市职工社保，咨询个人和企业承担的缴费标准 ==> yes  
2025-06-02 10:09:51,821 ChatBI->     INFO     层级抽取文档： 市民来电反映:其今年8月31日办理的退休，退休时社保还差2年才满15年，市民后续自己缴纳社保费，可能9月缴费不及时其医保被停掉了，市民现在的就医费用该怎么处理。 ==> yes  
2025-06-02 10:09:51,821 ChatBI->     INFO     层级抽取文档： 市民来电咨询:本市社保缴费基数和比例。 ==> yes  
2025-06-02 10:09:51,821 ChatBI->     INFO     层级抽取文档： 市民来电咨询:杭州社保缴纳。 ==> yes  
2025-06-02 10:09:51,821 ChatBI->     INFO     层级抽取文档： 【为企服务】市民来电咨询:社会保险缴费申报填写错误。咨询如何处理。 ==> yes  
2025-06-02 10:09:51,821 ChatBI->     INFO     层级抽取文档： 市民来电咨询:企业要缴纳6月的社保费，询问是否有规定缴纳的截止时间，或者超过什么时间未缴纳会产生滞纳金等。诉求：请管理部门核实告知。 ==> yes  
2025-06-02 10:09:51,821 ChatBI->     INFO     层级抽取文档： 市民来电咨询:外省市工作，社保无法缴纳。医保、养老保险都无法登记。当地人事说是市民在上海的社保还没有停。故来电咨询如何个人停办社保并转移至外省市。 ==> yes  
2025-06-02 10:09:51,822 ChatBI->     INFO     层级抽取文档： 补充信息：市民表示接到相关部门电话，告知只能收该公司滞纳金【最近派发工单编号：20240614024156，工单内容：市民来电反映:上述地址单位2月份至5月份的社保没有缴纳，跟单位和税务沟通至今没有给予答复，身份证：320323198202157930，姓名：王荣园。诉求：望管理部门核实并尽快协调让其单位补缴其社保。】 ==> yes  
2025-06-02 10:09:52,105 ChatBI->     INFO     step_scores: ['yes', 'yes', 'yes', 'yes', 'yes', 'yes', 'yes', 'yes', 'yes', 'yes']
2025-06-02 10:09:52,105 ChatBI->     INFO     层级抽取文档： 市民来电咨询: 其家人是外省市户籍，在上海上班，2022年离职后回老家一直未就业。现咨询如何提取在上海缴纳的社保费。 ==> yes  
2025-06-02 10:09:52,105 ChatBI->     INFO     层级抽取文档： 市民来电咨询:市民的朋友办理灵活就业参保，按最低的基数缴纳，计入养老保险个人账户的金额。 ==> yes  
2025-06-02 10:09:52,105 ChatBI->     INFO     层级抽取文档： 市民来电反映:2001年在上海工作，交了三年多的综合保险，上海市人力资源保障局颁发的综合保险的简介里描述，外来人员综合保险是户局颁发的综合保险是上海市政府为了保障外来从业人员的合法权利，而制定的社会保险，市民对人社局说综合保险是商业保险的解释不认可。诉求：要求管理部门解释相关政策，要求把综合保险年限计算入社保累计年限中。 ==> yes  
2025-06-02 10:09:52,105 ChatBI->     INFO     层级抽取文档： 市民来电反映:上述公司申请工商简易注销，预检过程中接到人社部门回复公司欠保费，市民表示公司已有5--6年没有缴纳社保。诉求：希望管理部门给予合理解释。 ==> yes  
2025-06-02 10:09:52,105 ChatBI->     INFO     层级抽取文档： 市民来电咨询:灵活就业缴纳社保最低基数。 ==> yes  
2025-06-02 10:09:52,105 ChatBI->     INFO     层级抽取文档： 市民来电咨询:查询河南的居保缴纳情况。 ==> yes  
2025-06-02 10:09:52,105 ChatBI->     INFO     层级抽取文档： 市民来电反复催单。催单原因：市民称管理部门至今未给予任何回复，请管理部门尽快处理。【最近派发的工单编号：20240117004255，工单内容：【投诉】市民来电反映:近期向上述地址单位投诉社保缴费相关业务，最近派发的工单编号：20240107002536，市民表示没有劳动合同，但是有劳动关系证明，该单位没有受理。诉求：希望相关部门核实处理，市民要求投诉该单位不作为。（需要回复）】 ==> yes  
2025-06-02 10:09:52,105 ChatBI->     INFO     层级抽取文档： 市民来电咨询:6月单位社保账户被冻结，咨询如何缴纳社保。

 ==> yes  
2025-06-02 10:09:52,106 ChatBI->     INFO     层级抽取文档： 市民来电咨询:自己一直是个人缴纳社保的，现在要停止缴纳，问是否可以网上办理，委托办理需要什么材料，市民身份证：310108198902271017 ==> yes  
2025-06-02 10:09:52,106 ChatBI->     INFO     层级抽取文档： 市民来电咨询:本市户籍如何查询个人社保缴费年限 ==> yes  
2025-06-02 10:09:52,353 ChatBI->     INFO     step_scores: ['yes', 'yes', 'yes', 'yes', 'yes', 'yes', 'yes', 'yes', 'yes', 'yes']
2025-06-02 10:09:52,353 ChatBI->     INFO     层级抽取文档： 市民来电咨询:外省市人员自己缴纳社保，市民从原本的公司缴纳社保变成个人缴纳社保，这一情况是否会影响市民的买房资格。诉求：希望管理部门核实后回复市民。 ==> yes  
2025-06-02 10:09:52,353 ChatBI->     INFO     层级抽取文档： 市民来电咨询:上海的社保缴纳的基数是多少。 ==> yes  
2025-06-02 10:09:52,354 ChatBI->     INFO     层级抽取文档： 市民来电反映:2019年8月办理了居住证，对于社保基数相关问题需要咨询。 ==> yes  
2025-06-02 10:09:52,354 ChatBI->     INFO     层级抽取文档： 市民来电反映:市民在上述地址从事装配电工工作，现在已经离职，但是在职期间一直未缴纳社保，有签订劳动合同，诉求：要求管理部门协调补缴社保 ==> yes  
2025-06-02 10:09:52,354 ChatBI->     INFO     层级抽取文档： 市民来电咨询:其是个体户，使用营业执照为自己缴纳的社保，缴纳的不是灵活就业的，是否可以领取生育金。 ==> yes  
2025-06-02 10:09:52,354 ChatBI->     INFO     层级抽取文档： 市民来电咨询:市民现在没有工作，养老保险已经缴纳满15年了，是自由职业缴纳的，身份证：321102197006283810 ，诉求：询问现在市民停止缴纳养老保险对于之后领取等是否会有影响。 ==> yes  
2025-06-02 10:09:52,354 ChatBI->     INFO     层级抽取文档： 【为企服务】市民来电咨询:2024年5月年度缴费工资社保的调整。 ==> yes  
2025-06-02 10:09:52,354 ChatBI->     INFO     层级抽取文档： 市民来电反映:其于23年在上述公司工作，于5月到11月的社保没有为市民缴纳，是欠缴状态，市民自己的部门缴纳了，市民表示向税务部门反映多次没有效果，公司法人电话：13585636638，市民姓名：赵庆强，身份证号：412822198406232650，诉求：请管理部门督促缴纳社保。 ==> yes  
2025-06-02 10:09:52,354 ChatBI->     INFO     层级抽取文档： 市民来电补充信息。市民补充信息内容为之前税务部门曾经约谈企业负责人，对方承诺会在4月20日前完成补缴，但是直到现在未处理，请税务部门再次约谈企业催促办理社保缴纳【最近派发的工单编号：20240416022896，工单内容：【重新交办，前件办结报告不明确，要求，已告知市民答复要点，市民表示管理部门告知等企业解除债务危机后会及时缴纳欠缴的社保。具体什么时候解除危机，什么时候为市民缴纳社保没有准确答复。现在欠缴情况已经影响到市民孩子的入学了，要求管理部门起到监管作用，尽快为市民办结欠缴事项。且税务局的管理人员联系市民告知19日前会为市民办结，但实际并未为其处理完成。诉求：请管理部门再次催促该公... ==> yes  
2025-06-02 10:09:52,354 ChatBI->     INFO     层级抽取文档： 市民来电咨询:其在上海有社保账户，但是公司目前缴纳的是广东的社保，广东的社保是否会影响上海的累积社保。 ==> yes  
2025-06-02 10:09:52,600 ChatBI->     INFO     step_scores: ['yes', 'yes', 'yes', 'yes', 'yes', 'yes', 'yes', 'yes', 'yes', 'yes']
2025-06-02 10:09:52,600 ChatBI->     INFO     层级抽取文档： 市民来电咨询:孩子的社保卡上面需要交纳城乡居民医疗保险，是否可以通过家庭共济缴费查询有没有扣款 ==> yes  
2025-06-02 10:09:52,600 ChatBI->     INFO     层级抽取文档： 市民来电反映:企业要做社保缴费，下载了社保费管理客户端，登入密码市民不知道是什么，有按规定输入了编码后还是不对，诉求：要求告知如何解决密码登入。 ==> yes  
2025-06-02 10:09:52,600 ChatBI->     INFO     层级抽取文档： 市民来电咨询:市民是上述地址企业人员，想要查询企业2023年的社保缴费基数，企业名称：上海诚秘医药科技有限公司。诉求：请管理部门核实回复。 ==> yes  
2025-06-02 10:09:52,601 ChatBI->     INFO     层级抽取文档： 市民来电咨询:灵活就业参保能否只交社保或医保。 ==> yes  
2025-06-02 10:09:52,601 ChatBI->     INFO     层级抽取文档： 市民来电反映:社保卡卡号。社会保障号码。 ==> yes  
2025-06-02 10:09:52,601 ChatBI->     INFO     层级抽取文档： 【为企服务】市民来电咨询:其是企业，社保基数如何调整。 ==> yes  
2025-06-02 10:09:52,601 ChatBI->     INFO     层级抽取文档： 市民来电咨询:2024年本市社保最低参保基数。 ==> yes  
2025-06-02 10:09:52,601 ChatBI->     INFO     层级抽取文档： 市民来电咨询: 市民在随申办上办理了灵活就业参保登记，但是忘记缴费基数当时自己是怎么选的，询问如何查询。 ==> yes  
2025-06-02 10:09:52,601 ChatBI->     INFO     层级抽取文档： 市民来电反映:2016-2017年期间曾在上海工作并缴纳社保需要查询具体信息，之前来电话务员根据“个人如何查询养老保险信息及打印缴纳凭证？”告知，市民想进一步咨询 ==> yes  
2025-06-02 10:09:52,601 ChatBI->     INFO     层级抽取文档： 市民来电咨询:咨询医保缴费政策 ==> yes  
2025-06-02 10:09:52,884 ChatBI->     INFO     step_scores: ['yes', 'yes', 'yes', 'yes', 'no', 'yes', 'yes', 'yes', 'yes', 'yes']
2025-06-02 10:09:52,884 ChatBI->     INFO     层级抽取文档： 【为企服务】市民来电咨询:市民所在企业两个月没交税，社保也未缴，现在要补缴社保，网上没有任何信息，如何操作。 ==> yes  
2025-06-02 10:09:52,884 ChatBI->     INFO     层级抽取文档： 市民来电咨询:其妻子之前工作的公司（上海家有好面餐饮管理有限公司）欠缴其妻子社保费用，2022年其致电向税务局反映并要求催缴社保，但税务局没有催缴。2023年该公司转移资产1000万随后公司申请破产，目前账面上只剩100万，无法为其妻子补缴社保。市民自己也无法补缴社保。因市民为外省市户籍，其妻子断了2年社保就少了6个积分，导致买不了房，以及其孩子不能参加中考。市民身份证：612321198911012345  诉求：因社保欠缴不是市民原因造成的，咨询管理部门是否能够为其补这6个积分，让其孩子能参加中考。 ==> yes  
2025-06-02 10:09:52,884 ChatBI->     INFO     层级抽取文档： 市民来电咨询:个体户缴纳社保，申请的网站是什么。 ==> yes  
2025-06-02 10:09:52,884 ChatBI->     INFO     层级抽取文档： 市民来电咨询:本市社保欠缴，咨询会否对医保有影响。 ==> yes  
2025-06-02 10:09:52,884 ChatBI->     INFO     层级抽取文档： 市民来电反映:社保卡挂失 ==> no  
2025-06-02 10:09:52,884 ChatBI->     INFO     层级抽取文档： 市民来电咨询:社保基数调整， ==> yes  
2025-06-02 10:09:52,884 ChatBI->     INFO     层级抽取文档： 【为企服务】市民来电咨询:有个新员工，2024年9月份办理了就业登记参保业务，但社保缴费申报里没有信息，询问情况。 ==> yes  
2025-06-02 10:09:52,884 ChatBI->     INFO     层级抽取文档： 市民来电咨询:其为杨浦区上海尧轩餐饮管理有限公司职员。1月2日在网上办理缴纳社保相关业务。需要网上申报再扣款，市民申报了，但当时账户里没钱，故未扣款成功。现在市民已把钱打到账号。咨询后续相关流程是怎样的，是否会自动补扣，还是需要再做什么操作，请管理部门核实告知。 ==> yes  
2025-06-02 10:09:52,884 ChatBI->     INFO     层级抽取文档： 市民来电咨询:其2个月的社保卡没缴，这段时间其是有与单位签订劳动合同，在工作的，咨询是否能补缴。 ==> yes  
2025-06-02 10:09:52,884 ChatBI->     INFO     层级抽取文档： 市民来电咨询:自己是单位人事因为很久没有做了，询问下现在社保业务的流程。 ==> yes  
2025-06-02 10:09:53,147 ChatBI->     INFO     step_scores: ['yes', 'yes', 'yes', 'yes', 'yes', 'yes', 'yes', 'yes', 'yes', 'yes']
2025-06-02 10:09:53,147 ChatBI->     INFO     层级抽取文档： 市民来电咨询:外省市社保转入。 ==> yes  
2025-06-02 10:09:53,147 ChatBI->     INFO     层级抽取文档： 【长三角】市民来电咨询:在上海注册的公司如何开通社保账户。 ==> yes  
2025-06-02 10:09:53,147 ChatBI->     INFO     层级抽取文档： 【重新交办，要求：按答复市民要点告知市民，市民表示答复市民要点与实际情况明显不符，根据中华人民共和国劳动法第94条规定，虚假的方式招用工人，应当责令改正，赔偿工人因此受到的损失并可以处以罚款，如果情节严重，劳动监察部门可以吊销违法用工单位的营业执照。根据2022年3月18日实施的中华人民共和国社会保险基金行政监督办法，规定用人单位个人有通过虚构个人信息提供虚假证明材料等手段，虚构社会保险参保条件，违规补缴骗取社会保险待遇的，按照社会保险法第88条的规定处理，由社会保险行政部门责令退回骗取的社保保险金，处骗取金额两倍以上，五倍以下的罚款，对于虚构劳动关系违规参保骗保的，除了高额罚款构成违法... ==> yes  
2025-06-02 10:09:53,147 ChatBI->     INFO     层级抽取文档： 市民来电咨询:其给其妈妈办理了医保共济，其妈妈是自己缴纳医保的，但是现在要缴纳医保被告知没有信息，市民询问那应该如何缴纳医保。 ==> yes  
2025-06-02 10:09:53,147 ChatBI->     INFO     层级抽取文档： 市民来电咨询:入职后存在劳动纠纷，社保缴费证明是否能做为维权依据，是否有相应法律依据。 ==> yes  
2025-06-02 10:09:53,147 ChatBI->     INFO     层级抽取文档： 市民来电咨询:其之前参加的是外省市的医保。2023年其毕业，目前尚未找到工作。市民咨询上海医保如要自行缴纳，手续如何处理。

 ==> yes  
2025-06-02 10:09:53,147 ChatBI->     INFO     层级抽取文档： 市民来电反映:开通社保卡 ==> yes  
2025-06-02 10:09:53,147 ChatBI->     INFO     层级抽取文档： 市民来电反映:开通社保卡 ==> yes  
2025-06-02 10:09:53,147 ChatBI->     INFO     层级抽取文档： 市民来电反映:其在网上查社保缴费情况，只能查到总的缴费年限，何时开始缴费查不到 ==> yes  
2025-06-02 10:09:53,147 ChatBI->     INFO     层级抽取文档： 市民来电咨询:8月份缴纳社保，查询不到社保缴纳记录。 ==> yes  
2025-06-02 10:09:53,417 ChatBI->     INFO     step_scores: ['yes', 'yes', 'yes', 'yes', 'yes', 'yes', 'yes', 'no', 'yes', 'yes']
2025-06-02 10:09:53,417 ChatBI->     INFO     层级抽取文档： 【重新交办,要求：按答复要点告知市民,市民表示答复要点不明确,市民表示至今没查到补缴的8月份社保。诉求：希望有关部门协助催缴社保，并让其给出确定的补缴日期。最近办结的工单编号:20240112025383，工单内容:【重新交办,要求：市民表示答复要点不明确，市民来电表示税务局工作人员一直没有联系其告知结果，税务局作为国家机关任由企业违规违法不处罚。市民来电要求市税务局工作人员处理此事并于2024年1月15日联系市民处理 。诉求：请管理部门核实并请市税务局工作人员尽快联系市民处理其社保欠缴问题。... ==> yes  
2025-06-02 10:09:53,417 ChatBI->     INFO     层级抽取文档： 市民咨询：如果灵活就业缴纳社会保险停止，是否还可以领取失业救济金，原来领取过还没有领完。诉求：请核实告知。 ==> yes  
2025-06-02 10:09:53,418 ChatBI->     INFO     层级抽取文档： 【为企服务】市民来电反映:11月把新员工在自助经办系统做入职登记，社保管理客户端也有该人员信息，但是缴费社保没该新员工名字，如何解决处理。 ==> yes  
2025-06-02 10:09:53,418 ChatBI->     INFO     层级抽取文档： 市民来电反映:社保卡要开通。 ==> yes  
2025-06-02 10:09:53,418 ChatBI->     INFO     层级抽取文档： 市民来电反映:上海缴纳社保，回家生孩子如何报销 ==> yes  
2025-06-02 10:09:53,418 ChatBI->     INFO     层级抽取文档： 市民来电反映:其表示新公司，想办理社保账户，不知道操作流程，希望管理部门指导。 ==> yes  
2025-06-02 10:09:53,418 ChatBI->     INFO     层级抽取文档： 市民来电咨询:企业如何办理帮员工缴纳社保。 ==> yes  
2025-06-02 10:09:53,418 ChatBI->     INFO     层级抽取文档： 市民来电咨询:非上海户籍的妇女，在上海有缴纳社保，孩子在外省市生的，是否可以申请生育保险。 ==> no  
2025-06-02 10:09:53,418 ChatBI->     INFO     层级抽取文档： 市民来电咨询:其在网上给小朋友缴纳城乡居民医保，但是没有办法缴纳，市民表示24年是可以正常缴纳的。 ==> yes  
2025-06-02 10:09:53,418 ChatBI->     INFO     层级抽取文档： 市民来电咨询:员工在国家医保缴费平台只能查到员工自己缴纳部分的医保，单位缴纳部门显示为0元，查询原因。 ==> yes  
2025-06-02 10:09:53,682 ChatBI->     INFO     step_scores: ['no', 'yes', 'yes', 'yes', 'yes', 'yes', 'yes', 'yes', 'no', 'yes']
2025-06-02 10:09:53,682 ChatBI->     INFO     层级抽取文档： 市民来电咨询:社区医院看病挂号费用是个人账户扣费还是从医保统筹账户扣费。 ==> no  
2025-06-02 10:09:53,682 ChatBI->     INFO     层级抽取文档： 市民来电咨询:其告知有个孩子需要办理社保卡，但是显示孩子是非本市户籍，也没有缴纳社保，没有居住证，社保卡人员告知其是人社数据存在问题，要求转接 ==> yes  
2025-06-02 10:09:53,682 ChatBI->     INFO     层级抽取文档： 市民来电反映:开通社保卡。 ==> yes  
2025-06-02 10:09:53,682 ChatBI->     INFO     层级抽取文档： 市民来电反映:开通社保卡。 ==> yes  
2025-06-02 10:09:53,682 ChatBI->     INFO     层级抽取文档： 市民来电咨询:其目前是在昆山交社保，现在准备转到上海。诉求：咨询之前的社保年限是否累计计算。 ==> yes  
2025-06-02 10:09:53,683 ChatBI->     INFO     层级抽取文档： 市民来电咨询:其父亲为外省市户口，目前在本市工作并且已经缴纳满15年的社保了，之前也在外省市工作并缴纳了社保，2024年8月底就要退休了，目前想要在本市办理退休及领取养老金，询问何时帮其父亲把外省市的社保转移过来及办理退休手续，及相关的流程和手续是什么样子的。 ==> yes  
2025-06-02 10:09:53,683 ChatBI->     INFO     层级抽取文档： 市民来电反映:社保卡开通 ==> yes  
2025-06-02 10:09:53,683 ChatBI->     INFO     层级抽取文档： 市民来电反映:自己目前做个体生意，社保挂在别人公司名下自己在缴纳，想了解退休后领取退休金是否有影响 ==> yes  
2025-06-02 10:09:53,683 ChatBI->     INFO     层级抽取文档： 市民来电咨询:其亲属是上海城乡居民退休人员，享受城乡居民医保，近期发生交通事故，市民亲属受伤住院，交警认定市民亲属责任较多，想了解住院治疗费用如何申请医保报销。 ==> no  
2025-06-02 10:09:53,683 ChatBI->     INFO     层级抽取文档： 市民来电咨询:之前宁波职工社保10年，现在上海职工社保3-4年，想要在上海退休，咨询上海退休规定，养老保险转入规定，没有公积金。 ==> yes  
2025-06-02 10:09:53,990 ChatBI->     INFO     step_scores: ['no', 'yes', 'yes', 'yes', 'yes', 'yes', 'yes', 'yes', 'yes', 'no']
2025-06-02 10:09:53,990 ChatBI->     INFO     层级抽取文档： 市民来电反映:本市社保卡遗失，要求挂失 ==> no  
2025-06-02 10:09:53,991 ChatBI->     INFO     层级抽取文档： 市民来电咨询:退休后是否要缴纳职工医保，因市民之前缴纳的农保，现想要了解是否要缴纳。 ==> yes  
2025-06-02 10:09:53,991 ChatBI->     INFO     层级抽取文档： 市民来电咨询:外省市小孩办理新版社保卡   ==> yes  
2025-06-02 10:09:53,991 ChatBI->     INFO     层级抽取文档： 市民来电反映:城乡居民养老保险基数目前调整了，自己之前缴纳以5300元的基数，现在是7300元的基数，想了解如何退如何补 ==> yes  
2025-06-02 10:09:53,991 ChatBI->     INFO     层级抽取文档： 市民来电咨询:养老保险在哪买的不清楚，如何查询。 ==> yes  
2025-06-02 10:09:53,991 ChatBI->     INFO     层级抽取文档： 市民来电咨询:外省市社保卡办理问题 ==> yes  
2025-06-02 10:09:53,991 ChatBI->     INFO     层级抽取文档： 市民来电反映:其于4月1日至5月11日在上述地址公司工作，上述公司未缴纳市民的社保，公司也并未与市民签订劳动合同。诉求：请管理部门督促要求为市民补缴4月和5月的社保 ==> yes  
2025-06-02 10:09:53,991 ChatBI->     INFO     层级抽取文档： 市民来电咨询:其是企业人员，市民咨询如何办理员工社保转入 ==> yes  
2025-06-02 10:09:53,991 ChatBI->     INFO     层级抽取文档： 市民来电咨询:2024年4月23日招录人事主管，6月28日离职，诉求公司不规范，自己补缴2月月份社保，但没有任何人知道，2700多元是个人承担，如何查询4月份是哪家企业缴纳社保。 ==> yes  
2025-06-02 10:09:53,991 ChatBI->     INFO     层级抽取文档： 市民来电反映:市民于2月11日的灵活就业缴费没有缴扣成功，令市民奔走在数个部门解决此问题，不胜其扰。市民表示当扣款渠道余额不足，应该有短信提醒市民，让市民可以及时缴纳。市民建议：灵活就业缴费因余额不足未缴纳，可以发一条短信提醒。 ==> no  
2025-06-02 10:09:54,239 ChatBI->     INFO     step_scores: ['yes', 'no', 'no', 'yes', 'yes', 'yes', 'yes', 'yes', 'no', 'yes']
2025-06-02 10:09:54,239 ChatBI->     INFO     层级抽取文档： 市民来电咨询:女职工达到55岁退休年龄，上海社保转到江苏泰州去了。咨询此类情况是否可以再继续缴纳医保。 ==> yes  
2025-06-02 10:09:54,240 ChatBI->     INFO     层级抽取文档： 市民来电咨询:社保卡挂失 ==> no  
2025-06-02 10:09:54,240 ChatBI->     INFO     层级抽取文档： 市民来电咨询:生育金领取，外省生育，本市社保。 ==> no  
2025-06-02 10:09:54,240 ChatBI->     INFO     层级抽取文档： 市民来电反映:之前在一家公司办了离职，社保没有给其断缴，有查到该公司还没有接触合同，导致自己在新公司无法缴纳社保。 ==> yes  
2025-06-02 10:09:54,240 ChatBI->     INFO     层级抽取文档： 市民来电咨询:补交11月份，单位新进的2名员工的社保。 ==> yes  
2025-06-02 10:09:54,240 ChatBI->     INFO     层级抽取文档： 市民来电反映:社保卡开通。 ==> yes  
2025-06-02 10:09:54,240 ChatBI->     INFO     层级抽取文档： 市民来电咨询:上海缴纳的社保，怀孕以后，生育保险如何申领。 ==> yes  
2025-06-02 10:09:54,240 ChatBI->     INFO     层级抽取文档： 市民来电反映:社保卡开通。 ==> yes  
2025-06-02 10:09:54,240 ChatBI->     INFO     层级抽取文档： 市民来电咨询:咨询办理新版社保卡的方法   ==> no  
2025-06-02 10:09:54,240 ChatBI->     INFO     层级抽取文档： 市民来电咨询:其家中有为上海户籍73岁老人，因为之前是自由职业，但是从来没有办理过灵活就业缴纳，是否可以一次性补缴15年 ==> yes  
2025-06-02 10:09:54,549 ChatBI->     INFO     step_scores: ['yes', 'yes', 'yes', 'yes', 'yes', 'yes', 'yes', 'yes', 'yes', 'yes']
2025-06-02 10:09:54,549 ChatBI->     INFO     层级抽取文档： 市民来电反映:姓名：胡浪，身份证号码：341204199906302213。上家单位已经办理退工了，但新入职的单位，无法正常缴纳社保，诉求：请处理部门核实，能让市民正常缴纳社保。 ==> yes  
2025-06-02 10:09:54,549 ChatBI->     INFO     层级抽取文档： 市民来电咨询:其在2000年至2002年的时候在上海工作生活过并办理过一张综合保险卡。市民询问这卡里的养老保险之类的费用能否在其退休后取出。 ==> yes  
2025-06-02 10:09:54,549 ChatBI->     INFO     层级抽取文档： 市民来电反映:其处要缴纳2023年11月份的社保费用，故在社保费管理客户端办理相关申报手续。现系统显示本月预处理信息尚未生成，后又显示本月预处理信息已申报。市民诉求：请管理部门核实后告知上述情况下其该如何处理。 ==> yes  
2025-06-02 10:09:54,549 ChatBI->     INFO     层级抽取文档： 市民来电咨询:其公司新进员工，是外省市户籍，咨询单位是否能够帮忙代办社保卡。 ==> yes  
2025-06-02 10:09:54,549 ChatBI->     INFO     层级抽取文档： 市民来电反映:4月28日其去普陀区教育局（受理点在北石路）填入学登记的资料，因为其社保信息暂时在网上显示不出来，市民带着公司提供的社保单子被工作人员不认可说办不了，建议市民等其网上能显示社保缴费信息时赶在5月8日前再来现场填入学登记的资料都来得及。市民表示5月1日时其在随申办上能查到自己的社保缴费信息了，但假日期间教育局现场无人，市民在5月6日再次来现场要填写单子时是另一个工作人员接待的，工作人员说现在办不了了，已经在4月28日就截止了。诉求：希望管理部门帮其补办信息登记。 ==> yes  
2025-06-02 10:09:54,549 ChatBI->     INFO     层级抽取文档： 市民来电反映相同事项。【最近办结的工单编号：20240420017888，工单内容：市民来电反映:其之前在上述企业工作，2018年7月底就从该企业离职，但该公司一直未为其退保，导致企业未为其缴纳2018年8-10月社保，现在该企业已经倒闭，现在单位想帮市民补缴当年的社保都无法缴纳，诉求：请管理部门告知该情况如何申请补缴当年的社保。】 ==> yes  
2025-06-02 10:09:54,549 ChatBI->     INFO     层级抽取文档： 市民来电咨询:新版社保卡的功能。 ==> yes  
2025-06-02 10:09:54,549 ChatBI->     INFO     层级抽取文档： 市民来电咨询:其新版的本市社保账户，市民表示绑定银行卡显示余额为负数，咨询是否由于市民拖欠网贷导致 ==> yes  
2025-06-02 10:09:54,549 ChatBI->     INFO     层级抽取文档： 市民来电咨询:曾在上海缴纳2年社保，问医保个人账户费用转出。 ==> yes  
2025-06-02 10:09:54,550 ChatBI->     INFO     层级抽取文档： 市民来电咨询:社保卡需要缴纳几个月社保才能办理。 ==> yes  
2025-06-02 10:09:54,798 ChatBI->     INFO     step_scores: ['no', 'yes', 'yes', 'no', 'no', 'no', 'yes', 'no', 'no', 'yes']
2025-06-02 10:09:54,798 ChatBI->     INFO     层级抽取文档： 市民来电反映:  社保卡挂失补办 ==> no  
2025-06-02 10:09:54,798 ChatBI->     INFO     层级抽取文档： 市民来电咨询:幼儿园报名系统里，监护人信息，居住证，积分通知单，持有人的社保缴纳证明。社保缴费证明哪里可以查询到。 ==> yes  
2025-06-02 10:09:54,798 ChatBI->     INFO     层级抽取文档： 市民来电反映:2024年11月退休了，养老保险还差14个月，如何补缴 ==> yes  
2025-06-02 10:09:54,798 ChatBI->     INFO     层级抽取文档： 市民来电反映: 社保卡掉了，要求挂失。 ==> no  
2025-06-02 10:09:54,798 ChatBI->     INFO     层级抽取文档： 市民来电咨询:自己和丈夫都是外省市人，且自己目前怀孕，在上海缴纳社保，届时孩子在外省市生，想了解领取生育金需要提前做何准备 ==> no  
2025-06-02 10:09:54,798 ChatBI->     INFO     层级抽取文档： 市民来电咨询:本市户籍，怎样申领新版社保卡，怎样开通社保功能。 ==> no  
2025-06-02 10:09:54,798 ChatBI->     INFO     层级抽取文档： 市民来电反映:查询本人的社保卡号 ==> yes  
2025-06-02 10:09:54,798 ChatBI->     INFO     层级抽取文档： 市民来电咨询:社保卡遗失。按《社会保障卡挂失、补换解答 》告知。 ==> no  
2025-06-02 10:09:54,798 ChatBI->     INFO     层级抽取文档： 市民来电反映: 社保卡挂失。 ==> no  
2025-06-02 10:09:54,798 ChatBI->     INFO     层级抽取文档： 市民来电反映:2024年6月毕业，在上海工作，公司已经为其缴纳3个月社保，但是其查询其社保卡状态是封存。市民表示其手边有一张学校发放的社保卡，不确定是否有开通，市民想查询下该社保卡的状态。 ==> yes  
2025-06-02 10:09:54,799 ChatBI->     INFO     阈值索引为：2238, 窗口大小为: 100 
2025-06-02 10:09:54,799 ChatBI->     INFO     确定的文档: 2139; 在次确认的文档: 199
2025-06-02 10:09:59,529 ChatBI->     INFO     从199个需再次确认的文档中筛选出的相关文档数量：123
2025-06-02 10:09:59,530 ChatBI->     INFO     示例文档：['【为企服务】市民来电反映:员工社保缴纳核定的金额如何查', '市民来电咨询: 市民是新办企业，想要知道如何开通社保账户，需要回复', '【重新交办,要求：按答复要点告知市民,市民表示答复要点不符，市民称到现在7月份了单位还未帮其补缴，拒不执行，故来电要求管理部门尽快对接。最近办结的工单编号:20240514007629，工单内容:市民来电反映:其要投诉上述地址企业不给员工缴纳社保，现在对方连劳动关系都非法解除了，诉求：要求管理部门核实并对于上述情况要求该公司尽快为员工补齐社保】', '【重新交办，按答复要点告知市民，市民表示答复要点不明确，管理部门联系过自己，但是最后如何解决的却没有告知，希望管理部门告知处理结果。最近派发的工单编号:20240126027700，工单内容:市民来电反映:上述地址企业共有4个月没有缴纳社保。诉求：请管理部门处理没有缴纳社保的问题。（需回复）】', '市民来电补充信息。信息内容为市民表示需要反映问题的公司地址为闵行区吴泾镇虹梅南路4999弄燎申智城25号楼3楼301室，诉求：请管理部门尽快核实处理。【最近派发的工单编号：20240927024081，工单内容：市民来电反映:市民入职注册在上述地址的公司，实际工作地址：浦东新区金桥镇新金桥路22弄3号，该公司未帮其缴纳2022年9月份-2023年12月份、2024年6月份-8月份的社保，故市民来电投诉，诉求：希望管理部门核实严查整改。（需回复）】']
2025-06-02 10:09:59,537 ChatBI->     INFO     没有找到<  >对应的视图
2025-06-02 10:09:59,538 ChatBI->     INFO     sql 语句：SELECT `诉求区域`, COUNT(*) AS `数量` FROM shanghai WHERE `工单类型` = '投诉举报类' AND  `内容描述` IN (:val0, :val1, :val2, :val3, :val4, :val5, :val6, :val7, :val8, :val9, :val10, :val11, :val12, :val13, :val14, :val15, :val16, :val17, :val18, :val19, :val20, :val21, :val22, :val23, :val24, :val25, :val26, :val27, :val28, :val29, :val30, :val31, :val32, :val33, :val34, :val35, :val36, :val37, :val38, :val39, :val40, :val41, :val42, :val43, :val44, :val45, :val46, :val47, :val48, :val49, :val50, :val51, :val52, :val53, :val54, :val55, :val56, :val57, :val58, :val59, :val60, :val61, :val62, :val63, :val64, :val65, :val66, :val67, :val68, :val69, :val70, :val71, :val72, :val73, :val74, :val75, :val76, :val77, :val78, :val79, :val80, :val81, :val82, :val83, :val84, :val85, :val86, :val87, :val88, :val89, :val90, :val91, :val92, :val93, :val94, :val95, :val96, :val97, :val98, :val99, :val100, :val101, :val102, :val103, :val104, :val105, :val106, :val107, :val108, :val109, :val110, :val111, :val112, :val113, :val114, :val115, :val116, :val117, :val118, :val119, :val120, :val121, :val122, :val123, :val124, :val125, :val126, :val127, :val128, :val129, :val130, :val131, :val132, :val133, :val134, :val135, :val136, :val137, :val138, :val139, :val140, :val141, :val142, :val143, :val144, :val145, :val146, :val147, :val148, :val149, :val150, :val151, :val152, :val153, :val154, :val155, :val156, :val157, :val158, :val159, :val160, :val161, :val162, :val163, :val164, :val165, :val166, :val167, :val168, :val169, :val170, :val171, :val172, :val173, :val174, :val175, :val176, :val177, :val178, :val179, :val180, :val181, :val182, :val183, :val184, :val185, :val186, :val187, :val188, :val189, :val190, :val191, :val192, :val193, :val194, :val195, :val196, :val197, :val198, :val199, :val200, :val201, :val202, :val203, :val204, :val205, :val206, :val207, :val208, :val209, :val210, :val211, :val212, :val213, :val214, :val215, :val216, :val217, :val218, :val219, :val220, :val221, :val222, :val223, :val224, :val225, :val226, :val227, :val228, :val229, :val230, :val231, :val232, :val233, :val234, :val235, :val236, :val237, :val238, :val239, :val240, :val241, :val242, :val243, :val244, :val245, :val246, :val247, :val248, :val249, :val250, :val251, :val252, :val253, :val254, :val255, :val256, :val257, :val258, :val259, :val260, :val261, :val262, :val263, :val264, :val265, :val266, :val267, :val268, :val269, :val270, :val271, :val272, :val273, :val274, :val275, :val276, :val277, :val278, :val279, :val280, :val281, :val282, :val283, :val284, :val285, :val286, :val287, :val288, :val289, :val290, :val291, :val292, :val293, :val294, :val295, :val296, :val297, :val298, :val299, :val300, :val301, :val302, :val303, :val304, :val305, :val306, :val307, :val308, :val309, :val310, :val311, :val312, :val313, :val314, :val315, :val316, :val317, :val318, :val319, :val320, :val321, :val322, :val323, :val324, :val325, :val326, :val327, :val328, :val329, :val330, :val331, :val332, :val333, :val334, :val335, :val336, :val337, :val338, :val339, :val340, :val341, :val342, :val343, :val344, :val345, :val346, :val347, :val348, :val349, :val350, :val351, :val352, :val353, :val354, :val355, :val356, :val357, :val358, :val359, :val360, :val361, :val362, :val363, :val364, :val365, :val366, :val367, :val368, :val369, :val370, :val371, :val372, :val373, :val374, :val375, :val376, :val377, :val378, :val379, :val380, :val381, :val382, :val383, :val384, :val385, :val386, :val387, :val388, :val389, :val390, :val391, :val392, :val393, :val394, :val395, :val396, :val397, :val398, :val399, :val400, :val401, :val402, :val403, :val404, :val405, :val406, :val407, :val408, :val409, :val410, :val411, :val412, :val413, :val414, :val415, :val416, :val417, :val418, :val419, :val420, :val421, :val422, :val423, :val424, :val425, :val426, :val427, :val428, :val429, :val430, :val431, :val432, :val433, :val434, :val435, :val436, :val437, :val438, :val439, :val440, :val441, :val442, :val443, :val444, :val445, :val446, :val447, :val448, :val449, :val450, :val451, :val452, :val453, :val454, :val455, :val456, :val457, :val458, :val459, :val460, :val461, :val462, :val463, :val464, :val465, :val466, :val467, :val468, :val469, :val470, :val471, :val472, :val473, :val474, :val475, :val476, :val477, :val478, :val479, :val480, :val481, :val482, :val483, :val484, :val485, :val486, :val487, :val488, :val489, :val490, :val491, :val492, :val493, :val494, :val495, :val496, :val497, :val498, :val499, :val500, :val501, :val502, :val503, :val504, :val505, :val506, :val507, :val508, :val509, :val510, :val511, :val512, :val513, :val514, :val515, :val516, :val517, :val518, :val519, :val520, :val521, :val522, :val523, :val524, :val525, :val526, :val527, :val528, :val529, :val530, :val531, :val532, :val533, :val534, :val535, :val536, :val537, :val538, :val539, :val540, :val541, :val542, :val543, :val544, :val545, :val546, :val547, :val548, :val549, :val550, :val551, :val552, :val553, :val554, :val555, :val556, :val557, :val558, :val559, :val560, :val561, :val562, :val563, :val564, :val565, :val566, :val567, :val568, :val569, :val570, :val571, :val572, :val573, :val574, :val575, :val576, :val577, :val578, :val579, :val580, :val581, :val582, :val583, :val584, :val585, :val586, :val587, :val588, :val589, :val590, :val591, :val592, :val593, :val594, :val595, :val596, :val597, :val598, :val599, :val600, :val601, :val602, :val603, :val604, :val605, :val606, :val607, :val608, :val609, :val610, :val611, :val612, :val613, :val614, :val615, :val616, :val617, :val618, :val619, :val620, :val621, :val622, :val623, :val624, :val625, :val626, :val627, :val628, :val629, :val630, :val631, :val632, :val633, :val634, :val635, :val636, :val637, :val638, :val639, :val640, :val641, :val642, :val643, :val644, :val645, :val646, :val647, :val648, :val649, :val650, :val651, :val652, :val653, :val654, :val655, :val656, :val657, :val658, :val659, :val660, :val661, :val662, :val663, :val664, :val665, :val666, :val667, :val668, :val669, :val670, :val671, :val672, :val673, :val674, :val675, :val676, :val677, :val678, :val679, :val680, :val681, :val682, :val683, :val684, :val685, :val686, :val687, :val688, :val689, :val690, :val691, :val692, :val693, :val694, :val695, :val696, :val697, :val698, :val699, :val700, :val701, :val702, :val703, :val704, :val705, :val706, :val707, :val708, :val709, :val710, :val711, :val712, :val713, :val714, :val715, :val716, :val717, :val718, :val719, :val720, :val721, :val722, :val723, :val724, :val725, :val726, :val727, :val728, :val729, :val730, :val731, :val732, :val733, :val734, :val735, :val736, :val737, :val738, :val739, :val740, :val741, :val742, :val743, :val744, :val745, :val746, :val747, :val748, :val749, :val750, :val751, :val752, :val753, :val754, :val755, :val756, :val757, :val758, :val759, :val760, :val761, :val762, :val763, :val764, :val765, :val766, :val767, :val768, :val769, :val770, :val771, :val772, :val773, :val774, :val775, :val776, :val777, :val778, :val779, :val780, :val781, :val782, :val783, :val784, :val785, :val786, :val787, :val788, :val789, :val790, :val791, :val792, :val793, :val794, :val795, :val796, :val797, :val798, :val799, :val800, :val801, :val802, :val803, :val804, :val805, :val806, :val807, :val808, :val809, :val810, :val811, :val812, :val813, :val814, :val815, :val816, :val817, :val818, :val819, :val820, :val821, :val822, :val823, :val824, :val825, :val826, :val827, :val828, :val829, :val830, :val831, :val832, :val833, :val834, :val835, :val836, :val837, :val838, :val839, :val840, :val841, :val842, :val843, :val844, :val845, :val846, :val847, :val848, :val849, :val850, :val851, :val852, :val853, :val854, :val855, :val856, :val857, :val858, :val859, :val860, :val861, :val862, :val863, :val864, :val865, :val866, :val867, :val868, :val869, :val870, :val871, :val872, :val873, :val874, :val875, :val876, :val877, :val878, :val879, :val880, :val881, :val882, :val883, :val884, :val885, :val886, :val887, :val888, :val889, :val890, :val891, :val892, :val893, :val894, :val895, :val896, :val897, :val898, :val899, :val900, :val901, :val902, :val903, :val904, :val905, :val906, :val907, :val908, :val909, :val910, :val911, :val912, :val913, :val914, :val915, :val916, :val917, :val918, :val919, :val920, :val921, :val922, :val923, :val924, :val925, :val926, :val927, :val928, :val929, :val930, :val931, :val932, :val933, :val934, :val935, :val936, :val937, :val938, :val939, :val940, :val941, :val942, :val943, :val944, :val945, :val946, :val947, :val948, :val949, :val950, :val951, :val952, :val953, :val954, :val955, :val956, :val957, :val958, :val959, :val960, :val961, :val962, :val963, :val964, :val965, :val966, :val967, :val968, :val969, :val970, :val971, :val972, :val973, :val974, :val975, :val976, :val977, :val978, :val979, :val980, :val981, :val982, :val983, :val984, :val985, :val986, :val987, :val988, :val989, :val990, :val991, :val992, :val993, :val994, :val995, :val996, :val997, :val998, :val999, :val1000, :val1001, :val1002, :val1003, :val1004, :val1005, :val1006, :val1007, :val1008, :val1009, :val1010, :val1011, :val1012, :val1013, :val1014, :val1015, :val1016, :val1017, :val1018, :val1019, :val1020, :val1021, :val1022, :val1023, :val1024, :val1025, :val1026, :val1027, :val1028, :val1029, :val1030, :val1031, :val1032, :val1033, :val1034, :val1035, :val1036, :val1037, :val1038, :val1039, :val1040, :val1041, :val1042, :val1043, :val1044, :val1045, :val1046, :val1047, :val1048, :val1049, :val1050, :val1051, :val1052, :val1053, :val1054, :val1055, :val1056, :val1057, :val1058, :val1059, :val1060, :val1061, :val1062, :val1063, :val1064, :val1065, :val1066, :val1067, :val1068, :val1069, :val1070, :val1071, :val1072, :val1073, :val1074, :val1075, :val1076, :val1077, :val1078, :val1079, :val1080, :val1081, :val1082, :val1083, :val1084, :val1085, :val1086, :val1087, :val1088, :val1089, :val1090, :val1091, :val1092, :val1093, :val1094, :val1095, :val1096, :val1097, :val1098, :val1099, :val1100, :val1101, :val1102, :val1103, :val1104, :val1105, :val1106, :val1107, :val1108, :val1109, :val1110, :val1111, :val1112, :val1113, :val1114, :val1115, :val1116, :val1117, :val1118, :val1119, :val1120, :val1121, :val1122, :val1123, :val1124, :val1125, :val1126, :val1127, :val1128, :val1129, :val1130, :val1131, :val1132, :val1133, :val1134, :val1135, :val1136, :val1137, :val1138, :val1139, :val1140, :val1141, :val1142, :val1143, :val1144, :val1145, :val1146, :val1147, :val1148, :val1149, :val1150, :val1151, :val1152, :val1153, :val1154, :val1155, :val1156, :val1157, :val1158, :val1159, :val1160, :val1161, :val1162, :val1163, :val1164, :val1165, :val1166, :val1167, :val1168, :val1169, :val1170, :val1171, :val1172, :val1173, :val1174, :val1175, :val1176, :val1177, :val1178, :val1179, :val1180, :val1181, :val1182, :val1183, :val1184, :val1185, :val1186, :val1187, :val1188, :val1189, :val1190, :val1191, :val1192, :val1193, :val1194, :val1195, :val1196, :val1197, :val1198, :val1199, :val1200, :val1201, :val1202, :val1203, :val1204, :val1205, :val1206, :val1207, :val1208, :val1209, :val1210, :val1211, :val1212, :val1213, :val1214, :val1215, :val1216, :val1217, :val1218, :val1219, :val1220, :val1221, :val1222, :val1223, :val1224, :val1225, :val1226, :val1227, :val1228, :val1229, :val1230, :val1231, :val1232, :val1233, :val1234, :val1235, :val1236, :val1237, :val1238, :val1239, :val1240, :val1241, :val1242, :val1243, :val1244, :val1245, :val1246, :val1247, :val1248, :val1249, :val1250, :val1251, :val1252, :val1253, :val1254, :val1255, :val1256, :val1257, :val1258, :val1259, :val1260, :val1261, :val1262, :val1263, :val1264, :val1265, :val1266, :val1267, :val1268, :val1269, :val1270, :val1271, :val1272, :val1273, :val1274, :val1275, :val1276, :val1277, :val1278, :val1279, :val1280, :val1281, :val1282, :val1283, :val1284, :val1285, :val1286, :val1287, :val1288, :val1289, :val1290, :val1291, :val1292, :val1293, :val1294, :val1295, :val1296, :val1297, :val1298, :val1299, :val1300, :val1301, :val1302, :val1303, :val1304, :val1305, :val1306, :val1307, :val1308, :val1309, :val1310, :val1311, :val1312, :val1313, :val1314, :val1315, :val1316, :val1317, :val1318, :val1319, :val1320, :val1321, :val1322, :val1323, :val1324, :val1325, :val1326, :val1327, :val1328, :val1329, :val1330, :val1331, :val1332, :val1333, :val1334, :val1335, :val1336, :val1337, :val1338, :val1339, :val1340, :val1341, :val1342, :val1343, :val1344, :val1345, :val1346, :val1347, :val1348, :val1349, :val1350, :val1351, :val1352, :val1353, :val1354, :val1355, :val1356, :val1357, :val1358, :val1359, :val1360, :val1361, :val1362, :val1363, :val1364, :val1365, :val1366, :val1367, :val1368, :val1369, :val1370, :val1371, :val1372, :val1373, :val1374, :val1375, :val1376, :val1377, :val1378, :val1379, :val1380, :val1381, :val1382, :val1383, :val1384, :val1385, :val1386, :val1387, :val1388, :val1389, :val1390, :val1391, :val1392, :val1393, :val1394, :val1395, :val1396, :val1397, :val1398, :val1399, :val1400, :val1401, :val1402, :val1403, :val1404, :val1405, :val1406, :val1407, :val1408, :val1409, :val1410, :val1411, :val1412, :val1413, :val1414, :val1415, :val1416, :val1417, :val1418, :val1419, :val1420, :val1421, :val1422, :val1423, :val1424, :val1425, :val1426, :val1427, :val1428, :val1429, :val1430, :val1431, :val1432, :val1433, :val1434, :val1435, :val1436, :val1437, :val1438, :val1439, :val1440, :val1441, :val1442, :val1443, :val1444, :val1445, :val1446, :val1447, :val1448, :val1449, :val1450, :val1451, :val1452, :val1453, :val1454, :val1455, :val1456, :val1457, :val1458, :val1459, :val1460, :val1461, :val1462, :val1463, :val1464, :val1465, :val1466, :val1467, :val1468, :val1469, :val1470, :val1471, :val1472, :val1473, :val1474, :val1475, :val1476, :val1477, :val1478, :val1479, :val1480, :val1481, :val1482, :val1483, :val1484, :val1485, :val1486, :val1487, :val1488, :val1489, :val1490, :val1491, :val1492, :val1493, :val1494, :val1495, :val1496, :val1497, :val1498, :val1499, :val1500, :val1501, :val1502, :val1503, :val1504, :val1505, :val1506, :val1507, :val1508, :val1509, :val1510, :val1511, :val1512, :val1513, :val1514, :val1515, :val1516, :val1517, :val1518, :val1519, :val1520, :val1521, :val1522, :val1523, :val1524, :val1525, :val1526, :val1527, :val1528, :val1529, :val1530, :val1531, :val1532, :val1533, :val1534, :val1535, :val1536, :val1537, :val1538, :val1539, :val1540, :val1541, :val1542, :val1543, :val1544, :val1545, :val1546, :val1547, :val1548, :val1549, :val1550, :val1551, :val1552, :val1553, :val1554, :val1555, :val1556, :val1557, :val1558, :val1559, :val1560, :val1561, :val1562, :val1563, :val1564, :val1565, :val1566, :val1567, :val1568, :val1569, :val1570, :val1571, :val1572, :val1573, :val1574, :val1575, :val1576, :val1577, :val1578, :val1579, :val1580, :val1581, :val1582, :val1583, :val1584, :val1585, :val1586, :val1587, :val1588, :val1589, :val1590, :val1591, :val1592, :val1593, :val1594, :val1595, :val1596, :val1597, :val1598, :val1599, :val1600, :val1601, :val1602, :val1603, :val1604, :val1605, :val1606, :val1607, :val1608, :val1609, :val1610, :val1611, :val1612, :val1613, :val1614, :val1615, :val1616, :val1617, :val1618, :val1619, :val1620, :val1621, :val1622, :val1623, :val1624, :val1625, :val1626, :val1627, :val1628, :val1629, :val1630, :val1631, :val1632, :val1633, :val1634, :val1635, :val1636, :val1637, :val1638, :val1639, :val1640, :val1641, :val1642, :val1643, :val1644, :val1645, :val1646, :val1647, :val1648, :val1649, :val1650, :val1651, :val1652, :val1653, :val1654, :val1655, :val1656, :val1657, :val1658, :val1659, :val1660, :val1661, :val1662, :val1663, :val1664, :val1665, :val1666, :val1667, :val1668, :val1669, :val1670, :val1671, :val1672, :val1673, :val1674, :val1675, :val1676, :val1677, :val1678, :val1679, :val1680, :val1681, :val1682, :val1683, :val1684, :val1685, :val1686, :val1687, :val1688, :val1689, :val1690, :val1691, :val1692, :val1693, :val1694, :val1695, :val1696, :val1697, :val1698, :val1699, :val1700, :val1701, :val1702, :val1703, :val1704, :val1705, :val1706, :val1707, :val1708, :val1709, :val1710, :val1711, :val1712, :val1713, :val1714, :val1715, :val1716, :val1717, :val1718, :val1719, :val1720, :val1721, :val1722, :val1723, :val1724, :val1725, :val1726, :val1727, :val1728, :val1729, :val1730, :val1731, :val1732, :val1733, :val1734, :val1735, :val1736, :val1737, :val1738, :val1739, :val1740, :val1741, :val1742, :val1743, :val1744, :val1745, :val1746, :val1747, :val1748, :val1749, :val1750, :val1751, :val1752, :val1753, :val1754, :val1755, :val1756, :val1757, :val1758, :val1759, :val1760, :val1761, :val1762, :val1763, :val1764, :val1765, :val1766, :val1767, :val1768, :val1769, :val1770, :val1771, :val1772, :val1773, :val1774, :val1775, :val1776, :val1777, :val1778, :val1779, :val1780, :val1781, :val1782, :val1783, :val1784, :val1785, :val1786, :val1787, :val1788, :val1789, :val1790, :val1791, :val1792, :val1793, :val1794, :val1795, :val1796, :val1797, :val1798, :val1799, :val1800, :val1801, :val1802, :val1803, :val1804, :val1805, :val1806, :val1807, :val1808, :val1809, :val1810, :val1811, :val1812, :val1813, :val1814, :val1815, :val1816, :val1817, :val1818, :val1819, :val1820, :val1821, :val1822, :val1823, :val1824, :val1825, :val1826, :val1827, :val1828, :val1829, :val1830, :val1831, :val1832, :val1833, :val1834, :val1835, :val1836, :val1837, :val1838, :val1839, :val1840, :val1841, :val1842, :val1843, :val1844, :val1845, :val1846, :val1847, :val1848, :val1849, :val1850, :val1851, :val1852, :val1853, :val1854, :val1855, :val1856, :val1857, :val1858, :val1859, :val1860, :val1861, :val1862, :val1863, :val1864, :val1865, :val1866, :val1867, :val1868, :val1869, :val1870, :val1871, :val1872, :val1873, :val1874, :val1875, :val1876, :val1877, :val1878, :val1879, :val1880, :val1881, :val1882, :val1883, :val1884, :val1885, :val1886, :val1887, :val1888, :val1889, :val1890, :val1891, :val1892, :val1893, :val1894, :val1895, :val1896, :val1897, :val1898, :val1899, :val1900, :val1901, :val1902, :val1903, :val1904, :val1905, :val1906, :val1907, :val1908, :val1909, :val1910, :val1911, :val1912, :val1913, :val1914, :val1915, :val1916, :val1917, :val1918, :val1919, :val1920, :val1921, :val1922, :val1923, :val1924, :val1925, :val1926, :val1927, :val1928, :val1929, :val1930, :val1931, :val1932, :val1933, :val1934, :val1935, :val1936, :val1937, :val1938, :val1939, :val1940, :val1941, :val1942, :val1943, :val1944, :val1945, :val1946, :val1947, :val1948, :val1949, :val1950, :val1951, :val1952, :val1953, :val1954, :val1955, :val1956, :val1957, :val1958, :val1959, :val1960, :val1961, :val1962, :val1963, :val1964, :val1965, :val1966, :val1967, :val1968, :val1969, :val1970, :val1971, :val1972, :val1973, :val1974, :val1975, :val1976, :val1977, :val1978, :val1979, :val1980, :val1981, :val1982, :val1983, :val1984, :val1985, :val1986, :val1987, :val1988, :val1989, :val1990, :val1991, :val1992, :val1993, :val1994, :val1995, :val1996, :val1997, :val1998, :val1999, :val2000, :val2001, :val2002, :val2003, :val2004, :val2005, :val2006, :val2007, :val2008, :val2009, :val2010, :val2011, :val2012, :val2013, :val2014, :val2015, :val2016, :val2017, :val2018, :val2019, :val2020, :val2021, :val2022, :val2023, :val2024, :val2025, :val2026, :val2027, :val2028, :val2029, :val2030, :val2031, :val2032, :val2033, :val2034, :val2035, :val2036, :val2037, :val2038, :val2039, :val2040, :val2041, :val2042, :val2043, :val2044, :val2045, :val2046, :val2047, :val2048, :val2049, :val2050, :val2051, :val2052, :val2053, :val2054, :val2055, :val2056, :val2057, :val2058, :val2059, :val2060, :val2061, :val2062, :val2063, :val2064, :val2065, :val2066, :val2067, :val2068, :val2069, :val2070, :val2071, :val2072, :val2073, :val2074, :val2075, :val2076, :val2077, :val2078, :val2079, :val2080, :val2081, :val2082, :val2083, :val2084, :val2085, :val2086, :val2087, :val2088, :val2089, :val2090, :val2091, :val2092, :val2093, :val2094, :val2095, :val2096, :val2097, :val2098, :val2099, :val2100, :val2101, :val2102, :val2103, :val2104, :val2105, :val2106, :val2107, :val2108, :val2109, :val2110, :val2111, :val2112, :val2113, :val2114, :val2115, :val2116, :val2117, :val2118, :val2119, :val2120, :val2121, :val2122, :val2123, :val2124, :val2125, :val2126, :val2127, :val2128, :val2129, :val2130, :val2131, :val2132, :val2133, :val2134, :val2135, :val2136, :val2137, :val2138, :val2139, :val2140, :val2141, :val2142, :val2143, :val2144, :val2145, :val2146, :val2147, :val2148, :val2149, :val2150, :val2151, :val2152, :val2153, :val2154, :val2155, :val2156, :val2157, :val2158, :val2159, :val2160, :val2161, :val2162, :val2163, :val2164, :val2165, :val2166, :val2167, :val2168, :val2169, :val2170, :val2171, :val2172, :val2173, :val2174, :val2175, :val2176, :val2177, :val2178, :val2179, :val2180, :val2181, :val2182, :val2183, :val2184, :val2185, :val2186, :val2187, :val2188, :val2189, :val2190, :val2191, :val2192, :val2193, :val2194, :val2195, :val2196, :val2197, :val2198, :val2199, :val2200, :val2201, :val2202, :val2203, :val2204, :val2205, :val2206, :val2207, :val2208, :val2209, :val2210, :val2211, :val2212, :val2213, :val2214, :val2215, :val2216, :val2217, :val2218, :val2219, :val2220, :val2221, :val2222, :val2223, :val2224, :val2225, :val2226, :val2227, :val2228, :val2229, :val2230, :val2231, :val2232, :val2233, :val2234, :val2235, :val2236, :val2237, :val2238, :val2239, :val2240, :val2241, :val2242, :val2243, :val2244, :val2245, :val2246, :val2247, :val2248, :val2249, :val2250, :val2251, :val2252, :val2253, :val2254, :val2255, :val2256, :val2257, :val2258, :val2259, :val2260, :val2261) GROUP BY `诉求区域` ORDER BY `数量` DESC LIMIT 5000;
2025-06-02 10:10:00,583 ChatBI->     INFO     sql 语句：SELECT * FROM shanghai WHERE `工单类型` = '投诉举报类' AND  `内容描述` IN (:val0, :val1, :val2, :val3, :val4, :val5, :val6, :val7, :val8, :val9, :val10, :val11, :val12, :val13, :val14, :val15, :val16, :val17, :val18, :val19, :val20, :val21, :val22, :val23, :val24, :val25, :val26, :val27, :val28, :val29, :val30, :val31, :val32, :val33, :val34, :val35, :val36, :val37, :val38, :val39, :val40, :val41, :val42, :val43, :val44, :val45, :val46, :val47, :val48, :val49, :val50, :val51, :val52, :val53, :val54, :val55, :val56, :val57, :val58, :val59, :val60, :val61, :val62, :val63, :val64, :val65, :val66, :val67, :val68, :val69, :val70, :val71, :val72, :val73, :val74, :val75, :val76, :val77, :val78, :val79, :val80, :val81, :val82, :val83, :val84, :val85, :val86, :val87, :val88, :val89, :val90, :val91, :val92, :val93, :val94, :val95, :val96, :val97, :val98, :val99, :val100, :val101, :val102, :val103, :val104, :val105, :val106, :val107, :val108, :val109, :val110, :val111, :val112, :val113, :val114, :val115, :val116, :val117, :val118, :val119, :val120, :val121, :val122, :val123, :val124, :val125, :val126, :val127, :val128, :val129, :val130, :val131, :val132, :val133, :val134, :val135, :val136, :val137, :val138, :val139, :val140, :val141, :val142, :val143, :val144, :val145, :val146, :val147, :val148, :val149, :val150, :val151, :val152, :val153, :val154, :val155, :val156, :val157, :val158, :val159, :val160, :val161, :val162, :val163, :val164, :val165, :val166, :val167, :val168, :val169, :val170, :val171, :val172, :val173, :val174, :val175, :val176, :val177, :val178, :val179, :val180, :val181, :val182, :val183, :val184, :val185, :val186, :val187, :val188, :val189, :val190, :val191, :val192, :val193, :val194, :val195, :val196, :val197, :val198, :val199, :val200, :val201, :val202, :val203, :val204, :val205, :val206, :val207, :val208, :val209, :val210, :val211, :val212, :val213, :val214, :val215, :val216, :val217, :val218, :val219, :val220, :val221, :val222, :val223, :val224, :val225, :val226, :val227, :val228, :val229, :val230, :val231, :val232, :val233, :val234, :val235, :val236, :val237, :val238, :val239, :val240, :val241, :val242, :val243, :val244, :val245, :val246, :val247, :val248, :val249, :val250, :val251, :val252, :val253, :val254, :val255, :val256, :val257, :val258, :val259, :val260, :val261, :val262, :val263, :val264, :val265, :val266, :val267, :val268, :val269, :val270, :val271, :val272, :val273, :val274, :val275, :val276, :val277, :val278, :val279, :val280, :val281, :val282, :val283, :val284, :val285, :val286, :val287, :val288, :val289, :val290, :val291, :val292, :val293, :val294, :val295, :val296, :val297, :val298, :val299, :val300, :val301, :val302, :val303, :val304, :val305, :val306, :val307, :val308, :val309, :val310, :val311, :val312, :val313, :val314, :val315, :val316, :val317, :val318, :val319, :val320, :val321, :val322, :val323, :val324, :val325, :val326, :val327, :val328, :val329, :val330, :val331, :val332, :val333, :val334, :val335, :val336, :val337, :val338, :val339, :val340, :val341, :val342, :val343, :val344, :val345, :val346, :val347, :val348, :val349, :val350, :val351, :val352, :val353, :val354, :val355, :val356, :val357, :val358, :val359, :val360, :val361, :val362, :val363, :val364, :val365, :val366, :val367, :val368, :val369, :val370, :val371, :val372, :val373, :val374, :val375, :val376, :val377, :val378, :val379, :val380, :val381, :val382, :val383, :val384, :val385, :val386, :val387, :val388, :val389, :val390, :val391, :val392, :val393, :val394, :val395, :val396, :val397, :val398, :val399, :val400, :val401, :val402, :val403, :val404, :val405, :val406, :val407, :val408, :val409, :val410, :val411, :val412, :val413, :val414, :val415, :val416, :val417, :val418, :val419, :val420, :val421, :val422, :val423, :val424, :val425, :val426, :val427, :val428, :val429, :val430, :val431, :val432, :val433, :val434, :val435, :val436, :val437, :val438, :val439, :val440, :val441, :val442, :val443, :val444, :val445, :val446, :val447, :val448, :val449, :val450, :val451, :val452, :val453, :val454, :val455, :val456, :val457, :val458, :val459, :val460, :val461, :val462, :val463, :val464, :val465, :val466, :val467, :val468, :val469, :val470, :val471, :val472, :val473, :val474, :val475, :val476, :val477, :val478, :val479, :val480, :val481, :val482, :val483, :val484, :val485, :val486, :val487, :val488, :val489, :val490, :val491, :val492, :val493, :val494, :val495, :val496, :val497, :val498, :val499, :val500, :val501, :val502, :val503, :val504, :val505, :val506, :val507, :val508, :val509, :val510, :val511, :val512, :val513, :val514, :val515, :val516, :val517, :val518, :val519, :val520, :val521, :val522, :val523, :val524, :val525, :val526, :val527, :val528, :val529, :val530, :val531, :val532, :val533, :val534, :val535, :val536, :val537, :val538, :val539, :val540, :val541, :val542, :val543, :val544, :val545, :val546, :val547, :val548, :val549, :val550, :val551, :val552, :val553, :val554, :val555, :val556, :val557, :val558, :val559, :val560, :val561, :val562, :val563, :val564, :val565, :val566, :val567, :val568, :val569, :val570, :val571, :val572, :val573, :val574, :val575, :val576, :val577, :val578, :val579, :val580, :val581, :val582, :val583, :val584, :val585, :val586, :val587, :val588, :val589, :val590, :val591, :val592, :val593, :val594, :val595, :val596, :val597, :val598, :val599, :val600, :val601, :val602, :val603, :val604, :val605, :val606, :val607, :val608, :val609, :val610, :val611, :val612, :val613, :val614, :val615, :val616, :val617, :val618, :val619, :val620, :val621, :val622, :val623, :val624, :val625, :val626, :val627, :val628, :val629, :val630, :val631, :val632, :val633, :val634, :val635, :val636, :val637, :val638, :val639, :val640, :val641, :val642, :val643, :val644, :val645, :val646, :val647, :val648, :val649, :val650, :val651, :val652, :val653, :val654, :val655, :val656, :val657, :val658, :val659, :val660, :val661, :val662, :val663, :val664, :val665, :val666, :val667, :val668, :val669, :val670, :val671, :val672, :val673, :val674, :val675, :val676, :val677, :val678, :val679, :val680, :val681, :val682, :val683, :val684, :val685, :val686, :val687, :val688, :val689, :val690, :val691, :val692, :val693, :val694, :val695, :val696, :val697, :val698, :val699, :val700, :val701, :val702, :val703, :val704, :val705, :val706, :val707, :val708, :val709, :val710, :val711, :val712, :val713, :val714, :val715, :val716, :val717, :val718, :val719, :val720, :val721, :val722, :val723, :val724, :val725, :val726, :val727, :val728, :val729, :val730, :val731, :val732, :val733, :val734, :val735, :val736, :val737, :val738, :val739, :val740, :val741, :val742, :val743, :val744, :val745, :val746, :val747, :val748, :val749, :val750, :val751, :val752, :val753, :val754, :val755, :val756, :val757, :val758, :val759, :val760, :val761, :val762, :val763, :val764, :val765, :val766, :val767, :val768, :val769, :val770, :val771, :val772, :val773, :val774, :val775, :val776, :val777, :val778, :val779, :val780, :val781, :val782, :val783, :val784, :val785, :val786, :val787, :val788, :val789, :val790, :val791, :val792, :val793, :val794, :val795, :val796, :val797, :val798, :val799, :val800, :val801, :val802, :val803, :val804, :val805, :val806, :val807, :val808, :val809, :val810, :val811, :val812, :val813, :val814, :val815, :val816, :val817, :val818, :val819, :val820, :val821, :val822, :val823, :val824, :val825, :val826, :val827, :val828, :val829, :val830, :val831, :val832, :val833, :val834, :val835, :val836, :val837, :val838, :val839, :val840, :val841, :val842, :val843, :val844, :val845, :val846, :val847, :val848, :val849, :val850, :val851, :val852, :val853, :val854, :val855, :val856, :val857, :val858, :val859, :val860, :val861, :val862, :val863, :val864, :val865, :val866, :val867, :val868, :val869, :val870, :val871, :val872, :val873, :val874, :val875, :val876, :val877, :val878, :val879, :val880, :val881, :val882, :val883, :val884, :val885, :val886, :val887, :val888, :val889, :val890, :val891, :val892, :val893, :val894, :val895, :val896, :val897, :val898, :val899, :val900, :val901, :val902, :val903, :val904, :val905, :val906, :val907, :val908, :val909, :val910, :val911, :val912, :val913, :val914, :val915, :val916, :val917, :val918, :val919, :val920, :val921, :val922, :val923, :val924, :val925, :val926, :val927, :val928, :val929, :val930, :val931, :val932, :val933, :val934, :val935, :val936, :val937, :val938, :val939, :val940, :val941, :val942, :val943, :val944, :val945, :val946, :val947, :val948, :val949, :val950, :val951, :val952, :val953, :val954, :val955, :val956, :val957, :val958, :val959, :val960, :val961, :val962, :val963, :val964, :val965, :val966, :val967, :val968, :val969, :val970, :val971, :val972, :val973, :val974, :val975, :val976, :val977, :val978, :val979, :val980, :val981, :val982, :val983, :val984, :val985, :val986, :val987, :val988, :val989, :val990, :val991, :val992, :val993, :val994, :val995, :val996, :val997, :val998, :val999, :val1000, :val1001, :val1002, :val1003, :val1004, :val1005, :val1006, :val1007, :val1008, :val1009, :val1010, :val1011, :val1012, :val1013, :val1014, :val1015, :val1016, :val1017, :val1018, :val1019, :val1020, :val1021, :val1022, :val1023, :val1024, :val1025, :val1026, :val1027, :val1028, :val1029, :val1030, :val1031, :val1032, :val1033, :val1034, :val1035, :val1036, :val1037, :val1038, :val1039, :val1040, :val1041, :val1042, :val1043, :val1044, :val1045, :val1046, :val1047, :val1048, :val1049, :val1050, :val1051, :val1052, :val1053, :val1054, :val1055, :val1056, :val1057, :val1058, :val1059, :val1060, :val1061, :val1062, :val1063, :val1064, :val1065, :val1066, :val1067, :val1068, :val1069, :val1070, :val1071, :val1072, :val1073, :val1074, :val1075, :val1076, :val1077, :val1078, :val1079, :val1080, :val1081, :val1082, :val1083, :val1084, :val1085, :val1086, :val1087, :val1088, :val1089, :val1090, :val1091, :val1092, :val1093, :val1094, :val1095, :val1096, :val1097, :val1098, :val1099, :val1100, :val1101, :val1102, :val1103, :val1104, :val1105, :val1106, :val1107, :val1108, :val1109, :val1110, :val1111, :val1112, :val1113, :val1114, :val1115, :val1116, :val1117, :val1118, :val1119, :val1120, :val1121, :val1122, :val1123, :val1124, :val1125, :val1126, :val1127, :val1128, :val1129, :val1130, :val1131, :val1132, :val1133, :val1134, :val1135, :val1136, :val1137, :val1138, :val1139, :val1140, :val1141, :val1142, :val1143, :val1144, :val1145, :val1146, :val1147, :val1148, :val1149, :val1150, :val1151, :val1152, :val1153, :val1154, :val1155, :val1156, :val1157, :val1158, :val1159, :val1160, :val1161, :val1162, :val1163, :val1164, :val1165, :val1166, :val1167, :val1168, :val1169, :val1170, :val1171, :val1172, :val1173, :val1174, :val1175, :val1176, :val1177, :val1178, :val1179, :val1180, :val1181, :val1182, :val1183, :val1184, :val1185, :val1186, :val1187, :val1188, :val1189, :val1190, :val1191, :val1192, :val1193, :val1194, :val1195, :val1196, :val1197, :val1198, :val1199, :val1200, :val1201, :val1202, :val1203, :val1204, :val1205, :val1206, :val1207, :val1208, :val1209, :val1210, :val1211, :val1212, :val1213, :val1214, :val1215, :val1216, :val1217, :val1218, :val1219, :val1220, :val1221, :val1222, :val1223, :val1224, :val1225, :val1226, :val1227, :val1228, :val1229, :val1230, :val1231, :val1232, :val1233, :val1234, :val1235, :val1236, :val1237, :val1238, :val1239, :val1240, :val1241, :val1242, :val1243, :val1244, :val1245, :val1246, :val1247, :val1248, :val1249, :val1250, :val1251, :val1252, :val1253, :val1254, :val1255, :val1256, :val1257, :val1258, :val1259, :val1260, :val1261, :val1262, :val1263, :val1264, :val1265, :val1266, :val1267, :val1268, :val1269, :val1270, :val1271, :val1272, :val1273, :val1274, :val1275, :val1276, :val1277, :val1278, :val1279, :val1280, :val1281, :val1282, :val1283, :val1284, :val1285, :val1286, :val1287, :val1288, :val1289, :val1290, :val1291, :val1292, :val1293, :val1294, :val1295, :val1296, :val1297, :val1298, :val1299, :val1300, :val1301, :val1302, :val1303, :val1304, :val1305, :val1306, :val1307, :val1308, :val1309, :val1310, :val1311, :val1312, :val1313, :val1314, :val1315, :val1316, :val1317, :val1318, :val1319, :val1320, :val1321, :val1322, :val1323, :val1324, :val1325, :val1326, :val1327, :val1328, :val1329, :val1330, :val1331, :val1332, :val1333, :val1334, :val1335, :val1336, :val1337, :val1338, :val1339, :val1340, :val1341, :val1342, :val1343, :val1344, :val1345, :val1346, :val1347, :val1348, :val1349, :val1350, :val1351, :val1352, :val1353, :val1354, :val1355, :val1356, :val1357, :val1358, :val1359, :val1360, :val1361, :val1362, :val1363, :val1364, :val1365, :val1366, :val1367, :val1368, :val1369, :val1370, :val1371, :val1372, :val1373, :val1374, :val1375, :val1376, :val1377, :val1378, :val1379, :val1380, :val1381, :val1382, :val1383, :val1384, :val1385, :val1386, :val1387, :val1388, :val1389, :val1390, :val1391, :val1392, :val1393, :val1394, :val1395, :val1396, :val1397, :val1398, :val1399, :val1400, :val1401, :val1402, :val1403, :val1404, :val1405, :val1406, :val1407, :val1408, :val1409, :val1410, :val1411, :val1412, :val1413, :val1414, :val1415, :val1416, :val1417, :val1418, :val1419, :val1420, :val1421, :val1422, :val1423, :val1424, :val1425, :val1426, :val1427, :val1428, :val1429, :val1430, :val1431, :val1432, :val1433, :val1434, :val1435, :val1436, :val1437, :val1438, :val1439, :val1440, :val1441, :val1442, :val1443, :val1444, :val1445, :val1446, :val1447, :val1448, :val1449, :val1450, :val1451, :val1452, :val1453, :val1454, :val1455, :val1456, :val1457, :val1458, :val1459, :val1460, :val1461, :val1462, :val1463, :val1464, :val1465, :val1466, :val1467, :val1468, :val1469, :val1470, :val1471, :val1472, :val1473, :val1474, :val1475, :val1476, :val1477, :val1478, :val1479, :val1480, :val1481, :val1482, :val1483, :val1484, :val1485, :val1486, :val1487, :val1488, :val1489, :val1490, :val1491, :val1492, :val1493, :val1494, :val1495, :val1496, :val1497, :val1498, :val1499, :val1500, :val1501, :val1502, :val1503, :val1504, :val1505, :val1506, :val1507, :val1508, :val1509, :val1510, :val1511, :val1512, :val1513, :val1514, :val1515, :val1516, :val1517, :val1518, :val1519, :val1520, :val1521, :val1522, :val1523, :val1524, :val1525, :val1526, :val1527, :val1528, :val1529, :val1530, :val1531, :val1532, :val1533, :val1534, :val1535, :val1536, :val1537, :val1538, :val1539, :val1540, :val1541, :val1542, :val1543, :val1544, :val1545, :val1546, :val1547, :val1548, :val1549, :val1550, :val1551, :val1552, :val1553, :val1554, :val1555, :val1556, :val1557, :val1558, :val1559, :val1560, :val1561, :val1562, :val1563, :val1564, :val1565, :val1566, :val1567, :val1568, :val1569, :val1570, :val1571, :val1572, :val1573, :val1574, :val1575, :val1576, :val1577, :val1578, :val1579, :val1580, :val1581, :val1582, :val1583, :val1584, :val1585, :val1586, :val1587, :val1588, :val1589, :val1590, :val1591, :val1592, :val1593, :val1594, :val1595, :val1596, :val1597, :val1598, :val1599, :val1600, :val1601, :val1602, :val1603, :val1604, :val1605, :val1606, :val1607, :val1608, :val1609, :val1610, :val1611, :val1612, :val1613, :val1614, :val1615, :val1616, :val1617, :val1618, :val1619, :val1620, :val1621, :val1622, :val1623, :val1624, :val1625, :val1626, :val1627, :val1628, :val1629, :val1630, :val1631, :val1632, :val1633, :val1634, :val1635, :val1636, :val1637, :val1638, :val1639, :val1640, :val1641, :val1642, :val1643, :val1644, :val1645, :val1646, :val1647, :val1648, :val1649, :val1650, :val1651, :val1652, :val1653, :val1654, :val1655, :val1656, :val1657, :val1658, :val1659, :val1660, :val1661, :val1662, :val1663, :val1664, :val1665, :val1666, :val1667, :val1668, :val1669, :val1670, :val1671, :val1672, :val1673, :val1674, :val1675, :val1676, :val1677, :val1678, :val1679, :val1680, :val1681, :val1682, :val1683, :val1684, :val1685, :val1686, :val1687, :val1688, :val1689, :val1690, :val1691, :val1692, :val1693, :val1694, :val1695, :val1696, :val1697, :val1698, :val1699, :val1700, :val1701, :val1702, :val1703, :val1704, :val1705, :val1706, :val1707, :val1708, :val1709, :val1710, :val1711, :val1712, :val1713, :val1714, :val1715, :val1716, :val1717, :val1718, :val1719, :val1720, :val1721, :val1722, :val1723, :val1724, :val1725, :val1726, :val1727, :val1728, :val1729, :val1730, :val1731, :val1732, :val1733, :val1734, :val1735, :val1736, :val1737, :val1738, :val1739, :val1740, :val1741, :val1742, :val1743, :val1744, :val1745, :val1746, :val1747, :val1748, :val1749, :val1750, :val1751, :val1752, :val1753, :val1754, :val1755, :val1756, :val1757, :val1758, :val1759, :val1760, :val1761, :val1762, :val1763, :val1764, :val1765, :val1766, :val1767, :val1768, :val1769, :val1770, :val1771, :val1772, :val1773, :val1774, :val1775, :val1776, :val1777, :val1778, :val1779, :val1780, :val1781, :val1782, :val1783, :val1784, :val1785, :val1786, :val1787, :val1788, :val1789, :val1790, :val1791, :val1792, :val1793, :val1794, :val1795, :val1796, :val1797, :val1798, :val1799, :val1800, :val1801, :val1802, :val1803, :val1804, :val1805, :val1806, :val1807, :val1808, :val1809, :val1810, :val1811, :val1812, :val1813, :val1814, :val1815, :val1816, :val1817, :val1818, :val1819, :val1820, :val1821, :val1822, :val1823, :val1824, :val1825, :val1826, :val1827, :val1828, :val1829, :val1830, :val1831, :val1832, :val1833, :val1834, :val1835, :val1836, :val1837, :val1838, :val1839, :val1840, :val1841, :val1842, :val1843, :val1844, :val1845, :val1846, :val1847, :val1848, :val1849, :val1850, :val1851, :val1852, :val1853, :val1854, :val1855, :val1856, :val1857, :val1858, :val1859, :val1860, :val1861, :val1862, :val1863, :val1864, :val1865, :val1866, :val1867, :val1868, :val1869, :val1870, :val1871, :val1872, :val1873, :val1874, :val1875, :val1876, :val1877, :val1878, :val1879, :val1880, :val1881, :val1882, :val1883, :val1884, :val1885, :val1886, :val1887, :val1888, :val1889, :val1890, :val1891, :val1892, :val1893, :val1894, :val1895, :val1896, :val1897, :val1898, :val1899, :val1900, :val1901, :val1902, :val1903, :val1904, :val1905, :val1906, :val1907, :val1908, :val1909, :val1910, :val1911, :val1912, :val1913, :val1914, :val1915, :val1916, :val1917, :val1918, :val1919, :val1920, :val1921, :val1922, :val1923, :val1924, :val1925, :val1926, :val1927, :val1928, :val1929, :val1930, :val1931, :val1932, :val1933, :val1934, :val1935, :val1936, :val1937, :val1938, :val1939, :val1940, :val1941, :val1942, :val1943, :val1944, :val1945, :val1946, :val1947, :val1948, :val1949, :val1950, :val1951, :val1952, :val1953, :val1954, :val1955, :val1956, :val1957, :val1958, :val1959, :val1960, :val1961, :val1962, :val1963, :val1964, :val1965, :val1966, :val1967, :val1968, :val1969, :val1970, :val1971, :val1972, :val1973, :val1974, :val1975, :val1976, :val1977, :val1978, :val1979, :val1980, :val1981, :val1982, :val1983, :val1984, :val1985, :val1986, :val1987, :val1988, :val1989, :val1990, :val1991, :val1992, :val1993, :val1994, :val1995, :val1996, :val1997, :val1998, :val1999, :val2000, :val2001, :val2002, :val2003, :val2004, :val2005, :val2006, :val2007, :val2008, :val2009, :val2010, :val2011, :val2012, :val2013, :val2014, :val2015, :val2016, :val2017, :val2018, :val2019, :val2020, :val2021, :val2022, :val2023, :val2024, :val2025, :val2026, :val2027, :val2028, :val2029, :val2030, :val2031, :val2032, :val2033, :val2034, :val2035, :val2036, :val2037, :val2038, :val2039, :val2040, :val2041, :val2042, :val2043, :val2044, :val2045, :val2046, :val2047, :val2048, :val2049, :val2050, :val2051, :val2052, :val2053, :val2054, :val2055, :val2056, :val2057, :val2058, :val2059, :val2060, :val2061, :val2062, :val2063, :val2064, :val2065, :val2066, :val2067, :val2068, :val2069, :val2070, :val2071, :val2072, :val2073, :val2074, :val2075, :val2076, :val2077, :val2078, :val2079, :val2080, :val2081, :val2082, :val2083, :val2084, :val2085, :val2086, :val2087, :val2088, :val2089, :val2090, :val2091, :val2092, :val2093, :val2094, :val2095, :val2096, :val2097, :val2098, :val2099, :val2100, :val2101, :val2102, :val2103, :val2104, :val2105, :val2106, :val2107, :val2108, :val2109, :val2110, :val2111, :val2112, :val2113, :val2114, :val2115, :val2116, :val2117, :val2118, :val2119, :val2120, :val2121, :val2122, :val2123, :val2124, :val2125, :val2126, :val2127, :val2128, :val2129, :val2130, :val2131, :val2132, :val2133, :val2134, :val2135, :val2136, :val2137, :val2138, :val2139, :val2140, :val2141, :val2142, :val2143, :val2144, :val2145, :val2146, :val2147, :val2148, :val2149, :val2150, :val2151, :val2152, :val2153, :val2154, :val2155, :val2156, :val2157, :val2158, :val2159, :val2160, :val2161, :val2162, :val2163, :val2164, :val2165, :val2166, :val2167, :val2168, :val2169, :val2170, :val2171, :val2172, :val2173, :val2174, :val2175, :val2176, :val2177, :val2178, :val2179, :val2180, :val2181, :val2182, :val2183, :val2184, :val2185, :val2186, :val2187, :val2188, :val2189, :val2190, :val2191, :val2192, :val2193, :val2194, :val2195, :val2196, :val2197, :val2198, :val2199, :val2200, :val2201, :val2202, :val2203, :val2204, :val2205, :val2206, :val2207, :val2208, :val2209, :val2210, :val2211, :val2212, :val2213, :val2214, :val2215, :val2216, :val2217, :val2218, :val2219, :val2220, :val2221, :val2222, :val2223, :val2224, :val2225, :val2226, :val2227, :val2228, :val2229, :val2230, :val2231, :val2232, :val2233, :val2234, :val2235, :val2236, :val2237, :val2238, :val2239, :val2240, :val2241, :val2242, :val2243, :val2244, :val2245, :val2246, :val2247, :val2248, :val2249, :val2250, :val2251, :val2252, :val2253, :val2254, :val2255, :val2256, :val2257, :val2258, :val2259, :val2260, :val2261)
2025-06-02 10:10:03,566 ChatBI->     INFO     query: {query} 处理完毕
2025-06-02 10:16:32,215 ChatBI->     ERROR    Unexpected error occured:(1012, None)
Traceback (most recent call last):
  File "/data/yfzx/liucd/chatbi_deploy2/chatbi_DB2/apps/app_main_ws.py", line 64, in websocket_endpoint
    message = await websocket.receive_text()
              ^^^^^^^^^^^^^^^^^^^^^^^^^^^^^^
  File "/root/anaconda3/envs/chatbi/lib/python3.12/site-packages/starlette/websockets.py", line 119, in receive_text
    self._raise_on_disconnect(message)
  File "/root/anaconda3/envs/chatbi/lib/python3.12/site-packages/starlette/websockets.py", line 113, in _raise_on_disconnect
    raise WebSocketDisconnect(message["code"], message.get("reason"))
starlette.websockets.WebSocketDisconnect: (1012, None)
2025-06-02 10:16:32,219 ChatBI->     ERROR    Unexpected error occured:(1012, None)
Traceback (most recent call last):
  File "/data/yfzx/liucd/chatbi_deploy2/chatbi_DB2/apps/app_main_ws.py", line 64, in websocket_endpoint
    message = await websocket.receive_text()
              ^^^^^^^^^^^^^^^^^^^^^^^^^^^^^^
  File "/root/anaconda3/envs/chatbi/lib/python3.12/site-packages/starlette/websockets.py", line 119, in receive_text
    self._raise_on_disconnect(message)
  File "/root/anaconda3/envs/chatbi/lib/python3.12/site-packages/starlette/websockets.py", line 113, in _raise_on_disconnect
    raise WebSocketDisconnect(message["code"], message.get("reason"))
starlette.websockets.WebSocketDisconnect: (1012, None)
2025-06-02 10:16:32,220 ChatBI->     ERROR    Unexpected error occured:(1012, None)
Traceback (most recent call last):
  File "/data/yfzx/liucd/chatbi_deploy2/chatbi_DB2/apps/app_main_ws.py", line 64, in websocket_endpoint
    message = await websocket.receive_text()
              ^^^^^^^^^^^^^^^^^^^^^^^^^^^^^^
  File "/root/anaconda3/envs/chatbi/lib/python3.12/site-packages/starlette/websockets.py", line 119, in receive_text
    self._raise_on_disconnect(message)
  File "/root/anaconda3/envs/chatbi/lib/python3.12/site-packages/starlette/websockets.py", line 113, in _raise_on_disconnect
    raise WebSocketDisconnect(message["code"], message.get("reason"))
starlette.websockets.WebSocketDisconnect: (1012, None)
